# 3ds Max Wavefront OBJ Exporter v0.97b - (c)2007 guruware
# File Created: 04.05.2026 03:25:05

mtllib Cabinet.mtl

#
# object Cabinet
#

v  -51.8982 38.7663 25.5800
v  52.0682 39.0150 25.7497
v  -52.0682 39.0150 25.7497
v  -51.4713 37.5950 25.1367
v  51.4952 37.7767 25.2190
v  -51.4952 37.7767 25.2190
v  53.4335 38.7660 24.6956
v  52.9573 39.0152 25.5122
v  52.7847 38.7661 25.3436
v  53.6081 39.0153 24.8620
v  53.0032 39.2433 25.5568
v  51.8982 38.7663 25.5800
v  52.1139 39.2433 25.7951
v  52.2206 37.5197 24.7430
v  51.4713 37.5950 25.1367
v  51.4416 37.5197 24.9517
v  52.3207 37.5950 24.9091
v  52.7661 37.5197 24.1975
v  52.9353 37.5950 24.2945
v  52.3739 37.7766 24.9835
v  -51.4416 37.5197 24.9517
v  -52.8427 45.4873 25.7219
v  52.7252 45.6873 25.5830
v  -52.7252 45.6873 25.5830
v  54.4319 45.2479 24.9164
v  53.7318 45.4871 25.5091
v  53.7805 45.2479 25.5678
v  54.3824 45.4872 24.8592
v  53.6128 45.6866 25.3487
v  -52.8908 45.2479 25.8062
v  52.8427 45.4873 25.7219
v  -52.1139 39.2433 25.7951
v  52.8908 45.2479 25.8062
v  -52.4077 45.8001 25.0591
v  52.2835 45.8835 24.9866
v  -52.2835 45.8835 24.9866
v  53.6542 39.2433 24.9057
v  52.5408 45.7416 25.2486
v  53.2890 45.8000 24.8275
v  52.4077 45.8001 25.0591
v  53.1634 45.8830 24.7561
v  53.8299 45.7416 24.3774
v  53.4235 45.7417 25.0142
v  53.5957 45.8001 24.1951
v  -52.5408 45.7416 25.2486
v  54.2562 45.6871 24.7009
v  -51.9384 46.1732 24.7887
v  51.8884 46.2024 24.6306
v  -51.8884 46.2024 24.6306
v  52.6949 46.2024 24.4189
v  51.9384 46.1732 24.7887
v  52.7923 46.1733 24.5642
v  52.0273 46.1027 24.9212
v  52.9018 46.1032 24.6907
v  53.3947 46.1732 23.9565
v  53.2672 46.2024 23.8582
v  53.4995 46.1029 24.0617
v  -52.0273 46.1027 24.9212
v  -51.6905 38.5252 25.3756
v  51.7733 38.6478 25.4553
v  -51.7733 38.6478 25.4553
v  -51.5408 38.1568 25.2416
v  51.6905 38.5252 25.3756
v  53.0643 38.1570 24.3621
v  52.5717 38.5240 25.1383
v  52.4204 38.1569 25.0059
v  53.2168 38.5233 24.4921
v  52.6553 38.6457 25.2171
v  51.5408 38.1568 25.2416
v  53.0172 37.7766 24.3402
v  53.3011 38.6446 24.5694
v  -52.9573 39.0152 25.5122
v  -53.4335 38.7660 24.6956
v  -52.7847 38.7661 25.3436
v  -53.0032 39.2433 25.5568
v  -53.6081 39.0153 24.8620
v  -52.2206 37.5197 24.7430
v  -52.3207 37.5950 24.9091
v  -52.7661 37.5197 24.1975
v  -52.3739 37.7766 24.9835
v  -52.9353 37.5950 24.2945
v  -53.7318 45.4871 25.5091
v  -54.4319 45.2479 24.9164
v  -53.7805 45.2479 25.5678
v  -53.6128 45.6866 25.3487
v  -54.3824 45.4872 24.8592
v  -53.6542 39.2433 24.9057
v  -53.2890 45.8000 24.8275
v  -53.4235 45.7417 25.0142
v  -53.1634 45.8830 24.7561
v  -53.8299 45.7416 24.3774
v  -53.5957 45.8001 24.1951
v  -54.2562 45.6871 24.7009
v  -52.6949 46.2024 24.4189
v  -52.7923 46.1733 24.5642
v  -53.3947 46.1732 23.9565
v  -53.2672 46.2024 23.8582
v  -53.4995 46.1029 24.0617
v  -52.9018 46.1032 24.6907
v  -52.5717 38.5240 25.1383
v  -53.0643 38.1570 24.3621
v  -52.4204 38.1569 25.0059
v  -52.6553 38.6457 25.2171
v  -53.2168 38.5233 24.4921
v  -53.0172 37.7766 24.3402
v  -53.3011 38.6446 24.5694
v  53.5221 45.8833 24.1250
v  -53.5221 45.8833 24.1250
v  31.0214 110.2231 0.0225
v  31.0214 98.2236 -3.4040
v  31.0214 110.5515 -3.3930
v  31.0214 98.2236 -6.2476
v  31.0214 111.8893 -6.2374
v  27.8915 110.5515 -3.3930
v  27.8915 110.2231 0.0225
v  27.8915 111.8893 -6.2374
v  27.8915 98.2236 -6.2476
v  27.8915 98.2236 -3.4040
v  31.0214 113.8823 -8.5970
v  27.8915 114.0087 -9.0400
v  27.8915 113.8823 -8.5970
v  31.0214 114.0087 -9.0400
v  27.8915 114.0611 -9.8795
v  31.0214 98.2236 -9.1609
v  31.0214 98.2236 -9.8795
v  31.0214 114.0611 -9.8795
v  27.8915 98.2236 -9.8795
v  27.8915 98.2236 -9.1609
v  27.8915 98.2236 -8.5443
v  31.0214 98.2236 -8.5443
v  31.0214 98.2236 3.4490
v  31.0214 98.2236 0.0225
v  31.0214 110.5515 3.4379
v  31.0214 98.2236 6.2925
v  27.8915 110.5515 3.4379
v  27.8915 111.8893 6.2824
v  27.8915 98.2236 6.2925
v  27.8915 98.2236 3.4490
v  27.8915 114.0087 9.0850
v  31.0214 113.8823 8.6419
v  27.8915 113.8823 8.6419
v  27.8915 114.0611 9.9245
v  31.0214 114.0087 9.0850
v  31.0214 98.2236 9.2059
v  31.0214 98.2236 8.5893
v  31.0214 98.2236 9.9245
v  27.8915 98.2236 9.9245
v  27.8915 98.2236 9.2059
v  27.8915 98.2236 8.5893
v  31.0214 111.8893 6.2824
v  -31.0214 110.2231 0.0225
v  -31.0214 98.2236 -3.4040
v  -31.0214 98.2236 0.0225
v  -31.0214 110.5515 -3.3930
v  -31.0214 98.2236 -6.2476
v  -27.8915 110.5515 -3.3930
v  -27.8915 110.2231 0.0225
v  -27.8915 111.8893 -6.2374
v  -27.8915 98.2236 -6.2476
v  -27.8915 98.2236 -3.4040
v  -27.8915 114.0087 -9.0400
v  -31.0214 113.8823 -8.5970
v  -27.8915 113.8823 -8.5970
v  -27.8915 114.0611 -9.8795
v  -31.0214 114.0087 -9.0400
v  -31.0214 98.2236 -9.1609
v  -31.0214 98.2236 -8.5443
v  -31.0214 98.2236 -9.8795
v  -27.8915 98.2236 -9.8795
v  -27.8915 98.2236 -9.1609
v  -27.8915 98.2236 -8.5443
v  -31.0214 111.8893 -6.2374
v  -31.0214 98.2236 3.4490
v  -31.0214 110.5515 3.4379
v  -31.0214 98.2236 6.2925
v  -31.0214 111.8893 6.2824
v  -27.8915 110.5515 3.4379
v  -27.8915 111.8893 6.2824
v  -27.8915 98.2236 6.2925
v  -27.8915 98.2236 3.4490
v  -31.0214 113.8823 8.6419
v  -27.8915 114.0087 9.0850
v  -27.8915 113.8823 8.6419
v  -31.0214 114.0087 9.0850
v  -27.8915 114.0611 9.9245
v  -31.0214 98.2236 9.2059
v  -31.0214 98.2236 9.9245
v  -31.0214 114.0611 9.9245
v  -27.8915 98.2236 9.9245
v  -27.8915 98.2236 9.2059
v  -27.8915 98.2236 8.5893
v  -31.0214 98.2236 8.5893
v  27.8915 98.2236 0.0225
v  31.0214 114.0611 9.9245
v  -27.8915 98.2236 0.0225
v  -31.0214 114.0611 -9.8795
v  53.8925 39.2433 24.0164
v  53.8471 39.0156 -23.9645
v  53.8925 39.2433 -24.0164
v  53.8464 39.0154 23.9736
v  53.6722 38.7657 -23.7631
v  0.0000 39.2433 -25.7951
v  52.0709 39.0159 -25.7428
v  0.0000 39.0159 -25.7426
v  51.9021 38.7654 -25.5360
v  0.0000 38.7654 -25.5357
v  52.7879 38.7653 -25.2988
v  52.9596 39.0159 -25.5048
v  52.1139 39.2433 -25.7951
v  53.0032 39.2433 -25.5568
v  53.6098 39.0159 -24.8540
v  53.4360 38.7655 -24.6500
v  53.6542 39.2433 -24.9058
v  52.7661 37.5197 -24.0757
v  53.1629 37.5949 -23.3234
v  52.9748 37.5197 -23.2967
v  52.9353 37.5949 -24.1728
v  53.2527 37.7766 -23.3397
v  52.3207 37.5950 -24.7873
v  52.3739 37.7766 -24.8618
v  53.0172 37.7766 -24.2184
v  52.2206 37.5197 -24.6212
v  51.4713 37.5950 -25.0149
v  51.4952 37.7767 -25.0972
v  53.1629 37.5950 23.4451
v  53.2527 37.7766 23.4615
v  0.0000 37.7767 -25.0972
v  0.0000 37.5950 -25.0149
v  51.4416 37.5197 -24.8300
v  0.0000 37.5197 -24.8300
v  54.6702 45.2479 24.0264
v  54.6203 45.4874 23.9420
v  52.7252 45.6873 -25.5831
v  0.0000 45.4875 -25.7565
v  0.0000 45.6880 -25.5143
v  52.8427 45.4873 -25.7219
v  0.0000 45.2478 -25.8062
v  52.8908 45.2478 -25.8062
v  53.7318 45.4870 -25.5091
v  53.7805 45.2478 -25.5678
v  53.6128 45.6866 -25.3488
v  54.4319 45.2478 -24.9165
v  54.3824 45.4872 -24.8592
v  54.2562 45.6870 -24.7009
v  54.4887 45.6879 23.8146
v  54.6203 45.4874 -23.9420
v  54.4887 45.6879 -23.8146
v  54.6702 45.2478 -24.0264
v  54.0653 45.7415 -23.5075
v  53.5957 45.8001 -24.1952
v  53.8320 45.8002 -23.3313
v  53.5221 45.8833 -24.1250
v  53.7575 45.8838 -23.2624
v  53.8299 45.7416 -24.3774
v  53.2890 45.8000 -24.8276
v  53.1634 45.8830 -24.7562
v  52.5408 45.7416 -25.2487
v  53.4235 45.7416 -25.0143
v  52.4077 45.8001 -25.0592
v  54.0653 45.7416 23.5074
v  53.8320 45.8002 23.3313
v  52.2835 45.8834 -24.9866
v  0.0000 45.8002 -25.0593
v  0.0000 45.8839 -24.9669
v  0.0000 45.7415 -25.2275
v  53.7575 45.8839 23.2624
v  53.2672 46.2024 -23.8583
v  53.6408 46.1730 -23.1203
v  53.3947 46.1732 -23.9566
v  53.7352 46.1023 -23.2021
v  53.4995 46.1028 -24.0617
v  52.6949 46.2024 -24.4190
v  52.7923 46.1733 -24.5642
v  52.9018 46.1031 -24.6908
v  51.9384 46.1732 -24.7887
v  51.8884 46.2024 -24.6306
v  52.0273 46.1027 -24.9212
v  53.6408 46.1731 23.1203
v  53.4825 46.2024 23.0712
v  53.7352 46.1023 23.2021
v  0.0000 46.1022 -24.8833
v  0.0000 46.1730 -24.7884
v  0.0000 38.6385 -25.3695
v  51.6860 38.5193 -25.2754
v  0.0000 38.5196 -25.2757
v  51.5408 38.1567 -25.1198
v  0.0000 38.1567 -25.1198
v  53.5373 38.6439 23.6854
v  53.4518 38.5215 -23.5133
v  53.5355 38.6415 -23.6055
v  53.4528 38.5229 23.6097
v  53.2999 38.1570 -23.3608
v  52.4204 38.1568 -24.8842
v  52.5679 38.5192 -25.0389
v  51.7659 38.6381 -25.3690
v  52.6491 38.6378 -25.1320
v  53.2141 38.5199 -24.3939
v  53.0643 38.1569 -24.2403
v  53.2967 38.6389 -24.4864
v  53.6711 38.7659 23.8102
v  53.2999 38.1570 23.4825
v  52.9748 37.5197 23.4185
v  53.4825 46.2024 -23.0712
v  0.0000 46.2024 -24.6306
v  0.0000 46.2024 24.6306
v  -53.8471 39.0156 -23.9645
v  -53.8925 39.2433 24.0164
v  -53.8925 39.2433 -24.0164
v  -53.6722 38.7657 -23.7631
v  -53.8464 39.0154 23.9736
v  -52.0709 39.0159 -25.7428
v  -52.1139 39.2433 -25.7951
v  -51.9021 38.7654 -25.5360
v  -53.6711 38.7659 23.8102
v  -52.7879 38.7653 -25.2988
v  -52.9596 39.0159 -25.5048
v  -53.6098 39.0159 -24.8540
v  -53.4360 38.7655 -24.6500
v  -53.6542 39.2433 -24.9058
v  -53.1629 37.5949 -23.3234
v  -52.7661 37.5197 -24.0757
v  -52.9748 37.5197 -23.2967
v  -53.2527 37.7766 -23.3397
v  -52.9353 37.5949 -24.1728
v  -52.3207 37.5950 -24.7873
v  -52.2206 37.5197 -24.6212
v  -52.3739 37.7766 -24.8618
v  -51.4713 37.5950 -25.0149
v  -51.4416 37.5197 -24.8300
v  -51.4952 37.7767 -25.0972
v  -53.1629 37.5950 23.4451
v  -52.9748 37.5197 23.4185
v  -53.2527 37.7766 23.4615
v  -54.6702 45.2479 24.0264
v  -54.6203 45.4874 23.9420
v  -52.7252 45.6873 -25.5831
v  -52.8427 45.4873 -25.7219
v  -53.7318 45.4870 -25.5091
v  -52.8908 45.2478 -25.8062
v  -53.7805 45.2478 -25.5678
v  -53.6128 45.6866 -25.3488
v  -54.4319 45.2478 -24.9165
v  -54.3824 45.4872 -24.8592
v  -54.6203 45.4874 -23.9420
v  -54.4887 45.6879 23.8146
v  -54.4887 45.6879 -23.8146
v  -54.6702 45.2478 -24.0264
v  -54.2562 45.6870 -24.7009
v  -53.0032 39.2433 -25.5568
v  -54.0653 45.7415 -23.5075
v  -53.5957 45.8001 -24.1952
v  -53.8299 45.7416 -24.3774
v  -53.8320 45.8002 -23.3313
v  -53.5221 45.8833 -24.1250
v  -53.2890 45.8000 -24.8276
v  -53.4235 45.7416 -25.0143
v  -53.1634 45.8830 -24.7562
v  -52.5408 45.7416 -25.2487
v  -52.4077 45.8001 -25.0592
v  -54.0653 45.7416 23.5074
v  -53.8320 45.8002 23.3313
v  -52.2835 45.8834 -24.9866
v  -53.7575 45.8839 23.2624
v  -53.7575 45.8838 -23.2624
v  -53.2672 46.2024 -23.8583
v  -53.6408 46.1730 -23.1203
v  -53.4825 46.2024 -23.0712
v  -53.3947 46.1732 -23.9566
v  -53.7352 46.1023 -23.2021
v  -52.6949 46.2024 -24.4190
v  -52.7923 46.1733 -24.5642
v  -53.4995 46.1028 -24.0617
v  -51.9384 46.1732 -24.7887
v  -51.8884 46.2024 -24.6306
v  -52.0273 46.1027 -24.9212
v  -53.6408 46.1731 23.1203
v  -53.4825 46.2024 23.0712
v  -53.7352 46.1023 23.2021
v  -52.9018 46.1031 -24.6908
v  -51.6860 38.5193 -25.2754
v  -51.7659 38.6381 -25.3690
v  -51.5408 38.1567 -25.1198
v  -53.4518 38.5215 -23.5133
v  -53.5373 38.6439 23.6854
v  -53.5355 38.6415 -23.6055
v  -53.2999 38.1570 -23.3608
v  -53.4528 38.5229 23.6097
v  -53.2999 38.1570 23.4825
v  -52.4204 38.1568 -24.8842
v  -52.5679 38.5192 -25.0389
v  -53.2141 38.5199 -24.3939
v  -53.0643 38.1569 -24.2403
v  -53.2967 38.6389 -24.4864
v  -53.0172 37.7766 -24.2184
v  -52.6491 38.6378 -25.1320
v  0.0000 37.5197 24.9517
v  22.3442 115.0450 3.9333
v  19.8501 114.5799 4.6294
v  22.4191 114.5799 4.6294
v  19.8501 114.4166 5.4504
v  22.4191 114.4166 5.4504
v  19.8501 114.5799 6.2714
v  22.4191 114.5799 6.2714
v  22.3442 115.0450 6.9675
v  19.8501 115.0450 6.9675
v  22.4191 114.4166 -0.0000
v  19.8501 114.5799 0.8025
v  22.4191 114.5799 0.8025
v  22.3442 115.0450 1.4985
v  19.8501 115.0450 1.4985
v  19.8501 115.4681 3.6506
v  21.8440 116.0552 3.4058
v  19.8501 116.0553 3.4057
v  22.4191 110.4187 3.3051
v  22.4191 110.4187 7.5959
v  22.4191 110.4187 2.1248
v  22.4191 110.4187 -0.0000
v  19.8501 115.0450 3.9333
v  19.8501 110.4187 2.1248
v  19.8501 110.4187 3.3051
v  19.8501 110.4187 7.5959
v  19.8501 114.4166 -0.0000
v  19.8501 110.4187 -0.0000
v  22.0677 115.4695 1.7822
v  21.8440 116.0552 2.0261
v  19.8501 115.4544 7.2410
v  21.8438 116.0568 7.4953
v  22.0752 115.4580 7.2434
v  19.8501 115.4681 1.7813
v  22.0677 115.4695 3.6497
v  19.8501 116.5620 3.3050
v  19.8501 116.0553 2.0261
v  21.5674 116.5066 3.3160
v  21.3498 116.5620 2.1269
v  21.3498 116.5620 3.3050
v  21.7432 116.3550 2.0857
v  21.5674 116.5066 2.1159
v  21.7432 116.3550 3.3461
v  21.8302 116.1479 2.0445
v  21.8302 116.1479 3.3873
v  19.8501 116.5620 2.1269
v  22.4191 114.5799 7.6466
v  19.8501 115.0450 7.6466
v  22.0752 115.4580 7.6466
v  19.8501 115.4544 7.6466
v  19.8501 116.0568 7.4954
v  22.3442 115.0450 7.6466
v  19.8501 114.5799 7.6466
v  21.8438 116.0568 7.6466
v  19.8501 114.5799 -4.6295
v  22.3442 115.0450 -3.9334
v  22.4191 114.5799 -4.6295
v  19.8501 114.4166 -5.4505
v  22.4191 114.4166 -5.4505
v  19.8501 114.5799 -6.2715
v  22.4191 114.5799 -6.2715
v  22.3442 115.0450 -6.9675
v  19.8501 114.5799 -0.8026
v  22.4191 114.5799 -0.8026
v  22.3442 115.0450 -1.4986
v  21.8440 116.0552 -3.4059
v  19.8501 115.4681 -3.6507
v  19.8501 116.0553 -3.4058
v  22.4191 110.4187 -3.3051
v  22.4191 110.4187 -7.5959
v  22.4191 110.4187 -2.1249
v  19.8501 115.0450 -3.9334
v  19.8501 110.4187 -3.3051
v  19.8501 110.4187 -2.1249
v  19.8501 110.4187 -7.5959
v  22.0677 115.4695 -1.7823
v  22.0677 115.4695 -3.6498
v  19.8501 115.4544 -7.2411
v  21.8438 116.0567 -7.4954
v  19.8501 116.0568 -7.4954
v  19.8501 115.4681 -1.7813
v  21.8440 116.0552 -2.0262
v  19.8501 116.0553 -2.0262
v  22.0752 115.4580 -7.2435
v  19.8501 115.0450 -6.9675
v  19.8501 115.0450 -1.4986
v  19.8501 116.5620 -3.3050
v  21.3498 116.5620 -2.1270
v  21.5674 116.5066 -3.3161
v  21.3498 116.5620 -3.3050
v  21.7432 116.3550 -2.0858
v  21.7432 116.3550 -3.3462
v  21.8302 116.1479 -2.0446
v  21.8302 116.1479 -3.3874
v  22.4191 114.5799 -7.6467
v  22.3442 115.0450 -7.6467
v  19.8501 115.0450 -7.6467
v  22.0752 115.4580 -7.6467
v  21.8438 116.0567 -7.6467
v  19.8501 115.4544 -7.6467
v  19.8501 114.5799 -7.6467
v  19.8501 116.0568 -7.6467
v  -19.8501 114.5799 4.6294
v  -22.3442 115.0450 3.9333
v  -22.4191 114.5799 4.6294
v  -19.8501 114.4166 5.4504
v  -22.4191 114.4166 5.4504
v  -19.8501 114.5799 6.2714
v  -22.4191 114.5799 6.2714
v  -22.3442 115.0450 6.9675
v  -19.8501 114.5799 0.8025
v  -22.4191 114.4166 -0.0000
v  -22.4191 114.5799 0.8025
v  -22.3442 115.0450 1.4985
v  -21.8440 116.0552 3.4058
v  -19.8501 115.4681 3.6506
v  -19.8501 116.0553 3.4057
v  -22.4191 110.4187 3.3051
v  -22.4191 110.4187 7.5959
v  -22.4191 110.4187 2.1248
v  -22.4191 110.4187 -0.0000
v  -19.8501 115.0450 3.9333
v  -19.8501 110.4187 2.1248
v  -19.8501 110.4187 3.3051
v  -19.8501 110.4187 7.5959
v  -19.8501 110.4187 -0.0000
v  -19.8501 114.4166 -0.0000
v  -22.0677 115.4695 1.7822
v  -22.0677 115.4695 3.6497
v  -19.8501 115.4544 7.2410
v  -21.8438 116.0568 7.4953
v  -19.8501 116.0568 7.4954
v  -19.8501 115.4681 1.7813
v  -21.8440 116.0552 2.0261
v  -19.8501 116.0553 2.0261
v  -22.0752 115.4580 7.2434
v  -19.8501 115.0450 6.9675
v  -19.8501 115.0450 1.4985
v  -19.8501 116.5620 3.3050
v  -21.3498 116.5620 2.1269
v  -21.5674 116.5066 3.3160
v  -21.3498 116.5620 3.3050
v  -21.7432 116.3550 2.0857
v  -21.7432 116.3550 3.3461
v  -21.8302 116.1479 2.0445
v  -21.8302 116.1479 3.3873
v  -19.8501 116.5620 2.1269
v  -22.4191 114.5799 7.6466
v  -22.3442 115.0450 7.6466
v  -19.8501 115.0450 7.6466
v  -22.0752 115.4580 7.6466
v  -21.8438 116.0568 7.6466
v  -19.8501 115.4544 7.6466
v  -19.8501 114.5799 7.6466
v  -19.8501 116.0568 7.6466
v  -22.3442 115.0450 -3.9334
v  -19.8501 114.5799 -4.6295
v  -22.4191 114.5799 -4.6295
v  -19.8501 114.4166 -5.4505
v  -22.4191 114.4166 -5.4505
v  -19.8501 114.5799 -6.2715
v  -22.4191 114.5799 -6.2715
v  -22.3442 115.0450 -6.9675
v  -19.8501 115.0450 -6.9675
v  -19.8501 114.5799 -0.8026
v  -22.4191 114.5799 -0.8026
v  -22.3442 115.0450 -1.4986
v  -19.8501 115.0450 -1.4986
v  -19.8501 115.4681 -3.6507
v  -21.8440 116.0552 -3.4059
v  -19.8501 116.0553 -3.4058
v  -22.4191 110.4187 -3.3051
v  -22.4191 110.4187 -7.5959
v  -22.4191 110.4187 -2.1249
v  -19.8501 115.0450 -3.9334
v  -19.8501 110.4187 -3.3051
v  -19.8501 110.4187 -7.5959
v  -19.8501 110.4187 -2.1249
v  -22.0677 115.4695 -1.7823
v  -21.8440 116.0552 -2.0262
v  -19.8501 115.4544 -7.2411
v  -21.8438 116.0567 -7.4954
v  -22.0752 115.4580 -7.2435
v  -19.8501 115.4681 -1.7813
v  -22.0677 115.4695 -3.6498
v  -19.8501 116.5620 -3.3050
v  -19.8501 116.0553 -2.0262
v  -21.5674 116.5066 -3.3161
v  -21.3498 116.5620 -2.1270
v  -21.3498 116.5620 -3.3050
v  -21.7432 116.3550 -2.0858
v  -21.5674 116.5066 -2.1160
v  -21.7432 116.3550 -3.3462
v  -21.8302 116.1479 -2.0446
v  -21.8302 116.1479 -3.3874
v  -19.8501 116.5620 -2.1270
v  -22.4191 114.5799 -7.6467
v  -19.8501 115.0450 -7.6467
v  -22.0752 115.4580 -7.6467
v  -19.8501 115.4544 -7.6467
v  -19.8501 116.0568 -7.4954
v  -22.3442 115.0450 -7.6467
v  -19.8501 114.5799 -7.6467
v  -21.8438 116.0567 -7.6467
v  19.8501 116.0568 7.6466
v  19.8501 116.5620 -2.1270
v  21.5674 116.5066 -2.1160
v  -21.5674 116.5066 2.1159
v  -19.8501 116.0568 -7.6467
v  -50.2835 93.2880 -25.3417
v  -0.0000 90.9581 -25.3933
v  -50.3575 90.9581 -25.3933
v  -44.5062 94.8820 -21.4966
v  -0.0000 94.8820 -23.8894
v  -48.2910 94.8820 -23.8894
v  -0.0000 93.2880 -25.3418
v  -47.6015 90.9581 -22.8499
v  -0.0000 90.9581 -22.8499
v  50.2835 93.2880 -25.3418
v  50.3575 90.9581 -25.3933
v  44.5062 94.8820 -21.4967
v  -0.0000 94.8820 -21.4966
v  48.2909 94.8820 -23.8894
v  50.2835 93.2880 25.3417
v  50.3575 90.9581 25.3932
v  47.6015 90.9581 -22.8499
v  47.6015 90.9581 22.8848
v  48.2910 94.8820 23.8893
v  44.5062 94.8820 21.5295
v  0.0000 86.3923 23.4181
v  43.3589 86.2702 23.4080
v  43.4805 86.3923 23.4181
v  0.0000 86.2703 23.4080
v  43.2387 86.1487 23.3835
v  0.0000 90.0254 23.4181
v  0.0000 90.9881 23.0438
v  48.0088 90.9397 23.1673
v  48.0516 90.9881 23.0438
v  0.0000 90.9402 23.1672
v  47.9054 90.8228 23.2435
v  0.0000 85.6643 23.2451
v  42.6535 85.5547 23.1678
v  42.7616 85.6645 23.2451
v  0.0000 85.5547 23.1678
v  42.6087 85.5093 23.0438
v  0.0000 86.1488 23.3835
v  47.4227 90.2769 23.3847
v  0.0000 90.8246 23.2430
v  0.0000 90.2755 23.3851
v  0.0000 90.1494 23.4085
v  47.1862 90.0254 23.4181
v  47.3062 90.1498 23.4083
v  0.0000 85.8126 21.3796
v  42.6976 85.5981 21.4688
v  0.0000 85.5981 21.4687
v  42.6087 85.5093 21.6832
v  0.0000 85.5093 21.6832
v  0.0000 85.5093 23.0438
v  -43.3589 86.2702 23.4080
v  -43.4805 86.3923 23.4181
v  -43.2387 86.1487 23.3835
v  -48.0088 90.9397 23.1673
v  -48.0516 90.9881 23.0438
v  -47.9054 90.8228 23.2435
v  -42.6535 85.5547 23.1678
v  -42.7616 85.6645 23.2451
v  -42.6087 85.5093 23.0438
v  -47.4227 90.2769 23.3847
v  -47.1862 90.0254 23.4181
v  -47.3062 90.1498 23.4083
v  -42.6976 85.5981 21.4688
v  -42.9120 85.8126 21.3799
v  -42.6087 85.5093 21.6832
v  42.9120 85.8126 21.3799
v  1.1629 29.5261 23.7508
v  0.0000 30.0388 24.0123
v  0.0000 29.5239 23.7508
v  29.1116 31.1151 23.7508
v  26.9204 30.7849 24.0123
v  26.9344 30.3119 23.7508
v  24.4731 29.6774 23.7508
v  22.2757 30.0956 24.0123
v  22.2757 29.6192 23.7508
v  17.6369 30.8781 23.7508
v  19.8294 30.5981 24.0123
v  17.6512 31.3550 24.0123
v  31.9957 32.5004 23.7508
v  29.0970 31.5886 24.0123
v  24.4731 30.1534 24.0123
v  19.8157 30.1230 23.7508
v  39.6354 35.0071 23.7508
v  37.6131 35.3327 24.0123
v  37.6131 34.8592 23.7508
v  7.5040 34.4248 23.7508
v  5.4818 34.7066 24.0123
v  5.4818 34.2094 23.7508
v  13.7419 32.7260 23.7508
v  15.7642 32.2795 24.0123
v  13.7419 33.2128 24.0123
v  36.3211 34.6239 23.7508
v  34.2989 34.3268 24.0123
v  34.2989 33.8481 23.7508
v  40.4755 34.9760 23.7508
v  42.4977 35.0917 24.0123
v  40.4755 35.4473 24.0123
v  9.6119 34.1894 23.7508
v  11.6341 34.1267 24.0123
v  9.6119 34.6784 24.0123
v  39.6354 35.4790 24.0123
v  36.3211 35.0997 24.0123
v  7.5040 34.9167 24.0123
v  3.8279 34.1796 24.0123
v  3.8279 33.6741 23.7508
v  15.7642 31.7939 23.7508
v  11.6341 33.6391 23.7508
v  31.9957 32.9809 24.0123
v  42.4977 34.6203 23.7508
v  44.4234 34.5079 24.0123
v  2.6122 32.6014 23.7508
v  1.7743 31.6742 24.0123
v  1.7743 31.1428 23.7508
v  1.1629 30.0431 24.0123
v  2.6122 33.1194 24.0123
v  44.4234 38.7637 24.0123
v  42.4977 38.7637 24.0123
v  44.4234 33.8460 23.3731
v  42.4977 34.3862 19.9203
v  44.4234 33.8023 19.9203
v  0.0000 38.7637 24.0123
v  1.1629 29.2902 23.3731
v  0.0000 29.2898 19.9203
v  1.1629 29.2920 19.9203
v  1.1629 38.7637 24.0123
v  1.7743 30.8927 23.3731
v  1.7743 30.9087 19.9203
v  2.6122 38.7637 24.0123
v  3.8279 38.7637 24.0123
v  2.6122 32.3645 23.3731
v  3.8279 33.4400 19.9203
v  3.8279 33.4499 23.3731
v  5.4818 33.9753 19.9203
v  5.4818 33.9933 23.3731
v  31.9957 38.7637 24.0123
v  31.9957 32.3011 23.3731
v  34.2989 33.6140 19.9203
v  34.2989 33.6506 23.3731
v  28.7841 38.7637 24.0123
v  29.1261 30.9228 23.3731
v  31.9957 32.2663 19.9203
v  26.9483 30.1201 23.3731
v  29.1116 30.8810 19.9203
v  26.5860 38.7637 24.0123
v  24.4731 38.7637 24.0123
v  24.4731 29.4825 23.3731
v  26.9344 30.0778 19.9203
v  22.2757 29.4239 23.3731
v  24.4731 29.4433 19.9203
v  22.2757 38.7637 24.0123
v  19.8157 29.8889 19.9203
v  22.2757 29.3851 19.9203
v  19.8021 29.9292 23.3731
v  17.6369 30.6440 19.9203
v  20.1628 38.7637 24.0123
v  17.9647 38.7637 24.0123
v  17.6227 30.6824 23.3731
v  15.7642 31.5598 19.9203
v  37.6131 34.6670 23.3731
v  39.6354 34.7730 19.9203
v  39.6354 34.8163 23.3731
v  37.6131 38.7637 24.0123
v  40.4755 38.7637 24.0123
v  39.6354 38.7637 24.0123
v  40.4755 34.7858 23.3731
v  40.4755 34.7419 19.9203
v  36.3211 38.7637 24.0123
v  36.3211 34.4292 23.3731
v  37.6131 34.6251 19.9203
v  7.5040 34.1907 19.9203
v  7.5040 34.2141 23.3731
v  5.4818 38.7637 24.0123
v  9.6119 38.7637 24.0123
v  7.5040 38.7637 24.0123
v  9.6119 33.9817 23.3731
v  9.6119 33.9553 19.9203
v  15.7642 31.5894 23.3731
v  13.7419 32.4919 19.9203
v  15.7642 38.7637 24.0123
v  13.7419 38.7637 24.0123
v  11.6341 38.7637 24.0123
v  13.7419 32.5204 23.3731
v  11.6341 33.4050 19.9203
v  36.3211 34.3898 19.9203
v  34.2989 38.7637 24.0123
v  42.4977 34.4301 23.3731
v  11.6341 33.4327 23.3731
v  2.6122 32.3673 19.9203
v  1.7743 38.7637 24.0123
v  44.4234 34.0364 23.7508
v  0.0000 29.2902 23.3731
v  -1.1629 29.5261 23.7508
v  -26.9204 30.7849 24.0123
v  -29.1116 31.1151 23.7508
v  -26.9344 30.3119 23.7508
v  -22.2757 30.0956 24.0123
v  -24.4731 29.6774 23.7508
v  -22.2757 29.6192 23.7508
v  -17.6369 30.8781 23.7508
v  -19.8294 30.5981 24.0123
v  -19.8157 30.1230 23.7508
v  -29.0970 31.5886 24.0123
v  -31.9957 32.5004 23.7508
v  -24.4731 30.1534 24.0123
v  -37.6131 35.3327 24.0123
v  -39.6354 35.0071 23.7508
v  -37.6131 34.8592 23.7508
v  -5.4818 34.7066 24.0123
v  -7.5040 34.4248 23.7508
v  -5.4818 34.2094 23.7508
v  -13.7419 32.7260 23.7508
v  -15.7642 32.2795 24.0123
v  -15.7642 31.7939 23.7508
v  -34.2989 34.3268 24.0123
v  -36.3211 34.6239 23.7508
v  -34.2989 33.8481 23.7508
v  -40.4755 34.9760 23.7508
v  -42.4977 35.0917 24.0123
v  -42.4977 34.6203 23.7508
v  -9.6119 34.1894 23.7508
v  -11.6341 34.1267 24.0123
v  -11.6341 33.6391 23.7508
v  -40.4755 35.4473 24.0123
v  -36.3211 35.0997 24.0123
v  -9.6119 34.6784 24.0123
v  -3.8279 34.1796 24.0123
v  -3.8279 33.6741 23.7508
v  -17.6512 31.3550 24.0123
v  -13.7419 33.2128 24.0123
v  -31.9957 32.9809 24.0123
v  -44.4234 34.5079 24.0123
v  -44.4234 34.0364 23.7508
v  -1.7743 31.6742 24.0123
v  -2.6122 32.6014 23.7508
v  -1.7743 31.1428 23.7508
v  -1.1629 30.0431 24.0123
v  -2.6122 33.1194 24.0123
v  -44.4234 38.7637 24.0123
v  -44.4234 33.8460 23.3731
v  -42.4977 34.3862 19.9203
v  -42.4977 34.4301 23.3731
v  -1.1629 29.2902 23.3731
v  -1.1629 38.7637 24.0123
v  -1.7743 30.8927 23.3731
v  -1.1629 29.2920 19.9203
v  -2.6122 38.7637 24.0123
v  -3.8279 38.7637 24.0123
v  -3.8279 33.4400 19.9203
v  -2.6122 32.3645 23.3731
v  -3.8279 33.4499 23.3731
v  -5.4818 33.9753 19.9203
v  -5.4818 33.9933 23.3731
v  -31.9957 38.7637 24.0123
v  -34.2989 33.6140 19.9203
v  -31.9957 32.3011 23.3731
v  -34.2989 33.6506 23.3731
v  -28.7841 38.7637 24.0123
v  -31.9957 32.2663 19.9203
v  -29.1261 30.9228 23.3731
v  -29.1116 30.8810 19.9203
v  -26.9483 30.1201 23.3731
v  -26.5860 38.7637 24.0123
v  -24.4731 38.7637 24.0123
v  -26.9344 30.0778 19.9203
v  -24.4731 29.4825 23.3731
v  -24.4731 29.4433 19.9203
v  -22.2757 29.4239 23.3731
v  -22.2757 38.7637 24.0123
v  -19.8157 29.8889 19.9203
v  -19.8021 29.9292 23.3731
v  -17.6369 30.6440 19.9203
v  -17.6227 30.6824 23.3731
v  -20.1628 38.7637 24.0123
v  -17.9647 38.7637 24.0123
v  -15.7642 31.5598 19.9203
v  -15.7642 31.5894 23.3731
v  -39.6354 34.7730 19.9203
v  -37.6131 34.6670 23.3731
v  -39.6354 34.8163 23.3731
v  -39.6354 35.4790 24.0123
v  -37.6131 38.7637 24.0123
v  -39.6354 38.7637 24.0123
v  -40.4755 38.7637 24.0123
v  -40.4755 34.7858 23.3731
v  -36.3211 38.7637 24.0123
v  -37.6131 34.6251 19.9203
v  -36.3211 34.4292 23.3731
v  -7.5040 34.1907 19.9203
v  -7.5040 34.2141 23.3731
v  -7.5040 34.9167 24.0123
v  -5.4818 38.7637 24.0123
v  -7.5040 38.7637 24.0123
v  -9.6119 38.7637 24.0123
v  -9.6119 33.9817 23.3731
v  -13.7419 32.4919 19.9203
v  -13.7419 32.5204 23.3731
v  -15.7642 38.7637 24.0123
v  -13.7419 38.7637 24.0123
v  -11.6341 33.4050 19.9203
v  -11.6341 33.4327 23.3731
v  -36.3211 34.3898 19.9203
v  -34.2989 38.7637 24.0123
v  -40.4755 34.7419 19.9203
v  -42.4977 38.7637 24.0123
v  -9.6119 33.9553 19.9203
v  -11.6341 38.7637 24.0123
v  -1.7743 30.9087 19.9203
v  -1.7743 38.7637 24.0123
v  44.4234 38.0143 19.9194
v  0.0000 38.0143 19.9194
v  1.1629 38.0143 19.9194
v  2.6122 38.0143 19.9194
v  3.8279 38.0143 19.9194
v  31.9957 38.0143 19.9194
v  28.7841 38.0143 19.9194
v  26.5860 38.0143 19.9194
v  24.4731 38.0143 19.9194
v  22.2757 38.0143 19.9194
v  20.1628 38.0143 19.9194
v  17.9647 38.0143 19.9194
v  37.6131 38.0143 19.9194
v  39.6354 38.0143 19.9194
v  40.4755 38.0143 19.9194
v  36.3211 38.0143 19.9194
v  5.4818 38.0143 19.9194
v  7.5040 38.0143 19.9194
v  9.6119 38.0143 19.9194
v  15.7642 38.0143 19.9194
v  13.7419 38.0143 19.9194
v  34.2989 38.0143 19.9194
v  42.4977 38.0143 19.9194
v  11.6341 38.0143 19.9194
v  1.7743 38.0143 19.9194
v  -44.4234 38.0143 19.9194
v  -42.4977 38.0143 19.9194
v  -1.1629 38.0143 19.9194
v  -2.6122 38.0143 19.9194
v  -2.6122 32.3673 19.9203
v  -3.8279 38.0143 19.9194
v  -31.9957 38.0143 19.9194
v  -28.7841 38.0143 19.9194
v  -26.5860 38.0143 19.9194
v  -24.4731 38.0143 19.9194
v  -22.2757 38.0143 19.9194
v  -22.2757 29.3851 19.9203
v  -20.1628 38.0143 19.9194
v  -17.9647 38.0143 19.9194
v  -37.6131 38.0143 19.9194
v  -40.4755 38.0143 19.9194
v  -39.6354 38.0143 19.9194
v  -36.3211 38.0143 19.9194
v  -5.4818 38.0143 19.9194
v  -9.6119 38.0143 19.9194
v  -7.5040 38.0143 19.9194
v  -15.7642 38.0143 19.9194
v  -13.7419 38.0143 19.9194
v  -11.6341 38.0143 19.9194
v  -34.2989 38.0143 19.9194
v  -1.7743 38.0143 19.9194
v  0.0000 30.0387 -24.0118
v  1.1629 29.5261 -23.7503
v  0.0000 29.5239 -23.7503
v  26.9204 30.7848 -24.0118
v  29.1116 31.1151 -23.7503
v  26.9344 30.3118 -23.7503
v  22.2757 30.0955 -24.0118
v  24.4731 29.6774 -23.7503
v  22.2757 29.6191 -23.7503
v  17.6369 30.8781 -23.7503
v  19.8294 30.5980 -24.0118
v  19.8157 30.1230 -23.7503
v  29.0970 31.5886 -24.0118
v  31.9957 32.5004 -23.7503
v  24.4731 30.1534 -24.0118
v  37.6131 35.3327 -24.0118
v  39.6354 35.0071 -23.7503
v  37.6131 34.8592 -23.7503
v  5.4818 34.7066 -24.0118
v  7.5040 34.4247 -23.7503
v  5.4818 34.2093 -23.7503
v  13.7419 32.7260 -23.7503
v  15.7642 32.2795 -24.0118
v  15.7642 31.7939 -23.7503
v  34.2989 34.3268 -24.0118
v  36.3211 34.6238 -23.7503
v  34.2989 33.8481 -23.7503
v  40.4755 34.9760 -23.7503
v  42.4977 35.0917 -24.0118
v  42.4977 34.6203 -23.7503
v  9.6119 34.1894 -23.7503
v  11.6341 34.1266 -24.0118
v  11.6341 33.6390 -23.7503
v  40.4755 35.4473 -24.0118
v  36.3211 35.0997 -24.0118
v  9.6119 34.6783 -24.0118
v  3.8279 34.1795 -24.0118
v  3.8279 33.6741 -23.7503
v  17.6512 31.3549 -24.0118
v  13.7419 33.2128 -24.0118
v  31.9957 32.9808 -24.0118
v  44.4234 34.5079 -24.0118
v  44.4234 34.0363 -23.7503
v  1.7743 31.6741 -24.0118
v  2.6122 32.6014 -23.7503
v  1.7743 31.1428 -23.7503
v  1.1629 30.0431 -24.0118
v  2.6122 33.1194 -24.0118
v  44.4234 38.7637 -24.0118
v  44.4234 33.8460 -23.3727
v  42.4977 34.3862 -19.9198
v  42.4977 34.4301 -23.3727
v  0.0000 38.7637 -24.0118
v  1.1629 29.2902 -23.3727
v  0.0000 29.2898 -19.9198
v  0.0000 29.2902 -23.3727
v  1.1629 38.7637 -24.0118
v  1.7743 30.8927 -23.3727
v  1.1629 29.2920 -19.9198
v  2.6122 38.7637 -24.0118
v  3.8279 38.7637 -24.0118
v  3.8279 33.4400 -19.9198
v  2.6122 32.3645 -23.3727
v  3.8279 33.4499 -23.3727
v  5.4818 33.9752 -19.9198
v  5.4818 33.9933 -23.3727
v  31.9957 38.7637 -24.0118
v  34.2989 33.6140 -19.9198
v  31.9957 32.3011 -23.3727
v  34.2989 33.6506 -23.3727
v  28.7841 38.7637 -24.0118
v  31.9957 32.2663 -19.9198
v  29.1261 30.9228 -23.3727
v  29.1116 30.8810 -19.9198
v  26.9483 30.1200 -23.3727
v  26.5860 38.7637 -24.0118
v  24.4731 38.7637 -24.0118
v  26.9344 30.0778 -19.9198
v  24.4731 29.4825 -23.3727
v  24.4731 29.4433 -19.9198
v  22.2757 29.4239 -23.3727
v  22.2757 38.7637 -24.0118
v  19.8157 29.8889 -19.9198
v  19.8021 29.9292 -23.3727
v  17.6369 30.6440 -19.9198
v  17.6227 30.6824 -23.3727
v  20.1628 38.7637 -24.0118
v  17.9647 38.7637 -24.0118
v  15.7642 31.5598 -19.9198
v  15.7642 31.5894 -23.3727
v  39.6354 34.7730 -19.9198
v  37.6131 34.6669 -23.3727
v  39.6354 34.8163 -23.3727
v  39.6354 35.4790 -24.0118
v  37.6131 38.7637 -24.0118
v  39.6354 38.7637 -24.0118
v  40.4755 38.7637 -24.0118
v  40.4755 34.7858 -23.3727
v  36.3211 38.7637 -24.0118
v  37.6131 34.6251 -19.9198
v  36.3211 34.4292 -23.3727
v  7.5040 34.1907 -19.9198
v  7.5040 34.2140 -23.3727
v  7.5040 34.9166 -24.0118
v  5.4818 38.7637 -24.0118
v  7.5040 38.7637 -24.0118
v  9.6119 38.7637 -24.0118
v  9.6119 33.9817 -23.3727
v  13.7419 32.4919 -19.9198
v  13.7419 32.5204 -23.3727
v  15.7642 38.7637 -24.0118
v  13.7419 38.7637 -24.0118
v  11.6341 33.4049 -19.9198
v  11.6341 33.4326 -23.3727
v  36.3211 34.3897 -19.9198
v  34.2989 38.7637 -24.0118
v  40.4755 34.7419 -19.9198
v  42.4977 38.7637 -24.0118
v  9.6119 33.9553 -19.9198
v  11.6341 38.7637 -24.0118
v  1.7743 30.9087 -19.9198
v  1.7743 38.7637 -24.0118
v  -1.1629 29.5261 -23.7503
v  -29.1116 31.1151 -23.7503
v  -26.9204 30.7848 -24.0118
v  -26.9344 30.3118 -23.7503
v  -24.4731 29.6774 -23.7503
v  -22.2757 30.0955 -24.0118
v  -22.2757 29.6191 -23.7503
v  -17.6369 30.8781 -23.7503
v  -19.8294 30.5980 -24.0118
v  -17.6512 31.3549 -24.0118
v  -31.9957 32.5004 -23.7503
v  -29.0970 31.5886 -24.0118
v  -24.4731 30.1534 -24.0118
v  -19.8157 30.1230 -23.7503
v  -39.6354 35.0071 -23.7503
v  -37.6131 35.3327 -24.0118
v  -37.6131 34.8592 -23.7503
v  -7.5040 34.4247 -23.7503
v  -5.4818 34.7066 -24.0118
v  -5.4818 34.2093 -23.7503
v  -13.7419 32.7260 -23.7503
v  -15.7642 32.2795 -24.0118
v  -13.7419 33.2128 -24.0118
v  -36.3211 34.6238 -23.7503
v  -34.2989 34.3268 -24.0118
v  -34.2989 33.8481 -23.7503
v  -40.4755 34.9760 -23.7503
v  -42.4977 35.0917 -24.0118
v  -40.4755 35.4473 -24.0118
v  -9.6119 34.1894 -23.7503
v  -11.6341 34.1266 -24.0118
v  -9.6119 34.6783 -24.0118
v  -39.6354 35.4790 -24.0118
v  -36.3211 35.0997 -24.0118
v  -7.5040 34.9166 -24.0118
v  -3.8279 34.1795 -24.0118
v  -3.8279 33.6741 -23.7503
v  -15.7642 31.7939 -23.7503
v  -11.6341 33.6390 -23.7503
v  -31.9957 32.9808 -24.0118
v  -42.4977 34.6203 -23.7503
v  -44.4234 34.5079 -24.0118
v  -2.6122 32.6014 -23.7503
v  -1.7743 31.6741 -24.0118
v  -1.7743 31.1428 -23.7503
v  -1.1629 30.0431 -24.0118
v  -2.6122 33.1194 -24.0118
v  -44.4234 38.7637 -24.0118
v  -42.4977 38.7637 -24.0118
v  -44.4234 33.8460 -23.3727
v  -42.4977 34.3862 -19.9198
v  -44.4234 33.8022 -19.9198
v  -1.1629 29.2902 -23.3727
v  -1.1629 29.2920 -19.9198
v  -1.1629 38.7637 -24.0118
v  -1.7743 30.8927 -23.3727
v  -1.7743 30.9087 -19.9198
v  -2.6122 38.7637 -24.0118
v  -3.8279 38.7637 -24.0118
v  -2.6122 32.3645 -23.3727
v  -3.8279 33.4400 -19.9198
v  -3.8279 33.4499 -23.3727
v  -5.4818 33.9752 -19.9198
v  -5.4818 33.9933 -23.3727
v  -31.9957 38.7637 -24.0118
v  -31.9957 32.3011 -23.3727
v  -34.2989 33.6140 -19.9198
v  -34.2989 33.6506 -23.3727
v  -28.7841 38.7637 -24.0118
v  -29.1261 30.9228 -23.3727
v  -31.9957 32.2663 -19.9198
v  -26.9483 30.1200 -23.3727
v  -29.1116 30.8810 -19.9198
v  -26.5860 38.7637 -24.0118
v  -24.4731 38.7637 -24.0118
v  -24.4731 29.4825 -23.3727
v  -26.9344 30.0778 -19.9198
v  -22.2757 29.4239 -23.3727
v  -24.4731 29.4433 -19.9198
v  -22.2757 38.7637 -24.0118
v  -19.8157 29.8889 -19.9198
v  -22.2757 29.3850 -19.9198
v  -19.8021 29.9292 -23.3727
v  -17.6369 30.6440 -19.9198
v  -20.1628 38.7637 -24.0118
v  -17.9647 38.7637 -24.0118
v  -17.6227 30.6824 -23.3727
v  -15.7642 31.5598 -19.9198
v  -37.6131 34.6669 -23.3727
v  -39.6354 34.7730 -19.9198
v  -39.6354 34.8163 -23.3727
v  -37.6131 38.7637 -24.0118
v  -40.4755 38.7637 -24.0118
v  -39.6354 38.7637 -24.0118
v  -40.4755 34.7858 -23.3727
v  -40.4755 34.7419 -19.9198
v  -36.3211 38.7637 -24.0118
v  -36.3211 34.4292 -23.3727
v  -37.6131 34.6251 -19.9198
v  -7.5040 34.1907 -19.9198
v  -7.5040 34.2140 -23.3727
v  -5.4818 38.7637 -24.0118
v  -9.6119 38.7637 -24.0118
v  -7.5040 38.7637 -24.0118
v  -9.6119 33.9817 -23.3727
v  -9.6119 33.9553 -19.9198
v  -15.7642 31.5894 -23.3727
v  -13.7419 32.4919 -19.9198
v  -15.7642 38.7637 -24.0118
v  -13.7419 38.7637 -24.0118
v  -11.6341 38.7637 -24.0118
v  -13.7419 32.5204 -23.3727
v  -11.6341 33.4049 -19.9198
v  -36.3211 34.3897 -19.9198
v  -34.2989 38.7637 -24.0118
v  -42.4977 34.4301 -23.3727
v  -11.6341 33.4326 -23.3727
v  -2.6122 32.3673 -19.9198
v  -1.7743 38.7637 -24.0118
v  -44.4234 34.0363 -23.7503
v  44.4234 38.0143 -19.9189
v  42.4977 38.0143 -19.9189
v  0.0000 38.0143 -19.9189
v  1.1629 38.0143 -19.9189
v  2.6122 38.0143 -19.9189
v  2.6122 32.3673 -19.9198
v  3.8279 38.0143 -19.9189
v  31.9957 38.0143 -19.9189
v  28.7841 38.0143 -19.9189
v  26.5860 38.0143 -19.9189
v  24.4731 38.0143 -19.9189
v  22.2757 38.0143 -19.9189
v  22.2757 29.3850 -19.9198
v  20.1628 38.0143 -19.9189
v  17.9647 38.0143 -19.9189
v  37.6131 38.0143 -19.9189
v  40.4755 38.0143 -19.9189
v  39.6354 38.0143 -19.9189
v  36.3211 38.0143 -19.9189
v  5.4818 38.0143 -19.9189
v  9.6119 38.0143 -19.9189
v  7.5040 38.0143 -19.9189
v  15.7642 38.0143 -19.9189
v  13.7419 38.0143 -19.9189
v  11.6341 38.0143 -19.9189
v  34.2989 38.0143 -19.9189
v  1.7743 38.0143 -19.9189
v  -44.4234 38.0143 -19.9189
v  -1.1629 38.0143 -19.9189
v  -2.6122 38.0143 -19.9189
v  -3.8279 38.0143 -19.9189
v  -31.9957 38.0143 -19.9189
v  -28.7841 38.0143 -19.9189
v  -26.5860 38.0143 -19.9189
v  -24.4731 38.0143 -19.9189
v  -22.2757 38.0143 -19.9189
v  -20.1628 38.0143 -19.9189
v  -17.9647 38.0143 -19.9189
v  -37.6131 38.0143 -19.9189
v  -39.6354 38.0143 -19.9189
v  -40.4755 38.0143 -19.9189
v  -36.3211 38.0143 -19.9189
v  -5.4818 38.0143 -19.9189
v  -7.5040 38.0143 -19.9189
v  -9.6119 38.0143 -19.9189
v  -15.7642 38.0143 -19.9189
v  -13.7419 38.0143 -19.9189
v  -34.2989 38.0143 -19.9189
v  -42.4977 38.0143 -19.9189
v  -11.6341 38.0143 -19.9189
v  -1.7743 38.0143 -19.9189
v  -44.4234 33.8023 19.9203
v  44.4234 33.8022 -19.9198
v  52.7206 30.5529 -1.7624
v  52.7206 37.6256 0.0002
v  52.7206 30.4128 0.0002
v  52.7206 35.7522 -16.9910
v  52.7206 37.6256 -14.9688
v  52.7206 35.6048 -14.9688
v  52.7206 37.6256 -13.6768
v  52.7206 35.3703 -13.6768
v  52.7206 37.6256 -11.6545
v  52.7206 34.5955 -11.6545
v  52.7206 37.6256 -9.3344
v  52.7206 33.1730 -9.3340
v  52.7206 37.6256 -7.4239
v  52.7206 32.2582 -7.4234
v  52.7206 31.4962 -5.4362
v  52.7206 37.6256 -3.5262
v  52.7206 30.9468 -3.5256
v  52.7206 37.6256 -1.7635
v  52.7206 37.6256 -5.4367
v  52.7206 30.5529 1.7629
v  52.7206 37.6256 1.7640
v  52.7206 35.7522 16.9915
v  52.7206 37.6256 14.9692
v  52.7206 37.6256 16.9915
v  52.7206 37.6256 13.6772
v  52.7206 35.6048 14.9692
v  52.7206 35.3703 13.6772
v  52.7206 37.6256 11.6550
v  52.7206 37.6256 9.3349
v  52.7206 34.5955 11.6550
v  52.7206 33.1730 9.3345
v  52.7206 37.6256 7.4244
v  52.7206 31.4962 5.4367
v  52.7206 37.6256 3.5267
v  52.7206 37.6256 5.4372
v  52.7206 30.9468 3.5261
v  52.7206 32.2582 7.4239
v  -52.7206 30.5529 -1.7624
v  -52.7206 37.6256 0.0002
v  -52.7206 37.6256 -1.7635
v  -52.7206 35.7522 -16.9910
v  -52.7206 37.6256 -14.9688
v  -52.7206 37.6256 -16.9910
v  -52.7206 37.6256 -13.6768
v  -52.7206 35.6048 -14.9688
v  -52.7206 35.3703 -13.6768
v  -52.7206 37.6256 -11.6545
v  -52.7206 37.6256 -9.3344
v  -52.7206 34.5955 -11.6545
v  -52.7206 33.1730 -9.3340
v  -52.7206 37.6256 -7.4239
v  -52.7206 31.4962 -5.4362
v  -52.7206 37.6256 -3.5262
v  -52.7206 37.6256 -5.4367
v  -52.7206 30.9468 -3.5256
v  -52.7206 32.2582 -7.4234
v  -52.7206 30.5529 1.7629
v  -52.7206 30.4128 0.0002
v  -52.7206 35.7522 16.9915
v  -52.7206 37.6256 14.9692
v  -52.7206 35.6048 14.9692
v  -52.7206 37.6256 13.6772
v  -52.7206 35.3703 13.6772
v  -52.7206 37.6256 11.6550
v  -52.7206 34.5955 11.6550
v  -52.7206 37.6256 9.3349
v  -52.7206 33.1730 9.3345
v  -52.7206 37.6256 7.4244
v  -52.7206 32.2582 7.4239
v  -52.7206 31.4962 5.4367
v  -52.7206 37.6256 3.5267
v  -52.7206 30.9468 3.5261
v  -52.7206 37.6256 1.7640
v  -52.7206 37.6256 5.4372
v  52.7206 37.6256 -16.9910
v  -52.7206 37.6256 16.9915
v  52.5565 35.4215 -16.9910
v  52.5565 35.2731 -14.9688
v  52.5565 35.0369 -13.6768
v  52.5565 34.2603 -11.6545
v  52.5565 32.8369 -9.3340
v  52.5565 30.6136 -3.5256
v  52.5565 30.2206 -1.7623
v  52.5565 30.0808 0.0002
v  52.5565 31.9227 -7.4234
v  52.5565 31.1619 -5.4362
v  50.0626 35.6048 -14.9688
v  50.5304 35.2666 -16.9910
v  50.5304 35.1172 -14.9688
v  50.0626 34.5955 -11.6545
v  50.5304 34.8794 -13.6768
v  50.5304 34.1009 -11.6545
v  50.0626 35.3703 -13.6768
v  50.0626 33.1730 -9.3340
v  50.5304 32.6765 -9.3340
v  50.0626 30.5529 -1.7624
v  50.5304 30.4562 -3.5256
v  50.5304 30.0642 -1.7623
v  50.0626 30.4128 0.0002
v  50.5304 29.9247 0.0002
v  50.0626 31.4962 -5.4362
v  50.5304 31.7630 -7.4234
v  50.5304 31.0033 -5.4361
v  50.0626 32.2582 -7.4234
v  50.0626 30.9468 -3.5256
v  52.2515 29.9247 0.0002
v  52.2515 30.0642 -1.7623
v  52.2515 35.1172 -14.9688
v  52.2515 35.2666 -16.9910
v  52.2515 34.8794 -13.6768
v  52.2515 32.6765 -9.3340
v  52.2515 34.1009 -11.6545
v  52.2515 31.7630 -7.4234
v  52.2515 30.4562 -3.5256
v  52.2515 31.0033 -5.4362
v  50.0640 37.6256 0.0002
v  50.0640 37.6256 -1.7635
v  50.0626 35.7522 -16.9910
v  50.0640 37.6256 -14.9688
v  50.0640 37.6256 -16.9910
v  50.0640 37.6256 -13.6768
v  50.0640 37.6256 -11.6545
v  50.0640 37.6256 -9.3344
v  50.0640 37.6256 -7.4239
v  50.0640 37.6256 -3.5262
v  50.0640 37.6256 -5.4367
v  -52.5565 35.4215 -16.9910
v  -52.5565 35.2731 -14.9688
v  -52.5565 35.0369 -13.6768
v  -52.5565 34.2603 -11.6545
v  -52.5565 32.8369 -9.3340
v  -52.5565 30.6136 -3.5256
v  -52.5565 30.2206 -1.7623
v  -52.5565 30.0808 0.0002
v  -52.5565 31.9227 -7.4234
v  -52.5565 31.1619 -5.4362
v  -50.0626 35.6048 -14.9688
v  -50.5304 35.2666 -16.9910
v  -50.0626 35.7522 -16.9910
v  -50.0626 34.5955 -11.6545
v  -50.5304 34.8794 -13.6768
v  -50.0626 35.3703 -13.6768
v  -50.5304 35.1172 -14.9688
v  -50.0626 33.1730 -9.3340
v  -50.5304 34.1009 -11.6545
v  -50.0626 30.5529 -1.7624
v  -50.5304 30.4562 -3.5256
v  -50.0626 30.9468 -3.5256
v  -50.0626 30.4128 0.0002
v  -50.5304 30.0642 -1.7623
v  -50.0626 31.4962 -5.4362
v  -50.5304 31.7630 -7.4234
v  -50.0626 32.2582 -7.4234
v  -50.5304 32.6765 -9.3340
v  -50.5304 31.0033 -5.4361
v  -52.2515 29.9247 0.0002
v  -52.2515 30.0642 -1.7623
v  -52.2515 35.1172 -14.9688
v  -52.2515 35.2666 -16.9910
v  -52.2515 34.8794 -13.6768
v  -52.2515 34.1009 -11.6545
v  -52.2515 32.6765 -9.3340
v  -52.2515 31.7630 -7.4234
v  -52.2515 30.4562 -3.5256
v  -52.2515 31.0033 -5.4362
v  -50.0640 37.6256 0.0002
v  -50.0640 37.6256 -14.9688
v  -50.0640 37.6256 -13.6768
v  -50.0640 37.6256 -11.6545
v  -50.0640 37.6256 -9.3344
v  -50.0640 37.6256 -7.4239
v  -50.0640 37.6256 -3.5262
v  -50.0640 37.6256 -1.7635
v  -50.0640 37.6256 -5.4367
v  52.5565 35.4215 16.9915
v  52.5565 35.2731 14.9692
v  52.5565 35.0370 13.6772
v  52.5565 34.2603 11.6550
v  52.5565 32.8369 9.3345
v  52.5565 30.6136 3.5261
v  52.5565 30.2206 1.7628
v  52.5565 31.9227 7.4239
v  52.5565 31.1619 5.4367
v  50.0626 35.6048 14.9692
v  50.5304 35.2666 16.9915
v  50.0626 35.7522 16.9915
v  50.0626 34.5955 11.6550
v  50.5304 34.8794 13.6772
v  50.0626 35.3703 13.6772
v  50.5304 35.1172 14.9692
v  50.0626 33.1730 9.3345
v  50.5304 34.1009 11.6550
v  50.0626 30.5529 1.7629
v  50.5304 30.4562 3.5261
v  50.0626 30.9468 3.5261
v  50.5304 30.0642 1.7628
v  50.0626 31.4962 5.4367
v  50.5304 31.7630 7.4239
v  50.0626 32.2582 7.4239
v  50.5304 32.6765 9.3344
v  50.5304 31.0033 5.4366
v  52.2515 30.0642 1.7628
v  52.2515 35.1172 14.9692
v  52.2515 35.2666 16.9915
v  52.2515 34.8794 13.6772
v  52.2515 34.1009 11.6550
v  52.2515 32.6765 9.3344
v  52.2515 31.7630 7.4239
v  52.2515 30.4562 3.5261
v  52.2515 31.0033 5.4366
v  50.0640 37.6256 14.9692
v  50.0640 37.6256 13.6772
v  50.0640 37.6256 11.6550
v  50.0640 37.6256 9.3349
v  50.0640 37.6256 7.4244
v  50.0640 37.6256 3.5267
v  50.0640 37.6256 1.7640
v  50.0640 37.6256 5.4372
v  -52.5565 35.4215 16.9915
v  -52.5565 35.2731 14.9692
v  -52.5565 35.0370 13.6772
v  -52.5565 34.2603 11.6550
v  -52.5565 32.8369 9.3345
v  -52.5565 30.6136 3.5261
v  -52.5565 30.2206 1.7628
v  -52.5565 31.9227 7.4239
v  -52.5565 31.1619 5.4367
v  -50.0626 35.6048 14.9692
v  -50.5304 35.2666 16.9915
v  -50.5304 35.1172 14.9692
v  -50.0626 34.5955 11.6550
v  -50.5304 34.8794 13.6772
v  -50.5304 34.1009 11.6550
v  -50.0626 35.3703 13.6772
v  -50.0626 33.1730 9.3345
v  -50.5304 32.6765 9.3344
v  -50.0626 30.5529 1.7629
v  -50.5304 30.4562 3.5261
v  -50.5304 30.0642 1.7628
v  -50.5304 29.9247 0.0002
v  -50.0626 31.4962 5.4367
v  -50.5304 31.7630 7.4239
v  -50.5304 31.0033 5.4366
v  -50.0626 32.2582 7.4239
v  -50.0626 30.9468 3.5261
v  -52.2515 30.0642 1.7628
v  -52.2515 35.1172 14.9692
v  -52.2515 35.2666 16.9915
v  -52.2515 34.8794 13.6772
v  -52.2515 32.6765 9.3344
v  -52.2515 34.1009 11.6550
v  -52.2515 31.7630 7.4239
v  -52.2515 30.4562 3.5261
v  -52.2515 31.0033 5.4366
v  -50.0640 37.6256 1.7640
v  -50.0626 35.7522 16.9915
v  -50.0640 37.6256 14.9692
v  -50.0640 37.6256 16.9915
v  -50.0640 37.6256 13.6772
v  -50.0640 37.6256 11.6550
v  -50.0640 37.6256 9.3349
v  -50.0640 37.6256 7.4244
v  -50.0640 37.6256 3.5267
v  -50.0640 37.6256 5.4372
v  -50.0640 37.6256 -16.9910
v  50.0640 37.6256 16.9915
v  0.0000 90.9581 25.3932
v  44.5062 94.8821 21.4966
v  0.0000 94.8821 23.8893
v  48.2909 94.8821 23.8893
v  0.0000 93.2880 25.3417
v  47.6015 90.9581 22.8498
v  0.0000 90.9581 22.8498
v  -50.2835 93.2880 25.3417
v  -50.3575 90.9581 25.3932
v  -44.5062 94.8821 21.4966
v  0.0000 94.8821 21.4966
v  -48.2909 94.8821 23.8893
v  -50.2835 93.2880 -25.3418
v  -47.6015 90.9581 22.8498
v  -47.6015 90.9581 -22.8848
v  -48.2909 94.8820 -23.8894
v  -44.5062 94.8820 -21.5295
v  50.1119 22.8969 21.0499
v  48.8457 19.5100 20.2445
v  49.0880 19.5100 20.0022
v  45.0470 26.5307 22.1928
v  44.6651 22.8969 21.2919
v  45.2854 26.5307 22.4351
v  51.2734 26.5307 22.1936
v  51.8223 29.0345 23.2195
v  51.0319 26.5307 22.4351
v  44.4270 22.8969 21.0490
v  44.2114 19.5100 20.2445
v  48.2957 16.1564 19.2486
v  48.0530 16.1564 19.4912
v  43.6441 16.1564 19.2473
v  43.8395 13.2770 19.3203
v  43.8818 16.1564 19.4912
v  45.1881 29.0345 22.9782
v  45.4271 29.0345 23.2195
v  49.8699 22.8969 21.2919
v  48.0918 13.2770 19.0770
v  47.8483 13.2770 19.3203
v  43.9736 19.5100 20.0011
v  49.8690 22.8969 15.6108
v  49.0880 19.5100 15.4134
v  48.8446 19.5100 15.1756
v  51.8216 29.0345 16.3755
v  51.2734 26.5307 16.4675
v  51.0312 26.5307 16.2291
v  48.2957 16.1564 15.0625
v  48.0517 16.1564 14.8248
v  50.1119 22.8969 15.8488
v  48.0918 13.2770 15.0316
v  47.8467 13.2770 14.7938
v  44.3002 33.2553 23.8244
v  44.4247 33.9109 24.0853
v  44.1840 33.9109 23.5207
v  52.8319 33.9108 23.8479
v  52.5830 33.2547 24.0627
v  52.8208 33.2547 23.8246
v  44.3982 34.5289 24.0904
v  44.1579 34.5289 23.3484
v  52.8345 34.5289 23.8532
v  52.5948 33.9108 24.0853
v  52.8345 34.5289 15.5769
v  52.3278 33.9109 15.3613
v  52.2543 34.5289 15.3367
v  52.8320 33.9109 15.6019
v  52.4625 33.2553 15.4752
v  44.1579 37.6679 23.3489
v  52.8345 37.6679 23.8533
v  52.5975 34.5289 24.0904
v  52.2544 37.6679 15.3433
v  45.0429 30.9760 23.4614
v  44.9871 32.3702 23.9761
v  44.7462 32.3701 23.7369
v  52.7782 32.3710 23.7373
v  52.2920 30.9761 23.7016
v  52.5316 30.9761 23.4618
v  52.7782 32.3702 16.1569
v  52.2915 30.9760 16.2186
v  52.5392 32.3702 15.9161
v  44.5416 33.2553 24.0628
v  52.0628 29.0345 22.9788
v  52.5396 32.3710 23.9762
v  52.0628 29.0345 16.6145
v  52.8208 33.2553 15.7166
v  45.0799 4.1109 22.9076
v  45.1994 4.4563 23.1887
v  44.9571 4.4563 22.9393
v  51.9785 4.1107 22.9098
v  51.7668 4.4559 23.1889
v  51.7319 4.1107 23.1562
v  45.0850 4.8417 23.0935
v  44.8437 4.8417 22.8422
v  52.0139 4.4559 22.9420
v  51.6726 4.8407 23.0943
v  45.0104 5.1637 22.8960
v  44.7702 5.1639 22.6428
v  51.9209 4.8407 22.8461
v  51.4751 5.1618 22.8977
v  51.7229 5.1637 16.2003
v  51.6687 4.8417 16.0323
v  51.4695 5.1639 15.9602
v  51.9201 4.8416 16.2734
v  51.7641 4.4563 16.1445
v  52.0137 4.4563 16.3867
v  51.7297 4.1109 16.2668
v  50.5034 -0.2368 21.4782
v  50.2567 -0.2368 21.7246
v  46.8094 -0.2368 21.4761
v  45.3230 4.1109 23.1563
v  50.0495 7.0218 20.9781
v  51.7245 5.1618 22.6483
v  44.6807 7.0218 21.2268
v  44.4414 7.0218 20.9748
v  50.2546 -0.2368 17.9941
v  51.9786 4.1109 16.5098
v  50.5034 -0.2368 18.2374
v  50.0495 7.0218 15.8812
v  43.9469 11.5164 19.4200
v  43.9503 9.5240 19.6901
v  44.1889 9.5242 19.9393
v  48.5308 9.5255 19.9387
v  48.2365 11.5164 19.1753
v  47.9917 11.5164 19.4200
v  48.5289 9.5240 15.1481
v  48.2365 11.5164 15.1419
v  48.7783 9.5242 15.3867
v  43.7089 11.5164 19.1733
v  43.6018 13.2770 19.0754
v  48.7776 9.5255 19.6920
v  49.7973 7.0218 15.6419
v  47.9897 11.5164 14.9039
v  52.5975 37.6679 24.0904
v  44.1579 37.6679 15.3433
v  44.1579 34.5289 15.3367
v  45.0470 26.5307 16.2291
v  44.4270 22.8969 15.6108
v  43.9736 19.5100 15.1756
v  52.8345 37.6679 15.5834
v  52.5315 30.9760 16.4584
v  45.2828 30.9760 23.7016
v  45.1881 29.0345 16.3755
v  45.0429 30.9759 16.2186
v  43.6441 16.1564 14.8248
v  43.6018 13.2770 14.7938
v  43.7089 11.5164 14.9039
v  49.8007 7.0218 21.2268
v  44.4414 7.0218 15.6419
v  44.7696 5.1673 15.9596
v  47.0528 -0.2368 21.7246
v  46.8094 -0.2368 17.9941
v  43.9506 9.5224 15.1484
v  45.0798 4.1111 16.2667
v  44.1840 33.9110 15.3612
v  44.2999 33.2558 15.4749
v  44.7465 32.3694 15.9164
v  44.8434 4.8435 16.0320
v  44.9570 4.4569 16.1444
v  -48.8457 19.5100 20.2445
v  -50.1119 22.8969 21.0499
v  -49.0880 19.5100 20.0022
v  -45.0470 26.5307 22.1928
v  -44.6651 22.8969 21.2919
v  -44.4270 22.8969 21.0490
v  -51.2734 26.5307 22.1936
v  -51.8223 29.0345 23.2195
v  -52.0628 29.0345 22.9788
v  -44.2114 19.5100 20.2445
v  -43.9736 19.5100 20.0011
v  -48.2957 16.1564 19.2486
v  -43.6441 16.1564 19.2473
v  -43.8395 13.2770 19.3203
v  -43.6018 13.2770 19.0754
v  -45.1881 29.0345 22.9782
v  -45.2854 26.5307 22.4351
v  -51.0319 26.5307 22.4351
v  -48.0918 13.2770 19.0770
v  -48.0530 16.1564 19.4912
v  -43.8818 16.1564 19.4912
v  -49.0880 19.5100 15.4134
v  -49.8690 22.8969 15.6108
v  -48.8446 19.5100 15.1756
v  -51.2734 26.5307 16.4675
v  -51.8216 29.0345 16.3755
v  -51.0312 26.5307 16.2291
v  -48.2957 16.1564 15.0625
v  -48.0517 16.1564 14.8248
v  -50.1119 22.8969 15.8488
v  -48.0918 13.2770 15.0316
v  -47.8467 13.2770 14.7938
v  -44.4247 33.9109 24.0853
v  -44.3002 33.2553 23.8244
v  -44.1840 33.9109 23.5207
v  -52.5830 33.2547 24.0627
v  -52.8319 33.9108 23.8479
v  -52.8208 33.2547 23.8246
v  -44.3982 34.5289 24.0904
v  -44.1579 34.5289 23.3484
v  -52.5948 33.9108 24.0853
v  -52.8345 34.5289 23.8532
v  -52.8345 34.5289 15.5769
v  -52.3278 33.9109 15.3613
v  -52.8320 33.9109 15.6019
v  -52.4625 33.2553 15.4752
v  -52.8208 33.2553 15.7166
v  -44.1579 37.6679 23.3489
v  -44.3980 37.6679 24.0904
v  -52.5975 34.5289 24.0904
v  -52.8345 37.6679 23.8533
v  -52.2544 37.6679 15.3433
v  -52.2543 34.5289 15.3367
v  -44.9871 32.3702 23.9761
v  -45.0429 30.9760 23.4614
v  -44.7462 32.3701 23.7369
v  -52.2920 30.9761 23.7016
v  -52.7782 32.3710 23.7373
v  -52.5316 30.9761 23.4618
v  -52.7782 32.3702 16.1569
v  -52.2915 30.9760 16.2186
v  -52.5315 30.9760 16.4584
v  -45.4271 29.0345 23.2195
v  -45.2828 30.9760 23.7016
v  -44.5416 33.2553 24.0628
v  -52.5396 32.3710 23.9762
v  -52.0628 29.0345 16.6145
v  -52.5392 32.3702 15.9161
v  -45.1994 4.4563 23.1887
v  -45.0799 4.1109 22.9076
v  -44.9571 4.4563 22.9393
v  -51.9785 4.1107 22.9098
v  -51.7668 4.4559 23.1889
v  -52.0139 4.4559 22.9420
v  -45.0850 4.8417 23.0935
v  -44.8437 4.8417 22.8422
v  -51.6726 4.8407 23.0943
v  -51.9209 4.8407 22.8461
v  -45.0104 5.1637 22.8960
v  -44.7702 5.1639 22.6428
v  -51.4751 5.1618 22.8977
v  -51.7245 5.1618 22.6483
v  -51.7229 5.1637 16.2003
v  -51.6687 4.8417 16.0323
v  -51.9201 4.8416 16.2734
v  -51.7641 4.4563 16.1445
v  -52.0137 4.4563 16.3867
v  -51.7297 4.1109 16.2668
v  -51.9786 4.1109 16.5098
v  -50.5034 -0.2368 21.4782
v  -51.7319 4.1107 23.1562
v  -45.3230 4.1109 23.1563
v  -46.8094 -0.2368 21.4761
v  -50.0495 7.0218 20.9781
v  -44.6807 7.0218 21.2268
v  -44.4414 7.0218 20.9748
v  -50.2546 -0.2368 17.9941
v  -51.4695 5.1639 15.9602
v  -50.0495 7.0218 15.8812
v  -49.7973 7.0218 15.6419
v  -43.9503 9.5240 19.6901
v  -43.9469 11.5164 19.4200
v  -44.1889 9.5242 19.9393
v  -48.2365 11.5164 19.1753
v  -48.5308 9.5255 19.9387
v  -47.9917 11.5164 19.4200
v  -48.5289 9.5240 15.1481
v  -48.2365 11.5164 15.1419
v  -47.9897 11.5164 14.9039
v  -43.7089 11.5164 19.1733
v  -49.8007 7.0218 21.2268
v  -48.7783 9.5242 15.3867
v  -52.5975 37.6679 24.0904
v  -44.1579 37.6679 15.3433
v  -45.0470 26.5307 16.2291
v  -49.8699 22.8969 21.2919
v  -44.4270 22.8969 15.6108
v  -52.8345 37.6679 15.5834
v  -45.1881 29.0345 16.3755
v  -45.0429 30.9759 16.2186
v  -43.9736 19.5100 15.1756
v  -47.8483 13.2770 19.3203
v  -43.6441 16.1564 14.8248
v  -43.7089 11.5164 14.9039
v  -44.4414 7.0218 15.6419
v  -44.7696 5.1673 15.9596
v  -48.7776 9.5255 19.6920
v  -47.0528 -0.2368 21.7246
v  -50.2567 -0.2368 21.7246
v  -46.8094 -0.2368 17.9941
v  -50.5034 -0.2368 18.2374
v  -44.1579 34.5289 15.3367
v  -44.1840 33.9110 15.3612
v  -44.2999 33.2558 15.4749
v  -44.7465 32.3694 15.9164
v  -44.8434 4.8435 16.0320
v  -45.0798 4.1111 16.2667
v  -44.9570 4.4569 16.1444
v  -43.9506 9.5224 15.1484
v  48.8457 19.5099 -20.2445
v  50.1119 22.8968 -21.0499
v  49.0880 19.5099 -20.0022
v  45.0470 26.5307 -22.1928
v  44.6651 22.8968 -21.2919
v  44.4270 22.8968 -21.0490
v  51.2734 26.5307 -22.1936
v  51.8223 29.0344 -23.2195
v  52.0628 29.0344 -22.9788
v  44.2114 19.5099 -20.2445
v  43.9736 19.5099 -20.0011
v  48.2957 16.1564 -19.2486
v  43.6441 16.1564 -19.2473
v  43.8395 13.2770 -19.3203
v  43.6018 13.2770 -19.0754
v  45.1881 29.0344 -22.9782
v  45.2854 26.5307 -22.4351
v  51.0319 26.5307 -22.4351
v  48.0918 13.2770 -19.0770
v  48.0530 16.1564 -19.4912
v  43.8818 16.1564 -19.4912
v  49.0880 19.5099 -15.4134
v  49.8690 22.8968 -15.6108
v  48.8446 19.5099 -15.1756
v  51.2734 26.5307 -16.4675
v  51.8216 29.0344 -16.3755
v  51.0312 26.5307 -16.2291
v  48.2957 16.1564 -15.0624
v  48.0517 16.1564 -14.8248
v  50.1119 22.8968 -15.8488
v  48.0918 13.2770 -15.0315
v  47.8467 13.2770 -14.7938
v  44.4247 33.9109 -24.0853
v  44.3002 33.2553 -23.8244
v  44.1840 33.9109 -23.5208
v  52.5830 33.2546 -24.0627
v  52.8319 33.9108 -23.8479
v  52.8208 33.2546 -23.8246
v  44.3982 34.5289 -24.0904
v  44.1579 34.5289 -23.3484
v  52.5948 33.9108 -24.0853
v  52.8345 34.5289 -23.8532
v  52.8345 34.5289 -15.5769
v  52.3278 33.9109 -15.3613
v  52.8320 33.9109 -15.6019
v  52.4625 33.2553 -15.4752
v  52.8208 33.2553 -15.7166
v  44.1579 37.6679 -23.3489
v  44.3980 37.6679 -24.0904
v  52.5975 34.5289 -24.0904
v  52.8345 37.6679 -23.8533
v  52.2544 37.6679 -15.3434
v  52.2543 34.5289 -15.3367
v  44.9871 32.3702 -23.9761
v  45.0429 30.9760 -23.4614
v  44.7462 32.3701 -23.7369
v  52.2920 30.9761 -23.7017
v  52.7782 32.3710 -23.7373
v  52.5316 30.9761 -23.4619
v  52.7782 32.3702 -16.1570
v  52.2915 30.9760 -16.2186
v  52.5315 30.9760 -16.4584
v  45.4271 29.0344 -23.2195
v  45.2828 30.9760 -23.7016
v  44.5416 33.2553 -24.0628
v  52.5396 32.3710 -23.9762
v  52.0628 29.0344 -16.6145
v  52.5392 32.3702 -15.9161
v  45.1994 4.4563 -23.1887
v  45.0799 4.1109 -22.9076
v  44.9571 4.4563 -22.9392
v  51.9785 4.1106 -22.9097
v  51.7668 4.4559 -23.1889
v  52.0139 4.4559 -22.9419
v  45.0850 4.8416 -23.0934
v  44.8437 4.8417 -22.8422
v  51.6726 4.8407 -23.0943
v  51.9209 4.8407 -22.8461
v  45.0104 5.1636 -22.8960
v  44.7702 5.1638 -22.6428
v  51.4751 5.1618 -22.8977
v  51.7245 5.1618 -22.6483
v  51.7229 5.1636 -16.2003
v  51.6687 4.8417 -16.0323
v  51.9201 4.8416 -16.2734
v  51.7641 4.4563 -16.1445
v  52.0137 4.4563 -16.3867
v  51.7297 4.1109 -16.2667
v  51.9786 4.1109 -16.5098
v  50.5034 -0.2368 -21.4782
v  51.7319 4.1106 -23.1562
v  45.3230 4.1108 -23.1563
v  46.8094 -0.2368 -21.4760
v  50.0495 7.0217 -20.9781
v  44.6807 7.0217 -21.2268
v  44.4414 7.0217 -20.9747
v  50.2546 -0.2368 -17.9941
v  51.4695 5.1638 -15.9602
v  50.0495 7.0217 -15.8812
v  49.7973 7.0217 -15.6419
v  43.9503 9.5240 -19.6901
v  43.9469 11.5164 -19.4200
v  44.1889 9.5242 -19.9393
v  48.2365 11.5164 -19.1753
v  48.5308 9.5255 -19.9387
v  47.9917 11.5164 -19.4200
v  48.5289 9.5240 -15.1481
v  48.2365 11.5164 -15.1419
v  47.9897 11.5164 -14.9038
v  43.7089 11.5164 -19.1733
v  49.8007 7.0217 -21.2268
v  48.7783 9.5241 -15.3867
v  52.5975 37.6679 -24.0904
v  44.1579 37.6679 -15.3434
v  45.0470 26.5307 -16.2291
v  49.8699 22.8968 -21.2919
v  44.4270 22.8968 -15.6108
v  52.8345 37.6679 -15.5834
v  45.1881 29.0344 -16.3755
v  45.0429 30.9759 -16.2186
v  43.9736 19.5099 -15.1756
v  47.8483 13.2770 -19.3203
v  43.6441 16.1564 -14.8248
v  43.7089 11.5164 -14.9038
v  44.4414 7.0217 -15.6419
v  44.7696 5.1672 -15.9596
v  48.7776 9.5255 -19.6920
v  47.0528 -0.2368 -21.7246
v  50.2567 -0.2368 -21.7246
v  46.8094 -0.2368 -17.9941
v  50.5034 -0.2368 -18.2374
v  44.1579 34.5289 -15.3367
v  44.1840 33.9110 -15.3613
v  44.2999 33.2558 -15.4749
v  44.7465 32.3694 -15.9164
v  44.8434 4.8434 -16.0320
v  45.0798 4.1111 -16.2667
v  44.9570 4.4569 -16.1444
v  43.9506 9.5224 -15.1484
v  -50.1119 22.8968 -21.0499
v  -48.8457 19.5099 -20.2445
v  -49.0880 19.5099 -20.0022
v  -45.0470 26.5307 -22.1928
v  -44.6651 22.8968 -21.2919
v  -45.2854 26.5307 -22.4351
v  -51.2734 26.5307 -22.1936
v  -51.8223 29.0344 -23.2195
v  -51.0319 26.5307 -22.4351
v  -44.4270 22.8968 -21.0490
v  -44.2114 19.5099 -20.2445
v  -48.2957 16.1564 -19.2486
v  -48.0530 16.1564 -19.4912
v  -43.6441 16.1564 -19.2473
v  -43.8395 13.2770 -19.3203
v  -43.8818 16.1564 -19.4912
v  -45.1881 29.0344 -22.9782
v  -45.4271 29.0344 -23.2195
v  -49.8699 22.8968 -21.2919
v  -48.0918 13.2770 -19.0770
v  -47.8483 13.2770 -19.3203
v  -43.9736 19.5099 -20.0011
v  -49.8690 22.8968 -15.6108
v  -49.0880 19.5099 -15.4134
v  -48.8446 19.5099 -15.1756
v  -51.8216 29.0344 -16.3755
v  -51.2734 26.5307 -16.4675
v  -51.0312 26.5307 -16.2291
v  -48.2957 16.1564 -15.0624
v  -48.0517 16.1564 -14.8248
v  -50.1119 22.8968 -15.8488
v  -48.0918 13.2770 -15.0315
v  -47.8467 13.2770 -14.7938
v  -44.3002 33.2553 -23.8244
v  -44.4247 33.9109 -24.0853
v  -44.1840 33.9109 -23.5208
v  -52.8319 33.9108 -23.8479
v  -52.5830 33.2546 -24.0627
v  -52.8208 33.2546 -23.8246
v  -44.3982 34.5289 -24.0904
v  -44.1579 34.5289 -23.3484
v  -52.8345 34.5289 -23.8532
v  -52.5948 33.9108 -24.0853
v  -52.8345 34.5289 -15.5769
v  -52.3278 33.9109 -15.3613
v  -52.2543 34.5289 -15.3367
v  -52.8320 33.9109 -15.6019
v  -52.4625 33.2553 -15.4752
v  -44.1579 37.6679 -23.3489
v  -52.8345 37.6679 -23.8533
v  -52.5975 34.5289 -24.0904
v  -52.2544 37.6679 -15.3434
v  -45.0429 30.9760 -23.4614
v  -44.9871 32.3702 -23.9761
v  -44.7462 32.3701 -23.7369
v  -52.7782 32.3710 -23.7373
v  -52.2920 30.9761 -23.7017
v  -52.5316 30.9761 -23.4619
v  -52.7782 32.3702 -16.1570
v  -52.2915 30.9760 -16.2186
v  -52.5392 32.3702 -15.9161
v  -44.5416 33.2553 -24.0628
v  -52.0628 29.0344 -22.9788
v  -52.5396 32.3710 -23.9762
v  -52.0628 29.0344 -16.6145
v  -52.8208 33.2553 -15.7166
v  -45.0799 4.1109 -22.9076
v  -45.1994 4.4563 -23.1887
v  -44.9571 4.4563 -22.9392
v  -51.9785 4.1106 -22.9097
v  -51.7668 4.4559 -23.1889
v  -51.7319 4.1106 -23.1562
v  -45.0850 4.8416 -23.0934
v  -44.8437 4.8417 -22.8422
v  -52.0139 4.4559 -22.9419
v  -51.6726 4.8407 -23.0943
v  -45.0104 5.1636 -22.8960
v  -44.7702 5.1638 -22.6428
v  -51.9209 4.8407 -22.8461
v  -51.4751 5.1618 -22.8977
v  -51.7229 5.1636 -16.2003
v  -51.6687 4.8417 -16.0323
v  -51.4695 5.1638 -15.9602
v  -51.9201 4.8416 -16.2734
v  -51.7641 4.4563 -16.1445
v  -52.0137 4.4563 -16.3867
v  -51.7297 4.1109 -16.2667
v  -50.5034 -0.2368 -21.4782
v  -50.2567 -0.2368 -21.7246
v  -46.8094 -0.2368 -21.4760
v  -45.3230 4.1108 -23.1563
v  -50.0495 7.0217 -20.9781
v  -51.7245 5.1618 -22.6483
v  -44.6807 7.0217 -21.2268
v  -44.4414 7.0217 -20.9747
v  -50.2546 -0.2368 -17.9941
v  -51.9786 4.1109 -16.5098
v  -50.5034 -0.2368 -18.2374
v  -50.0495 7.0217 -15.8812
v  -43.9469 11.5164 -19.4200
v  -43.9503 9.5240 -19.6901
v  -44.1889 9.5242 -19.9393
v  -48.5308 9.5255 -19.9387
v  -48.2365 11.5164 -19.1753
v  -47.9917 11.5164 -19.4200
v  -48.5289 9.5240 -15.1481
v  -48.2365 11.5164 -15.1419
v  -48.7783 9.5241 -15.3867
v  -43.7089 11.5164 -19.1733
v  -43.6018 13.2770 -19.0754
v  -48.7776 9.5255 -19.6920
v  -49.7973 7.0217 -15.6419
v  -47.9897 11.5164 -14.9038
v  -52.5975 37.6679 -24.0904
v  -44.1579 37.6679 -15.3434
v  -44.1579 34.5289 -15.3367
v  -45.0470 26.5307 -16.2291
v  -44.4270 22.8968 -15.6108
v  -43.9736 19.5099 -15.1756
v  -52.8345 37.6679 -15.5834
v  -52.5315 30.9760 -16.4584
v  -45.2828 30.9760 -23.7016
v  -45.1881 29.0344 -16.3755
v  -45.0429 30.9759 -16.2186
v  -43.6441 16.1564 -14.8248
v  -43.6018 13.2770 -14.7938
v  -43.7089 11.5164 -14.9038
v  -49.8007 7.0217 -21.2268
v  -44.4414 7.0217 -15.6419
v  -44.7696 5.1672 -15.9596
v  -47.0528 -0.2368 -21.7246
v  -46.8094 -0.2368 -17.9941
v  -43.9506 9.5224 -15.1484
v  -45.0798 4.1111 -16.2667
v  -44.1840 33.9110 -15.3613
v  -44.2999 33.2558 -15.4749
v  -44.7465 32.3694 -15.9164
v  -44.8434 4.8434 -16.0320
v  -44.9570 4.4569 -16.1444
v  44.3980 37.6679 24.0904
v  -43.6018 13.2770 14.7938
v  43.6018 13.2770 -14.7938
v  -44.3980 37.6679 -24.0904
v  -15.3167 115.0380 9.8659
v  -16.0127 114.5729 7.3719
v  -16.0127 114.5729 9.9408
v  -16.8337 114.4096 7.3719
v  -16.8337 114.4096 9.9408
v  -17.6548 114.5729 7.3719
v  -17.6548 114.5729 9.9408
v  -18.3508 115.0380 9.8659
v  -18.3508 115.0380 7.3719
v  -9.8477 115.0380 9.8659
v  -10.5438 114.5729 7.3719
v  -10.5438 114.5729 9.9408
v  -11.3648 114.4096 7.3719
v  -11.3648 114.4096 9.9408
v  -12.1858 114.5729 7.3719
v  -12.1858 114.5729 9.9408
v  -12.8819 115.0380 9.8659
v  -12.8819 115.0380 7.3719
v  -4.3788 115.0380 9.8659
v  -5.0748 114.5729 7.3719
v  -5.0748 114.5729 9.9408
v  -5.8959 114.4096 7.3719
v  -5.8959 114.4096 9.9408
v  -6.7169 114.5729 7.3719
v  -6.7169 114.5729 9.9408
v  -7.4129 115.0380 9.8659
v  -7.4129 115.0380 7.3719
v  1.0901 115.0380 9.8659
v  0.3941 114.5729 7.3719
v  0.3941 114.5729 9.9408
v  -0.4269 114.4096 7.3719
v  -0.4269 114.4096 9.9408
v  -1.2479 114.5729 7.3719
v  -1.2479 114.5729 9.9408
v  -1.9440 115.0380 9.8659
v  -1.9440 115.0380 7.3719
v  6.5591 115.0380 9.8659
v  5.8631 114.5729 7.3719
v  5.8631 114.5729 9.9408
v  5.0420 114.4096 7.3719
v  5.0420 114.4096 9.9408
v  4.2210 114.5729 7.3719
v  4.2210 114.5729 9.9408
v  3.5250 115.0380 9.8659
v  3.5250 115.0380 7.3719
v  12.0280 115.0380 9.8659
v  11.3320 114.5729 7.3719
v  11.3320 114.5729 9.9408
v  10.5110 114.4096 7.3719
v  10.5110 114.4096 9.9408
v  9.6899 114.5729 7.3719
v  9.6899 114.5729 9.9408
v  8.9939 115.0380 9.8659
v  8.9939 115.0380 7.3719
v  15.9799 114.4096 9.9408
v  15.1589 114.5729 7.3719
v  15.1589 114.5729 9.9408
v  14.4628 115.0380 9.8659
v  14.4628 115.0380 7.3719
v  16.8009 114.5729 9.9408
v  15.9799 114.4096 7.3719
v  17.4970 115.0380 9.8659
v  16.8009 114.5729 7.3719
v  -15.0339 115.4612 7.3719
v  -14.7891 116.0482 9.3658
v  -14.7891 116.0483 7.3719
v  18.1254 110.4118 9.9408
v  13.8365 110.4118 9.9408
v  15.9810 110.4118 9.9408
v  12.6549 110.4118 9.9408
v  8.3647 110.4118 9.9408
v  2.8966 110.4118 9.9408
v  7.1818 110.4118 9.9408
v  1.7188 110.4118 9.9408
v  -2.5691 110.4118 9.9408
v  -3.7496 110.4118 9.9408
v  -8.0387 110.4118 9.9408
v  -9.2206 110.4118 9.9408
v  -14.6884 110.4118 9.9408
v  -18.9792 110.4118 9.9408
v  -13.5081 110.4118 9.9408
v  -15.3167 115.0380 7.3719
v  13.8365 110.4118 7.3719
v  12.6549 110.4118 7.3719
v  8.3647 110.4118 7.3719
v  7.1818 110.4118 7.3719
v  2.8966 110.4118 7.3719
v  1.7188 110.4118 7.3719
v  -2.5691 110.4118 7.3719
v  -3.7496 110.4118 7.3719
v  -8.0387 110.4118 7.3719
v  -9.2206 110.4118 7.3719
v  -13.5081 110.4118 7.3719
v  -14.6884 110.4118 7.3719
v  -18.9792 110.4118 7.3719
v  17.4970 115.0380 7.3719
v  22.4707 114.5917 7.3719
v  18.1254 110.4118 7.3719
v  15.9800 110.4118 7.3719
v  -22.6198 114.5727 7.3719
v  -22.5451 115.0381 7.3719
v  -9.8477 115.0380 7.3719
v  -4.3788 115.0380 7.3719
v  12.0280 115.0380 7.3719
v  12.5556 116.0482 9.3658
v  14.1792 115.4625 9.5894
v  13.9353 116.0482 9.3658
v  6.8427 115.4625 9.5894
v  8.4663 116.0482 9.3658
v  7.0867 116.0482 9.3658
v  1.3738 115.4625 9.5894
v  2.9974 116.0482 9.3658
v  1.6177 116.0482 9.3658
v  -4.0951 115.4625 9.5894
v  -2.4715 116.0482 9.3658
v  -3.8512 116.0482 9.3658
v  -9.5641 115.4625 9.5894
v  -7.9405 116.0482 9.3658
v  -9.3202 116.0482 9.3658
v  -13.1655 115.4625 9.5894
v  -13.4094 116.0482 9.3658
v  -18.6244 115.4474 7.3719
v  -18.8787 116.0498 9.3655
v  -18.6268 115.4510 9.5969
v  -9.5650 115.4612 7.3719
v  -9.3201 116.0483 7.3719
v  -13.1646 115.4612 7.3719
v  -4.0961 115.4612 7.3719
v  -3.8512 116.0483 7.3719
v  -7.6956 115.4612 7.3719
v  -7.6966 115.4625 9.5894
v  1.3729 115.4612 7.3719
v  1.6177 116.0483 7.3719
v  -2.2267 115.4612 7.3719
v  -2.2276 115.4625 9.5894
v  6.8418 115.4612 7.3719
v  7.0867 116.0483 7.3719
v  3.2422 115.4612 7.3719
v  3.2413 115.4625 9.5894
v  12.3108 115.4612 7.3719
v  12.5556 116.0483 7.3719
v  8.7112 115.4612 7.3719
v  8.7103 115.4625 9.5894
v  14.1801 115.4612 7.3719
v  17.7691 115.4453 7.3719
v  18.0249 116.0502 9.3655
v  18.0250 116.0507 7.3719
v  -18.8787 116.0499 7.3719
v  -22.2694 115.4627 7.3719
v  -22.0449 116.0483 7.3719
v  -15.0330 115.4625 9.5894
v  22.1269 115.4648 7.3719
v  21.9032 116.0482 7.3719
v  1.0901 115.0380 7.3719
v  6.5591 115.0380 7.3719
v  12.3117 115.4625 9.5894
v  17.7715 115.4488 9.5984
v  -14.6883 116.5551 7.3719
v  -13.4094 116.0483 7.3719
v  -18.9792 116.5551 7.3719
v  -21.9678 116.5551 7.3719
v  -7.9405 116.0483 7.3719
v  -9.2193 116.5551 7.3719
v  -8.0413 116.5551 7.3719
v  -2.4716 116.0483 7.3719
v  -3.7504 116.5551 7.3719
v  -2.5724 116.5551 7.3719
v  2.9974 116.0483 7.3719
v  1.7185 116.5551 7.3719
v  2.8966 116.5551 7.3719
v  8.3655 116.5551 7.3719
v  7.1875 116.5551 7.3719
v  13.9353 116.0483 7.3719
v  12.6564 116.5551 7.3719
v  13.8345 116.5551 7.3719
v  18.1254 116.5551 7.3719
v  -22.4121 114.5727 9.9390
v  -22.5496 110.4118 9.8801
v  -22.4030 110.4118 9.9408
v  -22.5590 114.5727 9.8782
v  -22.6103 110.4118 9.7337
v  22.4100 114.5915 9.8739
v  22.4707 110.4118 9.7333
v  22.4707 114.5917 9.7269
v  22.2633 114.5910 9.9349
v  22.4100 110.4118 9.8800
v  -22.4841 115.0381 9.7851
v  -22.3367 115.0381 9.8467
v  -22.6198 114.5727 9.7316
v  22.3425 115.0380 9.7640
v  22.4035 115.0380 9.6161
v  -21.9837 116.0482 9.3127
v  -22.0605 115.4610 9.5948
v  -21.8361 116.0482 9.3733
v  -22.2694 115.4617 9.3861
v  -22.2082 115.4615 9.5336
v  21.9185 115.4629 9.5568
v  21.8421 116.0482 9.2842
v  21.6948 116.0483 9.3460
v  22.1269 115.4637 9.3459
v  22.0658 115.4634 9.4942
v  -22.5451 115.0381 9.6377
v  22.1952 115.0380 9.8263
v  -22.6103 110.4118 7.3719
v  22.4707 110.4118 7.3719
v  22.2636 110.4118 9.9408
v  22.4035 115.0380 7.3719
v  -22.0449 116.0481 9.1656
v  21.9032 116.0482 9.1366
v  -14.6993 116.4996 9.0891
v  -13.5102 116.5551 8.8715
v  -14.6883 116.5551 8.8715
v  -13.4691 116.3480 9.2650
v  -13.4992 116.4996 9.0891
v  -14.7295 116.3480 9.2650
v  -13.4279 116.1410 9.3519
v  -9.2304 116.4996 9.0891
v  -8.0413 116.5551 8.8715
v  -9.2193 116.5551 8.8715
v  -9.2605 116.3480 9.2650
v  -8.0303 116.4996 9.0891
v  -9.3017 116.1410 9.3519
v  -8.0001 116.3480 9.2650
v  -3.7614 116.4996 9.0891
v  -2.5724 116.5551 8.8715
v  -3.7504 116.5551 8.8715
v  -3.7916 116.3480 9.2650
v  -2.5613 116.4996 9.0891
v  -2.4900 116.1410 9.3519
v  -2.5312 116.3480 9.2650
v  1.7075 116.4996 9.0891
v  2.8966 116.5551 8.8715
v  1.7185 116.5551 8.8715
v  2.9378 116.3480 9.2650
v  2.9076 116.4996 9.0891
v  1.6362 116.1410 9.3519
v  1.6773 116.3480 9.2650
v  12.6454 116.4996 9.0891
v  13.8345 116.5551 8.8715
v  12.6564 116.5551 8.8715
v  13.8756 116.3480 9.2650
v  13.8455 116.4996 9.0891
v  12.5740 116.1410 9.3519
v  12.6152 116.3480 9.2650
v  7.1764 116.4996 9.0891
v  8.3655 116.5551 8.8715
v  7.1875 116.5551 8.8715
v  7.1463 116.3480 9.2650
v  8.3766 116.4996 9.0891
v  7.1051 116.1410 9.3519
v  8.4067 116.3480 9.2650
v  -21.9762 116.5000 8.5456
v  -21.6399 116.5551 8.7801
v  -21.9678 116.5551 7.9908
v  -21.9990 116.3496 8.9698
v  -21.7713 116.5000 9.0388
v  -22.0303 116.1441 9.1498
v  -21.8950 116.3496 9.2201
v  -21.6667 116.5000 9.0899
v  -21.5075 116.5551 8.8715
v  -21.7793 116.3495 9.2678
v  -21.8215 116.1439 9.3576
v  21.5322 116.5551 8.7007
v  21.8357 116.4996 8.5413
v  21.8274 116.5551 7.9886
v  21.6693 116.4996 8.9427
v  21.8583 116.3482 8.9579
v  21.7653 116.3481 9.1825
v  21.8893 116.1412 9.1266
v  21.4255 116.5551 8.8268
v  21.5858 116.4996 9.0870
v  21.6809 116.1411 9.3358
v  21.6389 116.3481 9.2569
v  -18.9682 116.4999 9.0891
v  -18.9792 116.5551 8.8715
v  -18.9382 116.3490 9.2648
v  -18.8972 116.1429 9.3516
v  18.1144 116.4999 9.0891
v  18.1254 116.5551 8.8715
v  18.0844 116.3491 9.2648
v  18.0434 116.1431 9.3516
v  -14.7707 116.1410 9.3519
v  -13.5102 116.5551 7.3719
v  -3.8328 116.1410 9.3519
v  13.9168 116.1410 9.3519
v  8.4663 116.0483 7.3719
v  -21.9692 116.1441 9.2969
v  21.8282 116.1412 9.2741
v  -16.0127 114.5729 -7.3720
v  -15.3167 115.0380 -9.8660
v  -16.0127 114.5729 -9.9409
v  -16.8337 114.4096 -7.3720
v  -16.8337 114.4096 -9.9409
v  -17.6548 114.5729 -7.3720
v  -17.6548 114.5729 -9.9409
v  -18.3508 115.0380 -9.8660
v  -10.5438 114.5729 -7.3720
v  -9.8477 115.0380 -9.8660
v  -10.5438 114.5729 -9.9409
v  -11.3648 114.4096 -7.3720
v  -11.3648 114.4096 -9.9409
v  -12.1858 114.5729 -7.3720
v  -12.1858 114.5729 -9.9409
v  -12.8819 115.0380 -9.8660
v  -5.0748 114.5729 -7.3720
v  -4.3788 115.0380 -9.8660
v  -5.0748 114.5729 -9.9409
v  -5.8959 114.4096 -7.3720
v  -5.8959 114.4096 -9.9409
v  -6.7169 114.5729 -7.3720
v  -6.7169 114.5729 -9.9409
v  -7.4129 115.0380 -9.8660
v  0.3941 114.5729 -7.3720
v  1.0901 115.0380 -9.8660
v  0.3941 114.5729 -9.9409
v  -0.4269 114.4096 -7.3720
v  -0.4269 114.4096 -9.9409
v  -1.2479 114.5729 -7.3720
v  -1.2479 114.5729 -9.9409
v  -1.9440 115.0380 -9.8660
v  5.8631 114.5729 -7.3720
v  6.5591 115.0380 -9.8660
v  5.8631 114.5729 -9.9409
v  5.0420 114.4096 -7.3720
v  5.0420 114.4096 -9.9409
v  4.2210 114.5729 -7.3720
v  4.2210 114.5729 -9.9409
v  3.5250 115.0380 -9.8660
v  11.3320 114.5729 -7.3720
v  12.0280 115.0380 -9.8660
v  11.3320 114.5729 -9.9409
v  10.5110 114.4096 -7.3720
v  10.5110 114.4096 -9.9409
v  9.6899 114.5729 -7.3720
v  9.6899 114.5729 -9.9409
v  8.9939 115.0380 -9.8660
v  15.1589 114.5729 -7.3720
v  15.9799 114.4096 -9.9409
v  15.1589 114.5729 -9.9409
v  14.4628 115.0380 -9.8660
v  15.9799 114.4096 -7.3720
v  16.8009 114.5729 -9.9409
v  16.8009 114.5729 -7.3720
v  17.4970 115.0380 -9.8660
v  -14.7891 116.0482 -9.3658
v  -15.0339 115.4611 -7.3720
v  -14.7891 116.0483 -7.3720
v  18.1254 110.4118 -9.9409
v  13.8365 110.4118 -9.9409
v  15.9810 110.4118 -9.9409
v  12.6549 110.4118 -9.9409
v  8.3647 110.4118 -9.9409
v  2.8966 110.4118 -9.9409
v  7.1818 110.4118 -9.9409
v  1.7188 110.4118 -9.9409
v  -2.5691 110.4118 -9.9409
v  -3.7496 110.4118 -9.9409
v  -8.0387 110.4118 -9.9409
v  -9.2206 110.4118 -9.9409
v  -14.6884 110.4118 -9.9409
v  -18.9792 110.4118 -9.9409
v  -13.5081 110.4118 -9.9409
v  -15.3167 115.0380 -7.3720
v  13.8365 110.4118 -7.3720
v  12.6549 110.4118 -7.3720
v  8.3647 110.4118 -7.3720
v  7.1818 110.4118 -7.3720
v  2.8966 110.4118 -7.3720
v  1.7188 110.4118 -7.3720
v  -2.5691 110.4118 -7.3720
v  -3.7496 110.4118 -7.3720
v  -8.0387 110.4118 -7.3720
v  -9.2206 110.4118 -7.3720
v  -13.5081 110.4118 -7.3720
v  -14.6884 110.4118 -7.3720
v  -18.9792 110.4118 -7.3720
v  17.4970 115.0380 -7.3720
v  22.4707 114.5917 -7.3720
v  22.4035 115.0380 -7.3720
v  18.1254 110.4118 -7.3720
v  15.9800 110.4118 -7.3720
v  -18.3508 115.0380 -7.3720
v  -22.6198 114.5727 -7.3720
v  -9.8477 115.0380 -7.3720
v  -4.3788 115.0380 -7.3720
v  8.9939 115.0380 -7.3720
v  3.5250 115.0380 -7.3720
v  14.4628 115.0380 -7.3720
v  22.4707 110.4118 -7.3720
v  12.5556 116.0482 -9.3658
v  14.1792 115.4625 -9.5895
v  12.3117 115.4625 -9.5895
v  8.4663 116.0482 -9.3658
v  6.8427 115.4625 -9.5895
v  7.0867 116.0482 -9.3658
v  2.9974 116.0482 -9.3658
v  1.3738 115.4625 -9.5895
v  1.6177 116.0482 -9.3658
v  -2.4715 116.0482 -9.3658
v  -4.0951 115.4625 -9.5895
v  -3.8512 116.0482 -9.3658
v  -7.9405 116.0482 -9.3658
v  -9.5641 115.4625 -9.5895
v  -9.3202 116.0482 -9.3658
v  -13.1655 115.4625 -9.5895
v  -15.0330 115.4625 -9.5895
v  -18.6244 115.4474 -7.3720
v  -18.8787 116.0498 -9.3656
v  -18.8787 116.0499 -7.3720
v  -9.5650 115.4611 -7.3720
v  -9.3201 116.0483 -7.3720
v  -13.1646 115.4611 -7.3720
v  -13.4094 116.0482 -9.3658
v  -13.4094 116.0483 -7.3720
v  -4.0961 115.4611 -7.3720
v  -3.8512 116.0483 -7.3720
v  -7.6956 115.4611 -7.3720
v  -7.9405 116.0483 -7.3720
v  1.3729 115.4611 -7.3720
v  1.6177 116.0483 -7.3720
v  -2.2267 115.4611 -7.3720
v  -2.4716 116.0483 -7.3720
v  6.8418 115.4611 -7.3720
v  7.0867 116.0483 -7.3720
v  3.2422 115.4611 -7.3720
v  2.9974 116.0483 -7.3720
v  12.3108 115.4611 -7.3720
v  12.5556 116.0483 -7.3720
v  8.7112 115.4611 -7.3720
v  8.4663 116.0483 -7.3720
v  14.1801 115.4611 -7.3720
v  13.9353 116.0482 -9.3658
v  13.9353 116.0483 -7.3720
v  18.0249 116.0502 -9.3655
v  17.7691 115.4453 -7.3720
v  18.0250 116.0507 -7.3720
v  -22.2694 115.4627 -7.3720
v  22.1269 115.4647 -7.3720
v  21.9032 116.0482 -7.3720
v  -18.6268 115.4510 -9.5970
v  -12.8819 115.0380 -7.3720
v  -7.6966 115.4625 -9.5895
v  -7.4129 115.0380 -7.3720
v  1.0901 115.0380 -7.3720
v  -2.2276 115.4625 -9.5895
v  -1.9440 115.0380 -7.3720
v  6.5591 115.0380 -7.3720
v  8.7103 115.4625 -9.5895
v  3.2413 115.4625 -9.5895
v  12.0280 115.0380 -7.3720
v  17.7715 115.4488 -9.5984
v  -14.6883 116.5551 -7.3720
v  -22.0449 116.0483 -7.3720
v  -18.9792 116.5551 -7.3720
v  -21.9678 116.5551 -7.3720
v  -9.2193 116.5551 -7.3720
v  -8.0413 116.5551 -7.3720
v  -3.7504 116.5551 -7.3720
v  -2.5724 116.5551 -7.3720
v  1.7185 116.5551 -7.3720
v  2.8966 116.5551 -7.3720
v  8.3655 116.5551 -7.3720
v  12.6564 116.5551 -7.3720
v  13.8345 116.5551 -7.3720
v  18.1254 116.5551 -7.3720
v  -22.4121 114.5727 -9.9391
v  -22.5496 110.4118 -9.8802
v  -22.5590 114.5727 -9.8783
v  -22.6103 110.4118 -9.7338
v  -22.6198 114.5727 -9.7317
v  22.4707 110.4118 -9.7333
v  22.4100 114.5915 -9.8740
v  22.4707 114.5917 -9.7269
v  22.4100 110.4118 -9.8801
v  22.2633 114.5910 -9.9350
v  -22.4841 115.0381 -9.7852
v  -22.3367 115.0381 -9.8468
v  -22.5451 115.0381 -9.6378
v  22.3425 115.0380 -9.7641
v  22.4035 115.0380 -9.6161
v  22.1952 115.0380 -9.8264
v  -22.0605 115.4610 -9.5948
v  -21.9837 116.0481 -9.3128
v  -21.8361 116.0482 -9.3733
v  -22.2694 115.4617 -9.3862
v  -22.0449 116.0481 -9.1657
v  21.9185 115.4629 -9.5569
v  21.8421 116.0482 -9.2843
v  22.0658 115.4634 -9.4942
v  22.1269 115.4637 -9.3460
v  -22.2082 115.4615 -9.5337
v  -22.4030 110.4118 -9.9409
v  -22.6103 110.4118 -7.3720
v  22.2636 110.4118 -9.9409
v  -22.5451 115.0381 -7.3720
v  21.9032 116.0482 -9.1367
v  -13.5102 116.5551 -8.8716
v  -14.6993 116.4996 -9.0892
v  -14.6883 116.5551 -8.8716
v  -13.4691 116.3480 -9.2651
v  -14.7295 116.3480 -9.2651
v  -13.4279 116.1409 -9.3520
v  -14.7707 116.1409 -9.3520
v  -8.0413 116.5551 -8.8716
v  -9.2304 116.4996 -9.0892
v  -9.2193 116.5551 -8.8716
v  -8.0303 116.4996 -9.0892
v  -9.2605 116.3480 -9.2651
v  -8.0001 116.3480 -9.2651
v  -9.3017 116.1409 -9.3520
v  -2.5724 116.5551 -8.8716
v  -3.7614 116.4996 -9.0892
v  -3.7504 116.5551 -8.8716
v  -2.5613 116.4996 -9.0892
v  -3.7916 116.3480 -9.2651
v  -2.4900 116.1409 -9.3520
v  -3.8328 116.1409 -9.3520
v  2.8966 116.5551 -8.8716
v  1.7075 116.4996 -9.0892
v  1.7185 116.5551 -8.8716
v  2.9378 116.3480 -9.2651
v  1.6773 116.3480 -9.2651
v  1.6362 116.1409 -9.3520
v  13.8345 116.5551 -8.8716
v  12.6454 116.4996 -9.0892
v  12.6564 116.5551 -8.8716
v  13.8756 116.3480 -9.2651
v  12.6152 116.3480 -9.2651
v  12.5740 116.1409 -9.3520
v  8.3655 116.5551 -8.8716
v  7.1764 116.4996 -9.0892
v  7.1875 116.5551 -8.8716
v  8.3766 116.4996 -9.0892
v  7.1463 116.3480 -9.2651
v  8.4067 116.3480 -9.2651
v  7.1051 116.1409 -9.3520
v  -21.6399 116.5551 -8.7802
v  -21.9762 116.5000 -8.5457
v  -21.9678 116.5551 -7.9909
v  -21.7713 116.5000 -9.0389
v  -21.9990 116.3496 -8.9699
v  -21.8950 116.3496 -9.2202
v  -22.0303 116.1441 -9.1499
v  -21.6667 116.5000 -9.0899
v  -21.7793 116.3495 -9.2679
v  -21.8215 116.1439 -9.3577
v  -21.9692 116.1441 -9.2970
v  21.5322 116.5551 -8.7008
v  21.8357 116.4996 -8.5414
v  21.6693 116.4996 -8.9428
v  21.8583 116.3481 -8.9580
v  21.7653 116.3481 -9.1825
v  21.8893 116.1412 -9.1267
v  21.8282 116.1412 -9.2742
v  21.4255 116.5551 -8.8269
v  21.5858 116.4996 -9.0870
v  21.6389 116.3481 -9.2570
v  21.6809 116.1411 -9.3359
v  -21.5075 116.5551 -8.8716
v  -18.9682 116.4998 -9.0892
v  -18.9382 116.3490 -9.2649
v  -18.8972 116.1429 -9.3517
v  18.1144 116.4999 -9.0892
v  18.1254 116.5551 -8.8716
v  18.0844 116.3491 -9.2649
v  18.0434 116.1431 -9.3517
v  -18.9792 116.5551 -8.8716
v  7.1875 116.5551 -7.3720
v  13.9168 116.1409 -9.3520
v  21.6948 116.0483 -9.3461
v  21.8274 116.5551 7.3719
v  -7.9589 116.1410 9.3519
v  2.9790 116.1410 9.3519
v  8.4479 116.1410 9.3519
v  -13.5102 116.5551 -7.3720
v  21.8274 116.5551 -7.3720
v  -13.4992 116.4996 -9.0892
v  -7.9589 116.1409 -9.3520
v  -2.5312 116.3480 -9.2651
v  2.9076 116.4996 -9.0892
v  2.9790 116.1409 -9.3520
v  13.8455 116.4996 -9.0892
v  8.4479 116.1409 -9.3520
v  21.8274 116.5551 -7.9887
v  -37.1216 101.8163 23.0418
v  -37.8176 101.3513 20.5477
v  -37.8176 101.3513 23.1166
v  -38.6387 101.1880 20.5477
v  -38.6387 101.1880 23.1166
v  -39.4597 101.3513 20.5477
v  -39.4597 101.3513 23.1166
v  -40.1557 101.8163 23.0418
v  -40.1557 101.8163 20.5477
v  -31.6527 101.8163 23.0418
v  -32.3487 101.3513 20.5477
v  -32.3487 101.3513 23.1166
v  -33.1697 101.1880 20.5477
v  -33.1697 101.1880 23.1166
v  -33.9908 101.3513 20.5477
v  -33.9908 101.3513 23.1166
v  -34.6868 101.8163 23.0418
v  -34.6868 101.8163 20.5477
v  -26.1837 101.8163 23.0418
v  -26.8798 101.3513 20.5477
v  -26.8798 101.3513 23.1166
v  -27.7008 101.1880 20.5477
v  -27.7008 101.1880 23.1166
v  -28.5218 101.3513 20.5477
v  -28.5218 101.3513 23.1166
v  -29.2179 101.8163 23.0418
v  -29.2179 101.8163 20.5477
v  -20.7148 101.8163 23.0418
v  -21.4108 101.3513 20.5477
v  -21.4108 101.3513 23.1166
v  -22.2319 101.1880 20.5477
v  -22.2319 101.1880 23.1166
v  -23.0529 101.3513 20.5477
v  -23.0529 101.3513 23.1166
v  -23.7489 101.8163 23.0418
v  -23.7489 101.8163 20.5477
v  -15.2459 101.8163 23.0418
v  -15.9419 101.3513 20.5477
v  -15.9419 101.3513 23.1166
v  -16.7629 101.1880 20.5477
v  -16.7629 101.1880 23.1166
v  -17.5839 101.3513 20.5477
v  -17.5839 101.3513 23.1166
v  -18.2800 101.8163 23.0418
v  -18.2800 101.8163 20.5477
v  -9.7769 101.8163 23.0418
v  -10.4729 101.3513 20.5477
v  -10.4729 101.3513 23.1166
v  -11.2940 101.1880 20.5477
v  -11.2940 101.1880 23.1166
v  -12.1150 101.3513 20.5477
v  -12.1150 101.3513 23.1166
v  -12.8110 101.8163 23.0418
v  -12.8110 101.8163 20.5477
v  -4.3080 101.8163 23.0418
v  -5.0040 101.3513 20.5477
v  -5.0040 101.3513 23.1166
v  -5.8250 101.1880 20.5477
v  -5.8250 101.1880 23.1166
v  -6.6461 101.3513 20.5477
v  -6.6461 101.3513 23.1166
v  -7.3421 101.8163 23.0418
v  -7.3421 101.8163 20.5477
v  -0.3561 101.1880 23.1166
v  -1.1771 101.3513 20.5477
v  -1.1771 101.3513 23.1166
v  -1.8732 101.8163 23.0418
v  -1.8732 101.8163 20.5477
v  -0.3561 97.1901 20.5477
v  -2.5017 97.1901 23.1166
v  -2.5017 97.1901 20.5477
v  -3.6795 97.1901 23.1166
v  -3.6795 97.1901 20.5477
v  36.4094 101.8163 23.0418
v  37.1054 101.3513 20.5477
v  36.4094 101.8163 20.5477
v  37.9265 101.1880 23.1166
v  37.1054 101.3513 23.1166
v  38.7475 101.3513 23.1166
v  37.9265 101.1880 20.5477
v  39.4435 101.8163 23.0418
v  38.7475 101.3513 20.5477
v  30.9405 101.8163 23.0418
v  31.6365 101.3513 20.5477
v  30.9405 101.8163 20.5477
v  32.4575 101.1880 23.1166
v  31.6365 101.3513 23.1166
v  33.2785 101.3513 23.1166
v  32.4575 101.1880 20.5477
v  33.9746 101.8163 23.0418
v  33.2785 101.3513 20.5477
v  25.4715 101.8163 23.0418
v  26.1675 101.3513 20.5477
v  25.4715 101.8163 20.5477
v  26.9886 101.1880 23.1166
v  26.1675 101.3513 23.1166
v  27.8096 101.3513 23.1166
v  26.9886 101.1880 20.5477
v  28.5056 101.8163 23.0418
v  27.8096 101.3513 20.5477
v  20.0026 101.8163 23.0418
v  20.6986 101.3513 20.5477
v  20.0026 101.8163 20.5477
v  21.5196 101.1880 23.1166
v  20.6986 101.3513 23.1166
v  22.3407 101.3513 23.1166
v  21.5196 101.1880 20.5477
v  23.0367 101.8163 23.0418
v  22.3407 101.3513 20.5477
v  14.5336 101.8163 23.0418
v  15.2297 101.3513 20.5477
v  14.5336 101.8163 20.5477
v  16.0507 101.1880 23.1166
v  15.2297 101.3513 23.1166
v  16.8717 101.3513 23.1166
v  16.0507 101.1880 20.5477
v  17.5678 101.8163 23.0418
v  16.8717 101.3513 20.5477
v  9.0647 101.8163 23.0418
v  9.7607 101.3513 20.5477
v  9.0647 101.8163 20.5477
v  10.5818 101.1880 23.1166
v  9.7607 101.3513 23.1166
v  11.4028 101.3513 23.1166
v  10.5818 101.1880 20.5477
v  12.0988 101.8163 23.0418
v  11.4028 101.3513 20.5477
v  3.5958 101.8163 23.0418
v  4.2918 101.3513 20.5477
v  3.5958 101.8163 20.5477
v  5.1128 101.1880 23.1166
v  4.2918 101.3513 23.1166
v  5.9338 101.3513 23.1166
v  5.1128 101.1880 20.5477
v  6.6299 101.8163 23.0418
v  5.9338 101.3513 20.5477
v  0.4649 101.3513 23.1166
v  -0.3561 101.1880 20.5477
v  -36.8389 102.2395 20.5477
v  -36.5941 102.8266 22.5416
v  -36.5940 102.8267 20.5477
v  1.1609 101.8163 23.0418
v  0.4649 101.3513 20.5477
v  1.7895 97.1901 23.1166
v  1.7895 97.1901 20.5477
v  35.7811 97.1901 23.1166
v  40.0719 97.1901 23.1166
v  30.3133 97.1901 23.1166
v  29.1315 97.1901 23.1166
v  34.6008 97.1901 23.1166
v  23.6618 97.1901 23.1166
v  18.1961 97.1901 23.1166
v  13.9110 97.1901 23.1166
v  24.8424 97.1901 23.1166
v  19.3740 97.1901 23.1166
v  12.7280 97.1901 23.1166
v  2.9673 97.1901 23.1166
v  7.2562 97.1901 23.1166
v  -0.3561 97.1901 23.1166
v  -7.9684 97.1901 23.1166
v  -9.1500 97.1901 23.1166
v  -13.4402 97.1901 23.1166
v  -18.9083 97.1901 23.1166
v  -14.6232 97.1901 23.1166
v  -20.0862 97.1901 23.1166
v  -24.3740 97.1901 23.1166
v  -25.5546 97.1901 23.1166
v  -29.8437 97.1901 23.1166
v  -31.0255 97.1901 23.1166
v  8.4378 97.1901 23.1166
v  -36.4933 97.1901 23.1166
v  -40.7841 97.1901 23.1166
v  -35.3131 97.1901 23.1166
v  -37.1216 101.8163 20.5477
v  7.2562 97.1901 20.5477
v  8.4378 97.1901 20.5477
v  12.7280 97.1901 20.5477
v  13.9110 97.1901 20.5477
v  18.1961 97.1901 20.5477
v  19.3740 97.1901 20.5477
v  23.6618 97.1901 20.5477
v  24.8424 97.1901 20.5477
v  29.1315 97.1901 20.5477
v  30.3133 97.1901 20.5477
v  34.6008 97.1901 20.5477
v  35.7811 97.1901 20.5477
v  40.0719 97.1901 20.5477
v  2.9673 97.1901 20.5477
v  -7.9684 97.1901 20.5477
v  -9.1500 97.1901 20.5477
v  -13.4402 97.1901 20.5477
v  -14.6232 97.1901 20.5477
v  -18.9083 97.1901 20.5477
v  -20.0862 97.1901 20.5477
v  -24.3740 97.1901 20.5477
v  -25.5546 97.1901 20.5477
v  -29.8437 97.1901 20.5477
v  -31.0255 97.1901 20.5477
v  -35.3131 97.1901 20.5477
v  -36.4933 97.1901 20.5477
v  -40.7841 97.1901 20.5477
v  39.4435 101.8163 20.5477
v  44.4173 101.3700 20.5477
v  -44.4248 101.3510 20.5477
v  -44.3501 101.8164 20.5477
v  -31.6527 101.8163 20.5477
v  -26.1837 101.8163 20.5477
v  6.6299 101.8163 20.5477
v  -4.3080 101.8163 20.5477
v  -9.7769 101.8163 20.5477
v  1.1609 101.8163 20.5477
v  34.2582 102.2409 22.7653
v  35.8818 102.8266 22.5416
v  34.5021 102.8266 22.5416
v  28.7893 102.2409 22.7653
v  30.4129 102.8266 22.5416
v  29.0332 102.8266 22.5416
v  23.3204 102.2409 22.7653
v  24.9439 102.8266 22.5416
v  23.5643 102.8266 22.5416
v  17.8514 102.2409 22.7653
v  19.4750 102.8266 22.5416
v  18.0953 102.8266 22.5416
v  12.3825 102.2409 22.7653
v  14.0061 102.8266 22.5416
v  12.6264 102.8266 22.5416
v  6.9135 102.2409 22.7653
v  8.5371 102.8266 22.5416
v  7.1574 102.8266 22.5416
v  1.4446 102.2409 22.7653
v  3.0682 102.8266 22.5416
v  1.6885 102.8266 22.5416
v  -3.7804 102.8266 22.5416
v  -2.1568 102.2409 22.7653
v  -2.4007 102.8266 22.5416
v  -9.4933 102.2409 22.7653
v  -7.8697 102.8266 22.5416
v  -9.2493 102.8266 22.5416
v  -14.9622 102.2409 22.7653
v  -13.3386 102.8266 22.5416
v  -14.7183 102.8266 22.5416
v  -20.4311 102.2409 22.7653
v  -18.8075 102.8266 22.5416
v  -20.1872 102.8266 22.5416
v  -25.9001 102.2409 22.7653
v  -24.2765 102.8266 22.5416
v  -25.6562 102.8266 22.5416
v  -31.3690 102.2409 22.7653
v  -29.7454 102.8266 22.5416
v  -31.1251 102.8266 22.5416
v  -34.9705 102.2409 22.7653
v  -35.2144 102.8266 22.5416
v  -40.4293 102.2257 20.5477
v  -40.6836 102.8281 22.5414
v  -40.4317 102.2293 22.7728
v  -31.3700 102.2395 20.5477
v  -31.1251 102.8267 20.5477
v  -34.9695 102.2395 20.5477
v  -25.9010 102.2395 20.5477
v  -25.6561 102.8267 20.5477
v  -29.5006 102.2395 20.5477
v  -29.5015 102.2409 22.7653
v  -20.4321 102.2395 20.5477
v  -20.1872 102.8267 20.5477
v  -24.0316 102.2395 20.5477
v  -24.0326 102.2409 22.7653
v  -14.9631 102.2395 20.5477
v  -14.7183 102.8267 20.5477
v  -18.5627 102.2395 20.5477
v  -18.5636 102.2409 22.7653
v  -9.4942 102.2395 20.5477
v  -9.2493 102.8267 20.5477
v  -13.0938 102.2395 20.5477
v  -13.0947 102.2409 22.7653
v  -4.0252 102.2395 20.5477
v  -3.7804 102.8267 20.5477
v  -7.6248 102.2395 20.5477
v  -7.6258 102.2409 22.7653
v  -2.1559 102.2395 20.5477
v  36.1267 102.2395 20.5477
v  36.1257 102.2409 22.7653
v  39.7156 102.2236 20.5477
v  39.9715 102.8286 22.5413
v  39.9716 102.8290 20.5477
v  30.6577 102.2395 20.5477
v  30.6568 102.2409 22.7653
v  34.2573 102.2395 20.5477
v  34.5022 102.8267 20.5477
v  25.1888 102.2395 20.5477
v  25.1879 102.2409 22.7653
v  28.7884 102.2395 20.5477
v  29.0332 102.8267 20.5477
v  19.7198 102.2395 20.5477
v  19.7189 102.2409 22.7653
v  23.3194 102.2395 20.5477
v  23.5643 102.8267 20.5477
v  14.2509 102.2395 20.5477
v  14.2500 102.2409 22.7653
v  17.8505 102.2395 20.5477
v  18.0953 102.8267 20.5477
v  8.7820 102.2395 20.5477
v  8.7810 102.2409 22.7653
v  12.3815 102.2395 20.5477
v  12.6264 102.8267 20.5477
v  3.3130 102.2395 20.5477
v  3.3121 102.2409 22.7653
v  6.9126 102.2395 20.5477
v  7.1575 102.8267 20.5477
v  1.4437 102.2395 20.5477
v  1.6885 102.8267 20.5477
v  35.8818 102.8267 20.5477
v  3.0682 102.8267 20.5477
v  -40.6836 102.8282 20.5477
v  -44.0744 102.2410 20.5477
v  -43.8498 102.8267 20.5477
v  -36.8380 102.2409 22.7653
v  44.0734 102.2431 20.5477
v  43.8497 102.8265 20.5477
v  -20.7148 101.8163 20.5477
v  -15.2459 101.8163 20.5477
v  -4.0243 102.2409 22.7653
v  39.7180 102.2272 22.7742
v  33.9746 101.8163 20.5477
v  28.5056 101.8163 20.5477
v  23.0367 101.8163 20.5477
v  17.5678 101.8163 20.5477
v  12.0988 101.8163 20.5477
v  -36.4932 103.3334 20.5477
v  -35.2144 102.8267 20.5477
v  -40.7841 103.3334 20.5477
v  -43.7727 103.3334 20.5477
v  -29.7455 102.8267 20.5477
v  -31.0243 103.3334 20.5477
v  -29.8462 103.3334 20.5477
v  -24.2765 102.8267 20.5477
v  -25.5554 103.3334 20.5477
v  -24.3773 103.3334 20.5477
v  -18.8076 102.8267 20.5477
v  -20.0864 103.3334 20.5477
v  -18.9084 103.3334 20.5477
v  -13.4394 103.3334 20.5477
v  -14.6175 103.3334 20.5477
v  -7.8697 102.8267 20.5477
v  -9.1485 103.3334 20.5477
v  -7.9705 103.3334 20.5477
v  -2.4008 102.8267 20.5477
v  -3.6796 103.3334 20.5477
v  -2.5015 103.3334 20.5477
v  35.7810 103.3334 20.5477
v  34.6030 103.3334 20.5477
v  40.0719 103.3334 20.5477
v  30.4129 102.8267 20.5477
v  29.1340 103.3334 20.5477
v  30.3121 103.3334 20.5477
v  24.9439 102.8267 20.5477
v  23.6651 103.3334 20.5477
v  24.8431 103.3334 20.5477
v  19.4750 102.8267 20.5477
v  18.1961 103.3334 20.5477
v  19.3742 103.3334 20.5477
v  12.7272 103.3334 20.5477
v  14.0060 102.8267 20.5477
v  8.5371 102.8267 20.5477
v  7.2583 103.3334 20.5477
v  8.4363 103.3334 20.5477
v  2.9674 103.3334 20.5477
v  1.7893 103.3334 20.5477
v  -44.2171 101.3510 23.1148
v  -44.3545 97.1901 23.0560
v  -44.2079 97.1901 23.1166
v  -44.3639 101.3510 23.0541
v  -44.4153 97.1901 22.9096
v  44.3565 101.3698 23.0497
v  44.4173 97.1901 22.9091
v  44.4173 101.3700 22.9027
v  44.2098 101.3694 23.1108
v  44.3566 97.1901 23.0558
v  -44.2890 101.8164 22.9609
v  -44.1416 101.8164 23.0226
v  -44.4248 101.3510 22.9074
v  44.2890 101.8163 22.9399
v  44.3500 101.8163 22.7919
v  -43.7887 102.8265 22.4885
v  -43.8655 102.2393 22.7706
v  -43.6410 102.8266 22.5491
v  -44.0744 102.2400 22.5619
v  -44.0132 102.2398 22.7094
v  43.8651 102.2412 22.7326
v  43.7887 102.8265 22.4601
v  43.6413 102.8266 22.5219
v  44.0734 102.2420 22.5217
v  44.0124 102.2417 22.6700
v  -44.3501 101.8164 22.8135
v  44.1417 101.8163 23.0022
v  -44.4153 97.1901 20.5477
v  44.4173 97.1901 20.5477
v  44.2101 97.1901 23.1166
v  44.3500 101.8163 20.5477
v  -43.8498 102.8265 22.3415
v  43.8497 102.8265 22.3124
v  -36.5043 103.2779 22.2650
v  -35.3152 103.3334 22.0473
v  -36.4932 103.3334 22.0473
v  -35.2740 103.1263 22.4408
v  -35.3041 103.2779 22.2650
v  -36.5344 103.1263 22.4408
v  -35.2328 102.9193 22.5278
v  -31.0353 103.2779 22.2650
v  -29.8462 103.3334 22.0473
v  -31.0243 103.3334 22.0473
v  -31.0655 103.1263 22.4408
v  -29.8352 103.2779 22.2650
v  -31.1067 102.9193 22.5278
v  -29.8051 103.1263 22.4408
v  -25.5664 103.2779 22.2650
v  -24.3773 103.3334 22.0473
v  -25.5554 103.3334 22.0473
v  -25.5965 103.1263 22.4408
v  -24.3663 103.2779 22.2650
v  -24.2949 102.9193 22.5278
v  -24.3361 103.1263 22.4408
v  -20.0974 103.2779 22.2650
v  -18.9084 103.3334 22.0473
v  -20.0864 103.3334 22.0473
v  -18.8672 103.1263 22.4408
v  -18.8973 103.2779 22.2650
v  -20.1688 102.9193 22.5278
v  -20.1276 103.1263 22.4408
v  -9.1596 103.2779 22.2650
v  -7.9705 103.3334 22.0473
v  -9.1485 103.3334 22.0473
v  -9.1897 103.1263 22.4408
v  -7.9594 103.2779 22.2650
v  -9.2309 102.9193 22.5278
v  -7.9293 103.1263 22.4408
v  -14.6285 103.2779 22.2650
v  -13.4394 103.3334 22.0473
v  -14.6175 103.3334 22.0473
v  -14.6587 103.1263 22.4408
v  -13.4284 103.2779 22.2650
v  -14.6998 102.9193 22.5278
v  -13.3982 103.1263 22.4408
v  -3.6796 103.3334 22.0473
v  -2.4905 103.2779 22.2650
v  -2.5015 103.3334 22.0473
v  -3.6906 103.2779 22.2650
v  -2.4604 103.1263 22.4408
v  -3.7208 103.1263 22.4408
v  -2.4192 102.9193 22.5278
v  35.8222 103.1263 22.4408
v  34.5206 102.9193 22.5278
v  35.8634 102.9193 22.5278
v  35.7920 103.2779 22.2650
v  34.5618 103.1263 22.4408
v  34.6030 103.3334 22.0473
v  34.5919 103.2779 22.2650
v  30.3533 103.1263 22.4408
v  29.0516 102.9193 22.5278
v  30.3944 102.9193 22.5278
v  30.3231 103.2779 22.2650
v  29.0928 103.1263 22.4408
v  30.3121 103.3334 22.0473
v  29.1230 103.2779 22.2650
v  24.8843 103.1263 22.4408
v  23.5827 102.9193 22.5278
v  24.9255 102.9193 22.5278
v  23.6540 103.2779 22.2650
v  23.6239 103.1263 22.4408
v  24.8431 103.3334 22.0473
v  24.8542 103.2779 22.2650
v  19.4154 103.1263 22.4408
v  18.1138 102.9193 22.5278
v  19.4566 102.9193 22.5278
v  18.1851 103.2779 22.2650
v  18.1550 103.1263 22.4408
v  19.3742 103.3334 22.0473
v  19.3852 103.2779 22.2650
v  8.4775 103.1263 22.4408
v  7.1759 102.9193 22.5278
v  8.5187 102.9193 22.5278
v  8.4473 103.2779 22.2650
v  7.2171 103.1263 22.4408
v  8.4363 103.3334 22.0473
v  7.2472 103.2779 22.2650
v  13.9876 102.9193 22.5278
v  12.6860 103.1263 22.4408
v  12.6448 102.9193 22.5278
v  13.9163 103.2779 22.2650
v  13.9464 103.1263 22.4408
v  13.9052 103.3334 22.0473
v  12.7162 103.2779 22.2650
v  3.0086 103.1263 22.4408
v  1.7069 102.9193 22.5278
v  3.0497 102.9193 22.5278
v  2.9784 103.2779 22.2650
v  1.7481 103.1263 22.4408
v  2.9674 103.3334 22.0473
v  1.7783 103.2779 22.2650
v  -43.7811 103.2783 21.7214
v  -43.4449 103.3334 21.9559
v  -43.7727 103.3334 21.1666
v  -43.8040 103.1279 22.1457
v  -43.5762 103.2783 22.2146
v  -43.8352 102.9224 22.3257
v  -43.7000 103.1279 22.3960
v  -43.4717 103.2783 22.2657
v  -43.3124 103.3334 22.0473
v  -43.5842 103.1278 22.4436
v  -43.6265 102.9222 22.5334
v  43.4788 103.3334 21.8766
v  43.7822 103.2779 21.7172
v  43.7739 103.3334 21.1644
v  43.6159 103.2779 22.1185
v  43.8049 103.1265 22.1337
v  43.7118 103.1264 22.3583
v  43.8358 102.9195 22.3024
v  43.3721 103.3334 22.0026
v  43.5324 103.2779 22.2628
v  43.6275 102.9194 22.5116
v  43.5855 103.1264 22.4327
v  -40.7731 103.2782 22.2649
v  -40.7841 103.3334 22.0473
v  -40.7431 103.1273 22.4407
v  -40.7021 102.9212 22.5275
v  40.0609 103.2782 22.2649
v  40.0719 103.3334 22.0473
v  40.0309 103.1274 22.4407
v  39.9900 102.9214 22.5275
v  -36.5756 102.9193 22.5278
v  -35.3152 103.3334 20.5477
v  -25.6377 102.9193 22.5278
v  -13.3386 102.8267 20.5477
v  -3.7620 102.9193 22.5278
v  35.7810 103.3334 22.0473
v  29.1340 103.3334 22.0473
v  23.6651 103.3334 22.0473
v  18.1961 103.3334 22.0473
v  12.7272 103.3334 22.0473
v  13.9052 103.3334 20.5477
v  7.2583 103.3334 22.0473
v  1.7893 103.3334 22.0473
v  -43.7741 102.9224 22.4727
v  43.7748 102.9195 22.4500
v  -37.8176 101.3512 -20.5478
v  -37.1216 101.8163 -23.0419
v  -37.8176 101.3512 -23.1167
v  -38.6387 101.1879 -20.5478
v  -38.6387 101.1879 -23.1167
v  -39.4597 101.3512 -20.5478
v  -39.4597 101.3512 -23.1167
v  -40.1557 101.8163 -23.0419
v  -32.3487 101.3512 -20.5478
v  -31.6527 101.8163 -23.0419
v  -32.3487 101.3512 -23.1167
v  -33.1697 101.1879 -20.5478
v  -33.1697 101.1879 -23.1167
v  -33.9908 101.3512 -20.5478
v  -33.9908 101.3512 -23.1167
v  -34.6868 101.8163 -23.0419
v  -26.8798 101.3512 -20.5478
v  -26.1837 101.8163 -23.0419
v  -26.8798 101.3512 -23.1167
v  -27.7008 101.1879 -20.5478
v  -27.7008 101.1879 -23.1167
v  -28.5218 101.3512 -20.5478
v  -28.5218 101.3512 -23.1167
v  -29.2179 101.8163 -23.0419
v  -21.4108 101.3512 -20.5478
v  -20.7148 101.8163 -23.0419
v  -21.4108 101.3512 -23.1167
v  -22.2319 101.1879 -20.5478
v  -22.2319 101.1879 -23.1167
v  -23.0529 101.3512 -20.5478
v  -23.0529 101.3512 -23.1167
v  -23.7489 101.8163 -23.0419
v  -15.9419 101.3512 -20.5478
v  -15.2459 101.8163 -23.0419
v  -15.9419 101.3512 -23.1167
v  -16.7629 101.1879 -20.5478
v  -16.7629 101.1879 -23.1167
v  -17.5839 101.3512 -20.5478
v  -17.5839 101.3512 -23.1167
v  -18.2800 101.8163 -23.0419
v  -10.4729 101.3512 -20.5478
v  -9.7769 101.8163 -23.0419
v  -10.4729 101.3512 -23.1167
v  -11.2940 101.1879 -20.5478
v  -11.2940 101.1879 -23.1167
v  -12.1150 101.3512 -20.5478
v  -12.1150 101.3512 -23.1167
v  -12.8110 101.8163 -23.0419
v  -5.0040 101.3512 -20.5478
v  -4.3080 101.8163 -23.0419
v  -5.0040 101.3512 -23.1167
v  -5.8250 101.1879 -20.5478
v  -5.8250 101.1879 -23.1167
v  -6.6461 101.3512 -20.5478
v  -6.6461 101.3512 -23.1167
v  -7.3421 101.8163 -23.0419
v  -1.1771 101.3512 -20.5478
v  -0.3561 101.1879 -23.1167
v  -1.1771 101.3512 -23.1167
v  -1.8732 101.8163 -23.0419
v  -2.5017 97.1901 -23.1167
v  -0.3561 97.1901 -20.5478
v  -2.5017 97.1901 -20.5478
v  -3.6795 97.1901 -23.1167
v  -3.6795 97.1901 -20.5478
v  36.4094 101.8163 -23.0419
v  37.1054 101.3512 -20.5478
v  37.1054 101.3512 -23.1167
v  37.9265 101.1879 -23.1167
v  37.9265 101.1879 -20.5478
v  38.7475 101.3512 -23.1167
v  38.7475 101.3512 -20.5478
v  39.4435 101.8163 -23.0419
v  30.9405 101.8163 -23.0419
v  31.6365 101.3512 -20.5478
v  31.6365 101.3512 -23.1167
v  32.4575 101.1879 -23.1167
v  32.4575 101.1879 -20.5478
v  33.2785 101.3512 -23.1167
v  33.2785 101.3512 -20.5478
v  33.9746 101.8163 -23.0419
v  25.4715 101.8163 -23.0419
v  26.1675 101.3512 -20.5478
v  26.1675 101.3512 -23.1167
v  26.9886 101.1879 -23.1167
v  26.9886 101.1879 -20.5478
v  27.8096 101.3512 -23.1167
v  27.8096 101.3512 -20.5478
v  28.5056 101.8163 -23.0419
v  20.0026 101.8163 -23.0419
v  20.6986 101.3512 -20.5478
v  20.6986 101.3512 -23.1167
v  21.5196 101.1879 -23.1167
v  21.5196 101.1879 -20.5478
v  22.3407 101.3512 -23.1167
v  22.3407 101.3512 -20.5478
v  23.0367 101.8163 -23.0419
v  14.5336 101.8163 -23.0419
v  15.2297 101.3512 -20.5478
v  15.2297 101.3512 -23.1167
v  16.0507 101.1879 -23.1167
v  16.0507 101.1879 -20.5478
v  16.8717 101.3512 -23.1167
v  16.8717 101.3512 -20.5478
v  17.5678 101.8163 -23.0419
v  9.0647 101.8163 -23.0419
v  9.7607 101.3512 -20.5478
v  9.7607 101.3512 -23.1167
v  10.5818 101.1879 -23.1167
v  10.5818 101.1879 -20.5478
v  11.4028 101.3512 -23.1167
v  11.4028 101.3512 -20.5478
v  12.0988 101.8163 -23.0419
v  3.5958 101.8163 -23.0419
v  4.2918 101.3512 -20.5478
v  4.2918 101.3512 -23.1167
v  5.1128 101.1879 -23.1167
v  5.1128 101.1879 -20.5478
v  5.9338 101.3512 -23.1167
v  5.9338 101.3512 -20.5478
v  6.6299 101.8163 -23.0419
v  -0.3561 101.1879 -20.5478
v  0.4649 101.3512 -23.1167
v  -36.5941 102.8265 -22.5417
v  -36.8389 102.2395 -20.5478
v  -36.5940 102.8267 -20.5478
v  0.4649 101.3512 -20.5478
v  1.1609 101.8163 -23.0419
v  1.7895 97.1901 -23.1167
v  1.7895 97.1901 -20.5478
v  35.7811 97.1901 -23.1167
v  40.0719 97.1901 -23.1167
v  30.3133 97.1901 -23.1167
v  29.1315 97.1901 -23.1167
v  34.6008 97.1901 -23.1167
v  23.6618 97.1901 -23.1167
v  18.1961 97.1901 -23.1167
v  13.9110 97.1901 -23.1167
v  24.8424 97.1901 -23.1167
v  19.3740 97.1901 -23.1167
v  12.7280 97.1901 -23.1167
v  2.9673 97.1901 -23.1167
v  7.2562 97.1901 -23.1167
v  -0.3561 97.1901 -23.1167
v  -7.9684 97.1901 -23.1167
v  -9.1500 97.1901 -23.1167
v  -13.4402 97.1901 -23.1167
v  -18.9083 97.1901 -23.1167
v  -14.6232 97.1901 -23.1167
v  -20.0862 97.1901 -23.1167
v  -24.3740 97.1901 -23.1167
v  -25.5546 97.1901 -23.1167
v  -29.8437 97.1901 -23.1167
v  -31.0255 97.1901 -23.1167
v  8.4378 97.1901 -23.1167
v  -36.4933 97.1901 -23.1167
v  -40.7841 97.1901 -23.1167
v  -35.3131 97.1901 -23.1167
v  -37.1216 101.8163 -20.5478
v  7.2562 97.1901 -20.5478
v  8.4378 97.1901 -20.5478
v  12.7280 97.1901 -20.5478
v  13.9110 97.1901 -20.5478
v  18.1961 97.1901 -20.5478
v  19.3740 97.1901 -20.5478
v  23.6618 97.1901 -20.5478
v  24.8424 97.1901 -20.5478
v  29.1315 97.1901 -20.5478
v  30.3133 97.1901 -20.5478
v  34.6008 97.1901 -20.5478
v  35.7811 97.1901 -20.5478
v  40.0719 97.1901 -20.5478
v  2.9673 97.1901 -20.5478
v  -7.9684 97.1901 -20.5478
v  -9.1500 97.1901 -20.5478
v  -13.4402 97.1901 -20.5478
v  -14.6232 97.1901 -20.5478
v  -18.9083 97.1901 -20.5478
v  -20.0862 97.1901 -20.5478
v  -24.3740 97.1901 -20.5478
v  -25.5546 97.1901 -20.5478
v  -29.8437 97.1901 -20.5478
v  -31.0255 97.1901 -20.5478
v  -35.3131 97.1901 -20.5478
v  -36.4933 97.1901 -20.5478
v  -40.7841 97.1901 -20.5478
v  39.4435 101.8163 -20.5478
v  44.4173 101.3700 -20.5478
v  44.3500 101.8163 -20.5478
v  -40.1557 101.8163 -20.5478
v  -44.4248 101.3510 -20.5478
v  -31.6527 101.8163 -20.5478
v  -26.1837 101.8163 -20.5478
v  6.6299 101.8163 -20.5478
v  -1.8732 101.8163 -20.5478
v  30.9405 101.8163 -20.5478
v  -12.8110 101.8163 -20.5478
v  -18.2800 101.8163 -20.5478
v  25.4715 101.8163 -20.5478
v  20.0026 101.8163 -20.5478
v  -7.3421 101.8163 -20.5478
v  1.1609 101.8163 -20.5478
v  14.5336 101.8163 -20.5478
v  36.4094 101.8163 -20.5478
v  44.4173 97.1901 -20.5478
v  35.8818 102.8265 -22.5417
v  34.2582 102.2408 -22.7654
v  34.5021 102.8265 -22.5417
v  30.4129 102.8265 -22.5417
v  28.7893 102.2408 -22.7654
v  29.0332 102.8265 -22.5417
v  24.9439 102.8265 -22.5417
v  23.3204 102.2408 -22.7654
v  23.5643 102.8265 -22.5417
v  19.4750 102.8265 -22.5417
v  17.8514 102.2408 -22.7654
v  18.0953 102.8265 -22.5417
v  14.0061 102.8265 -22.5417
v  12.3825 102.2408 -22.7654
v  12.6264 102.8265 -22.5417
v  8.5371 102.8265 -22.5417
v  6.9135 102.2408 -22.7654
v  7.1574 102.8265 -22.5417
v  3.0682 102.8265 -22.5417
v  1.4446 102.2408 -22.7654
v  1.6885 102.8265 -22.5417
v  -3.7804 102.8265 -22.5417
v  -2.1568 102.2408 -22.7654
v  -4.0243 102.2408 -22.7654
v  -7.8697 102.8265 -22.5417
v  -9.4933 102.2408 -22.7654
v  -9.2493 102.8265 -22.5417
v  -13.3386 102.8265 -22.5417
v  -14.9622 102.2408 -22.7654
v  -14.7183 102.8265 -22.5417
v  -18.8075 102.8265 -22.5417
v  -20.4311 102.2408 -22.7654
v  -20.1872 102.8265 -22.5417
v  -24.2765 102.8265 -22.5417
v  -25.9001 102.2408 -22.7654
v  -25.6562 102.8265 -22.5417
v  -29.7454 102.8265 -22.5417
v  -31.3690 102.2408 -22.7654
v  -31.1251 102.8265 -22.5417
v  -34.9705 102.2408 -22.7654
v  -36.8380 102.2408 -22.7654
v  -40.4293 102.2257 -20.5478
v  -40.6836 102.8281 -22.5415
v  -40.6836 102.8282 -20.5478
v  -31.3700 102.2395 -20.5478
v  -31.1251 102.8267 -20.5478
v  -34.9695 102.2395 -20.5478
v  -35.2144 102.8265 -22.5417
v  -35.2144 102.8267 -20.5478
v  -25.9010 102.2395 -20.5478
v  -25.6561 102.8267 -20.5478
v  -29.5006 102.2395 -20.5478
v  -29.7455 102.8267 -20.5478
v  -20.4321 102.2395 -20.5478
v  -20.1872 102.8267 -20.5478
v  -24.0316 102.2395 -20.5478
v  -24.2765 102.8267 -20.5478
v  -14.9631 102.2395 -20.5478
v  -14.7183 102.8267 -20.5478
v  -18.5627 102.2395 -20.5478
v  -18.8076 102.8267 -20.5478
v  -9.4942 102.2395 -20.5478
v  -9.2493 102.8267 -20.5478
v  -13.0938 102.2395 -20.5478
v  -13.3386 102.8267 -20.5478
v  -4.0252 102.2395 -20.5478
v  -3.7804 102.8267 -20.5478
v  -7.6248 102.2395 -20.5478
v  -7.8697 102.8267 -20.5478
v  -2.1559 102.2395 -20.5478
v  -2.4007 102.8265 -22.5417
v  -2.4008 102.8267 -20.5478
v  36.1267 102.2395 -20.5478
v  35.8818 102.8267 -20.5478
v  39.9715 102.8286 -22.5414
v  39.7156 102.2236 -20.5478
v  39.9716 102.8290 -20.5478
v  30.6577 102.2395 -20.5478
v  30.4129 102.8267 -20.5478
v  34.2573 102.2395 -20.5478
v  34.5022 102.8267 -20.5478
v  25.1888 102.2395 -20.5478
v  24.9439 102.8267 -20.5478
v  28.7884 102.2395 -20.5478
v  29.0332 102.8267 -20.5478
v  19.7198 102.2395 -20.5478
v  19.4750 102.8267 -20.5478
v  23.3194 102.2395 -20.5478
v  23.5643 102.8267 -20.5478
v  14.2509 102.2395 -20.5478
v  14.0060 102.8267 -20.5478
v  17.8505 102.2395 -20.5478
v  18.0953 102.8267 -20.5478
v  8.7820 102.2395 -20.5478
v  8.5371 102.8267 -20.5478
v  12.3815 102.2395 -20.5478
v  12.6264 102.8267 -20.5478
v  3.3130 102.2395 -20.5478
v  3.0682 102.8267 -20.5478
v  6.9126 102.2395 -20.5478
v  7.1575 102.8267 -20.5478
v  1.4437 102.2395 -20.5478
v  1.6885 102.8267 -20.5478
v  -44.0744 102.2410 -20.5478
v  44.0734 102.2431 -20.5478
v  43.8497 102.8265 -20.5478
v  -40.4317 102.2293 -22.7729
v  -34.6868 101.8163 -20.5478
v  -29.5015 102.2408 -22.7654
v  -29.2179 101.8163 -20.5478
v  -20.7148 101.8163 -20.5478
v  -24.0326 102.2408 -22.7654
v  -23.7489 101.8163 -20.5478
v  -15.2459 101.8163 -20.5478
v  -13.0947 102.2408 -22.7654
v  -18.5636 102.2408 -22.7654
v  -9.7769 101.8163 -20.5478
v  -4.3080 101.8163 -20.5478
v  -7.6258 102.2408 -22.7654
v  36.1257 102.2408 -22.7654
v  39.7180 102.2271 -22.7743
v  30.6568 102.2408 -22.7654
v  33.9746 101.8163 -20.5478
v  25.1879 102.2408 -22.7654
v  28.5056 101.8163 -20.5478
v  19.7189 102.2408 -22.7654
v  23.0367 101.8163 -20.5478
v  14.2500 102.2408 -22.7654
v  17.5678 101.8163 -20.5478
v  8.7810 102.2408 -22.7654
v  9.0647 101.8163 -20.5478
v  12.0988 101.8163 -20.5478
v  3.3121 102.2408 -22.7654
v  3.5958 101.8163 -20.5478
v  -36.4932 103.3334 -20.5478
v  -43.8498 102.8267 -20.5478
v  -40.7841 103.3334 -20.5478
v  -43.7727 103.3334 -20.5478
v  -31.0243 103.3334 -20.5478
v  -29.8462 103.3334 -20.5478
v  -25.5554 103.3334 -20.5478
v  -24.3773 103.3334 -20.5478
v  -20.0864 103.3334 -20.5478
v  -18.9084 103.3334 -20.5478
v  -13.4394 103.3334 -20.5478
v  -9.1485 103.3334 -20.5478
v  -7.9705 103.3334 -20.5478
v  -3.6796 103.3334 -20.5478
v  35.7810 103.3334 -20.5478
v  40.0719 103.3334 -20.5478
v  29.1340 103.3334 -20.5478
v  30.3121 103.3334 -20.5478
v  23.6651 103.3334 -20.5478
v  24.8431 103.3334 -20.5478
v  18.1961 103.3334 -20.5478
v  19.3742 103.3334 -20.5478
v  12.7272 103.3334 -20.5478
v  7.2583 103.3334 -20.5478
v  8.4363 103.3334 -20.5478
v  2.9674 103.3334 -20.5478
v  -44.2171 101.3510 -23.1149
v  -44.3545 97.1901 -23.0561
v  -44.3639 101.3510 -23.0542
v  -44.4153 97.1901 -22.9097
v  -44.4248 101.3510 -22.9075
v  44.4173 97.1901 -22.9092
v  44.3565 101.3698 -23.0498
v  44.4173 101.3700 -22.9028
v  44.3566 97.1901 -23.0559
v  44.2098 101.3693 -23.1109
v  -44.2890 101.8164 -22.9610
v  -44.1416 101.8164 -23.0227
v  -44.3501 101.8164 -22.8136
v  44.2890 101.8163 -22.9400
v  44.3500 101.8163 -22.7920
v  44.1417 101.8163 -23.0023
v  -43.8655 102.2393 -22.7707
v  -43.7887 102.8265 -22.4886
v  -43.6410 102.8266 -22.5492
v  -44.0744 102.2400 -22.5620
v  -43.8498 102.8265 -22.3416
v  43.8651 102.2412 -22.7327
v  43.7887 102.8265 -22.4602
v  44.0124 102.2417 -22.6701
v  44.0734 102.2420 -22.5218
v  -44.0132 102.2398 -22.7095
v  -44.2079 97.1901 -23.1167
v  -44.4153 97.1901 -20.5478
v  44.2101 97.1901 -23.1167
v  -44.3501 101.8164 -20.5478
v  43.8497 102.8265 -22.3125
v  -35.3152 103.3334 -22.0474
v  -36.5043 103.2779 -22.2651
v  -36.4932 103.3334 -22.0474
v  -35.2740 103.1263 -22.4409
v  -36.5344 103.1263 -22.4409
v  -35.2328 102.9193 -22.5279
v  -36.5756 102.9193 -22.5279
v  -29.8462 103.3334 -22.0474
v  -31.0353 103.2779 -22.2651
v  -31.0243 103.3334 -22.0474
v  -29.8352 103.2779 -22.2651
v  -31.0655 103.1263 -22.4409
v  -29.8051 103.1263 -22.4409
v  -31.1067 102.9193 -22.5279
v  -24.3773 103.3334 -22.0474
v  -25.5664 103.2779 -22.2651
v  -25.5554 103.3334 -22.0474
v  -24.3663 103.2779 -22.2651
v  -25.5965 103.1263 -22.4409
v  -24.2949 102.9193 -22.5279
v  -25.6377 102.9193 -22.5279
v  -18.9084 103.3334 -22.0474
v  -20.0974 103.2779 -22.2651
v  -20.0864 103.3334 -22.0474
v  -18.8672 103.1263 -22.4409
v  -20.1276 103.1263 -22.4409
v  -20.1688 102.9193 -22.5279
v  -7.9705 103.3334 -22.0474
v  -9.1596 103.2779 -22.2651
v  -9.1485 103.3334 -22.0474
v  -7.9594 103.2779 -22.2651
v  -9.1897 103.1263 -22.4409
v  -7.9293 103.1263 -22.4409
v  -9.2309 102.9193 -22.5279
v  -13.4394 103.3334 -22.0474
v  -14.6285 103.2779 -22.2651
v  -14.6175 103.3334 -22.0474
v  -13.4284 103.2779 -22.2651
v  -14.6587 103.1263 -22.4409
v  -13.3982 103.1263 -22.4409
v  -14.6998 102.9193 -22.5279
v  -3.6796 103.3334 -22.0474
v  -2.4905 103.2779 -22.2651
v  -3.6906 103.2779 -22.2651
v  -2.4604 103.1263 -22.4409
v  -3.7208 103.1263 -22.4409
v  -2.4192 102.9193 -22.5279
v  -3.7620 102.9193 -22.5279
v  34.5206 102.9193 -22.5279
v  35.8222 103.1263 -22.4409
v  35.8634 102.9193 -22.5279
v  34.5618 103.1263 -22.4409
v  35.7920 103.2779 -22.2651
v  34.6030 103.3334 -22.0474
v  35.7810 103.3334 -22.0474
v  29.0516 102.9193 -22.5279
v  30.3533 103.1263 -22.4409
v  30.3944 102.9193 -22.5279
v  29.0928 103.1263 -22.4409
v  30.3231 103.2779 -22.2651
v  29.1230 103.2779 -22.2651
v  30.3121 103.3334 -22.0474
v  23.5827 102.9193 -22.5279
v  24.8843 103.1263 -22.4409
v  24.9255 102.9193 -22.5279
v  23.6540 103.2779 -22.2651
v  24.8542 103.2779 -22.2651
v  24.8431 103.3334 -22.0474
v  18.1138 102.9193 -22.5279
v  19.4154 103.1263 -22.4409
v  19.4566 102.9193 -22.5279
v  18.1851 103.2779 -22.2651
v  19.3852 103.2779 -22.2651
v  19.3742 103.3334 -22.0474
v  7.1759 102.9193 -22.5279
v  8.4775 103.1263 -22.4409
v  8.5187 102.9193 -22.5279
v  7.2171 103.1263 -22.4409
v  8.4473 103.2779 -22.2651
v  7.2472 103.2779 -22.2651
v  8.4363 103.3334 -22.0474
v  13.9876 102.9193 -22.5279
v  12.6860 103.1263 -22.4409
v  13.9464 103.1263 -22.4409
v  13.9163 103.2779 -22.2651
v  12.7162 103.2779 -22.2651
v  13.9052 103.3334 -22.0474
v  1.7069 102.9193 -22.5279
v  3.0086 103.1263 -22.4409
v  3.0497 102.9193 -22.5279
v  1.7481 103.1263 -22.4409
v  2.9784 103.2779 -22.2651
v  1.7783 103.2779 -22.2651
v  2.9674 103.3334 -22.0474
v  -43.4449 103.3334 -21.9560
v  -43.7811 103.2783 -21.7215
v  -43.7727 103.3334 -21.1667
v  -43.5762 103.2783 -22.2147
v  -43.8040 103.1279 -22.1458
v  -43.7000 103.1279 -22.3961
v  -43.8352 102.9224 -22.3258
v  -43.4717 103.2783 -22.2658
v  -43.5842 103.1278 -22.4437
v  -43.6265 102.9222 -22.5335
v  -43.7741 102.9224 -22.4728
v  43.4788 103.3334 -21.8767
v  43.7822 103.2779 -21.7173
v  43.6159 103.2779 -22.1186
v  43.8049 103.1265 -22.1338
v  43.7118 103.1264 -22.3584
v  43.8358 102.9195 -22.3025
v  43.7748 102.9195 -22.4501
v  43.3721 103.3334 -22.0027
v  43.5324 103.2779 -22.2629
v  43.5855 103.1264 -22.4328
v  43.6275 102.9194 -22.5117
v  -43.3124 103.3334 -22.0474
v  -40.7731 103.2782 -22.2650
v  -40.7431 103.1273 -22.4408
v  -40.7021 102.9212 -22.5276
v  40.0609 103.2782 -22.2650
v  40.0719 103.3334 -22.0474
v  40.0309 103.1274 -22.4408
v  39.9900 102.9214 -22.5276
v  -40.7841 103.3334 -22.0474
v  -14.6175 103.3334 -20.5478
v  -2.5015 103.3334 -22.0474
v  34.6030 103.3334 -20.5478
v  43.6413 102.8266 -22.5220
v  29.1340 103.3334 -22.0474
v  23.6651 103.3334 -22.0474
v  18.1961 103.3334 -22.0474
v  23.6239 103.1263 -22.4409
v  12.6448 102.9193 -22.5279
v  12.7272 103.3334 -22.0474
v  18.1550 103.1263 -22.4409
v  7.2583 103.3334 -22.0474
v  1.7893 103.3334 -20.5478
v  1.7893 103.3334 -22.0474
v  43.7739 103.3334 20.5477
v  -29.7639 102.9193 22.5278
v  -18.8260 102.9193 22.5278
v  -7.8881 102.9193 22.5278
v  -13.3570 102.9193 22.5278
v  -35.3152 103.3334 -20.5478
v  -2.5015 103.3334 -20.5478
v  43.7739 103.3334 -20.5478
v  13.9052 103.3334 -20.5478
v  -35.3041 103.2779 -22.2651
v  -29.7639 102.9193 -22.5279
v  -24.3361 103.1263 -22.4409
v  -18.8973 103.2779 -22.2651
v  -18.8260 102.9193 -22.5279
v  -7.8881 102.9193 -22.5279
v  -13.3570 102.9193 -22.5279
v  34.5919 103.2779 -22.2651
v  43.7739 103.3334 -21.1645
v  41.8559 102.2395 -14.6100
v  43.8498 102.8265 -14.3652
v  44.0735 102.2408 -14.6091
v  43.7742 103.3334 -8.7954
v  41.8559 103.3334 -7.6174
v  43.7742 103.3334 -7.6174
v  43.7742 103.3334 -14.2643
v  41.8559 103.3334 -13.0863
v  43.7742 103.3334 -13.0863
v  44.3500 101.8163 -14.8927
v  41.8559 101.3512 -15.5888
v  41.8559 101.8163 -14.8927
v  44.4248 101.1879 -16.4098
v  44.4248 101.3512 -15.5888
v  44.4248 101.3512 -17.2308
v  41.8559 101.1879 -16.4098
v  44.3500 101.8163 -17.9268
v  41.8559 101.3512 -17.2308
v  43.7742 103.3334 -2.1484
v  41.8559 103.3334 -3.3265
v  41.8559 103.3334 -2.1484
v  44.3500 101.8163 -9.4238
v  41.8559 101.3512 -10.1198
v  41.8559 101.8163 -9.4238
v  44.4248 101.1879 -10.9408
v  44.4248 101.3512 -10.1198
v  44.4248 101.3512 -11.7619
v  41.8559 101.1879 -10.9408
v  44.3500 101.8163 -12.4579
v  41.8559 101.3512 -11.7619
v  44.3500 101.8163 -3.9548
v  41.8559 101.3513 -4.6509
v  41.8559 101.8163 -3.9548
v  44.4248 101.1880 -5.4719
v  44.4248 101.3513 -4.6509
v  44.4248 101.3513 -6.2929
v  41.8559 101.1880 -5.4719
v  44.3500 101.8163 -6.9890
v  41.8559 101.3513 -6.2929
v  44.4248 101.1880 -0.0001
v  41.8559 101.3513 -0.8240
v  41.8559 101.1880 -0.0001
v  44.4248 97.1901 -20.5478
v  44.4248 97.1901 -14.2700
v  44.4248 97.1901 -13.0871
v  44.4248 97.1901 -3.3264
v  44.4248 97.1901 -7.6153
v  44.4248 97.1901 -2.1486
v  44.4248 97.1901 -0.0000
v  44.4248 101.3513 -0.8240
v  44.4248 97.1901 -8.7969
v  43.1404 97.1901 -3.3264
v  44.3500 101.8163 -1.5200
v  43.1404 97.1901 -8.7969
v  43.1404 97.1901 -14.2700
v  43.1404 97.1901 -13.0871
v  43.1404 97.1901 -20.5478
v  43.1404 97.1901 -7.6153
v  43.1404 97.1901 -2.1486
v  41.8559 97.1901 -20.5478
v  41.8559 97.1901 -14.2700
v  41.8559 97.1901 -13.0871
v  41.8559 97.1901 -3.3264
v  41.8559 97.1901 -7.6153
v  41.8559 97.1901 -2.1486
v  41.8559 97.1901 -0.0000
v  41.8559 97.1901 -8.7969
v  41.8559 101.8163 -1.5200
v  43.1404 97.1901 -0.0000
v  44.0735 102.2408 -12.7416
v  43.8498 102.8265 -12.9855
v  44.0735 102.2409 -7.2726
v  43.8498 102.8265 -8.8962
v  43.8498 102.8265 -7.5165
v  44.0735 102.2409 -1.8037
v  43.8498 102.8265 -3.4273
v  43.8498 102.8265 -2.0476
v  41.8559 102.2395 -18.2096
v  43.8498 102.8265 -18.4544
v  41.8559 102.8267 -18.4544
v  41.8559 102.2395 -9.1411
v  44.0735 102.2408 -9.1401
v  41.8559 102.2395 -12.7406
v  41.8559 102.8267 -12.9855
v  41.8559 102.2395 -3.6721
v  44.0735 102.2409 -3.6712
v  41.8559 102.2395 -7.2717
v  41.8559 102.8267 -7.5166
v  41.8559 102.2395 -1.8028
v  41.8559 102.8267 -2.0476
v  41.8559 102.8267 -3.4273
v  41.8559 102.8267 -14.3651
v  41.8559 103.3334 -14.2643
v  43.7742 103.3334 -18.5552
v  44.0735 102.2408 -18.2105
v  41.8559 101.8163 -17.9268
v  41.8559 102.8267 -8.8962
v  41.8559 103.3334 -8.7954
v  41.8559 101.8163 -12.4579
v  43.7742 103.3334 -3.3265
v  41.8559 101.8163 -6.9890
v  43.7742 103.3334 -20.5478
v  41.8559 103.3334 -18.5552
v  43.8498 102.8265 -20.5478
v  44.4248 101.3512 -20.5478
v  44.0735 102.2408 -20.5478
v  41.8559 103.3334 -20.5478
v  41.8559 102.2395 14.6099
v  43.8498 102.8266 14.3651
v  41.8559 102.8267 14.3650
v  41.8559 103.3334 7.6173
v  43.7742 103.3334 8.7953
v  43.7742 103.3334 7.6173
v  41.8559 103.3334 13.0862
v  43.7742 103.3334 14.2642
v  43.7742 103.3334 13.0862
v  44.3500 101.8163 14.8926
v  41.8559 101.3513 15.5887
v  44.4248 101.3513 15.5887
v  44.4248 101.1880 16.4097
v  41.8559 101.1880 16.4097
v  44.4248 101.3513 17.2307
v  41.8559 101.3513 17.2307
v  44.3500 101.8163 17.9268
v  41.8559 103.3334 2.1483
v  43.7742 103.3334 3.3264
v  43.7742 103.3334 2.1483
v  44.3500 101.8163 9.4237
v  41.8559 101.3513 10.1197
v  44.4248 101.3513 10.1197
v  44.4248 101.1880 10.9407
v  41.8559 101.1880 10.9407
v  44.4248 101.3513 11.7618
v  41.8559 101.3513 11.7618
v  44.3500 101.8163 12.4578
v  44.3500 101.8163 3.9547
v  41.8559 101.3513 4.6508
v  44.4248 101.3513 4.6508
v  44.4248 101.1880 5.4718
v  41.8559 101.1880 5.4718
v  44.4248 101.3513 6.2928
v  41.8559 101.3513 6.2928
v  44.3500 101.8163 6.9889
v  44.4248 101.3513 0.8239
v  44.4248 97.1901 20.5477
v  44.4248 97.1901 14.2700
v  44.4248 97.1901 13.0870
v  44.4248 97.1901 3.3263
v  44.4248 97.1901 7.6152
v  44.4248 97.1901 2.1485
v  44.4248 97.1901 8.7968
v  43.1404 97.1901 3.3263
v  44.3500 101.8163 1.5199
v  43.1404 97.1901 8.7968
v  43.1404 97.1901 14.2700
v  43.1404 97.1901 13.0870
v  43.1404 97.1901 20.5477
v  43.1404 97.1901 7.6152
v  43.1404 97.1901 2.1485
v  41.8559 97.1901 20.5477
v  41.8559 97.1901 14.2700
v  41.8559 97.1901 13.0870
v  41.8559 97.1901 3.3263
v  41.8559 97.1901 7.6152
v  41.8559 97.1901 2.1485
v  41.8559 101.3513 0.8239
v  41.8559 97.1901 8.7968
v  41.8559 101.8163 6.9889
v  41.8559 101.8163 1.5199
v  41.8559 101.8163 14.8926
v  44.0735 102.2409 12.7415
v  43.8498 102.8266 12.9854
v  43.8498 102.8266 8.8961
v  44.0735 102.2409 7.2725
v  43.8498 102.8265 7.5164
v  43.8498 102.8265 3.4272
v  44.0735 102.2409 1.8036
v  43.8498 102.8265 2.0475
v  43.8498 102.8266 18.4543
v  41.8559 102.2395 18.2095
v  41.8559 102.8267 18.4543
v  41.8559 102.2395 9.1410
v  41.8559 102.8267 8.8961
v  41.8559 102.2395 12.7405
v  41.8559 102.8267 12.9854
v  41.8559 102.2395 3.6720
v  41.8559 102.8267 3.4272
v  41.8559 102.2395 7.2716
v  41.8559 102.8267 7.5165
v  41.8559 102.2395 1.8027
v  41.8559 102.8267 2.0475
v  44.0735 102.2409 14.6090
v  43.7742 103.3334 18.5551
v  41.8559 101.8163 17.9268
v  44.0735 102.2409 18.2104
v  44.0735 102.2409 9.1400
v  41.8559 101.8163 9.4237
v  41.8559 101.8163 12.4578
v  44.0735 102.2409 3.6711
v  41.8559 101.8163 3.9547
v  41.8559 103.3334 18.5551
v  43.7742 103.3334 20.5477
v  41.8559 103.3334 8.7953
v  41.8559 103.3334 3.3264
v  43.8498 102.8266 20.5477
v  44.4248 101.3513 20.5477
v  44.0735 102.2409 20.5477
v  41.8559 103.3334 20.5477
v  -41.8559 102.2395 -14.6100
v  -43.8498 102.8265 -14.3652
v  -41.8559 102.8267 -14.3651
v  -41.8559 103.3334 -7.6174
v  -43.7742 103.3334 -8.7954
v  -43.7742 103.3334 -7.6174
v  -41.8559 103.3334 -13.0863
v  -43.7742 103.3334 -14.2643
v  -43.7742 103.3334 -13.0863
v  -44.3500 101.8163 -14.8927
v  -41.8559 101.3512 -15.5888
v  -44.4248 101.3512 -15.5888
v  -44.4248 101.1879 -16.4098
v  -41.8559 101.1879 -16.4098
v  -44.4248 101.3512 -17.2308
v  -41.8559 101.3512 -17.2308
v  -44.3500 101.8163 -17.9268
v  -43.7742 103.3334 -2.1484
v  -41.8559 103.3334 -3.3265
v  -43.7742 103.3334 -3.3265
v  -44.3500 101.8163 -9.4238
v  -41.8559 101.3512 -10.1198
v  -44.4248 101.3512 -10.1198
v  -44.4248 101.1879 -10.9408
v  -41.8559 101.1879 -10.9408
v  -44.4248 101.3512 -11.7619
v  -41.8559 101.3512 -11.7619
v  -44.3500 101.8163 -12.4579
v  -44.3500 101.8163 -3.9548
v  -41.8559 101.3513 -4.6509
v  -44.4248 101.3513 -4.6509
v  -44.4248 101.1880 -5.4719
v  -41.8559 101.1880 -5.4719
v  -44.4248 101.3513 -6.2929
v  -41.8559 101.3513 -6.2929
v  -44.3500 101.8163 -6.9890
v  -44.4248 101.1880 -0.0001
v  -41.8559 101.3513 -0.8240
v  -44.4248 101.3513 -0.8240
v  -44.4248 97.1901 -20.5478
v  -44.4248 97.1901 -14.2700
v  -44.4248 97.1901 -13.0871
v  -44.4248 97.1901 -3.3264
v  -44.4248 97.1901 -7.6153
v  -44.4248 97.1901 -2.1486
v  -44.4248 97.1901 -0.0000
v  -44.4248 97.1901 -8.7969
v  -43.1404 97.1901 -3.3264
v  -44.3500 101.8163 -1.5200
v  -43.1404 97.1901 -8.7969
v  -43.1404 97.1901 -14.2700
v  -43.1404 97.1901 -13.0871
v  -43.1404 97.1901 -20.5478
v  -43.1404 97.1901 -7.6153
v  -43.1404 97.1901 -2.1486
v  -41.8559 97.1901 -20.5478
v  -41.8559 97.1901 -14.2700
v  -41.8559 97.1901 -13.0871
v  -41.8559 97.1901 -3.3264
v  -41.8559 97.1901 -7.6153
v  -41.8559 97.1901 -2.1486
v  -41.8559 101.1880 -0.0001
v  -41.8559 97.1901 -0.0000
v  -41.8559 97.1901 -8.7969
v  -41.8559 101.8163 -9.4238
v  -41.8559 101.8163 -6.9890
v  -41.8559 101.8163 -1.5200
v  -41.8559 101.8163 -14.8927
v  -43.1404 97.1901 -0.0000
v  -44.0735 102.2408 -12.7416
v  -43.8498 102.8265 -12.9855
v  -43.8498 102.8265 -8.8962
v  -44.0735 102.2409 -7.2726
v  -43.8498 102.8265 -7.5165
v  -43.8498 102.8265 -3.4273
v  -44.0735 102.2409 -1.8037
v  -43.8498 102.8265 -2.0476
v  -43.8498 102.8265 -18.4544
v  -41.8559 102.2395 -18.2096
v  -41.8559 102.8267 -18.4544
v  -41.8559 102.2395 -9.1411
v  -41.8559 102.8267 -8.8962
v  -41.8559 102.2395 -12.7406
v  -41.8559 102.8267 -12.9855
v  -41.8559 102.2395 -3.6721
v  -41.8559 102.8267 -3.4273
v  -41.8559 102.2395 -7.2717
v  -41.8559 102.8267 -7.5166
v  -41.8559 102.2395 -1.8028
v  -41.8559 102.8267 -2.0476
v  -44.0735 102.2408 -14.6091
v  -43.7742 103.3334 -18.5552
v  -41.8559 101.8163 -17.9268
v  -44.0735 102.2408 -18.2105
v  -44.0735 102.2408 -9.1401
v  -41.8559 101.8163 -12.4579
v  -44.0735 102.2409 -3.6712
v  -41.8559 101.8163 -3.9548
v  -41.8559 103.3334 -18.5552
v  -43.7742 103.3334 -20.5478
v  -41.8559 103.3334 -8.7954
v  -44.3500 101.8163 -20.5478
v  -43.8498 102.8265 -20.5478
v  -44.4248 101.3512 -20.5478
v  -44.0735 102.2408 -20.5478
v  -41.8559 103.3334 -20.5478
v  -41.8559 102.2395 14.6099
v  -43.8498 102.8266 14.3651
v  -44.0735 102.2409 14.6090
v  -43.7742 103.3334 8.7953
v  -41.8559 103.3334 7.6173
v  -43.7742 103.3334 7.6173
v  -43.7742 103.3334 14.2642
v  -41.8559 103.3334 13.0862
v  -43.7742 103.3334 13.0862
v  -44.3500 101.8163 14.8926
v  -41.8559 101.3513 15.5887
v  -41.8559 101.8163 14.8926
v  -44.4248 101.1880 16.4097
v  -44.4248 101.3513 15.5887
v  -44.4248 101.3513 17.2307
v  -41.8559 101.1880 16.4097
v  -44.3500 101.8163 17.9268
v  -41.8559 101.3513 17.2307
v  -43.7742 103.3334 3.3264
v  -41.8559 103.3334 2.1483
v  -43.7742 103.3334 2.1483
v  -44.3500 101.8163 9.4237
v  -41.8559 101.3513 10.1197
v  -41.8559 101.8163 9.4237
v  -44.4248 101.1880 10.9407
v  -44.4248 101.3513 10.1197
v  -44.4248 101.3513 11.7618
v  -41.8559 101.1880 10.9407
v  -44.3500 101.8163 12.4578
v  -41.8559 101.3513 11.7618
v  -44.3500 101.8163 3.9547
v  -41.8559 101.3513 4.6508
v  -41.8559 101.8163 3.9547
v  -44.4248 101.1880 5.4718
v  -44.4248 101.3513 4.6508
v  -44.4248 101.3513 6.2928
v  -41.8559 101.1880 5.4718
v  -44.3500 101.8163 6.9889
v  -41.8559 101.3513 6.2928
v  -44.4248 101.3513 0.8239
v  -44.4248 97.1901 20.5477
v  -44.4248 97.1901 14.2700
v  -44.4248 97.1901 13.0870
v  -44.4248 97.1901 3.3263
v  -44.4248 97.1901 7.6152
v  -44.4248 97.1901 2.1485
v  -44.4248 97.1901 8.7968
v  -43.1404 97.1901 3.3263
v  -44.3500 101.8163 1.5199
v  -43.1404 97.1901 8.7968
v  -43.1404 97.1901 14.2700
v  -43.1404 97.1901 13.0870
v  -43.1404 97.1901 20.5477
v  -43.1404 97.1901 7.6152
v  -43.1404 97.1901 2.1485
v  -41.8559 97.1901 20.5477
v  -41.8559 97.1901 14.2700
v  -41.8559 97.1901 13.0870
v  -41.8559 97.1901 3.3263
v  -41.8559 97.1901 7.6152
v  -41.8559 97.1901 2.1485
v  -41.8559 101.3513 0.8239
v  -41.8559 97.1901 8.7968
v  -41.8559 101.8163 6.9889
v  -41.8559 101.8163 1.5199
v  -44.0735 102.2409 12.7415
v  -43.8498 102.8266 12.9854
v  -44.0735 102.2409 7.2725
v  -43.8498 102.8266 8.8961
v  -43.8498 102.8265 7.5164
v  -44.0735 102.2409 1.8036
v  -43.8498 102.8265 3.4272
v  -43.8498 102.8265 2.0475
v  -41.8559 102.2395 18.2095
v  -43.8498 102.8266 18.4543
v  -41.8559 102.8267 18.4543
v  -41.8559 102.2395 9.1410
v  -44.0735 102.2409 9.1400
v  -41.8559 102.2395 12.7405
v  -41.8559 102.8267 12.9854
v  -41.8559 102.2395 3.6720
v  -44.0735 102.2409 3.6711
v  -41.8559 102.2395 7.2716
v  -41.8559 102.8267 7.5165
v  -41.8559 102.2395 1.8027
v  -41.8559 102.8267 2.0475
v  -41.8559 102.8267 3.4272
v  -41.8559 102.8267 14.3650
v  -41.8559 103.3334 14.2642
v  -43.7742 103.3334 18.5551
v  -44.0735 102.2409 18.2104
v  -41.8559 101.8163 17.9268
v  -41.8559 102.8267 8.8961
v  -41.8559 103.3334 8.7953
v  -41.8559 101.8163 12.4578
v  -41.8559 103.3334 3.3264
v  -43.7742 103.3334 20.5477
v  -41.8559 103.3334 18.5551
v  -44.3500 101.8163 20.5477
v  -43.8498 102.8266 20.5477
v  -44.4248 101.3513 20.5477
v  -44.0735 102.2409 20.5477
v  -41.8559 103.3334 20.5477
v  41.8559 103.3334 14.2642
v  -41.8559 103.3334 -14.2643
v  -41.8559 103.3334 -2.1484
v  3.3695 124.9781 -0.0000
v  2.6733 124.1315 -1.1074
v  3.1130 124.9781 -1.2895
v  2.3826 124.9781 -2.3827
v  2.0460 124.1315 -2.0461
v  1.2895 124.9781 -3.1131
v  0.0000 124.1315 -2.8936
v  0.0000 124.9781 -3.3696
v  -1.1073 124.1315 -2.6733
v  -1.2895 124.9781 -3.1131
v  -2.3826 124.9781 -2.3827
v  -2.6733 124.1315 -1.1074
v  -3.1130 124.9781 -1.2895
v  -3.3695 124.9781 -0.0000
v  -2.6733 124.1315 1.1073
v  -3.1130 124.9781 1.2894
v  -2.0460 124.1315 2.0460
v  -2.3826 124.9781 2.3826
v  -1.1073 124.1315 2.6732
v  -1.2895 124.9781 3.1130
v  -0.0000 124.1315 2.8935
v  -0.0000 124.9781 3.3695
v  1.1073 124.1315 2.6732
v  1.2895 124.9781 3.1130
v  2.3826 124.9781 2.3826
v  2.6733 124.1315 1.1073
v  3.1130 124.9781 1.2894
v  3.7123 110.5229 -0.0000
v  3.4811 117.0483 -1.4420
v  3.7680 117.0483 -0.0000
v  3.4297 110.5229 -1.4207
v  2.6644 117.0483 -2.6644
v  2.6250 110.5229 -2.6250
v  1.4419 117.0483 -3.4812
v  1.4206 110.5229 -3.4297
v  -0.0000 117.0483 -3.7680
v  -0.0000 110.5229 -3.7123
v  -1.4419 117.0483 -3.4812
v  -1.4206 110.5229 -3.4297
v  -2.6644 117.0483 -2.6644
v  -2.6250 110.5229 -2.6250
v  -3.4811 117.0483 -1.4420
v  -3.4297 110.5229 -1.4207
v  -3.7680 117.0483 -0.0000
v  -3.7123 110.5229 -0.0000
v  -3.4811 117.0483 1.4419
v  -3.4297 110.5229 1.4206
v  -2.6644 117.0483 2.6643
v  -2.6250 110.5229 2.6249
v  -1.4419 117.0483 3.4811
v  -1.4206 110.5229 3.4296
v  0.0000 117.0483 3.7679
v  0.0000 110.5229 3.7122
v  1.4419 117.0483 3.4811
v  1.4206 110.5229 3.4296
v  2.6644 117.0483 2.6643
v  2.6250 110.5229 2.6249
v  3.4811 117.0483 1.4419
v  3.4297 110.5229 1.4206
v  4.5521 117.9416 -1.8856
v  4.9272 117.9416 -0.0000
v  3.4840 117.9416 -3.4841
v  1.8855 117.9416 -4.5522
v  -0.0000 117.9416 -4.9272
v  -1.8855 117.9416 -4.5522
v  -3.4840 117.9416 -3.4841
v  -4.5521 117.9416 -1.8856
v  -4.9272 117.9416 -0.0000
v  -4.5521 117.9416 1.8855
v  -3.4840 117.9416 3.4840
v  -1.8855 117.9416 4.5521
v  0.0000 117.9416 4.9271
v  1.8855 117.9416 4.5521
v  3.4840 117.9416 3.4840
v  4.5521 117.9416 1.8855
v  2.9403 121.8215 -0.0000
v  2.4114 122.9765 -0.9989
v  2.6101 122.9765 -0.0000
v  2.7165 121.8215 -1.1252
v  1.8456 122.9765 -1.8456
v  2.0791 121.8215 -2.0792
v  0.9988 122.9765 -2.4114
v  1.1252 121.8215 -2.7165
v  0.0000 122.9765 -2.6101
v  0.0000 121.8215 -2.9404
v  -0.9988 122.9765 -2.4114
v  -1.1252 121.8215 -2.7165
v  -1.8456 122.9765 -1.8456
v  -2.0791 121.8215 -2.0792
v  -2.4114 122.9765 -0.9989
v  -2.7165 121.8215 -1.1252
v  -2.6101 122.9765 -0.0000
v  -2.9403 121.8215 -0.0000
v  -2.4114 122.9765 0.9988
v  -2.7165 121.8215 1.1252
v  -1.8456 122.9765 1.8456
v  -2.0791 121.8215 2.0791
v  -0.9988 122.9765 2.4113
v  -1.1252 121.8215 2.7165
v  -0.0000 122.9765 2.6100
v  -0.0000 121.8215 2.9403
v  0.9988 122.9765 2.4113
v  1.1252 121.8215 2.7165
v  1.8456 122.9765 1.8455
v  2.0791 121.8215 2.0791
v  2.4114 122.9765 0.9988
v  2.7165 121.8215 1.1252
v  4.7054 126.0053 -0.0000
v  3.9531 126.9420 -1.6375
v  4.2788 126.9420 -0.0000
v  3.3272 126.0053 -3.3273
v  3.0256 126.9420 -3.0256
v  1.6374 126.9420 -3.9532
v  1.8007 126.0053 -4.3473
v  0.0000 126.9420 -4.2789
v  0.0000 126.0053 -4.7054
v  -1.6374 126.9420 -3.9532
v  -3.3272 126.0053 -3.3273
v  -3.0256 126.9420 -3.0256
v  -4.3472 126.0053 -1.8007
v  -3.9531 126.9420 -1.6375
v  -4.7054 126.0053 -0.0000
v  -4.2788 126.9420 -0.0000
v  -4.3472 126.0053 1.8006
v  -3.9531 126.9420 1.6374
v  -3.3272 126.0053 3.3272
v  -3.0256 126.9420 3.0256
v  -1.6374 126.9420 3.9531
v  -1.8007 126.0053 4.3472
v  -0.0000 126.9420 4.2788
v  -0.0000 126.0053 4.7054
v  1.6374 126.9420 3.9531
v  3.3272 126.0053 3.3272
v  3.0256 126.9420 3.0256
v  4.3472 126.0053 1.8006
v  3.9531 126.9420 1.6374
v  4.4348 121.1245 -0.0000
v  4.9288 119.6648 -2.0416
v  4.0973 121.1245 -1.6972
v  3.1359 121.1245 -3.1359
v  3.7723 119.6648 -3.7724
v  1.6971 121.1245 -4.0973
v  2.0416 119.6648 -4.9288
v  -0.0000 121.1245 -4.4349
v  -0.0000 119.6648 -5.3349
v  -1.6971 121.1245 -4.0973
v  -2.0416 119.6648 -4.9288
v  -3.1359 121.1245 -3.1359
v  -3.7723 119.6648 -3.7724
v  -4.0973 121.1245 -1.6972
v  -4.9288 119.6648 -2.0416
v  -4.4348 121.1245 -0.0000
v  -5.3349 119.6648 -0.0000
v  -4.0973 121.1245 1.6971
v  -4.9288 119.6648 2.0415
v  -3.1359 121.1245 3.1359
v  -3.7723 119.6648 3.7723
v  -1.6971 121.1245 4.0972
v  -2.0416 119.6648 4.9288
v  -0.0000 121.1245 4.4348
v  -0.0000 119.6648 5.3349
v  1.6971 121.1245 4.0972
v  2.0416 119.6648 4.9288
v  3.1359 121.1245 3.1359
v  3.7723 119.6648 3.7723
v  4.0973 121.1245 1.6971
v  5.3349 119.6648 -0.0000
v  4.9288 119.6648 2.0415
v  4.1777 125.3748 -0.0000
v  3.8597 125.3748 -1.5988
v  2.9541 125.3748 -2.9541
v  1.5987 125.3748 -3.8597
v  0.0000 125.3748 -4.1777
v  -1.5987 125.3748 -3.8597
v  -2.9541 125.3748 -2.9541
v  -3.8597 125.3748 -1.5988
v  -4.1777 125.3748 -0.0000
v  -3.8597 125.3748 1.5987
v  -2.9541 125.3748 2.9540
v  -1.5987 125.3748 3.8596
v  -0.0000 125.3748 4.1776
v  1.5987 125.3748 3.8596
v  2.9541 125.3748 2.9540
v  3.8597 125.3748 1.5987
v  3.4261 127.4750 -0.0000
v  2.1892 127.8677 -0.9068
v  2.3695 127.8677 -0.0000
v  3.1653 127.4750 -1.3111
v  1.6755 127.8677 -1.6756
v  2.4226 127.4750 -2.4226
v  0.9068 127.8677 -2.1892
v  1.3111 127.4750 -3.1653
v  0.0000 127.8677 -2.3696
v  0.0000 127.4750 -3.4261
v  -0.9068 127.8677 -2.1892
v  -1.3111 127.4750 -3.1653
v  -1.6755 127.8677 -1.6756
v  -2.4226 127.4750 -2.4226
v  -2.1892 127.8677 -0.9068
v  -3.1653 127.4750 -1.3111
v  -2.3695 127.8677 -0.0000
v  -3.4261 127.4750 -0.0000
v  -2.1892 127.8677 0.9067
v  -3.1653 127.4750 1.3111
v  -1.6755 127.8677 1.6755
v  -2.4226 127.4750 2.4226
v  -0.9068 127.8677 2.1891
v  -1.3111 127.4750 3.1652
v  -0.0000 127.8677 2.3695
v  -0.0000 127.4750 3.4260
v  0.9068 127.8677 2.1891
v  1.3111 127.4750 3.1652
v  1.6755 127.8677 1.6755
v  2.4226 127.4750 2.4226
v  2.1892 127.8677 0.9067
v  3.1653 127.4750 1.3111
v  2.8935 124.1315 -0.0000
v  1.1073 124.1315 -2.6733
v  -2.0460 124.1315 -2.0461
v  -2.8935 124.1315 -0.0000
v  2.0460 124.1315 2.0460
v  0.0000 128.2074 -0.0000
v  4.3472 126.0053 -1.8007
v  -1.8007 126.0053 -4.3473
v  1.8007 126.0053 4.3472
v  -6.7964 47.5331 23.6595
v  5.5909 46.3324 23.6595
v  6.7964 47.5331 23.6595
v  -6.7964 49.9328 23.6595
v  6.7964 49.9328 23.6595
v  -5.5909 46.3324 23.6595
v  5.5909 46.3324 23.3936
v  -5.5909 51.1334 23.6595
v  5.5909 51.1334 23.6595
v  -5.5909 51.1334 23.3936
v  5.5909 51.1334 23.3936
v  6.7964 47.5331 23.3936
v  6.7964 49.9328 23.3936
v  -6.7964 49.9328 23.3936
v  -6.7964 47.5331 23.3936
v  -5.5909 46.3324 23.3936
v  11.6749 98.1579 13.0570
v  14.5823 110.5518 13.0570
v  11.6833 111.8899 13.0570
v  14.4713 98.1579 13.0570
v  17.9794 110.2231 13.0570
v  21.3682 98.1579 13.0570
v  21.3572 110.5515 13.0570
v  24.2118 98.1579 13.0570
v  24.2017 111.8893 13.0570
v  14.5823 110.5518 9.9272
v  11.6833 111.8899 9.9272
v  17.9794 110.2231 9.9272
v  21.3572 110.5515 9.9272
v  24.2017 111.8893 9.9272
v  24.2118 98.1579 9.9272
v  21.3682 98.1579 9.9272
v  14.4713 98.1579 9.9272
v  11.6749 98.1579 9.9272
v  26.5612 113.8823 13.0570
v  27.0043 114.0087 9.9272
v  26.5612 113.8823 9.9272
v  27.0043 114.0087 13.0570
v  27.8904 114.0611 9.9272
v  27.1251 98.1579 13.0570
v  27.8904 98.1579 13.0570
v  27.8904 114.0611 13.0570
v  27.8904 98.1579 9.9272
v  27.1251 98.1579 9.9272
v  9.2582 113.8817 9.9272
v  8.6902 98.1579 9.9272
v  8.8098 114.0085 9.9272
v  8.0701 98.1579 9.9272
v  8.0701 114.0611 9.9272
v  8.0701 98.1579 13.0570
v  8.8098 114.0085 13.0570
v  8.0701 114.0611 13.0570
v  8.6902 98.1579 13.0570
v  9.2582 113.8817 13.0570
v  31.0212 114.0611 9.9272
v  31.0212 114.0611 13.0570
v  26.5086 98.1579 9.9272
v  31.0212 98.1579 13.0570
v  26.5086 98.1579 13.0570
v  0.0000 114.0611 9.9272
v  0.0000 98.1579 9.9272
v  9.3103 98.1579 9.9272
v  0.0000 114.0611 13.0570
v  0.0000 98.1579 13.0570
v  9.3103 98.1579 13.0570
v  -14.5823 110.5518 13.0570
v  -11.6749 98.1579 13.0570
v  -11.6833 111.8899 13.0570
v  -17.9794 110.2231 13.0570
v  -14.4713 98.1579 13.0570
v  -21.3682 98.1579 13.0570
v  -17.9491 98.1579 13.0570
v  -21.3572 110.5515 13.0570
v  -24.2118 98.1579 13.0570
v  -14.5823 110.5518 9.9272
v  -11.6833 111.8899 9.9272
v  -17.9794 110.2231 9.9272
v  -21.3572 110.5515 9.9272
v  -24.2017 111.8893 9.9272
v  -24.2118 98.1579 9.9272
v  -21.3682 98.1579 9.9272
v  -14.4713 98.1579 9.9272
v  -17.9491 98.1579 9.9272
v  -11.6749 98.1579 9.9272
v  -27.0043 114.0087 9.9272
v  -26.5612 113.8823 13.0570
v  -26.5612 113.8823 9.9272
v  -27.8904 114.0611 9.9272
v  -27.0043 114.0087 13.0570
v  -27.1251 98.1579 13.0570
v  -26.5086 98.1579 13.0570
v  -27.8904 98.1579 13.0570
v  -27.8904 98.1579 9.9272
v  -27.1251 98.1579 9.9272
v  -9.2582 113.8817 9.9272
v  -8.6902 98.1579 9.9272
v  -9.3103 98.1579 9.9272
v  -8.8098 114.0085 9.9272
v  -8.0701 98.1579 9.9272
v  -8.8098 114.0085 13.0570
v  -8.0701 98.1579 13.0570
v  -8.0701 114.0611 13.0570
v  -9.2582 113.8817 13.0570
v  -8.6902 98.1579 13.0570
v  -8.0701 114.0611 9.9272
v  -31.0212 114.0611 9.9272
v  -27.8904 114.0611 13.0570
v  -26.5086 98.1579 9.9272
v  -31.0212 114.0611 13.0570
v  -31.0212 98.1579 13.0570
v  -24.2017 111.8893 13.0570
v  -9.3103 98.1579 13.0570
v  14.5823 110.5518 -13.0121
v  11.6749 98.1579 -13.0121
v  11.6833 111.8899 -13.0121
v  17.9794 110.2231 -13.0121
v  14.4713 98.1579 -13.0121
v  21.3682 98.1579 -13.0121
v  17.9491 98.1579 -13.0121
v  21.3572 110.5514 -13.0121
v  24.2118 98.1579 -13.0121
v  14.5823 110.5518 -9.8822
v  11.6833 111.8899 -9.8822
v  17.9794 110.2231 -9.8822
v  21.3572 110.5514 -9.8822
v  24.2017 111.8893 -9.8822
v  24.2118 98.1579 -9.8822
v  21.3682 98.1579 -9.8822
v  14.4713 98.1579 -9.8822
v  17.9491 98.1579 -9.8822
v  11.6749 98.1579 -9.8822
v  27.0043 114.0087 -9.8822
v  26.5612 113.8823 -13.0121
v  26.5612 113.8823 -9.8822
v  27.8904 114.0611 -9.8822
v  27.0043 114.0087 -13.0121
v  27.1251 98.1579 -13.0121
v  26.5086 98.1579 -13.0121
v  27.8904 98.1579 -13.0121
v  27.8904 98.1579 -9.8822
v  27.1251 98.1579 -9.8822
v  9.2582 113.8817 -9.8822
v  8.6902 98.1579 -9.8822
v  9.3103 98.1579 -9.8822
v  8.8098 114.0085 -9.8822
v  8.0701 98.1579 -9.8822
v  8.8098 114.0085 -13.0121
v  8.0701 98.1579 -13.0121
v  8.0701 114.0611 -13.0121
v  9.2582 113.8817 -13.0121
v  8.6902 98.1579 -13.0121
v  8.0701 114.0611 -9.8822
v  31.0212 114.0611 -9.8823
v  27.8904 114.0611 -13.0121
v  26.5086 98.1579 -9.8822
v  31.0212 114.0611 -13.0121
v  31.0212 98.1579 -13.0121
v  24.2017 111.8893 -13.0121
v  0.0000 114.0611 -9.8822
v  0.0000 98.1579 -9.8822
v  0.0000 114.0611 -13.0121
v  9.3103 98.1579 -13.0121
v  -11.6749 98.1579 -13.0121
v  -14.5823 110.5518 -13.0121
v  -11.6833 111.8899 -13.0121
v  -14.4713 98.1579 -13.0121
v  -17.9794 110.2231 -13.0121
v  -21.3682 98.1579 -13.0121
v  -21.3572 110.5514 -13.0121
v  -24.2118 98.1579 -13.0121
v  -24.2017 111.8893 -13.0121
v  -14.5823 110.5518 -9.8822
v  -11.6833 111.8899 -9.8822
v  -17.9794 110.2231 -9.8822
v  -21.3572 110.5514 -9.8822
v  -24.2017 111.8893 -9.8822
v  -24.2118 98.1579 -9.8822
v  -21.3682 98.1579 -9.8822
v  -14.4713 98.1579 -9.8822
v  -11.6749 98.1579 -9.8822
v  -26.5612 113.8823 -13.0121
v  -27.0043 114.0087 -9.8822
v  -26.5612 113.8823 -9.8822
v  -27.0043 114.0087 -13.0121
v  -27.8904 114.0611 -9.8822
v  -27.1251 98.1579 -13.0121
v  -27.8904 98.1579 -13.0121
v  -27.8904 114.0611 -13.0121
v  -27.8904 98.1579 -9.8822
v  -27.1251 98.1579 -9.8822
v  -9.2582 113.8817 -9.8822
v  -8.6902 98.1579 -9.8822
v  -8.8098 114.0085 -9.8822
v  -8.0701 98.1579 -9.8822
v  -8.0701 114.0611 -9.8822
v  -8.0701 98.1579 -13.0121
v  -8.8098 114.0085 -13.0121
v  -8.0701 114.0611 -13.0121
v  -8.6902 98.1579 -13.0121
v  -9.2582 113.8817 -13.0121
v  -31.0212 114.0611 -9.8823
v  -31.0212 114.0611 -13.0121
v  -26.5086 98.1579 -9.8822
v  -31.0212 98.1579 -13.0121
v  -26.5086 98.1579 -13.0121
v  -9.3103 98.1579 -9.8822
v  0.0000 98.1579 -13.0121
v  -9.3103 98.1579 -13.0121
v  17.9491 98.1579 13.0570
v  17.9491 98.1579 9.9272
v  31.0212 98.1579 9.9272
v  -31.0212 98.1579 9.9272
v  31.0212 98.1579 -9.8823
v  -17.9491 98.1579 -13.0121
v  -17.9491 98.1579 -9.8822
v  -31.0212 98.1579 -9.8823
v  22.6115 110.6168 9.9431
v  22.6115 98.2597 -0.0000
v  22.6115 110.6168 -0.0000
v  0.0000 110.6168 9.9431
v  22.6115 98.2597 9.9431
v  0.0000 98.2597 -0.0000
v  0.0000 98.2597 9.9431
v  -22.6115 98.2597 -0.0000
v  -22.6115 110.6168 9.9431
v  -22.6115 110.6168 -0.0000
v  -22.6115 98.2597 9.9431
v  22.6115 110.6168 -9.9432
v  22.6115 98.2597 -9.9431
v  0.0000 110.6168 -9.9432
v  0.0000 98.2597 -9.9431
v  -22.6115 110.6168 -9.9432
v  -22.6115 98.2597 -9.9431
v  0.0000 110.6168 -0.0000
v  0.0000 98.3465 -0.0000
v  44.7977 98.3465 23.3365
v  44.7977 98.3465 -0.0000
v  44.9981 97.9027 23.4409
v  0.0000 97.3117 23.4985
v  45.1087 97.3117 23.4985
v  44.9981 96.7206 23.4409
v  45.1087 97.3117 -0.0000
v  44.9981 97.9027 -0.0000
v  44.9981 96.7206 -0.0000
v  44.6267 95.8330 -0.0000
v  44.5323 95.2420 23.1983
v  44.5323 95.2420 -0.0000
v  44.6267 94.6509 -0.0000
v  0.0000 95.8330 23.2474
v  44.6267 95.8330 23.2474
v  0.0000 94.6509 23.2474
v  44.6267 94.6509 23.2474
v  44.7977 96.2768 23.3365
v  44.7977 96.2768 -0.0000
v  0.0000 97.9027 23.4409
v  0.0000 96.7206 23.4409
v  0.0000 96.2768 23.3365
v  44.7977 94.2071 -0.0000
v  44.7977 94.2071 23.3365
v  0.0000 94.2071 23.3365
v  -44.7977 98.3465 23.3365
v  -44.7977 98.3465 -0.0000
v  -44.9981 97.9027 23.4409
v  -44.9981 96.7206 23.4409
v  -45.1087 97.3117 23.4985
v  -45.1087 97.3117 -0.0000
v  -44.9981 97.9027 -0.0000
v  -44.6267 95.8330 -0.0000
v  -44.5323 95.2420 23.1983
v  -44.6267 95.8330 23.2474
v  -44.6267 94.6509 -0.0000
v  -44.5323 95.2420 -0.0000
v  0.0000 95.2420 23.1983
v  -44.7977 96.2768 23.3365
v  -44.9981 96.7206 -0.0000
v  -44.7977 96.2768 -0.0000
v  -44.7977 94.2071 -0.0000
v  -44.6267 94.6509 23.2474
v  -44.7977 94.2071 23.3365
v  44.7977 98.3465 -23.3365
v  44.9981 97.9027 -23.4409
v  0.0000 97.3117 -23.4985
v  0.0000 97.9027 -23.4409
v  44.9981 96.7206 -23.4409
v  45.1087 97.3117 -23.4985
v  44.5323 95.2419 -23.1983
v  44.6267 95.8330 -23.2475
v  0.0000 95.8330 -23.2475
v  0.0000 94.6509 -23.2475
v  0.0000 95.2419 -23.1983
v  44.7977 96.2768 -23.3365
v  0.0000 96.7206 -23.4409
v  44.6267 94.6509 -23.2475
v  0.0000 94.2071 -23.3365
v  44.7977 94.2071 -23.3365
v  0.0000 96.2768 -23.3365
v  -44.7977 98.3465 -23.3365
v  -44.9981 97.9027 -23.4409
v  -45.1087 97.3117 -23.4985
v  -44.9981 96.7206 -23.4409
v  -44.5323 95.2419 -23.1983
v  -44.6267 95.8330 -23.2475
v  -44.6267 94.6509 -23.2475
v  -44.7977 96.2768 -23.3365
v  -44.7977 94.2071 -23.3365
v  0.0000 98.3465 23.3365
v  0.0000 98.3465 -23.3365
v  0.0000 89.7932 21.3752
v  47.0992 89.7932 -17.3889
v  47.0992 89.7932 21.3752
v  0.0000 46.8265 -17.3888
v  47.0992 46.8265 -17.3888
v  47.0992 46.8265 21.3752
v  48.0072 46.1013 23.1678
v  0.0000 46.8265 21.3752
v  47.4270 46.6207 23.3835
v  47.3075 46.7315 23.4080
v  48.0516 90.9880 -23.2008
v  0.0000 46.0615 -23.2008
v  0.0000 90.9880 -23.2008
v  0.0000 46.0615 23.0438
v  0.0000 46.1018 23.1680
v  43.3588 51.0863 23.4080
v  43.4805 50.9671 23.4181
v  0.0000 46.6192 23.3830
v  0.0000 46.7311 23.4079
v  47.1862 46.8492 23.4181
v  0.0000 46.8492 23.4181
v  0.0000 50.9671 23.4181
v  0.0000 51.0864 23.4079
v  43.2383 51.2009 23.3834
v  0.0000 51.2011 23.3834
v  48.0516 46.0615 23.0438
v  48.0516 46.0615 -23.2008
v  47.8999 46.1973 23.2452
v  42.6536 51.7449 23.1678
v  42.7620 51.6441 23.2452
v  0.0000 51.6438 23.2453
v  0.0000 51.7448 23.1679
v  42.6087 51.7867 23.0438
v  0.0000 51.7867 23.0438
v  0.0000 46.1992 23.2458
v  0.0000 51.4834 21.3797
v  42.6976 51.6979 21.4688
v  42.9120 51.4834 21.3800
v  0.0000 51.6979 21.4687
v  42.6087 51.7867 21.6832
v  0.0000 51.7867 21.6832
v  -47.0992 89.7932 -17.3889
v  -47.0992 89.7932 21.3752
v  -47.0992 46.8265 -17.3888
v  -47.0992 46.8265 21.3752
v  -48.0072 46.1013 23.1678
v  -47.8999 46.1973 23.2452
v  -47.4270 46.6207 23.3835
v  -47.3075 46.7315 23.4080
v  -47.1862 46.8492 23.4181
v  -48.0516 90.9880 -23.2008
v  -48.0516 46.0615 23.0438
v  -43.3588 51.0863 23.4080
v  -43.2383 51.2009 23.3834
v  -43.4805 50.9671 23.4181
v  -48.0516 46.0615 -23.2008
v  -42.6536 51.7449 23.1678
v  -42.6087 51.7867 23.0438
v  -42.7620 51.6441 23.2452
v  -42.6976 51.6979 21.4688
v  -42.9120 51.4834 21.3800
v  -42.6087 51.7867 21.6832
v  0.0000 89.7932 -17.3889
v  42.5821 90.9786 24.3687
v  42.5821 85.4946 23.1856
v  42.5821 85.4946 24.3687
v  42.5821 90.9786 23.1856
v  48.0661 85.4946 23.1856
v  48.0661 90.9786 23.1856
v  48.0661 85.4946 24.3687
v  48.0661 90.9786 24.3687
v  -42.5821 85.4946 23.1856
v  -42.5821 90.9786 24.3687
v  -42.5821 85.4946 24.3687
v  -48.0661 85.4946 23.1856
v  -42.5821 90.9786 23.1856
v  -48.0661 85.4946 24.3687
v  -48.0661 90.9786 23.1856
v  -48.0661 90.9786 24.3687
v  42.5821 51.5549 23.1856
v  42.5821 46.0710 24.3687
v  42.5821 51.5549 24.3687
v  48.0661 51.5549 23.1856
v  42.5821 46.0710 23.1856
v  48.0661 51.5549 24.3687
v  48.0661 46.0710 23.1856
v  48.0661 46.0710 24.3687
v  -42.5821 46.0710 24.3687
v  -42.5821 51.5549 23.1856
v  -42.5821 51.5549 24.3687
v  -42.5821 46.0710 23.1856
v  -48.0661 51.5549 23.1856
v  -48.0661 46.0710 23.1856
v  -48.0661 51.5549 24.3687
v  -48.0661 46.0710 24.3687
# 4827 vertices

vn -0.0018 -0.6262 0.7796
vn 0.0022 -0.4115 0.9114
vn -0.0022 -0.4115 0.9114
vn -0.0016 -0.7209 0.6931
vn 0.0023 -0.1838 0.9830
vn -0.0023 -0.1838 0.9830
vn 0.4653 -0.7526 0.4659
vn 0.4254 -0.5242 0.7377
vn 0.3362 -0.7399 0.5826
vn 0.5957 -0.5382 0.5962
vn 0.4986 -0.0736 0.8637
vn 0.0019 -0.6263 0.7796
vn 0.0024 -0.0094 1.0000
vn 0.1797 -0.9323 0.3140
vn 0.0016 -0.7209 0.6931
vn 0.0008 -0.9263 0.3768
vn 0.3389 -0.7335 0.5891
vn 0.2624 -0.9286 0.2624
vn 0.4874 -0.7244 0.4874
vn 0.4864 -0.2299 0.8429
vn -0.0008 -0.9263 0.3768
vn -0.0020 0.4532 0.8914
vn 0.0010 0.8809 0.4733
vn -0.0010 0.8809 0.4733
vn 0.7050 -0.0768 0.7050
vn 0.4190 0.5304 0.7369
vn 0.4992 -0.0506 0.8650
vn 0.5996 0.5305 0.5992
vn 0.1947 0.9214 0.3362
vn -0.0023 0.0116 0.9999
vn 0.0020 0.4532 0.8914
vn -0.0024 -0.0094 1.0000
vn 0.0023 0.0116 0.9999
vn -0.0011 0.8800 0.4750
vn 0.0021 0.4173 0.9088
vn -0.0020 0.4173 0.9088
vn 0.7036 -0.0992 0.7036
vn 0.0005 0.9777 0.2102
vn 0.2049 0.9349 0.2899
vn 0.0011 0.8800 0.4750
vn 0.4124 0.6578 0.6303
vn 0.1289 0.9877 0.0887
vn 0.0894 0.9868 0.1354
vn 0.3112 0.9353 0.1685
vn -0.0005 0.9777 0.2102
vn 0.2752 0.9244 0.2642
vn -0.0007 0.9460 0.3243
vn 0.0004 0.9834 0.1815
vn -0.0004 0.9834 0.1815
vn 0.0824 0.9859 0.1457
vn 0.0007 0.9460 0.3243
vn 0.1442 0.9571 0.2512
vn 0.0019 0.5650 0.8251
vn 0.3587 0.7326 0.5784
vn 0.2117 0.9551 0.2073
vn 0.1221 0.9849 0.1227
vn 0.5246 0.7380 0.4245
vn -0.0019 0.5650 0.8251
vn -0.0022 -0.4001 0.9165
vn 0.0017 -0.6477 0.7619
vn -0.0018 -0.6477 0.7619
vn -0.0023 -0.2055 0.9787
vn 0.0022 -0.4001 0.9165
vn 0.6709 -0.3163 0.6707
vn 0.4258 -0.5236 0.7379
vn 0.4773 -0.2978 0.8267
vn 0.5944 -0.5420 0.5941
vn 0.3242 -0.7612 0.5616
vn 0.0023 -0.2055 0.9787
vn 0.6867 -0.2384 0.6867
vn 0.4474 -0.7742 0.4477
vn -0.4254 -0.5242 0.7377
vn -0.4653 -0.7526 0.4659
vn -0.3362 -0.7400 0.5826
vn -0.4986 -0.0736 0.8637
vn -0.5952 -0.5382 0.5967
vn -0.1797 -0.9322 0.3140
vn -0.3389 -0.7335 0.5891
vn -0.2624 -0.9286 0.2624
vn -0.4864 -0.2299 0.8429
vn -0.4874 -0.7245 0.4874
vn -0.4190 0.5304 0.7369
vn -0.7050 -0.0768 0.7050
vn -0.4992 -0.0506 0.8650
vn -0.1947 0.9214 0.3362
vn -0.5996 0.5305 0.5992
vn -0.7036 -0.0992 0.7036
vn -0.2049 0.9349 0.2899
vn -0.0894 0.9868 0.1354
vn -0.4124 0.6578 0.6302
vn -0.1289 0.9877 0.0887
vn -0.3112 0.9353 0.1685
vn -0.2752 0.9244 0.2642
vn -0.0823 0.9859 0.1458
vn -0.1442 0.9571 0.2512
vn -0.2116 0.9551 0.2073
vn -0.1221 0.9849 0.1227
vn -0.5246 0.7380 0.4245
vn -0.3587 0.7326 0.5784
vn -0.4258 -0.5236 0.7379
vn -0.6709 -0.3162 0.6707
vn -0.4773 -0.2978 0.8267
vn -0.3242 -0.7612 0.5616
vn -0.5944 -0.5420 0.5941
vn -0.6867 -0.2384 0.6867
vn -0.4474 -0.7742 0.4476
vn 0.6137 0.6643 0.4267
vn -0.6137 0.6643 0.4267
vn 1.0000 0.0000 -0.0000
vn 1.0000 0.0000 0.0000
vn 0.0000 1.0000 -0.0000
vn -0.0000 0.9664 0.2572
vn 0.0000 0.9664 0.2572
vn 0.0000 0.8422 0.5391
vn -1.0000 0.0000 0.0000
vn -1.0000 0.0000 -0.0000
vn -0.0001 0.7977 0.6031
vn -0.0000 0.9904 0.1381
vn 0.0000 0.7977 0.6031
vn 0.0000 0.9904 0.1381
vn 0.0000 0.9981 0.0623
vn 0.0000 0.9664 -0.2572
vn 0.0000 0.8422 -0.5391
vn -0.0000 0.9664 -0.2572
vn 0.0000 0.9904 -0.1381
vn 0.0000 0.7977 -0.6031
vn 0.0001 0.7977 -0.6031
vn 0.0000 0.9981 -0.0623
vn 0.0000 0.9663 0.2573
vn 0.0000 0.8422 0.5392
vn 0.0001 0.7977 0.6031
vn -0.0000 0.8423 -0.5391
vn -0.0000 0.7977 -0.6031
vn -0.0000 0.9904 -0.1381
vn 0.0000 0.8421 0.5393
vn 0.0000 0.8423 -0.5391
vn 0.9914 -0.1311 0.0050
vn 0.9069 -0.4213 -0.0046
vn 0.9914 -0.1311 -0.0050
vn 0.9071 -0.4210 0.0046
vn 0.7669 -0.6418 -0.0038
vn -0.0000 -0.0102 -0.9999
vn 0.0040 -0.4779 -0.8784
vn -0.0000 -0.4766 -0.8791
vn 0.0033 -0.7044 -0.7098
vn 0.0000 -0.7031 -0.7111
vn 0.6816 -0.7085 0.1829
vn 0.8427 -0.4886 0.2260
vn 0.9579 -0.1289 0.2566
vn 0.3103 -0.7841 -0.5374
vn 0.4111 -0.5694 -0.7119
vn 0.0046 -0.0108 -0.9999
vn 0.4986 -0.0745 -0.8636
vn 0.7220 -0.5526 -0.4162
vn 0.5529 -0.7698 -0.3189
vn 0.8600 -0.1184 -0.4964
vn 0.0030 -1.0000 -0.0017
vn 0.6788 -0.7343 -0.0033
vn 0.1864 -0.9825 -0.0009
vn 0.5846 -0.7383 -0.3363
vn 0.9715 -0.2372 -0.0049
vn 0.3389 -0.7335 -0.5891
vn 0.4864 -0.2299 -0.8429
vn 0.8389 -0.2491 -0.4840
vn 0.0010 -1.0000 -0.0017
vn 0.0030 -0.7210 -0.6930
vn 0.0045 -0.1841 -0.9829
vn 0.0018 -1.0000 0.0005
vn 0.6788 -0.7343 0.0033
vn 0.6616 -0.7286 0.1773
vn 0.9715 -0.2372 0.0049
vn 0.9368 -0.2439 0.2510
vn -0.0000 -0.1835 -0.9830
vn 0.0000 -0.7207 -0.6932
vn 0.0001 -1.0000 -0.0016
vn -0.0000 -1.0000 -0.0016
vn 0.9933 -0.1157 0.0049
vn 0.8596 0.4584 0.2257
vn 0.9602 -0.1091 0.2571
vn 0.9238 0.3828 0.0046
vn 0.3553 0.9301 0.0935
vn 0.0018 0.8920 -0.4521
vn -0.0000 0.5051 -0.8631
vn -0.0000 0.8916 -0.4528
vn 0.0037 0.5052 -0.8630
vn -0.0000 0.0091 -1.0000
vn 0.0045 0.0086 -1.0000
vn 0.4190 0.5304 -0.7369
vn 0.4992 -0.0506 -0.8650
vn 0.1947 0.9214 -0.3362
vn 0.8621 -0.0962 -0.4975
vn 0.7478 0.5086 -0.4267
vn 0.3181 0.9315 -0.1767
vn 0.4168 0.9090 0.0021
vn 0.9238 0.3827 -0.0046
vn 0.4168 0.9090 -0.0021
vn 0.9933 -0.1156 -0.0049
vn 0.1678 0.9858 -0.0009
vn 0.3335 0.9339 -0.1289
vn 0.4176 0.9086 -0.0021
vn 0.7648 0.5437 -0.3457
vn 0.9515 0.3075 -0.0048
vn 0.1354 0.9889 -0.0606
vn 0.2049 0.9349 -0.2899
vn 0.4124 0.6578 -0.6303
vn 0.0009 0.9748 -0.2232
vn 0.0894 0.9868 -0.1354
vn 0.0020 0.8794 -0.4761
vn 0.1677 0.9858 0.0008
vn 0.3515 0.9313 0.0960
vn 0.1404 0.9894 0.0381
vn 0.4176 0.9086 0.0021
vn 0.8884 0.3895 0.2430
vn 0.0035 0.4642 -0.8857
vn 0.0000 0.8785 -0.4777
vn -0.0000 0.4611 -0.8873
vn 0.0000 0.9746 -0.2241
vn 0.9515 0.3075 0.0048
vn 0.0931 0.9942 -0.0544
vn 0.3677 0.9299 -0.0019
vn 0.2672 0.9513 -0.1538
vn 0.9266 0.3761 -0.0047
vn 0.6897 0.6361 -0.3458
vn 0.0258 0.9986 -0.0456
vn 0.1442 0.9571 -0.2512
vn 0.3587 0.7326 -0.5784
vn 0.0013 0.9388 -0.3444
vn 0.0000 1.0000 -0.0006
vn 0.0033 0.5479 -0.8365
vn 0.0795 0.9966 0.0225
vn 0.3677 0.9299 0.0019
vn 0.0165 0.9999 0.0001
vn 0.3276 0.9403 0.0929
vn 0.9266 0.3761 0.0047
vn -0.0000 0.5446 -0.8387
vn 0.0000 0.9385 -0.3454
vn 0.0000 1.0000 0.0000
vn 0.8459 0.4797 0.2334
vn -0.0000 -0.7270 -0.6866
vn 0.0041 -0.4615 -0.8871
vn 0.0000 -0.4601 -0.8879
vn 0.0045 -0.2347 -0.9721
vn -0.0000 -0.2335 -0.9723
vn 0.7415 -0.6709 0.0037
vn 0.8981 -0.4398 -0.0045
vn 0.7411 -0.6713 -0.0037
vn 0.8983 -0.4394 0.0045
vn 0.9656 -0.2599 -0.0049
vn 0.9224 -0.2968 0.2471
vn 0.8359 -0.5011 0.2239
vn 0.6561 -0.7339 0.1759
vn 0.4737 -0.3200 -0.8205
vn 0.4125 -0.5650 -0.7145
vn 0.0032 -0.7283 -0.6852
vn 0.2961 -0.8058 -0.5129
vn 0.7184 -0.5586 -0.4146
vn 0.8179 -0.3285 -0.4723
vn 0.5273 -0.7933 -0.3044
vn 0.7673 -0.6413 0.0038
vn 0.9657 -0.2598 0.0049
vn 0.0000 -1.0000 -0.0000
vn 0.1864 -0.9825 0.0009
vn 0.0308 0.9995 -0.0002
vn 0.0000 1.0000 -0.0012
vn -0.9069 -0.4213 -0.0045
vn -0.9914 -0.1311 0.0050
vn -0.9914 -0.1311 -0.0050
vn -0.7669 -0.6418 -0.0038
vn -0.9070 -0.4210 0.0046
vn -0.0040 -0.4779 -0.8784
vn -0.0046 -0.0108 -0.9999
vn -0.0033 -0.7044 -0.7098
vn -0.6815 -0.7086 0.1829
vn -0.7673 -0.6413 0.0039
vn -0.8427 -0.4886 0.2260
vn -0.3103 -0.7842 -0.5374
vn -0.4111 -0.5694 -0.7119
vn -0.7220 -0.5526 -0.4162
vn -0.5529 -0.7698 -0.3189
vn -0.8600 -0.1184 -0.4964
vn -0.6788 -0.7343 -0.0033
vn -0.0030 -1.0000 -0.0017
vn -0.1864 -0.9825 -0.0009
vn -0.9715 -0.2372 -0.0049
vn -0.5846 -0.7383 -0.3363
vn -0.3389 -0.7335 -0.5891
vn -0.0010 -1.0000 -0.0017
vn -0.4864 -0.2299 -0.8429
vn -0.0030 -0.7210 -0.6930
vn -0.0045 -0.1841 -0.9829
vn -0.0018 -1.0000 0.0005
vn -0.6788 -0.7343 0.0033
vn -0.1864 -0.9825 0.0009
vn -0.6616 -0.7286 0.1773
vn -0.9715 -0.2372 0.0049
vn -0.8596 0.4584 0.2257
vn -0.9933 -0.1157 0.0049
vn -0.9602 -0.1091 0.2571
vn -0.3553 0.9301 0.0935
vn -0.9238 0.3828 0.0046
vn -0.0018 0.8919 -0.4521
vn -0.0037 0.5052 -0.8630
vn -0.4190 0.5304 -0.7369
vn -0.0045 0.0086 -1.0000
vn -0.4992 -0.0506 -0.8650
vn -0.1947 0.9214 -0.3362
vn -0.8621 -0.0962 -0.4975
vn -0.7478 0.5086 -0.4267
vn -0.9238 0.3827 -0.0046
vn -0.4168 0.9090 0.0021
vn -0.4168 0.9090 -0.0021
vn -0.9933 -0.1157 -0.0049
vn -0.3181 0.9315 -0.1767
vn -0.9579 -0.1289 0.2566
vn -0.4986 -0.0745 -0.8636
vn -0.1677 0.9858 -0.0009
vn -0.3335 0.9339 -0.1288
vn -0.1354 0.9889 -0.0606
vn -0.4176 0.9086 -0.0021
vn -0.7648 0.5437 -0.3457
vn -0.2049 0.9349 -0.2899
vn -0.0894 0.9868 -0.1354
vn -0.4124 0.6578 -0.6302
vn -0.0009 0.9748 -0.2232
vn -0.0020 0.8794 -0.4761
vn -0.3515 0.9313 0.0960
vn -0.1677 0.9858 0.0008
vn -0.1404 0.9894 0.0381
vn -0.8884 0.3895 0.2431
vn -0.4176 0.9086 0.0021
vn -0.0035 0.4642 -0.8857
vn -0.9515 0.3075 0.0048
vn -0.9515 0.3075 -0.0048
vn -0.0931 0.9942 -0.0545
vn -0.3677 0.9299 -0.0019
vn -0.0308 0.9995 -0.0002
vn -0.2672 0.9513 -0.1538
vn -0.9266 0.3761 -0.0047
vn -0.0258 0.9986 -0.0456
vn -0.1442 0.9571 -0.2512
vn -0.6897 0.6361 -0.3458
vn -0.0013 0.9388 -0.3444
vn -0.0000 1.0000 -0.0006
vn -0.0033 0.5479 -0.8365
vn -0.3677 0.9299 0.0019
vn -0.0795 0.9966 0.0225
vn -0.0165 0.9999 0.0001
vn -0.9266 0.3761 0.0047
vn -0.3276 0.9403 0.0928
vn -0.8459 0.4797 0.2334
vn -0.3587 0.7326 -0.5785
vn -0.0041 -0.4615 -0.8871
vn -0.0032 -0.7283 -0.6852
vn -0.0045 -0.2347 -0.9721
vn -0.8981 -0.4398 -0.0045
vn -0.7415 -0.6709 0.0037
vn -0.7411 -0.6713 -0.0037
vn -0.9656 -0.2599 -0.0049
vn -0.8983 -0.4394 0.0045
vn -0.9224 -0.2968 0.2471
vn -0.9657 -0.2598 0.0049
vn -0.8359 -0.5012 0.2239
vn -0.4737 -0.3200 -0.8205
vn -0.4125 -0.5650 -0.7145
vn -0.7184 -0.5586 -0.4146
vn -0.8180 -0.3285 -0.4722
vn -0.5273 -0.7933 -0.3044
vn -0.8389 -0.2491 -0.4840
vn -0.2961 -0.8058 -0.5129
vn -0.9368 -0.2439 0.2510
vn -0.6561 -0.7339 0.1759
vn -0.0000 -1.0000 -0.0000
vn -0.0000 1.0000 0.0000
vn -0.0000 0.7449 0.6672
vn -0.0000 0.9244 0.3813
vn 0.0000 0.9244 0.3814
vn 0.0000 0.9245 -0.3813
vn 0.0000 0.9244 -0.3813
vn -0.0000 0.7466 -0.6652
vn -0.0000 0.7466 -0.6653
vn -0.0000 0.9228 -0.3853
vn 0.0000 0.9228 -0.3854
vn 0.0000 0.7449 -0.6672
vn 0.0000 0.7448 -0.6672
vn 0.0000 0.4678 0.8839
vn 0.0000 0.3065 0.9519
vn 0.0000 0.3066 0.9518
vn 0.9998 0.0209 0.0000
vn 0.9999 0.0149 -0.0000
vn 0.9999 0.0172 -0.0000
vn 0.9439 0.3303 -0.0000
vn 0.9425 0.3342 -0.0000
vn 0.8894 0.4571 -0.0000
vn 0.9425 0.3342 0.0000
vn 0.0001 0.4672 -0.8841
vn 0.0003 0.3881 -0.9216
vn 0.0001 0.4673 -0.8841
vn 0.0000 0.4678 -0.8839
vn 0.0001 0.3065 -0.9519
vn 0.0000 0.4677 -0.8839
vn 0.0000 0.4677 0.8839
vn 0.8894 0.4570 0.0000
vn 0.4693 0.8830 0.0000
vn 0.2470 0.9690 -0.0000
vn 0.2471 0.9690 -0.0000
vn 0.8105 0.5857 0.0000
vn 0.4692 0.8831 0.0000
vn 0.8105 0.5857 -0.0000
vn 0.9486 0.3164 0.0000
vn 0.9486 0.3164 -0.0000
vn 0.0000 0.1951 0.9808
vn 0.0000 0.3067 -0.9518
vn 0.0000 0.1951 -0.9808
vn 0.9532 0.3024 0.0000
vn 0.9997 0.0231 -0.0007
vn 0.9328 0.3605 -0.0000
vn 0.8805 0.4741 -0.0000
vn 0.8805 0.4741 0.0000
vn 0.0000 0.9244 -0.3814
vn -0.0000 0.7449 -0.6672
vn -0.0000 0.9245 0.3813
vn 0.0000 0.9244 0.3813
vn -0.0000 0.7466 0.6652
vn 0.0000 0.9227 0.3855
vn -0.0000 0.9228 0.3854
vn 0.9998 0.0209 -0.0000
vn 0.9999 0.0149 0.0000
vn 0.9999 0.0172 0.0000
vn 0.9439 0.3303 0.0000
vn 0.8894 0.4571 0.0000
vn 0.0000 0.4672 0.8841
vn 0.0003 0.3881 0.9216
vn 0.0000 0.3889 0.9213
vn 0.0000 0.3067 0.9518
vn 0.0001 0.4673 0.8841
vn -0.0000 0.7466 0.6653
vn 0.0000 0.7449 0.6672
vn 0.4693 0.8831 -0.0000
vn -0.0000 1.0000 -0.0000
vn 0.9997 0.0231 0.0000
vn 0.0000 0.9245 0.3813
vn -0.0000 0.9244 -0.3813
vn 0.0000 0.7466 -0.6652
vn 0.0000 0.9228 -0.3853
vn -0.0000 0.9228 -0.3854
vn -0.0000 0.3066 0.9518
vn -0.0000 0.4677 0.8839
vn -0.9998 0.0209 0.0000
vn -0.9999 0.0149 -0.0000
vn -0.9999 0.0172 -0.0000
vn -0.9439 0.3303 -0.0000
vn -0.9425 0.3342 -0.0000
vn -0.8894 0.4571 -0.0000
vn -0.8894 0.4570 0.0000
vn -0.0000 0.4672 -0.8841
vn -0.0003 0.3881 -0.9216
vn -0.0002 0.3885 -0.9214
vn -0.0000 0.4678 -0.8838
vn -0.0001 0.3066 -0.9518
vn -0.0000 0.3067 -0.9518
vn -0.9439 0.3303 0.0000
vn -0.0001 0.4673 -0.8841
vn 0.0000 0.7466 -0.6653
vn -0.0001 0.4677 -0.8839
vn -0.0000 0.7448 -0.6672
vn -0.2470 0.9690 -0.0000
vn -0.4693 0.8830 0.0000
vn -0.2471 0.9690 -0.0000
vn -0.8105 0.5857 0.0000
vn -0.8105 0.5857 -0.0000
vn -0.9486 0.3164 0.0000
vn -0.9486 0.3164 -0.0000
vn -0.9425 0.3342 0.0000
vn -0.0000 0.1951 0.9808
vn -0.0000 0.1951 -0.9808
vn -0.9532 0.3024 0.0000
vn -0.9997 0.0231 -0.0007
vn -0.9328 0.3605 -0.0000
vn -0.8805 0.4741 -0.0000
vn -0.0000 0.9245 -0.3813
vn 0.0000 0.7466 0.6652
vn 0.0000 0.7466 0.6653
vn -0.0000 0.9227 0.3855
vn 0.0000 0.9228 0.3854
vn -0.0000 0.4678 -0.8839
vn -0.0000 0.3066 -0.9518
vn -0.9998 0.0209 -0.0000
vn -0.9999 0.0149 0.0000
vn -0.9999 0.0172 0.0000
vn -0.8894 0.4571 0.0000
vn -0.0001 0.4672 0.8841
vn -0.0003 0.3881 0.9216
vn -0.0001 0.4673 0.8841
vn -0.0000 0.3067 0.9518
vn -0.4693 0.8831 -0.0000
vn -0.4692 0.8831 -0.0000
vn -0.9997 0.0231 0.0007
vn -0.8805 0.4741 0.0000
vn -0.9532 0.3024 -0.0000
vn 0.0001 0.3886 -0.9214
vn 0.0001 0.1951 -0.9808
vn 0.4692 0.8831 -0.0000
vn -0.4692 0.8831 0.0000
vn -0.0000 0.3889 0.9213
vn -0.0000 0.0221 -0.9998
vn -0.0000 0.6735 -0.7392
vn 0.0000 0.6735 -0.7392
vn 0.9995 0.0317 -0.0000
vn 0.6247 0.7809 0.0000
vn -0.0000 -0.0026 1.0000
vn 0.0000 -0.1406 0.9901
vn -0.0000 -0.1406 0.9901
vn 0.0000 -0.2596 0.9657
vn 0.0000 0.0027 1.0000
vn 0.0000 0.9316 0.3634
vn -0.0000 0.7720 0.6357
vn 0.0000 0.9317 0.3633
vn -0.0000 0.7719 0.6358
vn 0.0000 0.3121 0.9501
vn 0.0000 -0.3411 0.9400
vn 0.0000 -0.7918 0.6107
vn -0.0000 -0.3410 0.9401
vn 0.0000 -0.7919 0.6107
vn -0.0000 -0.9995 0.0307
vn -0.0000 -0.2595 0.9657
vn -0.0000 0.2379 0.9713
vn -0.0000 0.3120 0.9501
vn -0.0000 0.2380 0.9713
vn -0.0000 0.1310 0.9914
vn 0.0000 0.1313 0.9913
vn -0.0000 -0.3831 -0.9237
vn -0.0000 -0.7067 -0.7075
vn 0.0000 -0.7068 -0.7075
vn 0.0000 -0.9984 -0.0565
vn 0.0000 -0.9984 -0.0564
vn -0.0000 -0.1405 0.9901
vn 0.0000 -0.0026 1.0000
vn -0.0000 -0.2596 0.9657
vn -0.0000 0.9317 0.3633
vn -0.0000 0.3121 0.9500
vn 0.0000 -0.3410 0.9401
vn 0.0000 0.2380 0.9713
vn -0.0000 0.0027 1.0000
vn -0.0000 0.1313 0.9913
vn 0.0000 -0.3831 -0.9237
vn 0.5232 -0.5322 0.6656
vn -0.0000 -0.0536 0.9986
vn -0.0000 -0.7185 0.6956
vn 0.2901 -0.6659 0.6874
vn 0.0100 -0.0303 0.9995
vn 0.2096 -0.6690 0.7131
vn 0.1074 -0.6899 0.7159
vn -0.0052 -0.0544 0.9985
vn -0.0726 -0.7589 0.6471
vn -0.2714 -0.6516 0.7083
vn -0.0088 -0.0299 0.9995
vn -0.0132 -0.0302 0.9995
vn 0.3378 -0.6372 0.6927
vn 0.0160 -0.0357 0.9992
vn 0.0055 -0.0299 0.9995
vn -0.1849 -0.6709 0.7181
vn 0.0252 -0.6213 0.7832
vn 0.0074 -0.0748 0.9972
vn 0.0795 -0.7063 0.7035
vn -0.0032 -0.6018 0.7986
vn 0.0099 -0.0588 0.9982
vn 0.1321 -0.6683 0.7320
vn -0.2901 -0.6506 0.7018
vn -0.0164 -0.0349 0.9993
vn -0.0185 -0.0418 0.9990
vn 0.1976 -0.6604 0.7244
vn 0.0213 -0.0467 0.9987
vn 0.3142 -0.6478 0.6940
vn -0.0871 -0.6623 0.7442
vn -0.0133 -0.0612 0.9980
vn -0.0059 -0.0519 0.9986
vn -0.1245 -0.6720 0.7300
vn -0.0156 -0.0475 0.9987
vn -0.0091 -0.0556 0.9984
vn 0.0015 -0.0366 0.9993
vn 0.0139 -0.0517 0.9986
vn -0.0002 -0.0312 0.9995
vn 0.0249 -0.0530 0.9983
vn 0.3422 -0.6291 0.6980
vn -0.3074 -0.6491 0.6958
vn -0.2298 -0.6578 0.7173
vn 0.0189 -0.0347 0.9992
vn -0.1610 -0.6875 0.7081
vn -0.0304 -0.1002 0.9945
vn 0.6234 -0.5158 0.5877
vn 0.0704 -0.0355 0.9969
vn 0.8062 -0.3836 0.4505
vn 0.0317 -0.0232 0.9992
vn 0.0487 -0.0445 0.9978
vn 0.0000 0.0000 1.0000
vn -0.2902 -0.9569 0.0121
vn -0.2511 -0.9679 0.0121
vn 0.4794 -0.8776 -0.0001
vn 0.0000 -1.0000 -0.0004
vn 0.8035 -0.5953 -0.0012
vn 0.9156 -0.4022 -0.0014
vn 0.8934 -0.4493 -0.0015
vn 0.7781 -0.6281 -0.0003
vn 0.5504 -0.8349 0.0014
vn 0.4316 -0.9021 0.0032
vn 0.2359 -0.9718 0.0043
vn 0.1695 -0.9855 0.0056
vn 0.4786 -0.8780 0.0090
vn 0.4641 -0.8858 0.0094
vn 0.4160 -0.9093 0.0098
vn 0.4101 -0.9120 0.0093
vn 0.4545 -0.8907 0.0090
vn 0.3120 -0.9500 0.0103
vn 0.3819 -0.9242 0.0096
vn 0.1833 -0.9830 0.0111
vn 0.2800 -0.9599 0.0107
vn -0.0952 -0.9954 0.0111
vn 0.1089 -0.9940 0.0113
vn 0.0000 -0.0000 1.0000
vn -0.2407 -0.9705 0.0103
vn -0.0952 -0.9954 0.0112
vn -0.2827 -0.9592 0.0100
vn -0.3626 -0.9319 0.0089
vn -0.3995 -0.9167 0.0085
vn -0.4318 -0.9019 0.0079
vn 0.0997 -0.9949 0.0121
vn 0.0411 -0.9991 0.0125
vn 0.0415 -0.9991 0.0125
vn -0.1120 -0.9936 0.0126
vn -0.1503 -0.9886 0.0126
vn 0.2622 -0.9649 0.0112
vn 0.1336 -0.9910 0.0117
vn -0.0039 -1.0000 0.0066
vn -0.0028 -1.0000 0.0068
vn -0.1609 -0.9869 0.0072
vn -0.2120 -0.9772 0.0076
vn -0.4248 -0.9052 0.0077
vn -0.4113 -0.9115 0.0076
vn -0.4042 -0.9147 0.0075
vn -0.3559 -0.9345 0.0076
vn 0.3179 -0.9481 0.0107
vn -0.2121 -0.9772 0.0124
vn -0.2511 -0.9679 0.0123
vn -0.3108 -0.9504 0.0075
vn 0.7766 -0.6300 -0.0005
vn 0.4927 -0.7450 0.4498
vn 0.7605 -0.5476 0.3490
vn 0.8857 -0.3891 0.2533
vn 0.4208 -0.7702 0.4792
vn -0.2257 -0.8700 0.4383
vn -0.2264 -0.7465 0.6256
vn 0.4212 -0.8032 0.4213
vn 0.4115 -0.8061 0.4253
vn -0.3169 -0.8325 0.4544
vn -0.3882 -0.8110 0.4378
vn 0.2064 -0.8468 0.4901
vn -0.0033 -0.8727 0.4882
vn 0.1195 -0.8841 0.4517
vn 0.2857 -0.8508 0.4410
vn 0.0367 -0.8916 0.4514
vn -0.1864 -0.8613 0.4727
vn -0.1344 -0.8851 0.4457
vn -0.3685 -0.8168 0.4439
vn -0.2146 -0.8662 0.4512
vn 0.2507 -0.8595 0.4454
vn 0.0971 -0.8844 0.4566
vn 0.3436 -0.8317 0.4362
vn -0.3246 -0.8354 0.4435
vn -0.0846 -0.8852 0.4575
vn 0.0000 -0.8504 0.5261
vn -0.5232 -0.5322 0.6656
vn -0.0100 -0.0303 0.9995
vn -0.2901 -0.6659 0.6874
vn -0.2096 -0.6690 0.7131
vn 0.0052 -0.0544 0.9985
vn -0.1074 -0.6899 0.7159
vn 0.0726 -0.7589 0.6471
vn 0.2714 -0.6516 0.7083
vn 0.0088 -0.0299 0.9995
vn 0.1849 -0.6709 0.7181
vn -0.0161 -0.0356 0.9992
vn -0.3378 -0.6372 0.6927
vn -0.0056 -0.0299 0.9995
vn -0.0074 -0.0748 0.9972
vn -0.0252 -0.6213 0.7832
vn -0.0795 -0.7063 0.7035
vn -0.0098 -0.0588 0.9982
vn 0.0033 -0.6018 0.7986
vn -0.1321 -0.6683 0.7320
vn 0.2901 -0.6506 0.7018
vn 0.0164 -0.0349 0.9993
vn 0.3074 -0.6491 0.6958
vn -0.0213 -0.0467 0.9987
vn -0.1976 -0.6605 0.7244
vn -0.3142 -0.6478 0.6940
vn 0.0871 -0.6623 0.7442
vn 0.0133 -0.0612 0.9980
vn 0.1610 -0.6875 0.7081
vn 0.1245 -0.6720 0.7300
vn 0.0156 -0.0475 0.9987
vn 0.2298 -0.6578 0.7173
vn 0.0059 -0.0519 0.9986
vn -0.0139 -0.0517 0.9986
vn 0.0091 -0.0556 0.9984
vn -0.0249 -0.0531 0.9983
vn -0.3422 -0.6291 0.6980
vn 0.0132 -0.0302 0.9995
vn 0.0185 -0.0418 0.9990
vn -0.0189 -0.0347 0.9992
vn 0.0304 -0.1002 0.9945
vn 0.2264 -0.7465 0.6256
vn -0.0704 -0.0355 0.9969
vn -0.6234 -0.5158 0.5877
vn -0.8062 -0.3836 0.4504
vn -0.0317 -0.0232 0.9992
vn -0.0487 -0.0445 0.9978
vn 0.2902 -0.9569 0.0121
vn 0.2511 -0.9679 0.0123
vn 0.2121 -0.9772 0.0123
vn -0.4794 -0.8776 -0.0002
vn 0.0000 -1.0000 0.0001
vn -0.9156 -0.4022 -0.0015
vn -0.8035 -0.5953 -0.0010
vn -0.5504 -0.8349 0.0015
vn -0.7781 -0.6281 -0.0003
vn -0.4315 -0.9021 0.0033
vn -0.2359 -0.9718 0.0044
vn -0.1695 -0.9855 0.0057
vn -0.4641 -0.8858 0.0092
vn -0.4786 -0.8780 0.0090
vn -0.4160 -0.9093 0.0099
vn -0.4545 -0.8907 0.0089
vn -0.4101 -0.9120 0.0095
vn -0.3819 -0.9242 0.0096
vn -0.3120 -0.9500 0.0104
vn -0.2800 -0.9599 0.0105
vn -0.1833 -0.9830 0.0112
vn -0.1089 -0.9940 0.0112
vn 0.0952 -0.9954 0.0111
vn 0.2407 -0.9705 0.0105
vn 0.2827 -0.9592 0.0099
vn 0.3626 -0.9319 0.0091
vn 0.3995 -0.9167 0.0084
vn 0.4318 -0.9019 0.0079
vn 0.4248 -0.9052 0.0077
vn -0.0411 -0.9991 0.0124
vn -0.0997 -0.9949 0.0122
vn -0.0415 -0.9991 0.0125
vn -0.0015 -0.0366 0.9993
vn 0.1120 -0.9936 0.0126
vn -0.1336 -0.9910 0.0118
vn -0.2622 -0.9649 0.0112
vn 0.0039 -1.0000 0.0066
vn 0.0029 -1.0000 0.0068
vn 0.0002 -0.0312 0.9995
vn 0.1609 -0.9869 0.0072
vn 0.4113 -0.9115 0.0076
vn 0.4042 -0.9147 0.0075
vn 0.3559 -0.9345 0.0076
vn 0.3108 -0.9504 0.0074
vn -0.3179 -0.9481 0.0105
vn 0.1503 -0.9886 0.0126
vn 0.2120 -0.9772 0.0076
vn -0.8934 -0.4493 -0.0013
vn -0.4927 -0.7450 0.4498
vn -0.7605 -0.5476 0.3490
vn -0.8857 -0.3891 0.2534
vn -0.4208 -0.7702 0.4792
vn 0.2257 -0.8700 0.4383
vn 0.2614 -0.8619 0.4345
vn -0.4212 -0.8032 0.4213
vn -0.4115 -0.8061 0.4253
vn 0.3169 -0.8325 0.4544
vn 0.3685 -0.8168 0.4439
vn 0.3882 -0.8110 0.4378
vn 0.3246 -0.8354 0.4435
vn -0.2064 -0.8468 0.4901
vn 0.0033 -0.8727 0.4882
vn 0.1864 -0.8613 0.4727
vn -0.1195 -0.8841 0.4517
vn -0.2857 -0.8508 0.4410
vn -0.0367 -0.8916 0.4514
vn 0.1344 -0.8850 0.4457
vn 0.2146 -0.8662 0.4512
vn 0.0846 -0.8852 0.4575
vn -0.2507 -0.8595 0.4454
vn -0.0971 -0.8844 0.4566
vn -0.3436 -0.8317 0.4362
vn -0.0000 -0.0002 -1.0000
vn -0.0001 -0.0002 -1.0000
vn 0.0000 -0.0001 -1.0000
vn 0.0002 -0.0001 -1.0000
vn 0.0000 -0.0002 -1.0000
vn 0.0001 -0.0002 -1.0000
vn 0.0001 -0.0001 -1.0000
vn -0.0000 -0.0001 -1.0000
vn -0.0001 -0.0001 -1.0000
vn 0.0000 -0.0003 -1.0000
vn -0.0000 -0.0003 -1.0000
vn -0.0002 -0.0001 -1.0000
vn -0.0000 -0.0536 -0.9986
vn 0.5232 -0.5322 -0.6656
vn -0.0000 -0.7185 -0.6956
vn 0.0100 -0.0303 -0.9995
vn 0.2901 -0.6659 -0.6874
vn 0.2096 -0.6690 -0.7131
vn -0.0052 -0.0544 -0.9985
vn 0.1074 -0.6899 -0.7159
vn -0.0726 -0.7589 -0.6471
vn -0.2714 -0.6516 -0.7083
vn -0.0088 -0.0299 -0.9995
vn -0.1849 -0.6709 -0.7181
vn 0.0161 -0.0356 -0.9992
vn 0.3378 -0.6372 -0.6927
vn 0.0056 -0.0299 -0.9995
vn 0.0074 -0.0748 -0.9972
vn 0.0252 -0.6213 -0.7832
vn 0.0795 -0.7063 -0.7035
vn 0.0098 -0.0588 -0.9982
vn -0.0033 -0.6018 -0.7986
vn 0.1321 -0.6683 -0.7320
vn -0.2901 -0.6506 -0.7018
vn -0.0164 -0.0349 -0.9993
vn -0.3074 -0.6491 -0.6958
vn 0.0213 -0.0467 -0.9987
vn 0.1976 -0.6605 -0.7244
vn 0.3142 -0.6478 -0.6940
vn -0.0871 -0.6623 -0.7442
vn -0.0133 -0.0612 -0.9980
vn -0.1610 -0.6875 -0.7081
vn -0.1245 -0.6720 -0.7300
vn -0.0156 -0.0475 -0.9987
vn -0.2298 -0.6578 -0.7173
vn -0.0059 -0.0519 -0.9986
vn 0.0139 -0.0517 -0.9986
vn -0.0091 -0.0556 -0.9984
vn 0.0249 -0.0530 -0.9983
vn 0.3422 -0.6291 -0.6980
vn -0.0132 -0.0302 -0.9995
vn -0.0185 -0.0418 -0.9990
vn 0.0189 -0.0347 -0.9992
vn -0.0304 -0.1002 -0.9945
vn -0.2264 -0.7465 -0.6256
vn 0.0704 -0.0355 -0.9969
vn 0.6234 -0.5158 -0.5877
vn 0.8062 -0.3836 -0.4504
vn 0.0317 -0.0232 -0.9992
vn 0.0487 -0.0445 -0.9978
vn 0.0000 0.0000 -1.0000
vn -0.2902 -0.9569 -0.0121
vn -0.2511 -0.9679 -0.0123
vn -0.2121 -0.9772 -0.0123
vn 0.4794 -0.8776 0.0002
vn 0.0000 -1.0000 0.0004
vn 0.0000 -1.0000 -0.0001
vn 0.9156 -0.4022 0.0015
vn 0.8035 -0.5953 0.0010
vn 0.5504 -0.8349 -0.0015
vn 0.7781 -0.6281 0.0003
vn 0.4316 -0.9021 -0.0034
vn 0.2359 -0.9718 -0.0044
vn 0.1694 -0.9855 -0.0057
vn 0.4641 -0.8858 -0.0092
vn 0.4786 -0.8780 -0.0090
vn 0.4160 -0.9093 -0.0099
vn 0.4545 -0.8907 -0.0089
vn 0.4101 -0.9120 -0.0095
vn 0.3819 -0.9242 -0.0096
vn 0.3120 -0.9500 -0.0104
vn 0.2800 -0.9599 -0.0105
vn 0.1833 -0.9830 -0.0112
vn 0.1089 -0.9940 -0.0112
vn -0.0952 -0.9954 -0.0111
vn -0.2407 -0.9705 -0.0105
vn -0.2827 -0.9592 -0.0099
vn -0.3626 -0.9319 -0.0091
vn -0.3995 -0.9167 -0.0084
vn 0.0000 -0.0000 -1.0000
vn -0.4318 -0.9019 -0.0079
vn -0.4248 -0.9052 -0.0077
vn 0.0411 -0.9991 -0.0124
vn 0.0997 -0.9949 -0.0122
vn 0.0415 -0.9991 -0.0125
vn 0.0015 -0.0366 -0.9993
vn -0.1120 -0.9936 -0.0126
vn 0.1336 -0.9910 -0.0118
vn 0.2622 -0.9649 -0.0112
vn -0.0039 -1.0000 -0.0066
vn -0.0029 -1.0000 -0.0068
vn -0.0002 -0.0312 -0.9995
vn -0.1609 -0.9869 -0.0072
vn -0.4113 -0.9115 -0.0076
vn -0.4042 -0.9147 -0.0075
vn -0.3559 -0.9345 -0.0076
vn -0.3108 -0.9504 -0.0074
vn 0.3179 -0.9481 -0.0105
vn -0.1503 -0.9886 -0.0126
vn -0.2120 -0.9772 -0.0076
vn 0.8934 -0.4493 0.0013
vn 0.4927 -0.7450 -0.4498
vn 0.7605 -0.5476 -0.3490
vn 0.8857 -0.3891 -0.2533
vn 0.4208 -0.7702 -0.4792
vn -0.2257 -0.8700 -0.4383
vn -0.2614 -0.8619 -0.4345
vn 0.4212 -0.8032 -0.4214
vn 0.4115 -0.8061 -0.4253
vn -0.3169 -0.8325 -0.4544
vn -0.3685 -0.8168 -0.4439
vn -0.3882 -0.8110 -0.4378
vn -0.3246 -0.8354 -0.4435
vn 0.2064 -0.8468 -0.4901
vn -0.0033 -0.8727 -0.4882
vn -0.1864 -0.8613 -0.4727
vn 0.1195 -0.8841 -0.4517
vn 0.2857 -0.8508 -0.4410
vn 0.0367 -0.8916 -0.4514
vn -0.1344 -0.8850 -0.4457
vn -0.2146 -0.8662 -0.4512
vn -0.0846 -0.8852 -0.4575
vn 0.2507 -0.8595 -0.4454
vn 0.0971 -0.8844 -0.4566
vn 0.3436 -0.8317 -0.4362
vn 0.0000 -0.8504 -0.5261
vn -0.5232 -0.5322 -0.6656
vn -0.2901 -0.6659 -0.6874
vn -0.0100 -0.0303 -0.9995
vn -0.2096 -0.6690 -0.7131
vn -0.1074 -0.6899 -0.7159
vn 0.0052 -0.0544 -0.9985
vn 0.0726 -0.7589 -0.6471
vn 0.2714 -0.6516 -0.7083
vn 0.0088 -0.0299 -0.9995
vn 0.0132 -0.0302 -0.9995
vn -0.3378 -0.6372 -0.6927
vn -0.0160 -0.0357 -0.9992
vn -0.0055 -0.0299 -0.9995
vn 0.1849 -0.6709 -0.7181
vn -0.0252 -0.6213 -0.7832
vn -0.0074 -0.0748 -0.9972
vn -0.0795 -0.7063 -0.7035
vn 0.0032 -0.6018 -0.7986
vn -0.0099 -0.0588 -0.9982
vn -0.1321 -0.6683 -0.7320
vn 0.2901 -0.6506 -0.7018
vn 0.0164 -0.0349 -0.9993
vn 0.0185 -0.0418 -0.9990
vn -0.1976 -0.6604 -0.7244
vn -0.0213 -0.0467 -0.9987
vn -0.3142 -0.6478 -0.6940
vn 0.0871 -0.6623 -0.7442
vn 0.0133 -0.0612 -0.9980
vn 0.0059 -0.0519 -0.9986
vn 0.1245 -0.6720 -0.7300
vn 0.0156 -0.0475 -0.9987
vn 0.0091 -0.0556 -0.9984
vn -0.0015 -0.0366 -0.9993
vn -0.0139 -0.0517 -0.9986
vn 0.0002 -0.0312 -0.9995
vn -0.0249 -0.0530 -0.9983
vn -0.3422 -0.6291 -0.6980
vn 0.3074 -0.6491 -0.6958
vn 0.2298 -0.6578 -0.7173
vn -0.0189 -0.0347 -0.9992
vn 0.1610 -0.6875 -0.7081
vn 0.0304 -0.1002 -0.9945
vn -0.6234 -0.5158 -0.5877
vn -0.0704 -0.0355 -0.9969
vn -0.8062 -0.3836 -0.4505
vn -0.0317 -0.0232 -0.9992
vn -0.0487 -0.0445 -0.9978
vn 0.2902 -0.9569 -0.0121
vn 0.2511 -0.9679 -0.0121
vn -0.4794 -0.8776 0.0001
vn -0.8035 -0.5953 0.0012
vn -0.9156 -0.4022 0.0014
vn -0.8934 -0.4493 0.0015
vn -0.7781 -0.6281 0.0003
vn -0.5504 -0.8349 -0.0014
vn -0.4316 -0.9021 -0.0032
vn -0.2359 -0.9718 -0.0043
vn -0.1694 -0.9855 -0.0056
vn -0.4786 -0.8780 -0.0090
vn -0.4641 -0.8858 -0.0094
vn -0.4160 -0.9093 -0.0098
vn -0.4101 -0.9120 -0.0093
vn -0.4545 -0.8907 -0.0090
vn -0.3120 -0.9500 -0.0103
vn -0.3819 -0.9242 -0.0096
vn -0.1833 -0.9830 -0.0111
vn -0.2800 -0.9599 -0.0107
vn 0.0952 -0.9954 -0.0111
vn -0.1089 -0.9940 -0.0113
vn 0.2407 -0.9705 -0.0103
vn 0.0952 -0.9954 -0.0112
vn 0.2827 -0.9592 -0.0100
vn 0.3626 -0.9319 -0.0089
vn 0.3995 -0.9167 -0.0085
vn 0.4318 -0.9019 -0.0079
vn -0.0997 -0.9949 -0.0121
vn -0.0411 -0.9991 -0.0125
vn -0.0415 -0.9991 -0.0125
vn 0.1120 -0.9936 -0.0126
vn 0.1503 -0.9886 -0.0126
vn -0.2622 -0.9649 -0.0112
vn -0.1336 -0.9910 -0.0117
vn 0.0039 -1.0000 -0.0066
vn 0.0028 -1.0000 -0.0068
vn 0.1609 -0.9869 -0.0072
vn 0.2120 -0.9772 -0.0076
vn 0.4248 -0.9052 -0.0077
vn 0.4113 -0.9115 -0.0076
vn 0.4042 -0.9147 -0.0075
vn 0.3559 -0.9345 -0.0076
vn -0.3179 -0.9481 -0.0107
vn 0.2121 -0.9772 -0.0124
vn 0.2511 -0.9679 -0.0123
vn 0.3108 -0.9504 -0.0075
vn -0.7766 -0.6300 0.0005
vn -0.4927 -0.7450 -0.4498
vn -0.7605 -0.5476 -0.3490
vn -0.8857 -0.3891 -0.2534
vn -0.4208 -0.7702 -0.4792
vn 0.2257 -0.8700 -0.4383
vn 0.2264 -0.7465 -0.6256
vn -0.4212 -0.8032 -0.4213
vn -0.4115 -0.8061 -0.4253
vn 0.3169 -0.8325 -0.4544
vn 0.3881 -0.8110 -0.4378
vn -0.2064 -0.8468 -0.4901
vn 0.0033 -0.8727 -0.4882
vn -0.1195 -0.8841 -0.4517
vn -0.2857 -0.8508 -0.4410
vn -0.0367 -0.8916 -0.4514
vn 0.1864 -0.8613 -0.4727
vn 0.1344 -0.8851 -0.4457
vn 0.3685 -0.8168 -0.4439
vn 0.2146 -0.8662 -0.4512
vn -0.2507 -0.8595 -0.4454
vn -0.0971 -0.8844 -0.4566
vn -0.3436 -0.8317 -0.4362
vn 0.3246 -0.8354 -0.4435
vn 0.0846 -0.8852 -0.4575
vn -0.0000 -0.0002 1.0000
vn 0.0000 -0.0001 1.0000
vn 0.0002 -0.0001 1.0000
vn 0.0001 -0.0002 1.0000
vn 0.0000 -0.0002 1.0000
vn 0.0001 -0.0001 1.0000
vn -0.0000 -0.0001 1.0000
vn -0.0001 -0.0001 1.0000
vn 0.0000 -0.0003 1.0000
vn -0.0000 -0.0003 1.0000
vn -0.0001 -0.0002 1.0000
vn -0.0002 -0.0001 1.0000
vn -0.2902 -0.9569 0.0122
vn -0.2614 -0.8619 0.4345
vn -0.7766 -0.6300 -0.0005
vn 0.0952 -0.9954 0.0112
vn 0.7766 -0.6300 0.0005
vn -0.0952 -0.9954 -0.0112
vn 0.2902 -0.9569 -0.0122
vn 0.2614 -0.8619 -0.4345
vn 0.7190 -0.6931 -0.0509
vn 0.8951 -0.4430 -0.0513
vn 0.7183 -0.6911 -0.0803
vn 0.7077 -0.6757 -0.2066
vn 0.8765 -0.4295 -0.2174
vn 0.6848 -0.6500 -0.3294
vn 0.8892 -0.4376 -0.1335
vn 0.8730 -0.4269 -0.2358
vn 0.6789 -0.6427 -0.3550
vn 0.7117 -0.6805 -0.1743
vn 0.8946 -0.4418 -0.0669
vn 0.7177 -0.6886 -0.1040
vn 0.8964 -0.4433 0.0000
vn 0.7212 -0.6928 0.0000
vn 0.6960 -0.6598 -0.2835
vn 0.8879 -0.4360 -0.1466
vn 0.7057 -0.6717 -0.2255
vn 0.8825 -0.4320 -0.1857
vn 0.8913 -0.4391 -0.1127
vn -0.9829 -0.1829 -0.0212
vn -0.2166 -0.9736 -0.0716
vn -0.2162 -0.9698 -0.1131
vn -0.9903 -0.1242 -0.0630
vn -0.2100 -0.9348 -0.2864
vn -0.1975 -0.8743 -0.4434
vn -0.9865 -0.1567 -0.0480
vn -0.9938 -0.0974 -0.0539
vn -0.1945 -0.8586 -0.4744
vn -0.9980 -0.0622 -0.0094
vn -0.2124 -0.9467 -0.2421
vn -0.2158 -0.9655 -0.1456
vn -0.9981 -0.0611 0.0000
vn -0.2179 -0.9760 0.0001
vn -0.9972 -0.0710 -0.0238
vn -0.2035 -0.8996 -0.3863
vn -0.2089 -0.9272 -0.3109
vn -0.9962 -0.0798 -0.0343
vn -0.9977 -0.0655 -0.0168
vn 0.0770 -0.9970 0.0000
vn 0.0763 -0.9859 -0.1487
vn 0.0763 -0.9904 -0.1156
vn 0.0764 -0.9944 -0.0734
vn 0.0744 -0.9534 -0.2923
vn 0.0690 -0.8732 -0.4825
vn 0.0700 -0.8897 -0.4512
vn 0.0723 -0.9173 -0.3916
vn 0.0752 -0.9661 -0.2470
vn 0.0741 -0.9455 -0.3170
vn -1.0000 0.0002 -0.0000
vn -1.0000 0.0002 0.0000
vn -0.9820 -0.1883 -0.0138
vn -1.0000 0.0007 0.0000
vn -1.0000 0.0007 -0.0000
vn -1.0000 0.0006 0.0000
vn -1.0000 0.0005 0.0000
vn -1.0000 0.0004 0.0000
vn -1.0000 0.0003 0.0000
vn -0.8951 -0.4430 -0.0513
vn -0.7189 -0.6932 -0.0509
vn -0.7183 -0.6911 -0.0803
vn -0.8765 -0.4295 -0.2174
vn -0.7077 -0.6757 -0.2066
vn -0.6848 -0.6500 -0.3294
vn -0.8892 -0.4376 -0.1335
vn -0.8730 -0.4269 -0.2358
vn -0.6789 -0.6427 -0.3550
vn -0.8946 -0.4418 -0.0670
vn -0.7117 -0.6805 -0.1743
vn -0.7177 -0.6886 -0.1040
vn -0.8964 -0.4433 -0.0000
vn -0.7212 -0.6928 -0.0000
vn -0.8879 -0.4360 -0.1466
vn -0.6960 -0.6597 -0.2834
vn -0.7057 -0.6717 -0.2255
vn -0.8825 -0.4320 -0.1857
vn -0.8913 -0.4391 -0.1127
vn 0.9829 -0.1829 -0.0213
vn 0.2166 -0.9736 -0.0718
vn 0.9820 -0.1883 -0.0138
vn 0.9903 -0.1242 -0.0630
vn 0.2100 -0.9348 -0.2864
vn 0.9865 -0.1567 -0.0479
vn 0.2162 -0.9698 -0.1131
vn 0.9938 -0.0974 -0.0539
vn 0.1975 -0.8743 -0.4434
vn 0.9980 -0.0622 -0.0094
vn 0.2124 -0.9467 -0.2421
vn 0.9977 -0.0655 -0.0168
vn 0.9981 -0.0611 0.0000
vn 0.2158 -0.9655 -0.1456
vn 0.9972 -0.0710 -0.0239
vn 0.2035 -0.8997 -0.3862
vn 0.9962 -0.0798 -0.0344
vn 0.1945 -0.8586 -0.4744
vn 0.2089 -0.9272 -0.3109
vn -0.0770 -0.9970 -0.0000
vn -0.0763 -0.9862 -0.1466
vn -0.0763 -0.9904 -0.1156
vn -0.0764 -0.9944 -0.0732
vn -0.0744 -0.9534 -0.2923
vn -0.0700 -0.8897 -0.4512
vn -0.0690 -0.8732 -0.4825
vn -0.0723 -0.9165 -0.3935
vn -0.0752 -0.9661 -0.2470
vn -0.0741 -0.9455 -0.3170
vn 1.0000 0.0002 -0.0000
vn 1.0000 0.0007 0.0000
vn 1.0000 0.0006 0.0000
vn 1.0000 0.0005 0.0000
vn 1.0000 0.0004 0.0000
vn 1.0000 0.0003 0.0000
vn 1.0000 0.0002 0.0000
vn 0.8951 -0.4430 0.0513
vn 0.7189 -0.6932 0.0509
vn 0.7183 -0.6911 0.0803
vn 0.8765 -0.4295 0.2174
vn 0.7077 -0.6757 0.2066
vn 0.6848 -0.6500 0.3294
vn 0.8892 -0.4376 0.1335
vn 0.8730 -0.4269 0.2358
vn 0.6789 -0.6427 0.3550
vn 0.8946 -0.4418 0.0669
vn 0.7117 -0.6805 0.1743
vn 0.7177 -0.6886 0.1040
vn 0.8879 -0.4360 0.1466
vn 0.6960 -0.6597 0.2834
vn 0.7057 -0.6717 0.2255
vn 0.8825 -0.4320 0.1858
vn 0.8913 -0.4391 0.1127
vn -0.9829 -0.1829 0.0213
vn -0.2166 -0.9736 0.0718
vn -0.9820 -0.1883 0.0138
vn -0.9903 -0.1242 0.0630
vn -0.2100 -0.9348 0.2864
vn -0.9865 -0.1567 0.0479
vn -0.2162 -0.9698 0.1131
vn -0.9938 -0.0974 0.0539
vn -0.1975 -0.8743 0.4434
vn -0.9980 -0.0622 0.0094
vn -0.2124 -0.9467 0.2421
vn -0.9977 -0.0655 0.0168
vn -0.2158 -0.9655 0.1456
vn -0.9972 -0.0710 0.0239
vn -0.2035 -0.8997 0.3862
vn -0.9962 -0.0798 0.0344
vn -0.1945 -0.8586 0.4744
vn -0.2089 -0.9272 0.3109
vn 0.0763 -0.9862 0.1466
vn 0.0763 -0.9904 0.1156
vn 0.0764 -0.9944 0.0732
vn 0.0744 -0.9534 0.2923
vn 0.0700 -0.8897 0.4512
vn 0.0690 -0.8732 0.4825
vn 0.0723 -0.9165 0.3935
vn 0.0752 -0.9661 0.2470
vn 0.0741 -0.9455 0.3170
vn -1.0000 0.0006 -0.0000
vn -1.0000 0.0005 -0.0000
vn -1.0000 0.0004 -0.0000
vn -1.0000 0.0003 -0.0000
vn -0.7190 -0.6931 0.0509
vn -0.8951 -0.4430 0.0513
vn -0.7183 -0.6911 0.0803
vn -0.7077 -0.6757 0.2066
vn -0.8765 -0.4295 0.2174
vn -0.6848 -0.6500 0.3294
vn -0.8892 -0.4376 0.1335
vn -0.8730 -0.4269 0.2358
vn -0.6789 -0.6427 0.3550
vn -0.7117 -0.6805 0.1743
vn -0.8946 -0.4418 0.0669
vn -0.7177 -0.6886 0.1040
vn -0.6960 -0.6598 0.2835
vn -0.8879 -0.4360 0.1466
vn -0.7057 -0.6717 0.2255
vn -0.8825 -0.4320 0.1858
vn -0.8913 -0.4391 0.1127
vn 0.9829 -0.1829 0.0212
vn 0.2166 -0.9736 0.0716
vn 0.2162 -0.9698 0.1131
vn 0.9903 -0.1242 0.0630
vn 0.2100 -0.9348 0.2864
vn 0.1975 -0.8743 0.4434
vn 0.9865 -0.1567 0.0480
vn 0.9938 -0.0974 0.0539
vn 0.1945 -0.8586 0.4744
vn 0.9980 -0.0622 0.0094
vn 0.2124 -0.9467 0.2421
vn 0.2158 -0.9655 0.1456
vn 0.2179 -0.9760 -0.0000
vn 0.9972 -0.0710 0.0238
vn 0.2035 -0.8996 0.3863
vn 0.2089 -0.9272 0.3109
vn 0.9962 -0.0798 0.0343
vn 0.9977 -0.0655 0.0168
vn -0.0763 -0.9859 0.1487
vn -0.0763 -0.9904 0.1156
vn -0.0764 -0.9944 0.0734
vn -0.0744 -0.9534 0.2923
vn -0.0690 -0.8732 0.4825
vn -0.0700 -0.8897 0.4512
vn -0.0723 -0.9173 0.3916
vn -0.0752 -0.9661 0.2470
vn -0.0741 -0.9455 0.3170
vn 0.9820 -0.1883 0.0138
vn 1.0000 0.0007 -0.0000
vn 1.0000 0.0006 -0.0000
vn 1.0000 0.0005 -0.0000
vn 1.0000 0.0004 -0.0000
vn 1.0000 0.0003 -0.0000
vn 0.8956 -0.4437 -0.0325
vn -0.8954 -0.4440 -0.0324
vn 0.8954 -0.4440 0.0324
vn -0.8955 -0.4438 0.0325
vn 0.0000 0.0221 0.9998
vn 0.0000 0.6735 0.7392
vn -0.9995 0.0317 -0.0000
vn -0.6247 0.7809 -0.0000
vn 0.9500 -0.3094 0.0425
vn 0.0476 -0.2717 0.9612
vn 0.9608 -0.2733 0.0478
vn -0.9934 0.1085 0.0385
vn -0.0427 -0.2917 0.9555
vn -0.0389 -0.2950 0.9547
vn 0.9488 -0.3136 0.0387
vn 0.0352 -0.2817 0.9589
vn 0.0386 -0.3105 0.9498
vn -0.9894 0.1392 0.0417
vn -0.0481 -0.2546 0.9658
vn 0.9844 -0.1677 0.0532
vn 0.0533 -0.1575 0.9861
vn -0.9973 0.0532 0.0501
vn -0.0569 -0.0165 0.9982
vn -0.0537 -0.1460 0.9878
vn -0.9993 -0.0140 0.0352
vn -0.0354 -0.2725 0.9615
vn 0.0423 -0.3097 0.9499
vn 0.9983 -0.0142 0.0563
vn 0.0565 -0.0165 0.9983
vn -0.9935 0.1039 0.0463
vn 0.0416 0.1366 -0.9898
vn 0.9654 -0.2562 -0.0483
vn 0.0461 0.1040 -0.9935
vn 0.0351 -0.0155 -0.9993
vn 0.9537 -0.2982 -0.0390
vn 0.0383 0.1090 -0.9933
vn 0.9862 -0.1568 -0.0536
vn 0.0502 0.0547 -0.9972
vn 0.9556 -0.2914 -0.0429
vn 0.9983 -0.0143 -0.0567
vn 0.0524 -0.0174 -0.9985
vn -0.9403 -0.3392 0.0269
vn -0.0623 -0.0219 0.9978
vn -0.9940 -0.1058 0.0277
vn 0.9995 -0.0113 0.0282
vn 0.0292 -0.0711 0.9970
vn 0.9989 -0.0366 0.0290
vn -0.0859 -0.0013 0.9963
vn -0.9996 -0.0063 0.0275
vn 0.9996 -0.0006 0.0280
vn 0.0284 -0.0220 0.9994
vn 0.9977 -0.0007 -0.0673
vn 0.0279 -0.1056 -0.9940
vn 0.0278 -0.0045 -0.9996
vn 0.9983 -0.0140 -0.0572
vn 0.0271 -0.3350 -0.9418
vn -0.9996 -0.0000 0.0275
vn 0.9996 -0.0000 0.0280
vn 0.0282 -0.0014 0.9996
vn 0.0278 0.0021 -0.9996
vn -0.9895 -0.1410 0.0321
vn -0.0307 -0.1647 0.9859
vn -0.9477 -0.3179 0.0286
vn 0.9912 -0.1286 0.0307
vn 0.0326 -0.2268 0.9734
vn 0.9760 -0.2154 0.0327
vn 0.9904 -0.1342 -0.0337
vn 0.0320 -0.1457 -0.9888
vn 0.0288 -0.3163 -0.9482
vn -0.0377 -0.0790 0.9962
vn 0.9594 -0.2799 0.0353
vn 0.0307 -0.1587 0.9868
vn 0.9620 -0.2707 -0.0355
vn 0.9980 -0.0463 -0.0431
vn -0.9252 -0.3772 0.0415
vn -0.0369 0.0743 0.9965
vn -0.9520 -0.3044 0.0329
vn 0.9482 -0.3143 0.0452
vn 0.0363 0.0891 0.9954
vn 0.0454 -0.3062 0.9509
vn -0.0345 0.3734 0.9270
vn -0.9696 -0.2422 0.0333
vn 0.9958 0.0834 0.0365
vn 0.0336 0.3929 0.9189
vn -0.0315 0.6448 0.7637
vn -0.9878 -0.1511 0.0372
vn 0.9198 0.3910 0.0337
vn 0.0304 0.6631 0.7479
vn 0.7630 0.6456 -0.0316
vn 0.0332 -0.2391 -0.9704
vn 0.0372 -0.1459 -0.9886
vn 0.9279 0.3713 -0.0346
vn 0.0329 -0.3026 -0.9525
vn 0.9970 0.0685 -0.0370
vn 0.0417 -0.3772 -0.9252
vn 0.7148 -0.6984 0.0349
vn 0.0351 -0.6955 0.7177
vn -0.7046 -0.7089 0.0324
vn -0.0458 -0.3094 0.9498
vn 0.8088 0.5869 0.0373
vn 0.7472 0.6639 0.0305
vn -0.0383 0.5662 0.8234
vn -0.9868 -0.1562 0.0420
vn 0.0324 -0.7094 -0.7041
vn 0.9471 -0.3178 -0.0456
vn 0.7135 -0.6998 -0.0352
vn 0.8241 0.5651 -0.0385
vn -0.0560 0.1591 0.9857
vn -0.9884 -0.1439 0.0478
vn -0.0490 0.3713 0.9272
vn 0.0479 0.3947 0.9176
vn 0.9803 0.1897 0.0553
vn 0.0553 0.1741 0.9832
vn 0.0475 -0.1451 -0.9883
vn 0.9828 0.1758 -0.0560
vn 0.9270 0.3718 -0.0493
vn -0.9951 -0.0844 0.0517
vn -0.9985 -0.0145 0.0521
vn 0.9173 0.3954 0.0482
vn 0.0418 -0.1545 -0.9871
vn 0.0517 -0.0851 -0.9950
vn 0.0283 -0.0000 0.9996
vn -1.0000 -0.0070 -0.0000
vn -0.9927 0.1203 0.0000
vn -0.9884 0.1519 -0.0000
vn -0.9932 0.1162 0.0000
vn 0.9977 0.0014 -0.0680
vn 0.9766 -0.2126 -0.0328
vn -0.0327 -0.2242 0.9740
vn -1.0000 -0.0041 0.0000
vn -0.9910 -0.1341 -0.0000
vn -0.9982 0.0608 -0.0000
vn -0.9999 -0.0136 -0.0000
vn -0.9957 -0.0929 -0.0000
vn 0.0370 0.5878 0.8081
vn -0.9830 -0.1838 0.0000
vn -0.9833 -0.1822 -0.0000
vn -0.0354 -0.6968 0.7164
vn -0.9292 -0.3696 -0.0000
vn 0.0000 0.1494 -0.9888
vn -0.0000 0.1209 -0.9927
vn 0.0000 0.0021 -1.0000
vn -0.0000 -0.0056 -1.0000
vn -0.0000 -0.1390 -0.9903
vn 0.0000 0.1163 -0.9932
vn -0.0000 -0.0945 -0.9955
vn -0.0000 -0.0168 -0.9999
vn -0.0000 0.0627 -0.9980
vn -0.0000 -0.1770 -0.9842
vn 0.0000 -0.1819 -0.9833
vn -0.0000 -0.1640 -0.9865
vn 0.0000 -0.3692 -0.9293
vn 0.0000 -0.3658 -0.9307
vn -0.9938 -0.1116 0.0000
vn -0.9399 -0.3413 0.0000
vn -0.9494 -0.3141 -0.0000
vn 0.0000 -0.1081 -0.9941
vn 0.0000 -0.0048 -1.0000
vn 0.0000 -0.3374 -0.9414
vn -0.0000 -0.3135 -0.9496
vn -0.9669 -0.2553 -0.0000
vn -0.9305 -0.3664 0.0000
vn -0.9517 -0.3071 -0.0000
vn -0.0000 -0.2520 -0.9677
vn -0.0000 -0.3052 -0.9523
vn -0.9866 -0.1629 -0.0000
vn -0.0477 -0.2717 0.9612
vn -0.9500 -0.3094 0.0425
vn -0.9607 -0.2733 0.0478
vn 0.9934 0.1084 0.0385
vn 0.0428 -0.2917 0.9555
vn 0.9894 0.1392 0.0418
vn -0.9488 -0.3136 0.0387
vn -0.0353 -0.2817 0.9589
vn -0.9594 -0.2799 0.0354
vn 0.0482 -0.2546 0.9658
vn 0.9935 0.1039 0.0463
vn -0.9844 -0.1676 0.0533
vn 0.9973 0.0532 0.0502
vn 0.0570 -0.0165 0.9982
vn 0.9985 -0.0145 0.0522
vn 0.9993 -0.0140 0.0353
vn 0.0390 -0.2950 0.9547
vn -0.0387 -0.3105 0.9498
vn -0.9983 -0.0142 0.0563
vn -0.0534 -0.1575 0.9861
vn 0.0538 -0.1460 0.9878
vn -0.9654 -0.2562 -0.0483
vn -0.0416 0.1366 -0.9898
vn -0.0461 0.1040 -0.9935
vn -0.9537 -0.2981 -0.0391
vn -0.0352 -0.0155 -0.9993
vn -0.0384 0.1089 -0.9933
vn -0.9862 -0.1568 -0.0537
vn -0.0502 0.0546 -0.9972
vn -0.9556 -0.2914 -0.0430
vn -0.9983 -0.0143 -0.0568
vn -0.0525 -0.0174 -0.9985
vn 0.0623 -0.0219 0.9978
vn 0.9403 -0.3392 0.0270
vn 0.9940 -0.1057 0.0277
vn -0.0293 -0.0711 0.9970
vn -0.9995 -0.0113 0.0282
vn -0.9989 -0.0366 0.0291
vn 0.0859 -0.0013 0.9963
vn 0.9996 -0.0063 0.0276
vn -0.0285 -0.0220 0.9994
vn -0.9996 -0.0007 0.0280
vn -0.9977 -0.0007 -0.0673
vn -0.0280 -0.1056 -0.9940
vn -0.9983 -0.0140 -0.0572
vn -0.0272 -0.3350 -0.9418
vn -0.9980 -0.0464 -0.0431
vn 0.9996 -0.0001 0.0276
vn 0.0876 -0.0000 0.9962
vn -0.0283 -0.0014 0.9996
vn -0.9996 -0.0000 0.0280
vn -0.0279 0.0021 -0.9996
vn -0.0279 -0.0045 -0.9996
vn 0.0308 -0.1647 0.9859
vn 0.9895 -0.1411 0.0321
vn 0.9477 -0.3179 0.0287
vn -0.0327 -0.2267 0.9734
vn -0.9912 -0.1286 0.0308
vn -0.9760 -0.2154 0.0328
vn -0.9904 -0.1342 -0.0337
vn -0.0321 -0.1457 -0.9888
vn -0.9766 -0.2126 -0.0328
vn 0.0354 -0.2725 0.9615
vn 0.0328 -0.2242 0.9740
vn 0.0376 -0.0790 0.9962
vn -0.0307 -0.1587 0.9868
vn -0.9620 -0.2707 -0.0356
vn -0.0289 -0.3162 -0.9482
vn 0.0370 0.0743 0.9966
vn 0.9252 -0.3773 0.0416
vn 0.9520 -0.3043 0.0330
vn -0.9482 -0.3143 0.0453
vn -0.0364 0.0891 0.9954
vn -0.9958 0.0834 0.0365
vn 0.0346 0.3733 0.9271
vn 0.9697 -0.2422 0.0332
vn -0.0336 0.3929 0.9190
vn -0.9198 0.3910 0.0337
vn 0.0316 0.6448 0.7637
vn 0.9878 -0.1511 0.0372
vn -0.0305 0.6631 0.7479
vn -0.7472 0.6639 0.0305
vn -0.7630 0.6456 -0.0317
vn -0.0332 -0.2390 -0.9704
vn -0.9279 0.3713 -0.0346
vn -0.0330 -0.3026 -0.9526
vn -0.9970 0.0685 -0.0371
vn -0.0417 -0.3771 -0.9252
vn -0.9470 -0.3178 -0.0457
vn -0.7148 -0.6984 0.0350
vn -0.0454 -0.3062 0.9509
vn 0.0459 -0.3094 0.9498
vn 0.7046 -0.7089 0.0324
vn -0.8088 0.5869 0.0373
vn 0.0383 0.5662 0.8234
vn 0.9868 -0.1562 0.0420
vn -0.0325 -0.7094 -0.7040
vn -0.0371 -0.1459 -0.9886
vn -0.8241 0.5651 -0.0386
vn -0.0418 -0.1544 -0.9871
vn 0.9884 -0.1439 0.0478
vn 0.0561 0.1592 0.9857
vn 0.0490 0.3713 0.9272
vn -0.9803 0.1898 0.0554
vn -0.0480 0.3947 0.9175
vn -0.0554 0.1741 0.9832
vn -0.0475 -0.1451 -0.9883
vn -0.9828 0.1758 -0.0561
vn -0.0517 -0.0851 -0.9950
vn 0.9951 -0.0843 0.0518
vn -0.0371 0.5879 0.8081
vn -0.9270 0.3718 -0.0493
vn -0.0283 -0.0001 0.9996
vn 0.9927 0.1204 0.0000
vn -0.0424 -0.3097 0.9499
vn 0.9884 0.1519 0.0000
vn -0.9977 0.0013 -0.0680
vn 1.0000 -0.0041 0.0000
vn 0.9910 -0.1341 -0.0000
vn 0.9932 0.1161 0.0000
vn -0.0566 -0.0165 0.9983
vn 0.9982 0.0608 -0.0000
vn 0.9957 -0.0929 -0.0000
vn 0.9830 -0.1838 0.0000
vn 0.9833 -0.1822 -0.0000
vn -0.9173 0.3954 0.0483
vn 0.0354 -0.6968 0.7164
vn -0.0352 -0.6955 0.7177
vn 0.9292 -0.3696 0.0000
vn -0.7135 -0.6998 -0.0352
vn -0.0000 0.1495 -0.9888
vn -0.0000 -0.0048 -1.0000
vn 0.0000 -0.0057 -1.0000
vn 0.0000 -0.1390 -0.9903
vn 0.0000 0.1162 -0.9932
vn 0.0000 -0.0946 -0.9955
vn 0.0000 0.0627 -0.9980
vn 0.0000 -0.1770 -0.9842
vn -0.0000 -0.1819 -0.9833
vn -0.0000 -0.3692 -0.9293
vn 0.9938 -0.1116 0.0000
vn 1.0000 -0.0070 0.0000
vn 0.9399 -0.3413 0.0000
vn 0.9494 -0.3141 -0.0000
vn -0.0000 -0.1081 -0.9941
vn -0.0000 -0.3374 -0.9414
vn 0.0000 -0.3135 -0.9496
vn 0.9669 -0.2553 -0.0000
vn 0.9305 -0.3664 0.0000
vn 0.9517 -0.3071 -0.0000
vn 0.0000 -0.2520 -0.9677
vn -0.0000 -0.3658 -0.9307
vn 0.0000 -0.3052 -0.9523
vn 0.9866 -0.1629 -0.0000
vn 0.0000 -0.1640 -0.9865
vn 0.0477 -0.2717 -0.9612
vn 0.9500 -0.3094 -0.0425
vn 0.9607 -0.2733 -0.0478
vn -0.9934 0.1084 -0.0385
vn -0.0428 -0.2917 -0.9555
vn -0.9894 0.1392 -0.0418
vn 0.9488 -0.3136 -0.0387
vn 0.0353 -0.2817 -0.9589
vn 0.9594 -0.2799 -0.0354
vn -0.0482 -0.2546 -0.9658
vn -0.9935 0.1039 -0.0463
vn 0.9844 -0.1676 -0.0533
vn -0.9973 0.0532 -0.0502
vn -0.0570 -0.0165 -0.9982
vn -0.9985 -0.0145 -0.0522
vn -0.9993 -0.0140 -0.0353
vn -0.0390 -0.2950 -0.9547
vn 0.0387 -0.3105 -0.9498
vn 0.9983 -0.0142 -0.0563
vn 0.0534 -0.1575 -0.9861
vn -0.0538 -0.1460 -0.9878
vn 0.9654 -0.2562 0.0483
vn 0.0416 0.1366 0.9898
vn 0.0461 0.1040 0.9935
vn 0.9537 -0.2981 0.0391
vn 0.0352 -0.0155 0.9993
vn 0.0384 0.1089 0.9933
vn 0.9862 -0.1568 0.0537
vn 0.0502 0.0546 0.9972
vn 0.9556 -0.2914 0.0430
vn 0.9983 -0.0143 0.0568
vn 0.0525 -0.0174 0.9985
vn -0.0623 -0.0219 -0.9978
vn -0.9403 -0.3392 -0.0270
vn -0.9940 -0.1057 -0.0277
vn 0.0293 -0.0711 -0.9970
vn 0.9995 -0.0113 -0.0282
vn 0.9989 -0.0366 -0.0291
vn -0.0859 -0.0013 -0.9963
vn -0.9996 -0.0063 -0.0276
vn 0.0285 -0.0220 -0.9994
vn 0.9996 -0.0006 -0.0280
vn 0.9977 -0.0007 0.0673
vn 0.0280 -0.1056 0.9940
vn 0.9983 -0.0140 0.0572
vn 0.0272 -0.3350 0.9418
vn 0.9980 -0.0464 0.0431
vn -0.9996 -0.0001 -0.0276
vn -0.0876 -0.0000 -0.9962
vn 0.0283 -0.0014 -0.9996
vn 0.9996 -0.0000 -0.0280
vn 0.0279 0.0021 0.9996
vn 0.0279 -0.0045 0.9996
vn -0.0308 -0.1647 -0.9859
vn -0.9895 -0.1411 -0.0321
vn -0.9477 -0.3179 -0.0287
vn 0.0327 -0.2267 -0.9734
vn 0.9912 -0.1286 -0.0308
vn 0.9760 -0.2154 -0.0328
vn 0.9904 -0.1342 0.0337
vn 0.0321 -0.1457 0.9888
vn 0.9766 -0.2126 0.0328
vn -0.0354 -0.2725 -0.9615
vn -0.0328 -0.2242 -0.9740
vn -0.0376 -0.0790 -0.9962
vn 0.0307 -0.1587 -0.9869
vn 0.9620 -0.2707 0.0356
vn 0.0289 -0.3162 0.9482
vn -0.0370 0.0743 -0.9966
vn -0.9252 -0.3773 -0.0416
vn -0.9520 -0.3043 -0.0330
vn 0.9482 -0.3143 -0.0453
vn 0.0364 0.0891 -0.9954
vn 0.9958 0.0834 -0.0365
vn -0.0346 0.3733 -0.9271
vn -0.9697 -0.2422 -0.0332
vn 0.0336 0.3929 -0.9190
vn 0.9198 0.3910 -0.0337
vn -0.0316 0.6448 -0.7637
vn -0.9878 -0.1511 -0.0372
vn 0.0305 0.6631 -0.7479
vn 0.7472 0.6639 -0.0305
vn 0.7630 0.6456 0.0316
vn 0.0332 -0.2390 0.9704
vn 0.9279 0.3713 0.0346
vn 0.0330 -0.3026 0.9526
vn 0.9970 0.0685 0.0371
vn 0.0417 -0.3771 0.9252
vn 0.9470 -0.3178 0.0457
vn 0.7148 -0.6984 -0.0349
vn 0.0454 -0.3062 -0.9509
vn -0.0459 -0.3094 -0.9498
vn -0.7046 -0.7089 -0.0324
vn 0.8088 0.5869 -0.0373
vn -0.0383 0.5662 -0.8234
vn -0.9868 -0.1562 -0.0420
vn 0.0325 -0.7094 0.7040
vn 0.0371 -0.1459 0.9886
vn 0.8241 0.5651 0.0386
vn 0.0418 -0.1544 0.9871
vn -0.9884 -0.1439 -0.0478
vn -0.0561 0.1592 -0.9857
vn -0.0490 0.3713 -0.9272
vn 0.9803 0.1898 -0.0554
vn 0.0480 0.3947 -0.9175
vn 0.0554 0.1741 -0.9832
vn 0.0475 -0.1451 0.9883
vn 0.9828 0.1758 0.0561
vn 0.0517 -0.0851 0.9950
vn -0.9951 -0.0843 -0.0518
vn 0.0371 0.5879 -0.8081
vn 0.9270 0.3718 0.0493
vn 0.0283 -0.0000 -0.9996
vn -0.9927 0.1204 -0.0000
vn 0.0424 -0.3097 -0.9499
vn 0.9977 0.0014 0.0680
vn -0.9910 -0.1341 0.0000
vn -0.9932 0.1161 -0.0000
vn 0.0566 -0.0165 -0.9983
vn -0.9982 0.0608 0.0000
vn -0.9957 -0.0929 0.0000
vn -0.9830 -0.1838 -0.0000
vn -0.9833 -0.1822 0.0000
vn 0.9173 0.3954 -0.0483
vn -0.0354 -0.6968 -0.7164
vn 0.0352 -0.6955 -0.7177
vn 0.7135 -0.6998 0.0352
vn 0.0000 0.1495 0.9888
vn 0.0000 0.1210 0.9927
vn 0.0000 0.0021 1.0000
vn 0.0000 -0.0048 1.0000
vn -0.0000 -0.0057 1.0000
vn -0.0000 -0.1390 0.9903
vn -0.0000 0.1161 0.9932
vn -0.0000 -0.0946 0.9955
vn -0.0000 0.0627 0.9980
vn -0.0000 -0.1770 0.9842
vn 0.0000 -0.1818 0.9833
vn 0.0000 -0.3692 0.9293
vn -0.9938 -0.1116 -0.0000
vn -0.9399 -0.3413 -0.0000
vn -0.9494 -0.3141 0.0000
vn 0.0000 -0.1081 0.9941
vn 0.0000 -0.3374 0.9414
vn -0.0000 -0.3135 0.9496
vn -0.9669 -0.2553 0.0000
vn -0.9305 -0.3664 -0.0000
vn -0.9517 -0.3071 0.0000
vn -0.0000 -0.2521 0.9677
vn 0.0000 -0.3658 0.9307
vn -0.0000 -0.3052 0.9523
vn -0.9866 -0.1629 0.0000
vn -0.0000 -0.1640 0.9865
vn -0.9499 -0.3095 -0.0425
vn -0.0477 -0.2718 -0.9612
vn -0.9607 -0.2733 -0.0479
vn 0.9934 0.1084 -0.0385
vn 0.0429 -0.2917 -0.9555
vn 0.0390 -0.2950 -0.9547
vn -0.9487 -0.3136 -0.0388
vn -0.0353 -0.2817 -0.9588
vn -0.0387 -0.3106 -0.9498
vn 0.9894 0.1391 -0.0418
vn 0.0482 -0.2546 -0.9658
vn -0.9844 -0.1676 -0.0533
vn -0.0534 -0.1575 -0.9861
vn 0.9973 0.0531 -0.0502
vn 0.0570 -0.0165 -0.9982
vn 0.0538 -0.1460 -0.9878
vn 0.9993 -0.0140 -0.0353
vn 0.0355 -0.2725 -0.9615
vn -0.0424 -0.3098 -0.9498
vn -0.9983 -0.0142 -0.0564
vn -0.0566 -0.0164 -0.9983
vn 0.9935 0.1038 -0.0464
vn -0.0417 0.1365 0.9898
vn -0.9654 -0.2562 0.0484
vn -0.0462 0.1040 0.9935
vn -0.0352 -0.0156 0.9993
vn -0.9537 -0.2981 0.0391
vn -0.0384 0.1089 0.9933
vn -0.9862 -0.1567 0.0537
vn -0.0503 0.0546 0.9972
vn -0.9556 -0.2914 0.0430
vn -0.9983 -0.0143 0.0568
vn -0.0525 -0.0175 0.9985
vn 0.9403 -0.3392 -0.0270
vn 0.0623 -0.0219 -0.9978
vn 0.9940 -0.1057 -0.0278
vn -0.9995 -0.0113 -0.0283
vn -0.0293 -0.0711 -0.9970
vn -0.9989 -0.0366 -0.0291
vn 0.0859 -0.0013 -0.9963
vn 0.9996 -0.0063 -0.0276
vn -0.9996 -0.0006 -0.0281
vn -0.0286 -0.0220 -0.9994
vn -0.9977 -0.0007 0.0673
vn -0.0280 -0.1056 0.9940
vn -0.0279 -0.0045 0.9996
vn -0.9983 -0.0140 0.0572
vn -0.0272 -0.3350 0.9418
vn 0.9996 -0.0000 -0.0276
vn -0.9996 0.0001 -0.0281
vn -0.0283 -0.0014 -0.9996
vn -0.0279 0.0020 0.9996
vn 0.9895 -0.1411 -0.0322
vn 0.0308 -0.1648 -0.9859
vn 0.9477 -0.3179 -0.0287
vn -0.9912 -0.1286 -0.0308
vn -0.0327 -0.2268 -0.9734
vn -0.9760 -0.2154 -0.0329
vn -0.9904 -0.1343 0.0338
vn -0.0321 -0.1457 0.9888
vn -0.0289 -0.3162 0.9482
vn 0.0377 -0.0790 -0.9962
vn -0.9594 -0.2800 -0.0354
vn -0.0308 -0.1587 -0.9868
vn -0.9620 -0.2707 0.0356
vn -0.9980 -0.0463 0.0431
vn 0.9252 -0.3772 -0.0416
vn 0.0370 0.0742 -0.9966
vn 0.9520 -0.3043 -0.0331
vn -0.9483 -0.3142 -0.0453
vn -0.0364 0.0891 -0.9954
vn -0.0455 -0.3062 -0.9509
vn 0.0346 0.3733 -0.9270
vn 0.9696 -0.2422 -0.0333
vn -0.9958 0.0834 -0.0366
vn -0.0337 0.3930 -0.9189
vn 0.0316 0.6448 -0.7637
vn 0.9878 -0.1511 -0.0372
vn -0.9198 0.3910 -0.0338
vn -0.0305 0.6632 -0.7479
vn -0.7630 0.6456 0.0317
vn -0.0332 -0.2391 0.9704
vn -0.0372 -0.1459 0.9886
vn -0.9279 0.3713 0.0347
vn -0.0330 -0.3026 0.9525
vn -0.9970 0.0685 0.0371
vn -0.0418 -0.3772 0.9252
vn -0.7148 -0.6985 -0.0350
vn -0.0352 -0.6955 -0.7176
vn 0.7045 -0.7089 -0.0325
vn 0.0459 -0.3094 -0.9498
vn -0.8088 0.5869 -0.0374
vn -0.7472 0.6639 -0.0306
vn 0.0384 0.5662 -0.8234
vn 0.9868 -0.1562 -0.0420
vn -0.0325 -0.7094 0.7040
vn -0.9471 -0.3178 0.0457
vn -0.7134 -0.6998 0.0353
vn -0.8241 0.5651 0.0386
vn 0.0561 0.1591 -0.9857
vn 0.9884 -0.1439 -0.0479
vn 0.0491 0.3713 -0.9272
vn -0.0480 0.3947 -0.9175
vn -0.9803 0.1898 -0.0554
vn -0.0554 0.1741 -0.9832
vn -0.0476 -0.1451 0.9883
vn -0.9828 0.1758 0.0561
vn -0.9270 0.3718 0.0494
vn 0.9951 -0.0844 -0.0518
vn 0.9985 -0.0145 -0.0522
vn -0.9172 0.3954 -0.0483
vn -0.0419 -0.1544 0.9871
vn -0.0518 -0.0851 0.9950
vn -0.0284 -0.0000 -0.9996
vn 1.0000 -0.0070 -0.0000
vn 0.9927 0.1203 -0.0000
vn 0.9884 0.1518 0.0000
vn 0.9932 0.1161 -0.0000
vn -0.9977 0.0014 0.0680
vn -0.9766 -0.2126 0.0329
vn 0.0328 -0.2242 -0.9740
vn 1.0000 -0.0041 -0.0000
vn 0.9910 -0.1341 0.0000
vn 0.9982 0.0608 0.0000
vn 0.9999 -0.0136 -0.0001
vn 0.9957 -0.0929 0.0000
vn -0.0371 0.5879 -0.8081
vn 0.9830 -0.1837 -0.0000
vn 0.9833 -0.1822 0.0000
vn 0.0355 -0.6968 -0.7164
vn 0.9292 -0.3696 -0.0000
vn -0.0000 0.1495 0.9888
vn 0.0000 0.1209 0.9927
vn 0.0000 -0.0056 1.0000
vn 0.0000 -0.1390 0.9903
vn 0.0000 -0.0946 0.9955
vn 0.0000 -0.0168 0.9999
vn 0.0000 0.0627 0.9980
vn 0.0000 -0.1770 0.9842
vn -0.0000 -0.1818 0.9833
vn 0.0000 -0.1640 0.9865
vn -0.0000 -0.3692 0.9293
vn -0.0000 -0.3658 0.9307
vn 0.9938 -0.1116 -0.0000
vn 0.9399 -0.3413 -0.0000
vn 0.9494 -0.3141 0.0000
vn -0.0000 -0.1081 0.9941
vn -0.0000 -0.3374 0.9414
vn 0.0000 -0.3135 0.9496
vn 0.9669 -0.2553 0.0000
vn 0.9305 -0.3664 -0.0000
vn 0.9517 -0.3071 0.0000
vn 0.0000 -0.2521 0.9677
vn 0.0000 -0.3052 0.9523
vn 0.9866 -0.1629 0.0000
vn -0.0876 -0.0000 0.9962
vn 0.9999 -0.0136 0.0001
vn 0.0000 -0.0168 -0.9999
vn -0.9999 -0.0136 -0.0001
vn -0.0000 -0.0168 0.9999
vn 0.0876 -0.0000 -0.9962
vn -0.6672 0.7449 -0.0000
vn -0.3813 0.9245 0.0000
vn -0.3813 0.9244 0.0000
vn 0.3814 0.9244 0.0000
vn 0.3813 0.9244 0.0000
vn 0.6652 0.7466 0.0000
vn 0.6653 0.7466 0.0000
vn -0.6672 0.7449 0.0000
vn 0.3813 0.9245 0.0000
vn 0.6672 0.7449 0.0000
vn 0.3812 0.9245 0.0000
vn -0.3812 0.9245 0.0000
vn -0.3814 0.9244 0.0000
vn -0.6649 0.7469 -0.0000
vn -0.3815 0.9244 0.0000
vn -0.8838 0.4678 0.0000
vn -0.9518 0.3067 0.0000
vn -0.9518 0.3066 0.0001
vn 0.0004 0.0005 1.0000
vn 0.0009 0.0197 0.9998
vn -0.0000 0.0000 1.0000
vn 0.0000 0.0171 0.9999
vn 0.0000 0.0209 0.9998
vn -0.0004 0.0175 0.9998
vn -0.0001 0.0002 1.0000
vn -0.0000 0.0000 -1.0000
vn 0.0000 0.3303 0.9439
vn -0.0000 0.3303 0.9439
vn -0.0000 -0.0000 -1.0000
vn 0.0000 0.3342 0.9425
vn 0.0000 0.4571 0.8894
vn -0.0000 0.3342 0.9425
vn -0.0000 0.4571 0.8894
vn 0.8841 0.4673 0.0001
vn 0.9506 0.3103 0.0001
vn -0.8839 0.4677 0.0000
vn -0.9519 0.3065 0.0001
vn -0.9518 0.3066 0.0000
vn 0.8839 0.4677 0.0000
vn 0.9519 0.3065 0.0001
vn 0.9518 0.3066 0.0000
vn -0.9519 0.3065 0.0000
vn 0.9518 0.3067 0.0000
vn 0.8839 0.4678 0.0000
vn -0.8842 0.4671 0.0001
vn -0.9504 0.3109 0.0001
vn -0.6649 0.7469 -0.0001
vn -0.0148 0.0195 0.9997
vn -0.7064 -0.0013 0.7078
vn -0.0147 -0.0000 0.9999
vn -0.7070 0.0247 0.7067
vn -0.9237 -0.0019 0.3832
vn 0.7078 0.0282 0.7059
vn 0.9997 0.0003 0.0244
vn 0.9996 0.0149 0.0244
vn 0.0133 0.0216 0.9997
vn 0.7079 0.0010 0.7063
vn -0.6186 0.4844 0.6186
vn -0.0159 0.3528 0.9356
vn -0.9234 0.0211 0.3831
vn 0.6119 0.5065 0.6076
vn 0.9297 0.3676 0.0243
vn -0.6327 0.4421 0.6358
vn -0.0156 0.4458 0.8950
vn -0.0160 0.3380 0.9410
vn -0.7789 0.5372 0.3237
vn -0.5834 0.5630 0.5853
vn 0.0197 0.4469 0.8944
vn 0.6402 0.4310 0.6359
vn 0.0209 0.3279 0.9445
vn 0.8882 0.4586 0.0259
vn 0.5853 0.5659 0.5808
vn -0.8217 0.4568 0.3409
vn 0.0172 0.3728 0.9277
vn -0.0001 -1.0000 -0.0000
vn -0.9999 0.0138 0.0000
vn -1.0000 -0.0023 -0.0000
vn 0.9999 0.0142 -0.0000
vn -0.9334 0.3589 0.0001
vn -0.8934 0.4493 0.0001
vn -0.8934 0.4493 0.0002
vn -0.0021 0.3475 0.9377
vn -0.9334 0.3588 0.0001
vn -0.0001 0.4404 0.8978
vn 0.9338 0.3579 0.0001
vn 0.8933 0.4495 0.0001
vn 0.0069 0.4422 0.8969
vn 0.0055 0.3678 0.9299
vn 0.0014 0.3329 0.9430
vn -0.9608 0.2771 0.0001
vn 0.9585 0.2844 0.0204
vn 0.0066 0.3240 0.9460
vn 0.0000 0.8831 0.4692
vn 0.0000 0.9690 0.2470
vn -0.0000 0.5857 0.8105
vn 0.0000 0.5857 0.8105
vn -0.0000 0.3164 0.9486
vn 0.0000 0.8831 0.4693
vn 0.0000 0.3163 0.9486
vn -0.0000 0.5858 0.8105
vn 0.0000 0.3164 0.9486
vn -0.3682 0.9171 0.1530
vn -0.1992 0.9740 0.1077
vn -0.2237 0.9702 0.0929
vn -0.6838 0.6721 0.2842
vn -0.3257 0.9254 0.1938
vn -0.8554 0.3765 0.3556
vn -0.5875 0.6871 0.4275
vn -0.0088 0.8871 0.4615
vn -0.0062 0.9707 0.2404
vn -0.0132 0.5967 0.8024
vn -0.0160 0.3267 0.9450
vn 0.2118 0.9722 0.0997
vn 0.9390 0.3420 0.0360
vn 0.9552 0.2954 0.0153
vn 0.3519 0.9177 0.1843
vn 0.9741 0.2223 0.0407
vn 0.6184 0.6619 0.4236
vn 0.9861 0.1639 0.0261
vn 0.0101 0.9755 0.2199
vn 0.0159 0.8958 0.4442
vn 0.0205 0.3046 0.9523
vn 0.0211 0.5847 0.8110
vn 0.0003 0.8836 0.4683
vn 0.0001 0.9694 0.2454
vn 0.0010 0.5929 0.8052
vn 0.0018 0.3237 0.9462
vn 0.0014 0.8920 0.4519
vn 0.0016 0.9743 0.2252
vn 0.0022 0.5793 0.8151
vn 0.0037 0.3013 0.9535
vn -0.9808 0.1951 -0.0000
vn 0.9506 0.3103 0.0000
vn 0.9808 0.1951 -0.0000
vn -0.9808 0.1951 0.0000
vn 0.9808 0.1951 0.0000
vn -0.6855 0.3958 0.6111
vn -0.9886 0.1504 0.0000
vn -0.8400 0.4152 0.3492
vn 0.6944 0.3761 0.6134
vn -0.3813 0.9244 -0.0000
vn -0.3813 0.9245 -0.0000
vn 0.3813 0.9244 -0.0000
vn 0.6652 0.7466 -0.0000
vn -0.3814 0.9244 -0.0000
vn 0.6672 0.7449 -0.0000
vn 0.3813 0.9245 -0.0000
vn -0.3816 0.9243 -0.0000
vn -0.6649 0.7469 0.0000
vn -0.9518 0.3068 -0.0000
vn -0.8838 0.4678 -0.0000
vn -0.9518 0.3066 -0.0000
vn 0.0009 0.0197 -0.9998
vn 0.0004 0.0005 -1.0000
vn 0.0000 0.0171 -0.9999
vn 0.0000 0.0209 -0.9998
vn -0.0001 0.0002 -1.0000
vn -0.0004 0.0176 -0.9998
vn 0.0000 0.3303 -0.9439
vn -0.0000 0.3303 -0.9439
vn -0.0000 -0.0000 1.0000
vn 0.0000 0.3342 -0.9425
vn 0.0000 0.4571 -0.8894
vn -0.0000 0.4571 -0.8894
vn -0.0000 0.3342 -0.9425
vn 0.8841 0.4673 -0.0000
vn 0.9506 0.3103 -0.0001
vn -0.9518 0.3067 -0.0001
vn -0.8839 0.4677 -0.0000
vn 0.8839 0.4677 -0.0000
vn 0.9519 0.3065 -0.0001
vn 0.9518 0.3066 -0.0000
vn -0.9519 0.3065 -0.0001
vn 0.9518 0.3066 -0.0001
vn -0.9519 0.3065 -0.0000
vn 0.9518 0.3067 -0.0000
vn -0.9504 0.3109 -0.0001
vn -0.8842 0.4671 -0.0001
vn -0.9504 0.3109 -0.0000
vn -0.6672 0.7448 -0.0000
vn 0.8841 0.4673 -0.0001
vn 0.6672 0.7448 0.0000
vn 0.8839 0.4677 -0.0001
vn 0.6672 0.7448 -0.0000
vn -0.0148 0.0195 -0.9997
vn -0.7064 -0.0013 -0.7078
vn -0.7064 0.0246 -0.7073
vn -0.9237 -0.0019 -0.3832
vn -0.9235 0.0210 -0.3831
vn 0.9997 0.0003 -0.0244
vn 0.7078 0.0281 -0.7059
vn 0.9996 0.0149 -0.0245
vn 0.7079 0.0010 -0.7063
vn 0.0134 0.0216 -0.9997
vn -0.6186 0.4844 -0.6186
vn -0.0159 0.3528 -0.9356
vn -0.8216 0.4568 -0.3409
vn 0.6119 0.5065 -0.6076
vn 0.9297 0.3676 -0.0243
vn 0.0172 0.3729 -0.9277
vn -0.0156 0.4459 -0.8950
vn -0.6327 0.4421 -0.6358
vn -0.0160 0.3380 -0.9410
vn -0.7789 0.5372 -0.3238
vn -0.8400 0.4152 -0.3493
vn 0.0198 0.4469 -0.8944
vn 0.6402 0.4310 -0.6359
vn 0.5853 0.5659 -0.5807
vn 0.8882 0.4587 -0.0259
vn -0.5834 0.5631 -0.5853
vn -0.0147 -0.0000 -0.9999
vn -0.9999 0.0138 -0.0000
vn 0.9999 0.0142 0.0000
vn 0.0131 0.0014 -0.9999
vn -0.9333 0.3590 -0.0001
vn -0.8934 0.4493 -0.0001
vn -0.9334 0.3588 -0.0001
vn -0.0021 0.3475 -0.9377
vn -0.0001 0.4404 -0.8978
vn 0.9338 0.3579 -0.0001
vn 0.8933 0.4494 -0.0002
vn 0.0068 0.4422 -0.8969
vn 0.0055 0.3678 -0.9299
vn 0.0014 0.3329 -0.9430
vn -0.9608 0.2771 -0.0001
vn 0.9585 0.2845 -0.0205
vn 0.9613 0.2755 -0.0001
vn 0.0066 0.3240 -0.9460
vn 0.0000 0.9690 -0.2470
vn 0.0000 0.8831 -0.4693
vn -0.0000 0.5857 -0.8105
vn 0.0000 0.5857 -0.8105
vn -0.0000 0.3164 -0.9486
vn 0.0000 0.3164 -0.9486
vn -0.0000 0.8831 -0.4692
vn -0.0000 0.5858 -0.8105
vn 0.0000 0.3163 -0.9486
vn -0.0000 0.8831 -0.4693
vn 0.0000 0.8831 -0.4692
vn -0.1991 0.9740 -0.1077
vn -0.3682 0.9171 -0.1530
vn -0.2236 0.9702 -0.0929
vn -0.3257 0.9254 -0.1938
vn -0.6838 0.6721 -0.2841
vn -0.5874 0.6871 -0.4276
vn -0.8554 0.3765 -0.3556
vn -0.0088 0.8871 -0.4615
vn -0.0132 0.5967 -0.8024
vn -0.0161 0.3267 -0.9450
vn -0.6855 0.3958 -0.6111
vn 0.2118 0.9722 -0.0997
vn 0.9390 0.3421 -0.0360
vn 0.3519 0.9177 -0.1843
vn 0.9741 0.2223 -0.0407
vn 0.6184 0.6619 -0.4236
vn 0.9861 0.1640 -0.0261
vn 0.6944 0.3761 -0.6134
vn 0.0101 0.9755 -0.2199
vn 0.0160 0.8958 -0.4442
vn 0.0212 0.5847 -0.8110
vn 0.0205 0.3046 -0.9523
vn -0.0062 0.9706 -0.2404
vn 0.0003 0.8836 -0.4683
vn 0.0011 0.5929 -0.8053
vn 0.0018 0.3237 -0.9462
vn 0.0014 0.8920 -0.4520
vn 0.0016 0.9743 -0.2252
vn 0.0022 0.5793 -0.8151
vn 0.0037 0.3013 -0.9535
vn 0.0209 0.3278 -0.9445
vn -0.9886 0.1504 -0.0000
vn -0.9886 0.1503 -0.0000
vn 0.0130 0.0008 0.9999
vn 0.9613 0.2755 -0.0000
vn -0.9808 0.1950 0.0000
vn 0.0001 1.0000 -0.0000
vn 0.9890 0.1479 -0.0000
vn -0.9608 0.2771 -0.0000
vn 0.9552 0.2954 -0.0153
vn 0.0001 0.9695 -0.2452
vn -0.9808 0.1950 -0.0000
vn 0.9808 0.1950 0.0000
vn 0.9808 0.1950 -0.0000
vn -0.0001 1.0000 -0.0000
vn 0.3814 0.9244 -0.0000
vn 0.3812 0.9245 -0.0000
vn 0.6653 0.7466 -0.0000
vn -0.3812 0.9245 -0.0000
vn 0.0009 0.0196 0.9998
vn 0.0000 0.0172 0.9999
vn 0.0000 0.0151 0.9999
vn -0.0004 0.0176 0.9998
vn 0.8841 0.4672 0.0001
vn 0.9507 0.3103 0.0001
vn -0.8839 0.4678 0.0000
vn 0.8838 0.4678 0.0000
vn -0.6672 0.7449 -0.0001
vn 0.0000 0.4570 0.8894
vn -0.9236 -0.0019 0.3832
vn 0.7078 0.0281 0.7059
vn 0.9997 0.0003 0.0243
vn 0.7080 0.0010 0.7062
vn -0.0158 0.3528 0.9356
vn -0.9235 0.0210 0.3831
vn 0.6119 0.5064 0.6076
vn 0.9297 0.3676 0.0242
vn -0.0159 0.3380 0.9410
vn -0.7789 0.5371 0.3237
vn -0.5834 0.5631 0.5853
vn 0.0198 0.4469 0.8944
vn 0.0208 0.3279 0.9445
vn 0.8882 0.4587 0.0259
vn 0.5853 0.5659 0.5807
vn -0.8216 0.4568 0.3409
vn 0.0171 0.3728 0.9277
vn -0.9999 0.0139 0.0000
vn 0.9585 0.2845 0.0205
vn -0.0000 0.8831 0.4692
vn -0.0000 0.8831 0.4693
vn -0.2236 0.9702 0.0929
vn -0.6838 0.6721 0.2841
vn -0.0133 0.5967 0.8024
vn 0.9390 0.3421 0.0360
vn 0.0101 0.9755 0.2198
vn 0.0003 0.8835 0.4684
vn 0.0001 0.9694 0.2453
vn 0.0011 0.5929 0.8052
vn 0.0014 0.8920 0.4520
vn -0.6855 0.3959 0.6110
vn -0.8400 0.4153 0.3493
vn 0.6944 0.3761 0.6135
vn 0.0009 0.0196 -0.9998
vn 0.0000 0.0172 -0.9999
vn 0.0000 0.0151 -0.9999
vn 0.0000 0.0208 -0.9998
vn 0.9507 0.3102 -0.0001
vn -0.9518 0.3067 -0.0000
vn 0.8839 0.4678 -0.0000
vn 0.9519 0.3065 -0.0000
vn 0.8838 0.4678 -0.0000
vn 0.9518 0.3068 -0.0000
vn -0.9518 0.3066 -0.0001
vn -0.8839 0.4678 -0.0000
vn 0.8839 0.4678 -0.0001
vn -0.7069 -0.0013 -0.7073
vn -0.9236 -0.0019 -0.3832
vn -0.9235 0.0211 -0.3831
vn 0.9997 0.0003 -0.0243
vn 0.7081 0.0010 -0.7061
vn -0.8217 0.4568 -0.3409
vn 0.6119 0.5064 -0.6076
vn -0.7789 0.5371 -0.3238
vn 0.5853 0.5659 -0.5808
vn -0.0147 -0.0001 -0.9999
vn -0.9999 0.0139 -0.0000
vn -0.9332 0.3594 -0.0001
vn 0.8933 0.4495 -0.0002
vn 0.9585 0.2844 -0.0205
vn 0.0000 0.9690 -0.2471
vn 0.0000 0.5858 -0.8105
vn 0.0000 0.8830 -0.4693
vn -0.1992 0.9740 -0.1077
vn -0.2237 0.9702 -0.0929
vn -0.6837 0.6721 -0.2841
vn -0.5875 0.6871 -0.4275
vn -0.0087 0.8871 -0.4615
vn -0.0133 0.5967 -0.8024
vn -0.6855 0.3959 -0.6110
vn 0.2117 0.9722 -0.0998
vn 0.3519 0.9177 -0.1844
vn 0.6184 0.6620 -0.4236
vn 0.9861 0.1640 -0.0262
vn 0.0102 0.9755 -0.2198
vn 0.0159 0.8958 -0.4442
vn 0.0205 0.3045 -0.9523
vn -0.0063 0.9706 -0.2404
vn 0.0010 0.5929 -0.8052
vn -0.9808 0.1951 0.0001
vn 0.0209 0.3279 -0.9445
vn 0.9613 0.2755 0.0000
vn -0.9808 0.1951 -0.0001
vn -0.0004 1.0000 0.0000
vn 0.9808 0.1951 -0.0001
vn 0.9808 0.1952 0.0001
vn -0.9886 0.1504 -0.0001
vn -0.0000 0.8830 -0.4693
vn 0.0001 0.9695 -0.2453
vn -0.0002 1.0000 0.0000
vn 0.9808 0.1951 0.0001
vn -0.9808 0.1952 -0.0000
vn 0.0001 0.3050 -0.9523
vn -0.0000 0.9244 0.3814
vn 0.0000 0.9247 0.3808
vn 0.9999 0.0171 -0.0000
vn 0.9999 0.0151 -0.0000
vn 0.9999 0.0171 0.0000
vn 0.9998 0.0216 -0.0000
vn 0.9439 0.3302 -0.0000
vn 0.9611 0.2763 0.0000
vn 0.9611 0.2763 -0.0000
vn 0.9611 0.2764 0.0000
vn 0.0001 0.3050 0.9523
vn 0.0000 0.3046 0.9525
vn 0.0000 0.3044 -0.9526
vn 0.0000 0.3044 0.9526
vn 0.0001 0.3046 0.9525
vn 0.0000 0.3045 -0.9525
vn 0.0000 0.3045 0.9525
vn 0.0001 0.3045 0.9525
vn 0.9891 0.1474 -0.0000
vn 0.0000 0.7448 0.6672
vn 0.0000 0.3046 -0.9525
vn 0.9369 0.3495 -0.0000
vn 0.8935 0.4491 0.0000
vn 0.9370 0.3494 -0.0000
vn 0.9633 0.2683 -0.0000
vn 0.9633 0.2683 0.0000
vn 0.9996 0.0269 -0.0000
vn 0.8935 0.4490 -0.0000
vn 0.0000 0.9247 0.3807
vn -0.0000 0.9243 0.3816
vn 0.0000 0.9245 -0.3812
vn 0.0000 0.9247 -0.3807
vn 0.9998 0.0216 0.0000
vn 0.9611 0.2764 -0.0000
vn 0.0001 0.3047 0.9524
vn 0.8935 0.4491 -0.0000
vn 0.9370 0.3494 0.0000
vn 0.9633 0.2684 -0.0000
vn 0.9996 0.0269 0.0000
vn 0.0000 0.9247 -0.3806
vn -0.0000 0.4677 -0.8839
vn -0.0001 0.3050 -0.9523
vn -0.0000 0.3045 -0.9525
vn 0.0000 0.9243 -0.3816
vn -0.0000 0.9247 0.3808
vn -0.9999 0.0171 -0.0000
vn -0.9999 0.0151 -0.0000
vn -0.9998 0.0216 -0.0000
vn -0.9611 0.2763 0.0000
vn -0.9611 0.2763 -0.0000
vn -0.9611 0.2764 0.0000
vn -0.0001 0.3050 0.9523
vn -0.0000 0.3046 0.9525
vn -0.0000 0.3044 -0.9526
vn -0.0000 0.3046 -0.9525
vn -0.0001 0.3046 0.9525
vn -0.0000 0.4678 0.8838
vn -0.0000 0.3045 0.9525
vn -0.0001 0.3046 -0.9525
vn -0.0000 0.4678 0.8839
vn -0.0001 0.3047 0.9524
vn -0.9891 0.1474 -0.0000
vn -0.0000 0.7448 0.6672
vn -0.8935 0.4491 0.0000
vn -0.9369 0.3495 -0.0000
vn -0.9370 0.3494 -0.0000
vn -0.9633 0.2683 0.0000
vn -0.9633 0.2684 0.0000
vn -0.9996 0.0269 -0.0000
vn -0.9998 0.0216 0.0000
vn -0.8935 0.4490 -0.0000
vn -0.0000 0.3047 0.9524
vn 0.0000 0.9244 0.3815
vn -0.0000 0.9247 -0.3807
vn -0.9611 0.2764 -0.0000
vn -0.0000 0.3044 -0.9525
vn -0.9369 0.3495 0.0000
vn -0.8935 0.4491 -0.0000
vn -0.9370 0.3494 0.0000
vn -0.9633 0.2683 -0.0000
vn -0.9634 0.2682 -0.0000
vn -0.8935 0.4490 0.0000
vn -0.0000 0.9247 -0.3806
vn 0.6666 -0.7454 -0.0000
vn 0.8570 -0.3735 -0.3550
vn 0.6158 -0.7454 -0.2551
vn 0.4713 -0.7454 -0.4713
vn 0.6559 -0.3735 -0.6559
vn 0.2551 -0.7454 -0.6158
vn 0.0000 -0.3735 -0.9276
vn 0.0000 -0.7454 -0.6666
vn -0.3550 -0.3735 -0.8570
vn -0.2551 -0.7454 -0.6158
vn -0.4713 -0.7454 -0.4713
vn -0.8570 -0.3735 -0.3550
vn -0.6159 -0.7454 -0.2551
vn -0.6666 -0.7454 0.0000
vn -0.8570 -0.3735 0.3550
vn -0.6158 -0.7454 0.2551
vn -0.6559 -0.3735 0.6559
vn -0.4713 -0.7454 0.4713
vn -0.3550 -0.3735 0.8570
vn -0.2551 -0.7454 0.6158
vn -0.0000 -0.3735 0.9276
vn -0.0000 -0.7454 0.6666
vn 0.3550 -0.3735 0.8570
vn 0.2551 -0.7454 0.6158
vn 0.4713 -0.7454 0.4714
vn 0.8570 -0.3735 0.3550
vn 0.6159 -0.7454 0.2551
vn 1.0000 -0.0085 0.0000
vn 0.8163 -0.4684 -0.3381
vn 0.8835 -0.4684 -0.0000
vn 0.9238 -0.0085 -0.3827
vn 0.6247 -0.4684 -0.6247
vn 0.7071 -0.0085 -0.7071
vn 0.3381 -0.4684 -0.8163
vn 0.3827 -0.0085 -0.9238
vn -0.0000 -0.4684 -0.8835
vn 0.0000 -0.0085 -1.0000
vn -0.3381 -0.4684 -0.8163
vn -0.3827 -0.0085 -0.9238
vn -0.6247 -0.4684 -0.6247
vn -0.7071 -0.0085 -0.7071
vn -0.8163 -0.4684 -0.3381
vn -0.9238 -0.0085 -0.3827
vn -0.8835 -0.4684 0.0000
vn -1.0000 -0.0085 -0.0000
vn -0.8163 -0.4684 0.3381
vn -0.9238 -0.0085 0.3827
vn -0.6247 -0.4684 0.6247
vn -0.7071 -0.0085 0.7071
vn -0.3381 -0.4684 0.8163
vn -0.3827 -0.0085 0.9238
vn -0.0000 -0.4684 0.8835
vn -0.0000 -0.0085 1.0000
vn 0.3381 -0.4684 0.8163
vn 0.3827 -0.0085 0.9238
vn 0.6247 -0.4684 0.6247
vn 0.7071 -0.0085 0.7071
vn 0.8163 -0.4684 0.3381
vn 0.9238 -0.0085 0.3827
vn 0.7867 -0.5243 -0.3259
vn 0.8516 -0.5243 -0.0000
vn 0.6021 -0.5243 -0.6021
vn 0.3259 -0.5243 -0.7867
vn -0.0000 -0.5243 -0.8516
vn -0.3259 -0.5243 -0.7867
vn -0.6021 -0.5243 -0.6021
vn -0.7867 -0.5243 -0.3259
vn -0.8516 -0.5243 0.0000
vn -0.7867 -0.5243 0.3259
vn -0.6021 -0.5243 0.6021
vn -0.3259 -0.5243 0.7867
vn 0.0000 -0.5243 0.8516
vn 0.3259 -0.5243 0.7867
vn 0.6021 -0.5243 0.6021
vn 0.7867 -0.5243 0.3259
vn 0.7371 0.6758 -0.0000
vn 0.9237 0.0195 -0.3826
vn 0.9998 0.0195 0.0000
vn 0.6810 0.6758 -0.2821
vn 0.7070 0.0195 -0.7070
vn 0.5212 0.6758 -0.5212
vn 0.3826 0.0195 -0.9237
vn 0.2821 0.6758 -0.6810
vn 0.0000 0.0195 -0.9998
vn -0.0000 0.6758 -0.7371
vn -0.3826 0.0195 -0.9237
vn -0.2821 0.6758 -0.6810
vn -0.7070 0.0195 -0.7070
vn -0.5212 0.6758 -0.5212
vn -0.9237 0.0195 -0.3826
vn -0.6810 0.6758 -0.2821
vn -0.9998 0.0195 0.0000
vn -0.7371 0.6758 0.0000
vn -0.9237 0.0195 0.3826
vn -0.6810 0.6758 0.2821
vn -0.7070 0.0195 0.7070
vn -0.5212 0.6758 0.5212
vn -0.3826 0.0195 0.9237
vn -0.2821 0.6758 0.6810
vn -0.0000 0.0195 0.9998
vn 0.0000 0.6758 0.7371
vn 0.3826 0.0195 0.9237
vn 0.2821 0.6758 0.6810
vn 0.7070 0.0195 0.7070
vn 0.5212 0.6758 0.5212
vn 0.9237 0.0195 0.3826
vn 0.6810 0.6758 0.2821
vn 0.9920 -0.1263 0.0000
vn 0.7084 0.6419 -0.2934
vn 0.7668 0.6419 0.0000
vn 0.7014 -0.1264 -0.7014
vn 0.5422 0.6419 -0.5422
vn 0.2934 0.6419 -0.7084
vn 0.3796 -0.1263 -0.9165
vn -0.0000 0.6419 -0.7668
vn -0.0000 -0.1264 -0.9920
vn -0.2934 0.6419 -0.7084
vn -0.7014 -0.1263 -0.7014
vn -0.5422 0.6419 -0.5422
vn -0.9165 -0.1263 -0.3796
vn -0.7084 0.6419 -0.2934
vn -0.9920 -0.1264 0.0000
vn -0.7668 0.6419 0.0000
vn -0.9165 -0.1263 0.3796
vn -0.7084 0.6419 0.2934
vn -0.7014 -0.1263 0.7014
vn -0.5422 0.6419 0.5422
vn -0.2934 0.6419 0.7084
vn -0.3796 -0.1264 0.9165
vn 0.0000 0.6419 0.7668
vn 0.0000 -0.1264 0.9920
vn 0.2934 0.6419 0.7084
vn 0.7014 -0.1263 0.7014
vn 0.5422 0.6419 0.5422
vn 0.9165 -0.1263 0.3796
vn 0.7084 0.6419 0.2934
vn 0.6839 0.7296 -0.0000
vn 0.9131 0.1524 -0.3782
vn 0.6318 0.7296 -0.2617
vn 0.4836 0.7296 -0.4836
vn 0.6988 0.1524 -0.6988
vn 0.2617 0.7296 -0.6318
vn 0.3782 0.1524 -0.9131
vn 0.0000 0.7296 -0.6839
vn -0.0000 0.1524 -0.9883
vn -0.2617 0.7296 -0.6318
vn -0.3782 0.1524 -0.9131
vn -0.4836 0.7296 -0.4836
vn -0.6988 0.1524 -0.6988
vn -0.6318 0.7296 -0.2617
vn -0.9131 0.1524 -0.3782
vn -0.6839 0.7296 -0.0000
vn -0.9883 0.1524 0.0000
vn -0.6318 0.7296 0.2617
vn -0.9131 0.1524 0.3782
vn -0.4836 0.7296 0.4836
vn -0.6988 0.1524 0.6988
vn -0.2617 0.7296 0.6318
vn -0.3782 0.1524 0.9131
vn -0.0000 0.7296 0.6839
vn 0.0000 0.1524 0.9883
vn 0.2617 0.7296 0.6318
vn 0.3782 0.1524 0.9131
vn 0.4836 0.7296 0.4836
vn 0.6988 0.1524 0.6988
vn 0.6318 0.7296 0.2617
vn 0.9883 0.1524 0.0000
vn 0.9131 0.1524 0.3782
vn 0.6327 -0.7744 0.0000
vn 0.5845 -0.7744 -0.2421
vn 0.4474 -0.7744 -0.4474
vn 0.2421 -0.7744 -0.5845
vn 0.0000 -0.7744 -0.6327
vn -0.2421 -0.7744 -0.5845
vn -0.4474 -0.7744 -0.4474
vn -0.5845 -0.7744 -0.2421
vn -0.6327 -0.7744 -0.0000
vn -0.5845 -0.7744 0.2421
vn -0.4474 -0.7744 0.4474
vn -0.2421 -0.7744 0.5845
vn 0.0000 -0.7744 0.6327
vn 0.2421 -0.7744 0.5845
vn 0.4474 -0.7744 0.4474
vn 0.5845 -0.7744 0.2421
vn 0.4515 0.8923 -0.0000
vn 0.2393 0.9659 -0.0991
vn 0.2590 0.9659 0.0000
vn 0.4171 0.8923 -0.1728
vn 0.1831 0.9659 -0.1831
vn 0.3193 0.8923 -0.3193
vn 0.0991 0.9659 -0.2393
vn 0.1728 0.8923 -0.4171
vn -0.0000 0.9659 -0.2590
vn -0.0000 0.8923 -0.4515
vn -0.0991 0.9659 -0.2393
vn -0.1728 0.8923 -0.4171
vn -0.1831 0.9659 -0.1831
vn -0.3193 0.8923 -0.3193
vn -0.2393 0.9659 -0.0991
vn -0.4171 0.8923 -0.1728
vn -0.2590 0.9659 -0.0000
vn -0.4515 0.8923 0.0000
vn -0.2393 0.9659 0.0991
vn -0.4171 0.8923 0.1728
vn -0.1831 0.9659 0.1831
vn -0.3193 0.8923 0.3193
vn -0.0991 0.9659 0.2393
vn -0.1728 0.8923 0.4171
vn -0.0000 0.9659 0.2590
vn -0.0000 0.8923 0.4515
vn 0.0991 0.9659 0.2393
vn 0.1728 0.8923 0.4171
vn 0.1831 0.9659 0.1831
vn 0.3193 0.8923 0.3193
vn 0.2393 0.9659 0.0991
vn 0.4171 0.8923 0.1728
vn 0.9276 -0.3735 -0.0000
vn 0.3550 -0.3735 -0.8570
vn -0.6559 -0.3735 -0.6559
vn -0.9276 -0.3735 -0.0000
vn 0.6559 -0.3735 0.6559
vn 0.9165 -0.1263 -0.3796
vn -0.3796 -0.1263 -0.9165
vn 0.3796 -0.1263 0.9165
vn 0.7057 0.7085 -0.0000
vn 0.7057 -0.7085 -0.0000
vn -0.7057 0.7085 -0.0000
vn -0.7057 -0.7085 -0.0000
vn 0.5303 0.8478 -0.0000
vn 0.2559 0.9667 -0.0000
vn 0.5304 0.8477 -0.0000
vn 0.2559 0.9667 0.0000
vn -0.0002 1.0000 -0.0000
vn -0.2587 0.9660 -0.0000
vn -0.5393 0.8421 0.0000
vn -0.6031 0.7977 0.0001
vn -0.1333 0.9911 0.0000
vn -0.6031 0.7977 -0.0000
vn -0.1333 0.9911 -0.0000
vn -0.0131 0.9999 0.0000
vn 0.0060 1.0000 0.0000
vn 0.1493 0.9888 -0.0000
vn 0.0060 1.0000 -0.0000
vn 0.1493 0.9888 0.0000
vn 0.5933 0.8050 -0.0000
vn -0.0130 0.9999 -0.0000
vn -0.2559 0.9667 -0.0000
vn -0.5304 0.8478 -0.0000
vn 0.0002 1.0000 -0.0000
vn 0.2587 0.9660 -0.0000
vn 0.5392 0.8422 -0.0000
vn 0.2587 0.9660 0.0000
vn 0.1333 0.9911 -0.0000
vn 0.6031 0.7977 -0.0000
vn 0.0131 0.9999 0.0000
vn 0.1333 0.9911 0.0000
vn -0.1493 0.9888 -0.0000
vn -0.0060 1.0000 -0.0000
vn -0.5933 0.8050 -0.0000
vn 0.0130 0.9999 -0.0000
vn 0.5304 0.8478 -0.0000
vn 0.2560 0.9667 -0.0000
vn -0.5392 0.8422 -0.0000
vn -0.6031 0.7977 0.0000
vn -0.0131 0.9999 -0.0000
vn -0.1493 0.9888 0.0000
vn -0.5933 0.8050 0.0000
vn 0.0130 0.9999 0.0000
vn -0.5391 0.8422 -0.0000
vn 0.5391 0.8422 -0.0000
vn -0.5933 0.8050 0.0001
vn -0.5391 0.8422 0.0000
vn 0.5933 0.8049 -0.0000
vn -0.0130 0.9999 0.0000
vn -0.5933 0.8049 -0.0000
vn 0.0131 0.9999 -0.0000
vn 0.0000 0.1546 0.9880
vn -0.0000 -0.1546 0.9880
vn 0.9577 0.2878 0.0000
vn 0.9577 0.2876 -0.0000
vn 0.9577 -0.2878 0.0000
vn 0.9577 -0.2876 -0.0000
vn 0.9686 -0.2485 -0.0000
vn 1.0000 -0.0000 -0.0000
vn 0.9686 0.2485 -0.0000
vn 0.0000 -0.1324 0.9912
vn -0.0000 0.1324 0.9912
vn 0.0000 0.1324 0.9912
vn 0.9114 0.4116 -0.0000
vn 0.9225 -0.3861 0.0000
vn 0.9226 -0.3857 -0.0000
vn 0.0000 0.2290 0.9734
vn -0.0000 0.1546 0.9880
vn 0.0000 -0.2130 0.9770
vn 0.0000 -0.2129 0.9771
vn 0.9331 0.3595 -0.0000
vn 0.9686 -0.2485 0.0000
vn 0.0000 0.1968 0.9804
vn -0.9577 0.2878 0.0000
vn -0.9577 0.2876 -0.0000
vn -0.9577 -0.2877 0.0000
vn -0.9686 -0.2485 -0.0000
vn -1.0000 -0.0000 -0.0000
vn -0.9686 0.2485 -0.0000
vn -0.0000 -0.1324 0.9912
vn -0.9114 0.4116 -0.0000
vn -0.9225 -0.3861 0.0000
vn -0.9577 -0.2876 -0.0000
vn -0.9225 -0.3860 -0.0000
vn -0.0000 -0.2130 0.9770
vn -0.9331 0.3595 -0.0000
vn -0.9686 0.2485 0.0000
vn -0.0000 0.1546 -0.9880
vn 0.0000 -0.1546 -0.9880
vn 0.9577 0.2879 -0.0000
vn 0.9577 -0.2877 -0.0000
vn -0.0000 -0.1324 -0.9912
vn 0.0000 -0.1324 -0.9912
vn -0.0000 0.1324 -0.9912
vn 0.9224 -0.3861 -0.0000
vn 0.0000 0.2290 -0.9734
vn 0.0000 -0.2130 -0.9770
vn -0.0000 -0.1546 -0.9880
vn 0.0000 0.1968 -0.9804
vn 0.0000 0.1324 -0.9912
vn 0.0000 -0.2129 -0.9771
vn -0.9577 -0.2879 -0.0000
vn -0.9225 -0.3861 -0.0000
vn -0.0000 -0.2130 -0.9770
vn 0.3490 0.0000 0.9371
vn 0.4809 -0.5178 0.7076
vn 0.8032 -0.0000 0.5958
vn 0.1412 -0.0000 0.9900
vn 0.1370 -0.1469 0.9796
vn 0.2652 -0.0000 0.9642
vn 0.0029 0.0000 1.0000
vn 0.0693 -0.0774 0.9946
vn -0.0000 -0.9516 0.3072
vn 0.0000 -0.8277 0.5611
vn -0.2628 0.0000 0.9648
vn -0.1416 -0.0000 0.9899
vn -0.1416 0.0000 0.9899
vn -0.0011 0.0013 1.0000
vn -0.0024 -0.0000 1.0000
vn 0.0000 -0.2916 0.9565
vn -0.0000 -0.1506 0.9886
vn 0.0013 -0.0014 1.0000
vn 0.0000 0.0023 1.0000
vn 0.0000 0.1468 0.9892
vn 0.0000 0.1469 0.9891
vn 0.0000 0.2800 0.9600
vn -0.0000 0.2800 0.9600
vn 0.6155 -0.6604 0.4302
vn 0.9431 -0.0000 0.3325
vn 0.1831 -0.1962 0.9633
vn -0.9995 -0.0000 0.0304
vn -0.7956 -0.0000 0.6058
vn -0.7956 -0.0000 0.6059
vn -0.3451 0.0000 0.9386
vn -0.3451 -0.0000 0.9386
vn 0.0000 0.3681 0.9298
vn -0.0000 0.8157 0.5785
vn -0.0000 0.9996 0.0283
vn -0.2628 -0.0000 0.9648
vn -0.0000 -0.3841 0.9233
vn -0.0000 0.3681 0.9298
vn -0.0000 0.3830 -0.9237
vn 0.0000 0.7067 -0.7075
vn 0.0000 0.3831 -0.9237
vn -0.0000 0.7067 -0.7075
vn -0.0000 0.9984 -0.0565
vn -0.3827 0.0000 -0.9239
vn -0.7057 0.0000 -0.7085
vn -0.9984 -0.0000 -0.0566
vn -0.7058 0.0000 -0.7084
vn 0.0000 0.9984 -0.0565
vn -0.9995 0.0000 0.0303
vn -0.3490 0.0000 0.9371
vn -0.4809 -0.5178 0.7076
vn -0.1831 -0.1962 0.9633
vn -0.1412 -0.0000 0.9900
vn -0.1370 -0.1469 0.9796
vn -0.0693 -0.0774 0.9946
vn -0.0029 0.0000 1.0000
vn -0.0013 -0.0014 1.0000
vn -0.6155 -0.6604 0.4302
vn 0.2628 0.0000 0.9648
vn 0.1416 -0.0000 0.9899
vn 0.2628 -0.0000 0.9648
vn 0.1416 0.0000 0.9899
vn 0.0011 0.0013 1.0000
vn -0.0000 0.1468 0.9892
vn 0.0024 -0.0000 1.0000
vn -0.8031 -0.0000 0.5958
vn -0.2653 -0.0000 0.9642
vn 0.9995 -0.0000 0.0304
vn 0.7956 0.0000 0.6058
vn 0.9995 0.0000 0.0303
vn 0.3451 0.0000 0.9386
vn 0.0000 0.9996 0.0283
vn 0.3450 -0.0000 0.9386
vn -0.0000 0.3831 -0.9237
vn 0.7058 -0.0000 -0.7085
vn 0.3827 0.0000 -0.9239
vn 0.9984 0.0000 -0.0565
vn 0.7057 -0.0000 -0.7085
vn 0.9984 0.0000 -0.0566
vn 0.6155 -0.6603 0.4302
vn -0.9431 -0.0000 0.3325
# 2791 vertex normals

vt 0.5204 0.5056 0.0000
vt 0.5197 0.7522 0.0000
vt 0.5197 0.5053 0.0000
vt 0.5233 0.5064 0.0000
vt 0.5228 0.7512 0.0000
vt 0.5228 0.5064 0.0000
vt 0.5212 0.7556 0.0000
vt 0.5197 0.7541 0.0000
vt 0.5205 0.7538 0.0000
vt 0.5204 0.7559 0.0000
vt 0.5192 0.7542 0.0000
vt 0.5204 0.7520 0.0000
vt 0.5192 0.7523 0.0000
vt 0.5237 0.7529 0.0000
vt 0.5233 0.7511 0.0000
vt 0.5237 0.7511 0.0000
vt 0.5233 0.7530 0.0000
vt 0.5237 0.7542 0.0000
vt 0.5235 0.7544 0.0000
vt 0.5229 0.7530 0.0000
vt 0.5237 0.5065 0.0000
vt 0.5039 0.5040 0.0000
vt 0.5034 0.7534 0.0000
vt 0.5034 0.5042 0.0000
vt 0.5038 0.7574 0.0000
vt 0.5040 0.7553 0.0000
vt 0.5045 0.7554 0.0000
vt 0.5032 0.7571 0.0000
vt 0.5034 0.7551 0.0000
vt 0.5045 0.5041 0.0000
vt 0.5039 0.7535 0.0000
vt 0.5192 0.5052 0.0000
vt 0.5045 0.7535 0.0000
vt 0.5021 0.5046 0.0000
vt 0.5019 0.7528 0.0000
vt 0.5019 0.5047 0.0000
vt 0.5198 0.7562 0.0000
vt 0.5026 0.7532 0.0000
vt 0.5021 0.7548 0.0000
vt 0.5021 0.7530 0.0000
vt 0.5019 0.7546 0.0000
vt 0.5016 0.7561 0.0000
vt 0.5026 0.7550 0.0000
vt 0.5012 0.7557 0.0000
vt 0.5026 0.5044 0.0000
vt 0.5026 0.7568 0.0000
vt 0.5010 0.5054 0.0000
vt 0.5006 0.7521 0.0000
vt 0.5006 0.5054 0.0000
vt 0.5006 0.7541 0.0000
vt 0.5010 0.7522 0.0000
vt 0.5010 0.7541 0.0000
vt 0.5014 0.7523 0.0000
vt 0.5014 0.7542 0.0000
vt 0.5007 0.7554 0.0000
vt 0.5006 0.7554 0.0000
vt 0.5009 0.7555 0.0000
vt 0.5014 0.5052 0.0000
vt 0.5210 0.5060 0.0000
vt 0.5208 0.7517 0.0000
vt 0.5207 0.5058 0.0000
vt 0.5219 0.5063 0.0000
vt 0.5210 0.7516 0.0000
vt 0.5227 0.7548 0.0000
vt 0.5212 0.7535 0.0000
vt 0.5221 0.7532 0.0000
vt 0.5219 0.7551 0.0000
vt 0.5209 0.7536 0.0000
vt 0.5219 0.7513 0.0000
vt 0.5233 0.7545 0.0000
vt 0.5217 0.7553 0.0000
vt 0.5197 0.5035 0.0000
vt 0.5212 0.5019 0.0000
vt 0.5204 0.5037 0.0000
vt 0.5192 0.5034 0.0000
vt 0.5204 0.5016 0.0000
vt 0.5237 0.5046 0.0000
vt 0.5233 0.5046 0.0000
vt 0.5237 0.5033 0.0000
vt 0.5229 0.5045 0.0000
vt 0.5235 0.5032 0.0000
vt 0.5040 0.5023 0.0000
vt 0.5038 0.5002 0.0000
vt 0.5045 0.5022 0.0000
vt 0.5034 0.5024 0.0000
vt 0.5032 0.5005 0.0000
vt 0.5197 0.5013 0.0000
vt 0.5022 0.5027 0.0000
vt 0.5026 0.5026 0.0000
vt 0.5019 0.5029 0.0000
vt 0.5016 0.5015 0.0000
vt 0.5012 0.5018 0.0000
vt 0.5026 0.5008 0.0000
vt 0.5006 0.5035 0.0000
vt 0.5010 0.5035 0.0000
vt 0.5008 0.5021 0.0000
vt 0.5006 0.5021 0.0000
vt 0.5009 0.5021 0.0000
vt 0.5014 0.5034 0.0000
vt 0.5212 0.5041 0.0000
vt 0.5227 0.5028 0.0000
vt 0.5221 0.5044 0.0000
vt 0.5209 0.5039 0.0000
vt 0.5219 0.5024 0.0000
vt 0.5233 0.5030 0.0000
vt 0.5216 0.5022 0.0000
vt 0.5011 0.7556 0.0000
vt 0.5011 0.5019 0.0000
vt 0.9824 0.6511 0.0000
vt 0.9540 0.6429 0.0000
vt 0.9832 0.6430 0.0000
vt 0.9540 0.6362 0.0000
vt 0.9863 0.6362 0.0000
vt 0.7089 0.6850 0.0000
vt 0.7163 0.6769 0.0000
vt 0.7163 0.6850 0.0000
vt 0.7089 0.6769 0.0000
vt 0.7163 0.6694 0.0000
vt 0.9811 0.5664 0.0000
vt 0.9519 0.5732 0.0000
vt 0.9488 0.5664 0.0000
vt 0.9811 0.5731 0.0000
vt 0.9527 0.5813 0.0000
vt 0.7089 0.6621 0.0000
vt 0.7163 0.6610 0.0000
vt 0.7163 0.6621 0.0000
vt 0.7089 0.6610 0.0000
vt 0.7163 0.6590 0.0000
vt 0.9911 0.6306 0.0000
vt 0.9540 0.6293 0.0000
vt 0.9914 0.6296 0.0000
vt 0.9540 0.6276 0.0000
vt 0.9915 0.6276 0.0000
vt 0.9811 0.5578 0.0000
vt 0.9438 0.5598 0.0000
vt 0.9436 0.5578 0.0000
vt 0.9811 0.5595 0.0000
vt 0.9441 0.5608 0.0000
vt 0.9811 0.5610 0.0000
vt 0.9540 0.6308 0.0000
vt 0.9540 0.6592 0.0000
vt 0.9540 0.6511 0.0000
vt 0.9832 0.6591 0.0000
vt 0.9540 0.6659 0.0000
vt 0.7163 0.6931 0.0000
vt 0.7163 0.7006 0.0000
vt 0.7089 0.6931 0.0000
vt 0.9519 0.5893 0.0000
vt 0.9811 0.5961 0.0000
vt 0.9488 0.5961 0.0000
vt 0.9811 0.5894 0.0000
vt 0.7163 0.7090 0.0000
vt 0.7089 0.7079 0.0000
vt 0.7163 0.7079 0.0000
vt 0.7163 0.7110 0.0000
vt 0.7089 0.7090 0.0000
vt 0.9911 0.6715 0.0000
vt 0.9540 0.6728 0.0000
vt 0.9540 0.6713 0.0000
vt 0.9914 0.6725 0.0000
vt 0.9540 0.6745 0.0000
vt 0.9438 0.6027 0.0000
vt 0.9811 0.6047 0.0000
vt 0.9436 0.6047 0.0000
vt 0.9441 0.6017 0.0000
vt 0.9811 0.6030 0.0000
vt 0.9811 0.6015 0.0000
vt 0.9863 0.6659 0.0000
vt 5.8417 0.2899 0.0000
vt 5.7845 0.2736 0.0000
vt 5.7845 0.2899 0.0000
vt 5.8433 0.2736 0.0000
vt 5.7845 0.2600 0.0000
vt 5.3065 0.3419 0.0000
vt 5.2916 0.3582 0.0000
vt 5.3065 0.3582 0.0000
vt 5.3065 0.3269 0.0000
vt 5.2916 0.3419 0.0000
vt 5.7805 0.1332 0.0000
vt 5.8392 0.1196 0.0000
vt 5.7741 0.1197 0.0000
vt 5.7820 0.1495 0.0000
vt 5.8392 0.1332 0.0000
vt 5.3065 0.3100 0.0000
vt 5.2916 0.3122 0.0000
vt 5.3065 0.3122 0.0000
vt 5.3065 0.3060 0.0000
vt 5.2916 0.3100 0.0000
vt 5.8591 0.2488 0.0000
vt 5.7845 0.2462 0.0000
vt 5.7845 0.2491 0.0000
vt 5.8597 0.2467 0.0000
vt 5.7845 0.2427 0.0000
vt 5.7640 0.1063 0.0000
vt 5.8392 0.1023 0.0000
vt 5.7637 0.1023 0.0000
vt 5.7646 0.1084 0.0000
vt 5.8392 0.1058 0.0000
vt 5.8392 0.1087 0.0000
vt 5.8496 0.2601 0.0000
vt 5.7845 0.3062 0.0000
vt 5.8433 0.3062 0.0000
vt 5.7845 0.3198 0.0000
vt 5.8496 0.3197 0.0000
vt 5.3065 0.3746 0.0000
vt 5.2916 0.3746 0.0000
vt 5.3065 0.3895 0.0000
vt 5.8392 0.1794 0.0000
vt 5.7805 0.1658 0.0000
vt 5.7741 0.1793 0.0000
vt 5.8392 0.1658 0.0000
vt 5.2916 0.4042 0.0000
vt 5.3065 0.4064 0.0000
vt 5.3065 0.4042 0.0000
vt 5.2916 0.4064 0.0000
vt 5.3065 0.4104 0.0000
vt 5.8591 0.3310 0.0000
vt 5.7845 0.3336 0.0000
vt 5.8597 0.3331 0.0000
vt 5.7845 0.3371 0.0000
vt 5.8600 0.3371 0.0000
vt 5.8392 0.1967 0.0000
vt 5.7640 0.1927 0.0000
vt 5.7637 0.1967 0.0000
vt 5.8392 0.1932 0.0000
vt 5.7646 0.1906 0.0000
vt 5.8392 0.1903 0.0000
vt 5.7845 0.3307 0.0000
vt 0.7089 0.6694 0.0000
vt 0.9811 0.5813 0.0000
vt 0.7089 0.6590 0.0000
vt 0.7089 0.7006 0.0000
vt 0.7089 0.7110 0.0000
vt 0.9915 0.6745 0.0000
vt 5.2916 0.3269 0.0000
vt 5.8392 0.1495 0.0000
vt 5.2916 0.3060 0.0000
vt 5.8600 0.2427 0.0000
vt 5.2916 0.3895 0.0000
vt 5.2916 0.4104 0.0000
vt 0.7884 0.7450 0.0000
vt 0.7886 0.6331 0.0000
vt 0.7893 0.6329 0.0000
vt 0.7878 0.7448 0.0000
vt 0.7876 0.6334 0.0000
vt 0.7628 0.6276 0.0000
vt 0.7623 0.7509 0.0000
vt 0.7623 0.6276 0.0000
vt 0.7615 0.7505 0.0000
vt 0.7615 0.6276 0.0000
vt 0.7867 0.7468 0.0000
vt 0.7876 0.7472 0.0000
vt 0.7882 0.7473 0.0000
vt 0.7875 0.6294 0.0000
vt 0.7877 0.6276 0.0000
vt 0.7883 0.6294 0.0000
vt 0.7882 0.6276 0.0000
vt 0.7889 0.6293 0.0000
vt 0.7886 0.6311 0.0000
vt 0.7878 0.6313 0.0000
vt 0.7892 0.6311 0.0000
vt 0.7830 0.6313 0.0000
vt 0.7835 0.6335 0.0000
vt 0.7830 0.6332 0.0000
vt 0.7837 0.6314 0.0000
vt 0.7841 0.6338 0.0000
vt 0.7836 0.6295 0.0000
vt 0.7843 0.6295 0.0000
vt 0.7844 0.6315 0.0000
vt 0.7830 0.6295 0.0000
vt 0.7835 0.6276 0.0000
vt 0.7839 0.6276 0.0000
vt 0.7830 0.7453 0.0000
vt 0.7835 0.7434 0.0000
vt 0.7834 0.7455 0.0000
vt 0.7841 0.7434 0.0000
vt 0.7839 0.7457 0.0000
vt 0.7588 0.6276 0.0000
vt 0.7583 0.7495 0.0000
vt 0.7583 0.6276 0.0000
vt 0.7579 0.7494 0.0000
vt 0.7579 0.6276 0.0000
vt 0.8023 0.7447 0.0000
vt 0.8031 0.7468 0.0000
vt 0.8025 0.7470 0.0000
vt 0.8029 0.7445 0.0000
vt 0.8037 0.7465 0.0000
vt 0.7782 0.7525 0.0000
vt 0.7776 0.6276 0.0000
vt 0.7784 0.6276 0.0000
vt 0.7777 0.7527 0.0000
vt 0.7771 0.6276 0.0000
vt 0.8025 0.6276 0.0000
vt 0.8024 0.6297 0.0000
vt 0.8018 0.6297 0.0000
vt 0.8031 0.6276 0.0000
vt 0.8030 0.6297 0.0000
vt 0.8015 0.6317 0.0000
vt 0.8021 0.6317 0.0000
vt 0.8028 0.6318 0.0000
vt 0.8035 0.7442 0.0000
vt 0.8023 0.6338 0.0000
vt 0.8031 0.6339 0.0000
vt 0.8014 0.6338 0.0000
vt 0.7628 0.7510 0.0000
vt 0.8044 0.6342 0.0000
vt 0.8050 0.6319 0.0000
vt 0.8052 0.6343 0.0000
vt 0.8055 0.6318 0.0000
vt 0.8056 0.6343 0.0000
vt 0.8041 0.6319 0.0000
vt 0.8046 0.6300 0.0000
vt 0.8052 0.6299 0.0000
vt 0.8047 0.6276 0.0000
vt 0.8040 0.6299 0.0000
vt 0.8053 0.6276 0.0000
vt 0.8045 0.7435 0.0000
vt 0.8055 0.7453 0.0000
vt 0.8049 0.7458 0.0000
vt 0.8052 0.7431 0.0000
vt 0.8058 0.7452 0.0000
vt 0.7798 0.7514 0.0000
vt 0.7795 0.6276 0.0000
vt 0.7798 0.6276 0.0000
vt 0.7795 0.7517 0.0000
vt 0.7791 0.6276 0.0000
vt 0.8055 0.7429 0.0000
vt 0.8038 0.6276 0.0000
vt 0.7790 0.7520 0.0000
vt 0.8069 0.6321 0.0000
vt 0.8065 0.6341 0.0000
vt 0.8069 0.6317 0.0000
vt 0.8062 0.6342 0.0000
vt 0.8062 0.6318 0.0000
vt 0.8073 0.6297 0.0000
vt 0.8069 0.6297 0.0000
vt 0.8062 0.6296 0.0000
vt 0.8069 0.6276 0.0000
vt 0.8073 0.6276 0.0000
vt 0.8065 0.6276 0.0000
vt 0.8069 0.7444 0.0000
vt 0.8064 0.7426 0.0000
vt 0.8069 0.7425 0.0000
vt 0.8066 0.7447 0.0000
vt 0.8061 0.7427 0.0000
vt 0.7803 0.6276 0.0000
vt 0.7807 0.7506 0.0000
vt 0.7803 0.7508 0.0000
vt 0.7806 0.6276 0.0000
vt 0.7810 0.7505 0.0000
vt 0.7089 0.8424 0.0000
vt 0.7076 0.8437 0.0000
vt 0.7057 0.8442 0.0000
vt 0.8063 0.7449 0.0000
vt 0.8056 0.6276 0.0000
vt 0.7610 0.6276 0.0000
vt 0.7607 0.7500 0.0000
vt 0.7607 0.6276 0.0000
vt 0.7597 0.7496 0.0000
vt 0.7597 0.6276 0.0000
vt 0.7865 0.7441 0.0000
vt 0.7863 0.6338 0.0000
vt 0.7869 0.6337 0.0000
vt 0.7861 0.7439 0.0000
vt 0.7852 0.6339 0.0000
vt 0.7848 0.7459 0.0000
vt 0.7858 0.7463 0.0000
vt 0.7862 0.7465 0.0000
vt 0.7853 0.6295 0.0000
vt 0.7858 0.6276 0.0000
vt 0.7863 0.6295 0.0000
vt 0.7862 0.6276 0.0000
vt 0.7869 0.6295 0.0000
vt 0.7866 0.6315 0.0000
vt 0.7854 0.6316 0.0000
vt 0.7871 0.6315 0.0000
vt 0.7870 0.7444 0.0000
vt 0.7588 0.7495 0.0000
vt 0.7610 0.7502 0.0000
vt 0.7848 0.6276 0.0000
vt 0.7868 0.6276 0.0000
vt 0.7851 0.7435 0.0000
vt 0.7579 0.6220 0.0000
vt 0.8758 0.5002 0.0000
vt 0.8758 0.6220 0.0000
vt 0.7584 0.6239 0.0000
vt 0.8753 0.6239 0.0000
vt 0.7597 0.6252 0.0000
vt 0.8740 0.6252 0.0000
vt 0.7615 0.6257 0.0000
vt 0.8721 0.6257 0.0000
vt 0.5964 0.8442 0.0000
vt 0.5927 0.8405 0.0000
vt 0.5946 0.8437 0.0000
vt 0.5932 0.8424 0.0000
vt 0.5927 0.7176 0.0000
vt 0.7094 0.7176 0.0000
vt 0.7094 0.8405 0.0000
vt 5.4518 0.2537 0.0000
vt 5.4515 0.4789 0.0000
vt 5.4534 0.2533 0.0000
vt 5.4498 0.2545 0.0000
vt 5.4502 0.4785 0.0000
vt 5.4001 0.2427 0.0000
vt 5.3989 0.4908 0.0000
vt 5.4001 0.4910 0.0000
vt 5.3989 0.2427 0.0000
vt 5.3974 0.4900 0.0000
vt 5.4482 0.4825 0.0000
vt 5.4487 0.4777 0.0000
vt 5.4498 0.4832 0.0000
vt 5.4497 0.2464 0.0000
vt 5.4501 0.2428 0.0000
vt 5.4483 0.2428 0.0000
vt 5.4513 0.2463 0.0000
vt 5.4512 0.2428 0.0000
vt 5.4519 0.2498 0.0000
vt 5.4502 0.2502 0.0000
vt 5.4530 0.2497 0.0000
vt 5.4417 0.2546 0.0000
vt 5.4406 0.2503 0.0000
vt 5.4406 0.2541 0.0000
vt 5.4429 0.2551 0.0000
vt 5.4420 0.2505 0.0000
vt 5.4419 0.2466 0.0000
vt 5.4406 0.2466 0.0000
vt 5.4432 0.2466 0.0000
vt 5.4415 0.2428 0.0000
vt 5.4406 0.2428 0.0000
vt 5.4425 0.2428 0.0000
vt 5.4406 0.4794 0.0000
vt 5.4417 0.4756 0.0000
vt 5.4406 0.4756 0.0000
vt 5.4414 0.4799 0.0000
vt 5.4428 0.4757 0.0000
vt 5.3920 0.2427 0.0000
vt 5.3910 0.4879 0.0000
vt 5.3920 0.4880 0.0000
vt 5.3910 0.2427 0.0000
vt 5.3901 0.4878 0.0000
vt 5.4810 0.4826 0.0000
vt 5.4794 0.4783 0.0000
vt 5.4798 0.4829 0.0000
vt 5.4822 0.4818 0.0000
vt 5.4806 0.4778 0.0000
vt 5.4298 0.2427 0.0000
vt 5.4310 0.4939 0.0000
vt 5.4313 0.2427 0.0000
vt 5.4287 0.2427 0.0000
vt 5.4299 0.4944 0.0000
vt 5.4796 0.2470 0.0000
vt 5.4799 0.2428 0.0000
vt 5.4785 0.2469 0.0000
vt 5.4809 0.2470 0.0000
vt 5.4811 0.2428 0.0000
vt 5.4779 0.2509 0.0000
vt 5.4791 0.2509 0.0000
vt 5.4794 0.2553 0.0000
vt 5.4819 0.4772 0.0000
vt 5.4811 0.2554 0.0000
vt 5.4777 0.2551 0.0000
vt 5.4804 0.2511 0.0000
vt 5.4510 0.4834 0.0000
vt 5.4524 0.2462 0.0000
vt 5.4837 0.2560 0.0000
vt 5.4848 0.2514 0.0000
vt 5.4831 0.2513 0.0000
vt 5.4852 0.2562 0.0000
vt 5.4858 0.2513 0.0000
vt 5.4842 0.2476 0.0000
vt 5.4828 0.2474 0.0000
vt 5.4852 0.2474 0.0000
vt 5.4843 0.2428 0.0000
vt 5.4854 0.2428 0.0000
vt 5.4859 0.4796 0.0000
vt 5.4840 0.4758 0.0000
vt 5.4846 0.4804 0.0000
vt 5.4864 0.4792 0.0000
vt 5.4852 0.4750 0.0000
vt 5.4336 0.2427 0.0000
vt 5.4341 0.4918 0.0000
vt 5.4342 0.2427 0.0000
vt 5.4327 0.2427 0.0000
vt 5.4336 0.4924 0.0000
vt 5.4859 0.4747 0.0000
vt 5.4860 0.2561 0.0000
vt 5.4824 0.2428 0.0000
vt 5.4326 0.4930 0.0000
vt 5.4886 0.2518 0.0000
vt 5.4879 0.2559 0.0000
vt 5.4886 0.2556 0.0000
vt 5.4886 0.2510 0.0000
vt 5.4872 0.2560 0.0000
vt 5.4895 0.2470 0.0000
vt 5.4886 0.2470 0.0000
vt 5.4873 0.2511 0.0000
vt 5.4886 0.2428 0.0000
vt 5.4895 0.2427 0.0000
vt 5.4878 0.2428 0.0000
vt 5.4877 0.4740 0.0000
vt 5.4886 0.4777 0.0000
vt 5.4886 0.4739 0.0000
vt 5.4870 0.4743 0.0000
vt 5.4880 0.4782 0.0000
vt 5.4359 0.4901 0.0000
vt 5.4353 0.2427 0.0000
vt 5.4352 0.4905 0.0000
vt 5.4367 0.4899 0.0000
vt 5.4358 0.2427 0.0000
vt 5.2915 0.6747 0.0000
vt 5.2851 0.6785 0.0000
vt 5.2889 0.6775 0.0000
vt 5.4874 0.4787 0.0000
vt 5.4872 0.2467 0.0000
vt 5.4862 0.2428 0.0000
vt 5.3964 0.2427 0.0000
vt 5.3957 0.4889 0.0000
vt 5.3964 0.4893 0.0000
vt 5.3957 0.2427 0.0000
vt 5.3938 0.4882 0.0000
vt 5.4473 0.2552 0.0000
vt 5.4477 0.4770 0.0000
vt 5.4484 0.2550 0.0000
vt 5.4450 0.2555 0.0000
vt 5.4468 0.4766 0.0000
vt 5.4443 0.4807 0.0000
vt 5.4448 0.4759 0.0000
vt 5.4463 0.4815 0.0000
vt 5.4452 0.2465 0.0000
vt 5.4463 0.2428 0.0000
vt 5.4443 0.2428 0.0000
vt 5.4474 0.2465 0.0000
vt 5.4471 0.2428 0.0000
vt 5.4478 0.2507 0.0000
vt 5.4455 0.2508 0.0000
vt 5.4489 0.2505 0.0000
vt 5.4434 0.2506 0.0000
vt 5.3938 0.2427 0.0000
vt 5.3974 0.2427 0.0000
vt 5.4484 0.2465 0.0000
vt 5.4424 0.4803 0.0000
vt 5.4471 0.4819 0.0000
vt 5.6272 -0.0135 0.0000
vt 5.3901 0.2315 0.0000
vt 5.6272 0.2315 0.0000
vt 5.3911 0.2352 0.0000
vt 5.6262 0.2352 0.0000
vt 5.3937 0.2378 0.0000
vt 5.6236 0.2378 0.0000
vt 5.3974 0.2388 0.0000
vt 5.6199 0.2388 0.0000
vt 5.0579 0.6709 0.0000
vt 5.0653 0.6785 0.0000
vt 5.0589 0.6747 0.0000
vt 5.0616 0.6775 0.0000
vt 5.2925 0.4237 0.0000
vt 5.0579 0.4237 0.0000
vt 5.2925 0.6709 0.0000
vt 0.7830 0.6276 0.0000
vt 0.7830 0.7434 0.0000
vt 0.7770 0.7528 0.0000
vt 0.8069 0.6340 0.0000
vt 0.7810 0.6276 0.0000
vt 0.7579 0.5002 0.0000
vt 5.3901 0.2427 0.0000
vt 5.4287 0.4947 0.0000
vt 5.4366 0.2427 0.0000
vt 5.3901 -0.0135 0.0000
vt 0.5296 0.9903 0.0000
vt 0.5237 0.9884 0.0000
vt 0.5298 0.9884 0.0000
vt 0.5237 0.9864 0.0000
vt 0.5298 0.9864 0.0000
vt 0.5237 0.9844 0.0000
vt 0.5298 0.9844 0.0000
vt 0.5296 0.9824 0.0000
vt 0.5237 0.9824 0.0000
vt 0.5006 0.9876 0.0000
vt 0.5067 0.9895 0.0000
vt 0.5006 0.9895 0.0000
vt 0.5008 0.9915 0.0000
vt 0.5067 0.9915 0.0000
vt 0.5237 0.9915 0.0000
vt 0.5284 0.9931 0.0000
vt 0.5237 0.9931 0.0000
vt 0.9698 0.7839 0.0000
vt 0.9694 0.7858 0.0000
vt 0.9599 0.7807 0.0000
vt 0.9698 0.7877 0.0000
vt 0.9599 0.7909 0.0000
vt 0.9599 0.7779 0.0000
vt 0.9698 0.7748 0.0000
vt 0.9599 0.7729 0.0000
vt 0.9694 0.7729 0.0000
vt 0.9635 0.8204 0.0000
vt 0.9646 0.8129 0.0000
vt 0.9646 0.8220 0.0000
vt 0.5642 0.8582 0.0000
vt 0.5703 0.8610 0.0000
vt 0.5642 0.8610 0.0000
vt 0.5703 0.8712 0.0000
vt 0.5642 0.8712 0.0000
vt 0.9745 0.8189 0.0000
vt 0.9650 0.8240 0.0000
vt 0.9745 0.8290 0.0000
vt 0.9646 0.8259 0.0000
vt 0.9745 0.8161 0.0000
vt 0.9650 0.8110 0.0000
vt 0.9745 0.8110 0.0000
vt 0.9709 0.7822 0.0000
vt 0.9736 0.7810 0.0000
vt 0.9721 0.7771 0.0000
vt 0.9736 0.7777 0.0000
vt 0.5237 0.9812 0.0000
vt 0.5284 0.9797 0.0000
vt 0.5290 0.9812 0.0000
vt 0.5067 0.9927 0.0000
vt 0.5020 0.9942 0.0000
vt 0.5015 0.9927 0.0000
vt 0.9611 0.8191 0.0000
vt 0.9625 0.8153 0.0000
vt 0.9625 0.8197 0.0000
vt 0.5290 0.9916 0.0000
vt 0.5237 0.9903 0.0000
vt 0.9721 0.7815 0.0000
vt 0.9599 0.8189 0.0000
vt 0.9611 0.8158 0.0000
vt 0.9749 0.7807 0.0000
vt 0.9754 0.7779 0.0000
vt 0.9754 0.7807 0.0000
vt 0.9743 0.7778 0.0000
vt 0.9749 0.7779 0.0000
vt 0.9743 0.7808 0.0000
vt 0.9738 0.7777 0.0000
vt 0.9738 0.7809 0.0000
vt 0.7185 0.9797 0.0000
vt 0.7213 0.9833 0.0000
vt 0.7185 0.9833 0.0000
vt 0.5273 0.9943 0.0000
vt 0.5237 0.9943 0.0000
vt 0.5067 0.9942 0.0000
vt 0.5067 0.9954 0.0000
vt 0.5032 0.9954 0.0000
vt 0.5642 0.8532 0.0000
vt 0.5703 0.8582 0.0000
vt 0.9709 0.7894 0.0000
vt 0.9698 0.7910 0.0000
vt 0.9635 0.8292 0.0000
vt 0.9626 0.8282 0.0000
vt 0.9635 0.8275 0.0000
vt 0.9736 0.7906 0.0000
vt 0.9721 0.7910 0.0000
vt 0.9721 0.7900 0.0000
vt 0.9626 0.8292 0.0000
vt 0.9611 0.8288 0.0000
vt 0.9709 0.7910 0.0000
vt 0.9646 0.8292 0.0000
vt 0.6030 0.9844 0.0000
vt 0.6026 0.9797 0.0000
vt 0.6030 0.9797 0.0000
vt 0.5378 0.9884 0.0000
vt 0.5319 0.9903 0.0000
vt 0.5317 0.9884 0.0000
vt 0.5378 0.9864 0.0000
vt 0.5317 0.9864 0.0000
vt 0.5378 0.9844 0.0000
vt 0.5317 0.9844 0.0000
vt 0.5319 0.9824 0.0000
vt 0.5067 0.9856 0.0000
vt 0.5006 0.9856 0.0000
vt 0.5008 0.9836 0.0000
vt 0.5331 0.9931 0.0000
vt 0.5378 0.9915 0.0000
vt 0.5378 0.9931 0.0000
vt 0.9698 0.7619 0.0000
vt 0.9599 0.7651 0.0000
vt 0.9694 0.7600 0.0000
vt 0.9599 0.7549 0.0000
vt 0.9698 0.7580 0.0000
vt 0.9599 0.7679 0.0000
vt 0.9698 0.7710 0.0000
vt 0.9646 0.8091 0.0000
vt 0.9635 0.8017 0.0000
vt 0.9646 0.8001 0.0000
vt 0.5642 0.8454 0.0000
vt 0.5703 0.8482 0.0000
vt 0.5642 0.8482 0.0000
vt 0.5703 0.8352 0.0000
vt 0.5642 0.8352 0.0000
vt 0.9650 0.7981 0.0000
vt 0.9745 0.8032 0.0000
vt 0.9646 0.7962 0.0000
vt 0.9745 0.7931 0.0000
vt 0.9745 0.8060 0.0000
vt 0.9709 0.7636 0.0000
vt 0.9736 0.7648 0.0000
vt 0.9721 0.7687 0.0000
vt 0.9721 0.7643 0.0000
vt 0.5378 0.9812 0.0000
vt 0.5331 0.9797 0.0000
vt 0.5378 0.9797 0.0000
vt 0.5067 0.9824 0.0000
vt 0.5020 0.9809 0.0000
vt 0.5067 0.9809 0.0000
vt 0.9625 0.8068 0.0000
vt 0.9611 0.8030 0.0000
vt 0.9625 0.8024 0.0000
vt 0.5378 0.9903 0.0000
vt 0.5326 0.9916 0.0000
vt 0.9709 0.7693 0.0000
vt 0.5326 0.9812 0.0000
vt 0.5378 0.9824 0.0000
vt 0.5015 0.9824 0.0000
vt 0.5067 0.9836 0.0000
vt 0.9635 0.8075 0.0000
vt 0.9611 0.8063 0.0000
vt 0.9599 0.8032 0.0000
vt 0.9754 0.7679 0.0000
vt 0.9749 0.7650 0.0000
vt 0.9754 0.7651 0.0000
vt 0.9743 0.7680 0.0000
vt 0.9743 0.7650 0.0000
vt 0.9738 0.7681 0.0000
vt 0.9738 0.7649 0.0000
vt 0.9736 0.7681 0.0000
vt 0.7260 0.9833 0.0000
vt 0.7232 0.9797 0.0000
vt 0.7260 0.9797 0.0000
vt 0.5333 0.9938 0.0000
vt 0.5331 0.9933 0.0000
vt 0.5343 0.9943 0.0000
vt 0.5032 0.9797 0.0000
vt 0.5703 0.8532 0.0000
vt 0.9709 0.7564 0.0000
vt 0.9698 0.7548 0.0000
vt 0.9709 0.7548 0.0000
vt 0.9626 0.7939 0.0000
vt 0.9635 0.7929 0.0000
vt 0.9635 0.7946 0.0000
vt 0.9736 0.7551 0.0000
vt 0.9721 0.7548 0.0000
vt 0.9736 0.7548 0.0000
vt 0.9611 0.7933 0.0000
vt 0.9626 0.7929 0.0000
vt 0.9721 0.7557 0.0000
vt 0.9646 0.7929 0.0000
vt 0.6007 0.9797 0.0000
vt 0.6003 0.9844 0.0000
vt 0.6003 0.9797 0.0000
vt 4.9191 0.9684 0.0000
vt 4.9309 0.9724 0.0000
vt 4.9313 0.9684 0.0000
vt 4.9191 0.9644 0.0000
vt 4.9313 0.9644 0.0000
vt 4.9191 0.9604 0.0000
vt 4.9313 0.9604 0.0000
vt 4.9309 0.9564 0.0000
vt 4.8849 0.9707 0.0000
vt 4.8726 0.9668 0.0000
vt 4.8726 0.9707 0.0000
vt 4.8730 0.9747 0.0000
vt 4.9286 0.9779 0.0000
vt 4.9191 0.9748 0.0000
vt 4.9191 0.9779 0.0000
vt 5.8163 0.5570 0.0000
vt 5.7965 0.5507 0.0000
vt 5.8156 0.5609 0.0000
vt 5.7965 0.5712 0.0000
vt 5.8163 0.5649 0.0000
vt 5.7965 0.5451 0.0000
vt 5.8163 0.5388 0.0000
vt 5.8156 0.5350 0.0000
vt 5.7965 0.5350 0.0000
vt 5.8060 0.6156 0.0000
vt 5.8038 0.6305 0.0000
vt 5.8060 0.6338 0.0000
vt 5.0127 0.7123 0.0000
vt 5.0005 0.7067 0.0000
vt 5.0005 0.7123 0.0000
vt 5.0127 0.7327 0.0000
vt 5.0005 0.7327 0.0000
vt 5.8067 0.6377 0.0000
vt 5.8258 0.6275 0.0000
vt 5.8060 0.6416 0.0000
vt 5.8258 0.6479 0.0000
vt 5.8258 0.6219 0.0000
vt 5.8258 0.6117 0.0000
vt 5.8067 0.6117 0.0000
vt 5.8186 0.5537 0.0000
vt 5.8240 0.5512 0.0000
vt 5.8210 0.5435 0.0000
vt 5.8210 0.5524 0.0000
vt 4.9191 0.9541 0.0000
vt 4.9286 0.9510 0.0000
vt 4.9191 0.9510 0.0000
vt 4.8849 0.9771 0.0000
vt 4.8754 0.9801 0.0000
vt 4.8849 0.9801 0.0000
vt 5.8017 0.6202 0.0000
vt 5.7989 0.6280 0.0000
vt 5.8017 0.6291 0.0000
vt 4.9191 0.9724 0.0000
vt 4.9296 0.9748 0.0000
vt 5.8186 0.5421 0.0000
vt 4.9297 0.9541 0.0000
vt 4.9191 0.9564 0.0000
vt 4.8743 0.9771 0.0000
vt 4.8849 0.9747 0.0000
vt 5.8038 0.6189 0.0000
vt 5.7989 0.6214 0.0000
vt 5.7965 0.6275 0.0000
vt 5.8277 0.5451 0.0000
vt 5.8266 0.5508 0.0000
vt 5.8277 0.5507 0.0000
vt 5.8255 0.5449 0.0000
vt 5.8255 0.5509 0.0000
vt 5.8244 0.5447 0.0000
vt 5.8244 0.5511 0.0000
vt 5.8240 0.5446 0.0000
vt 5.3108 0.9510 0.0000
vt 5.3164 0.9581 0.0000
vt 5.3164 0.9510 0.0000
vt 4.9281 0.9793 0.0000
vt 4.9285 0.9783 0.0000
vt 4.9262 0.9803 0.0000
vt 4.8777 0.9826 0.0000
vt 5.0127 0.7067 0.0000
vt 5.0005 0.6965 0.0000
vt 5.8186 0.5682 0.0000
vt 5.8163 0.5714 0.0000
vt 5.8186 0.5714 0.0000
vt 5.8018 0.6462 0.0000
vt 5.8038 0.6482 0.0000
vt 5.8038 0.6449 0.0000
vt 5.8240 0.5707 0.0000
vt 5.8209 0.5714 0.0000
vt 5.8240 0.5714 0.0000
vt 5.7989 0.6474 0.0000
vt 5.8018 0.6482 0.0000
vt 5.8209 0.5695 0.0000
vt 5.8060 0.6482 0.0000
vt 5.0785 0.9605 0.0000
vt 5.0778 0.9510 0.0000
vt 5.0778 0.9605 0.0000
vt 4.9356 0.9724 0.0000
vt 4.9474 0.9684 0.0000
vt 4.9352 0.9684 0.0000
vt 4.9474 0.9644 0.0000
vt 4.9352 0.9644 0.0000
vt 4.9474 0.9604 0.0000
vt 4.9352 0.9604 0.0000
vt 4.9356 0.9564 0.0000
vt 4.9474 0.9564 0.0000
vt 4.8849 0.9629 0.0000
vt 4.8726 0.9629 0.0000
vt 4.8730 0.9589 0.0000
vt 4.8849 0.9589 0.0000
vt 4.9474 0.9748 0.0000
vt 4.9380 0.9779 0.0000
vt 4.9474 0.9779 0.0000
vt 5.8163 0.5129 0.0000
vt 5.8156 0.5090 0.0000
vt 5.7965 0.5192 0.0000
vt 5.8163 0.5051 0.0000
vt 5.7965 0.4988 0.0000
vt 5.7965 0.5249 0.0000
vt 5.8163 0.5312 0.0000
vt 5.8038 0.5930 0.0000
vt 5.8060 0.6079 0.0000
vt 5.8060 0.5897 0.0000
vt 5.0005 0.6808 0.0000
vt 5.0127 0.6864 0.0000
vt 5.0127 0.6808 0.0000
vt 5.0127 0.6604 0.0000
vt 5.0005 0.6604 0.0000
vt 5.8258 0.5960 0.0000
vt 5.8067 0.5858 0.0000
vt 5.8258 0.5756 0.0000
vt 5.8060 0.5819 0.0000
vt 5.8258 0.6016 0.0000
vt 5.8186 0.5163 0.0000
vt 5.8240 0.5188 0.0000
vt 5.8210 0.5265 0.0000
vt 5.8240 0.5253 0.0000
vt 4.9474 0.9541 0.0000
vt 4.9380 0.9510 0.0000
vt 4.9368 0.9541 0.0000
vt 4.8849 0.9565 0.0000
vt 4.8754 0.9534 0.0000
vt 4.8743 0.9565 0.0000
vt 5.7989 0.5955 0.0000
vt 5.8017 0.6033 0.0000
vt 5.8017 0.5944 0.0000
vt 4.9369 0.9748 0.0000
vt 4.9474 0.9724 0.0000
vt 5.8210 0.5176 0.0000
vt 5.7965 0.5960 0.0000
vt 5.7989 0.6021 0.0000
vt 5.8266 0.5192 0.0000
vt 5.8277 0.5249 0.0000
vt 5.8277 0.5192 0.0000
vt 5.8255 0.5251 0.0000
vt 5.8266 0.5249 0.0000
vt 5.8255 0.5191 0.0000
vt 5.8244 0.5252 0.0000
vt 5.8244 0.5189 0.0000
vt 5.3204 0.9510 0.0000
vt 5.3260 0.9581 0.0000
vt 5.3260 0.9510 0.0000
vt 4.9403 0.9803 0.0000
vt 4.9474 0.9803 0.0000
vt 4.8849 0.9534 0.0000
vt 4.8849 0.9510 0.0000
vt 4.8777 0.9510 0.0000
vt 5.0005 0.6864 0.0000
vt 5.0127 0.6965 0.0000
vt 5.8186 0.5018 0.0000
vt 5.8163 0.4986 0.0000
vt 5.8038 0.5753 0.0000
vt 5.8018 0.5772 0.0000
vt 5.8038 0.5786 0.0000
vt 5.8240 0.4993 0.0000
vt 5.8209 0.4986 0.0000
vt 5.8209 0.5005 0.0000
vt 5.8018 0.5753 0.0000
vt 5.7989 0.5760 0.0000
vt 5.8186 0.4986 0.0000
vt 5.8060 0.5753 0.0000
vt 5.0739 0.9510 0.0000
vt 5.0732 0.9605 0.0000
vt 5.0739 0.9605 0.0000
vt 0.5067 0.9876 0.0000
vt 0.9635 0.8146 0.0000
vt 0.9709 0.7764 0.0000
vt 0.5237 0.9797 0.0000
vt 0.9599 0.8161 0.0000
vt 0.7213 0.9797 0.0000
vt 0.5284 0.9933 0.0000
vt 0.5282 0.9938 0.0000
vt 0.5278 0.9941 0.0000
vt 0.5022 0.9949 0.0000
vt 0.5020 0.9944 0.0000
vt 0.5026 0.9953 0.0000
vt 0.9736 0.7910 0.0000
vt 0.9611 0.8292 0.0000
vt 0.6026 0.9844 0.0000
vt 0.5703 0.8454 0.0000
vt 0.9599 0.8060 0.0000
vt 0.9749 0.7679 0.0000
vt 0.7232 0.9833 0.0000
vt 0.5378 0.9943 0.0000
vt 0.5338 0.9941 0.0000
vt 0.5020 0.9807 0.0000
vt 0.5022 0.9802 0.0000
vt 0.5026 0.9798 0.0000
vt 0.5067 0.9797 0.0000
vt 0.9611 0.7929 0.0000
vt 0.6007 0.9844 0.0000
vt 4.8849 0.9668 0.0000
vt 5.7965 0.6219 0.0000
vt 5.8266 0.5451 0.0000
vt 5.3108 0.9581 0.0000
vt 4.9191 0.9803 0.0000
vt 4.9272 0.9800 0.0000
vt 4.8754 0.9806 0.0000
vt 4.8758 0.9816 0.0000
vt 4.8767 0.9823 0.0000
vt 4.8849 0.9826 0.0000
vt 5.7989 0.6482 0.0000
vt 5.0785 0.9510 0.0000
vt 5.8038 0.6046 0.0000
vt 5.8186 0.5279 0.0000
vt 4.9474 0.9510 0.0000
vt 5.7965 0.6016 0.0000
vt 5.3204 0.9581 0.0000
vt 4.9380 0.9783 0.0000
vt 4.9384 0.9793 0.0000
vt 4.9393 0.9800 0.0000
vt 4.8758 0.9520 0.0000
vt 4.8754 0.9530 0.0000
vt 4.8767 0.9513 0.0000
vt 5.8240 0.4986 0.0000
vt 5.7989 0.5753 0.0000
vt 5.0732 0.9510 0.0000
vt 5.5161 0.2427 0.0000
vt 5.5057 0.4790 0.0000
vt 5.5050 0.2459 0.0000
vt 5.5389 0.2629 0.0000
vt 5.5273 0.4790 0.0000
vt 5.5268 0.2486 0.0000
vt 5.5169 0.4790 0.0000
vt 5.4934 0.2625 0.0000
vt 5.4934 0.4790 0.0000
vt 5.0149 0.4198 0.0000
vt 5.0256 0.2014 0.0000
vt 5.0145 0.2032 0.0000
vt 5.0540 0.2070 0.0000
vt 5.0404 0.4198 0.0000
vt 5.0540 0.4198 0.0000
vt 5.0282 0.4198 0.0000
vt 5.0373 0.2012 0.0000
vt 5.0239 -0.0135 0.0000
vt 5.0111 -0.0117 0.0000
vt 5.0005 0.2065 0.0000
vt 5.0005 0.0016 0.0000
vt 5.0370 -0.0076 0.0000
vt 5.0540 0.0012 0.0000
vt 5.0005 0.4198 0.0000
vt 5.5389 0.4790 0.0000
vt 0.5324 0.6140 0.0000
vt 0.5321 0.5113 0.0000
vt 0.5324 0.5110 0.0000
vt 0.5321 0.6140 0.0000
vt 0.5318 0.5116 0.0000
vt 0.5410 0.6140 0.0000
vt 0.5436 0.6140 0.0000
vt 0.5433 0.5003 0.0000
vt 0.5436 0.5002 0.0000
vt 0.5433 0.6140 0.0000
vt 0.5430 0.5006 0.0000
vt 0.5306 0.6140 0.0000
vt 0.5303 0.5130 0.0000
vt 0.5306 0.5127 0.0000
vt 0.5303 0.6140 0.0000
vt 0.5300 0.5131 0.0000
vt 0.5318 0.6140 0.0000
vt 0.5416 0.5017 0.0000
vt 0.5430 0.6140 0.0000
vt 0.5416 0.6140 0.0000
vt 0.5413 0.6140 0.0000
vt 0.5410 0.5023 0.0000
vt 0.5413 0.5020 0.0000
vt 0.5257 0.6140 0.0000
vt 0.5262 0.5129 0.0000
vt 0.5262 0.6140 0.0000
vt 0.5268 0.5131 0.0000
vt 0.5268 0.6140 0.0000
vt 0.5300 0.6140 0.0000
vt 0.5321 0.7167 0.0000
vt 0.5324 0.7170 0.0000
vt 0.5318 0.7164 0.0000
vt 0.5433 0.7277 0.0000
vt 0.5436 0.7278 0.0000
vt 0.5430 0.7274 0.0000
vt 0.5303 0.7150 0.0000
vt 0.5306 0.7153 0.0000
vt 0.5300 0.7149 0.0000
vt 0.5416 0.7263 0.0000
vt 0.5410 0.7257 0.0000
vt 0.5413 0.7260 0.0000
vt 0.5262 0.7151 0.0000
vt 0.5257 0.7156 0.0000
vt 0.5268 0.7149 0.0000
vt 0.5257 0.5124 0.0000
vt 0.5855 0.8309 0.0000
vt 0.5870 0.8333 0.0000
vt 0.5856 0.8333 0.0000
vt 0.5857 0.7564 0.0000
vt 0.5870 0.7616 0.0000
vt 0.5857 0.7618 0.0000
vt 0.5856 0.7677 0.0000
vt 0.5870 0.7728 0.0000
vt 0.5856 0.7727 0.0000
vt 0.5857 0.7838 0.0000
vt 0.5870 0.7787 0.0000
vt 0.5870 0.7841 0.0000
vt 0.5857 0.7489 0.0000
vt 0.5870 0.7561 0.0000
vt 0.5870 0.7676 0.0000
vt 0.5857 0.7785 0.0000
vt 0.5857 0.7292 0.0000
vt 0.5870 0.7340 0.0000
vt 0.5857 0.7341 0.0000
vt 0.5857 0.8098 0.0000
vt 0.5870 0.8146 0.0000
vt 0.5858 0.8148 0.0000
vt 0.5857 0.7940 0.0000
vt 0.5870 0.7891 0.0000
vt 0.5870 0.7943 0.0000
vt 0.5858 0.7373 0.0000
vt 0.5870 0.7422 0.0000
vt 0.5858 0.7425 0.0000
vt 0.5857 0.7272 0.0000
vt 0.5870 0.7223 0.0000
vt 0.5870 0.7272 0.0000
vt 0.5857 0.8046 0.0000
vt 0.5870 0.7998 0.0000
vt 0.5870 0.8047 0.0000
vt 0.5870 0.7292 0.0000
vt 0.5870 0.7371 0.0000
vt 0.5870 0.8097 0.0000
vt 0.5870 0.8187 0.0000
vt 0.5859 0.8191 0.0000
vt 0.5857 0.7887 0.0000
vt 0.5858 0.7995 0.0000
vt 0.5870 0.7485 0.0000
vt 0.5857 0.7222 0.0000
vt 0.5870 0.7176 0.0000
vt 0.5861 0.8232 0.0000
vt 0.5870 0.8264 0.0000
vt 0.5861 0.8272 0.0000
vt 0.5870 0.8305 0.0000
vt 0.5870 0.8225 0.0000
vt 0.6705 0.7060 0.0000
vt 0.6618 0.7106 0.0000
vt 0.6618 0.7060 0.0000
vt 0.5847 0.7176 0.0000
vt 0.5766 0.7223 0.0000
vt 0.5766 0.7176 0.0000
vt 0.6825 0.6082 0.0000
vt 0.6618 0.6054 0.0000
vt 0.6825 0.6054 0.0000
vt 0.5842 0.8310 0.0000
vt 0.5766 0.8333 0.0000
vt 0.5766 0.8305 0.0000
vt 0.6786 0.6096 0.0000
vt 0.6618 0.6082 0.0000
vt 0.5849 0.8274 0.0000
vt 0.5766 0.8265 0.0000
vt 0.6727 0.6145 0.0000
vt 0.6618 0.6116 0.0000
vt 0.6752 0.6116 0.0000
vt 0.6714 0.6184 0.0000
vt 0.6618 0.6145 0.0000
vt 0.5851 0.8234 0.0000
vt 0.5766 0.8186 0.0000
vt 0.5850 0.8193 0.0000
vt 0.5766 0.8145 0.0000
vt 0.5848 0.8148 0.0000
vt 0.6723 0.6866 0.0000
vt 0.6618 0.6812 0.0000
vt 0.6755 0.6812 0.0000
vt 0.5847 0.7489 0.0000
vt 0.5766 0.7422 0.0000
vt 0.5849 0.7426 0.0000
vt 0.6618 0.6736 0.0000
vt 0.6788 0.6743 0.0000
vt 0.5847 0.7564 0.0000
vt 0.5766 0.7485 0.0000
vt 0.5847 0.7618 0.0000
vt 0.5766 0.7560 0.0000
vt 0.6618 0.6684 0.0000
vt 0.6807 0.6692 0.0000
vt 0.6618 0.6634 0.0000
vt 0.6822 0.6634 0.0000
vt 0.5846 0.7677 0.0000
vt 0.5766 0.7615 0.0000
vt 0.5845 0.7727 0.0000
vt 0.5766 0.7676 0.0000
vt 0.6618 0.6582 0.0000
vt 0.6811 0.6524 0.0000
vt 0.6823 0.6582 0.0000
vt 0.5766 0.7787 0.0000
vt 0.5766 0.7728 0.0000
vt 0.5846 0.7785 0.0000
vt 0.5766 0.7842 0.0000
vt 0.6793 0.6472 0.0000
vt 0.6618 0.6532 0.0000
vt 0.6618 0.6480 0.0000
vt 0.6772 0.6427 0.0000
vt 0.5846 0.7838 0.0000
vt 0.5766 0.7891 0.0000
vt 0.5848 0.7341 0.0000
vt 0.5766 0.7292 0.0000
vt 0.5848 0.7292 0.0000
vt 0.6696 0.6993 0.0000
vt 0.6618 0.6945 0.0000
vt 0.6699 0.6945 0.0000
vt 0.6618 0.7013 0.0000
vt 0.6618 0.6993 0.0000
vt 0.5848 0.7272 0.0000
vt 0.5766 0.7272 0.0000
vt 0.6618 0.6914 0.0000
vt 0.6705 0.6914 0.0000
vt 0.5848 0.7373 0.0000
vt 0.5766 0.7340 0.0000
vt 0.5766 0.8097 0.0000
vt 0.5848 0.8098 0.0000
vt 0.6709 0.6232 0.0000
vt 0.6618 0.6184 0.0000
vt 0.6618 0.6282 0.0000
vt 0.6618 0.6232 0.0000
vt 0.5848 0.8045 0.0000
vt 0.5766 0.8047 0.0000
vt 0.5847 0.7886 0.0000
vt 0.5766 0.7943 0.0000
vt 0.6749 0.6380 0.0000
vt 0.6618 0.6427 0.0000
vt 0.6618 0.6380 0.0000
vt 0.6728 0.6330 0.0000
vt 0.6618 0.6330 0.0000
vt 0.5847 0.7939 0.0000
vt 0.5766 0.7997 0.0000
vt 0.5766 0.7371 0.0000
vt 0.6618 0.6866 0.0000
vt 0.5848 0.7222 0.0000
vt 0.6697 0.7013 0.0000
vt 0.5848 0.7995 0.0000
vt 0.6715 0.6282 0.0000
vt 0.5766 0.8225 0.0000
vt 0.6618 0.6096 0.0000
vt 0.5857 0.7176 0.0000
vt 0.5846 0.8333 0.0000
vt 0.5746 0.8333 0.0000
vt 0.5731 0.8309 0.0000
vt 0.5733 0.8333 0.0000
vt 0.5746 0.7616 0.0000
vt 0.5734 0.7564 0.0000
vt 0.5733 0.7618 0.0000
vt 0.5746 0.7728 0.0000
vt 0.5733 0.7677 0.0000
vt 0.5732 0.7727 0.0000
vt 0.5733 0.7838 0.0000
vt 0.5746 0.7787 0.0000
vt 0.5733 0.7785 0.0000
vt 0.5746 0.7561 0.0000
vt 0.5734 0.7489 0.0000
vt 0.5746 0.7676 0.0000
vt 0.5746 0.7340 0.0000
vt 0.5734 0.7292 0.0000
vt 0.5734 0.7341 0.0000
vt 0.5746 0.8146 0.0000
vt 0.5734 0.8098 0.0000
vt 0.5734 0.8148 0.0000
vt 0.5734 0.7940 0.0000
vt 0.5746 0.7891 0.0000
vt 0.5734 0.7887 0.0000
vt 0.5746 0.7422 0.0000
vt 0.5734 0.7373 0.0000
vt 0.5735 0.7425 0.0000
vt 0.5734 0.7272 0.0000
vt 0.5746 0.7223 0.0000
vt 0.5734 0.7222 0.0000
vt 0.5734 0.8046 0.0000
vt 0.5746 0.7998 0.0000
vt 0.5734 0.7995 0.0000
vt 0.5746 0.7272 0.0000
vt 0.5746 0.7371 0.0000
vt 0.5746 0.8047 0.0000
vt 0.5746 0.8187 0.0000
vt 0.5736 0.8191 0.0000
vt 0.5746 0.7841 0.0000
vt 0.5746 0.7943 0.0000
vt 0.5746 0.7485 0.0000
vt 0.5746 0.7176 0.0000
vt 0.5733 0.7176 0.0000
vt 0.5746 0.8264 0.0000
vt 0.5737 0.8232 0.0000
vt 0.5737 0.8272 0.0000
vt 0.5746 0.8305 0.0000
vt 0.5746 0.8225 0.0000
vt 0.6705 0.5048 0.0000
vt 0.6618 0.5002 0.0000
vt 0.6719 0.5002 0.0000
vt 0.5723 0.7176 0.0000
vt 0.5642 0.7223 0.0000
vt 0.5724 0.7222 0.0000
vt 0.6825 0.6027 0.0000
vt 0.5719 0.8310 0.0000
vt 0.5642 0.8333 0.0000
vt 0.5722 0.8333 0.0000
vt 0.6618 0.6027 0.0000
vt 0.6786 0.6012 0.0000
vt 0.5726 0.8274 0.0000
vt 0.5642 0.8305 0.0000
vt 0.6618 0.5992 0.0000
vt 0.6727 0.5963 0.0000
vt 0.6752 0.5992 0.0000
vt 0.6618 0.5963 0.0000
vt 0.6714 0.5924 0.0000
vt 0.5642 0.8186 0.0000
vt 0.5728 0.8234 0.0000
vt 0.5727 0.8193 0.0000
vt 0.5642 0.8145 0.0000
vt 0.5725 0.8148 0.0000
vt 0.6618 0.5297 0.0000
vt 0.6723 0.5242 0.0000
vt 0.6755 0.5297 0.0000
vt 0.5642 0.7422 0.0000
vt 0.5724 0.7489 0.0000
vt 0.5725 0.7426 0.0000
vt 0.6618 0.5373 0.0000
vt 0.5642 0.7485 0.0000
vt 0.5723 0.7564 0.0000
vt 0.5642 0.7560 0.0000
vt 0.5723 0.7618 0.0000
vt 0.6618 0.5425 0.0000
vt 0.6788 0.5365 0.0000
vt 0.6807 0.5417 0.0000
vt 0.6618 0.5475 0.0000
vt 0.5642 0.7615 0.0000
vt 0.5722 0.7677 0.0000
vt 0.5642 0.7676 0.0000
vt 0.5722 0.7727 0.0000
vt 0.6618 0.5527 0.0000
vt 0.6822 0.5475 0.0000
vt 0.6823 0.5527 0.0000
vt 0.6811 0.5585 0.0000
vt 0.5642 0.7787 0.0000
vt 0.5723 0.7785 0.0000
vt 0.5642 0.7842 0.0000
vt 0.5723 0.7838 0.0000
vt 0.6618 0.5577 0.0000
vt 0.6793 0.5636 0.0000
vt 0.6618 0.5629 0.0000
vt 0.6772 0.5681 0.0000
vt 0.5642 0.7891 0.0000
vt 0.5724 0.7886 0.0000
vt 0.5642 0.7292 0.0000
vt 0.5724 0.7341 0.0000
vt 0.5724 0.7292 0.0000
vt 0.6696 0.5116 0.0000
vt 0.6618 0.5163 0.0000
vt 0.6618 0.5116 0.0000
vt 0.6618 0.5096 0.0000
vt 0.6697 0.5096 0.0000
vt 0.5724 0.7272 0.0000
vt 0.6618 0.5194 0.0000
vt 0.6699 0.5163 0.0000
vt 0.6705 0.5194 0.0000
vt 0.5642 0.7340 0.0000
vt 0.5725 0.7373 0.0000
vt 0.5642 0.8097 0.0000
vt 0.5724 0.8098 0.0000
vt 0.6709 0.5876 0.0000
vt 0.6618 0.5924 0.0000
vt 0.6618 0.5876 0.0000
vt 0.6618 0.5827 0.0000
vt 0.6715 0.5827 0.0000
vt 0.5724 0.8045 0.0000
vt 0.5642 0.7943 0.0000
vt 0.5724 0.7939 0.0000
vt 0.6618 0.5681 0.0000
vt 0.6749 0.5729 0.0000
vt 0.6618 0.5729 0.0000
vt 0.6728 0.5779 0.0000
vt 0.5642 0.7997 0.0000
vt 0.5724 0.7995 0.0000
vt 0.5642 0.7371 0.0000
vt 0.6618 0.5242 0.0000
vt 0.5642 0.7272 0.0000
vt 0.6618 0.5048 0.0000
vt 0.5642 0.8047 0.0000
vt 0.6618 0.5779 0.0000
vt 0.5642 0.8265 0.0000
vt 0.6618 0.6012 0.0000
vt 5.2143 0.4005 0.0000
vt 5.1968 0.4097 0.0000
vt 5.2171 0.4097 0.0000
vt 5.1968 0.1981 0.0000
vt 5.2384 0.2036 0.0000
vt 5.2384 0.1981 0.0000
vt 5.1968 0.2036 0.0000
vt 5.2306 0.2065 0.0000
vt 5.1968 0.2105 0.0000
vt 5.2187 0.2163 0.0000
vt 5.2237 0.2105 0.0000
vt 5.1968 0.2163 0.0000
vt 5.2162 0.2242 0.0000
vt 5.1968 0.3505 0.0000
vt 5.2180 0.3615 0.0000
vt 5.2244 0.3505 0.0000
vt 5.1968 0.3352 0.0000
vt 5.1968 0.3247 0.0000
vt 5.2310 0.3367 0.0000
vt 5.2348 0.3263 0.0000
vt 5.1968 0.3147 0.0000
vt 5.1968 0.3042 0.0000
vt 5.2379 0.3147 0.0000
vt 5.2381 0.3042 0.0000
vt 5.2357 0.2925 0.0000
vt 5.1968 0.2941 0.0000
vt 5.2321 0.2822 0.0000
vt 5.1968 0.2837 0.0000
vt 5.2277 0.2732 0.0000
vt 5.2125 0.3869 0.0000
vt 5.1968 0.3773 0.0000
vt 5.1968 0.3869 0.0000
vt 5.1968 0.3909 0.0000
vt 5.2126 0.3909 0.0000
vt 5.1968 0.3711 0.0000
vt 5.2132 0.3773 0.0000
vt 5.2143 0.3711 0.0000
vt 5.2152 0.2338 0.0000
vt 5.1968 0.2242 0.0000
vt 5.1968 0.2338 0.0000
vt 5.1968 0.2439 0.0000
vt 5.2163 0.2439 0.0000
vt 5.1968 0.2732 0.0000
vt 5.2233 0.2636 0.0000
vt 5.1968 0.2636 0.0000
vt 5.2189 0.2535 0.0000
vt 5.1968 0.3615 0.0000
vt 5.1968 0.4005 0.0000
vt 5.1968 0.2535 0.0000
vt 5.1968 0.2065 0.0000
vt 5.2143 -0.0043 0.0000
vt 5.1968 -0.0135 0.0000
vt 5.1968 -0.0043 0.0000
vt 5.2384 0.1926 0.0000
vt 5.2306 0.1896 0.0000
vt 5.1968 0.1926 0.0000
vt 5.2187 0.1799 0.0000
vt 5.1968 0.1857 0.0000
vt 5.2237 0.1857 0.0000
vt 5.2162 0.1720 0.0000
vt 5.1968 0.1799 0.0000
vt 5.2180 0.0347 0.0000
vt 5.1968 0.0457 0.0000
vt 5.2244 0.0457 0.0000
vt 5.1968 0.0610 0.0000
vt 5.2310 0.0595 0.0000
vt 5.1968 0.0715 0.0000
vt 5.2348 0.0699 0.0000
vt 5.1968 0.0815 0.0000
vt 5.2379 0.0815 0.0000
vt 5.1968 0.0920 0.0000
vt 5.2357 0.1036 0.0000
vt 5.2381 0.0920 0.0000
vt 5.2321 0.1140 0.0000
vt 5.1968 0.1021 0.0000
vt 5.1968 0.1125 0.0000
vt 5.2277 0.1230 0.0000
vt 5.2125 0.0093 0.0000
vt 5.1968 0.0189 0.0000
vt 5.2132 0.0189 0.0000
vt 5.1968 0.0053 0.0000
vt 5.1968 0.0093 0.0000
vt 5.1968 0.0251 0.0000
vt 5.2143 0.0251 0.0000
vt 5.2152 0.1624 0.0000
vt 5.1968 0.1720 0.0000
vt 5.1968 0.1523 0.0000
vt 5.1968 0.1624 0.0000
vt 5.2233 0.1326 0.0000
vt 5.1968 0.1230 0.0000
vt 5.1968 0.1326 0.0000
vt 5.2189 0.1427 0.0000
vt 5.1968 0.1427 0.0000
vt 5.1968 0.0347 0.0000
vt 5.2126 0.0053 0.0000
vt 5.2163 0.1523 0.0000
vt 5.1968 0.1896 0.0000
vt 5.0463 0.6565 0.0000
vt 5.0433 0.6517 0.0000
vt 5.0436 0.6565 0.0000
vt 5.0463 0.5123 0.0000
vt 5.0438 0.5017 0.0000
vt 5.0437 0.5126 0.0000
vt 5.0463 0.5347 0.0000
vt 5.0436 0.5244 0.0000
vt 5.0435 0.5346 0.0000
vt 5.0437 0.5570 0.0000
vt 5.0463 0.5466 0.0000
vt 5.0437 0.5462 0.0000
vt 5.0463 0.5012 0.0000
vt 5.0438 0.4867 0.0000
vt 5.0463 0.5243 0.0000
vt 5.0463 0.4567 0.0000
vt 5.0438 0.4471 0.0000
vt 5.0438 0.4570 0.0000
vt 5.0463 0.6188 0.0000
vt 5.0438 0.6091 0.0000
vt 5.0439 0.6192 0.0000
vt 5.0438 0.5775 0.0000
vt 5.0463 0.5675 0.0000
vt 5.0438 0.5668 0.0000
vt 5.0463 0.4732 0.0000
vt 5.0439 0.4634 0.0000
vt 5.0440 0.4739 0.0000
vt 5.0438 0.4430 0.0000
vt 5.0463 0.4333 0.0000
vt 5.0438 0.4330 0.0000
vt 5.0438 0.5987 0.0000
vt 5.0463 0.5891 0.0000
vt 5.0439 0.5885 0.0000
vt 5.0463 0.4431 0.0000
vt 5.0463 0.4630 0.0000
vt 5.0463 0.5990 0.0000
vt 5.0463 0.6270 0.0000
vt 5.0442 0.6280 0.0000
vt 5.0463 0.5576 0.0000
vt 5.0463 0.5781 0.0000
vt 5.0463 0.4859 0.0000
vt 5.0463 0.4237 0.0000
vt 5.0437 0.4237 0.0000
vt 5.0463 0.6426 0.0000
vt 5.0445 0.6361 0.0000
vt 5.0445 0.6443 0.0000
vt 5.0463 0.6509 0.0000
vt 5.0463 0.6347 0.0000
vt 5.0417 0.4237 0.0000
vt 5.0253 0.4333 0.0000
vt 5.0418 0.4331 0.0000
vt 5.0408 0.6518 0.0000
vt 5.0253 0.6565 0.0000
vt 5.0415 0.6565 0.0000
vt 5.0422 0.6447 0.0000
vt 5.0253 0.6509 0.0000
vt 5.0253 0.6270 0.0000
vt 5.0426 0.6366 0.0000
vt 5.0424 0.6283 0.0000
vt 5.0253 0.6187 0.0000
vt 5.0420 0.6194 0.0000
vt 5.0253 0.4732 0.0000
vt 5.0418 0.4868 0.0000
vt 5.0421 0.4740 0.0000
vt 5.0253 0.4859 0.0000
vt 5.0417 0.5017 0.0000
vt 5.0253 0.5011 0.0000
vt 5.0417 0.5126 0.0000
vt 5.0253 0.5121 0.0000
vt 5.0415 0.5244 0.0000
vt 5.0253 0.5243 0.0000
vt 5.0414 0.5345 0.0000
vt 5.0253 0.5467 0.0000
vt 5.0416 0.5462 0.0000
vt 5.0253 0.5577 0.0000
vt 5.0416 0.5569 0.0000
vt 5.0253 0.5675 0.0000
vt 5.0418 0.5667 0.0000
vt 5.0253 0.4471 0.0000
vt 5.0419 0.4570 0.0000
vt 5.0419 0.4471 0.0000
vt 5.0419 0.4430 0.0000
vt 5.0253 0.4567 0.0000
vt 5.0420 0.4635 0.0000
vt 5.0253 0.6090 0.0000
vt 5.0419 0.6092 0.0000
vt 5.0419 0.5987 0.0000
vt 5.0253 0.5781 0.0000
vt 5.0418 0.5773 0.0000
vt 5.0253 0.5890 0.0000
vt 5.0419 0.5884 0.0000
vt 5.0253 0.4629 0.0000
vt 5.0253 0.4431 0.0000
vt 5.0253 0.5990 0.0000
vt 5.0253 0.6428 0.0000
vt 5.0184 0.6517 0.0000
vt 5.0214 0.6565 0.0000
vt 5.0187 0.6565 0.0000
vt 5.0189 0.5017 0.0000
vt 5.0214 0.5123 0.0000
vt 5.0189 0.5127 0.0000
vt 5.0187 0.5244 0.0000
vt 5.0214 0.5347 0.0000
vt 5.0187 0.5346 0.0000
vt 5.0189 0.5570 0.0000
vt 5.0214 0.5466 0.0000
vt 5.0214 0.5576 0.0000
vt 5.0190 0.4866 0.0000
vt 5.0214 0.5012 0.0000
vt 5.0214 0.5243 0.0000
vt 5.0188 0.5462 0.0000
vt 5.0190 0.4471 0.0000
vt 5.0214 0.4567 0.0000
vt 5.0190 0.4570 0.0000
vt 5.0190 0.6091 0.0000
vt 5.0214 0.6188 0.0000
vt 5.0190 0.6192 0.0000
vt 5.0190 0.5775 0.0000
vt 5.0214 0.5676 0.0000
vt 5.0214 0.5781 0.0000
vt 5.0191 0.4634 0.0000
vt 5.0214 0.4732 0.0000
vt 5.0191 0.4739 0.0000
vt 5.0190 0.4430 0.0000
vt 5.0214 0.4333 0.0000
vt 5.0214 0.4431 0.0000
vt 5.0190 0.5987 0.0000
vt 5.0214 0.5891 0.0000
vt 5.0214 0.5990 0.0000
vt 5.0214 0.4471 0.0000
vt 5.0214 0.4630 0.0000
vt 5.0214 0.6091 0.0000
vt 5.0214 0.6270 0.0000
vt 5.0194 0.6280 0.0000
vt 5.0190 0.5668 0.0000
vt 5.0190 0.5885 0.0000
vt 5.0214 0.4859 0.0000
vt 5.0190 0.4330 0.0000
vt 5.0214 0.4237 0.0000
vt 5.0196 0.6361 0.0000
vt 5.0214 0.6426 0.0000
vt 5.0196 0.6443 0.0000
vt 5.0214 0.6509 0.0000
vt 5.0214 0.6347 0.0000
vt 5.0169 0.4237 0.0000
vt 5.0005 0.4333 0.0000
vt 5.0005 0.4237 0.0000
vt 5.0160 0.6518 0.0000
vt 5.0005 0.6565 0.0000
vt 5.0005 0.6509 0.0000
vt 5.0173 0.6447 0.0000
vt 5.0005 0.6428 0.0000
vt 5.0178 0.6366 0.0000
vt 5.0005 0.6270 0.0000
vt 5.0176 0.6283 0.0000
vt 5.0005 0.6187 0.0000
vt 5.0172 0.6194 0.0000
vt 5.0169 0.4868 0.0000
vt 5.0005 0.4732 0.0000
vt 5.0172 0.4740 0.0000
vt 5.0168 0.5017 0.0000
vt 5.0005 0.4859 0.0000
vt 5.0169 0.5127 0.0000
vt 5.0005 0.5011 0.0000
vt 5.0166 0.5245 0.0000
vt 5.0005 0.5121 0.0000
vt 5.0166 0.5345 0.0000
vt 5.0005 0.5243 0.0000
vt 5.0005 0.5467 0.0000
vt 5.0005 0.5347 0.0000
vt 5.0167 0.5462 0.0000
vt 5.0005 0.5577 0.0000
vt 5.0168 0.5569 0.0000
vt 5.0005 0.5675 0.0000
vt 5.0170 0.4570 0.0000
vt 5.0005 0.4471 0.0000
vt 5.0170 0.4471 0.0000
vt 5.0171 0.4430 0.0000
vt 5.0005 0.4431 0.0000
vt 5.0172 0.4635 0.0000
vt 5.0005 0.4567 0.0000
vt 5.0005 0.6090 0.0000
vt 5.0171 0.6092 0.0000
vt 5.0170 0.5987 0.0000
vt 5.0005 0.5990 0.0000
vt 5.0170 0.5667 0.0000
vt 5.0005 0.5781 0.0000
vt 5.0170 0.5773 0.0000
vt 5.0005 0.5890 0.0000
vt 5.0005 0.4629 0.0000
vt 5.0170 0.4331 0.0000
vt 5.0171 0.5884 0.0000
vt 5.0005 0.6347 0.0000
vt 5.0189 0.4237 0.0000
vt 5.0167 0.6565 0.0000
vt 6.2143 0.4005 0.0000
vt 6.1968 0.4097 0.0000
vt 6.1968 0.4005 0.0000
vt 6.2384 0.2036 0.0000
vt 6.1968 0.1981 0.0000
vt 6.2384 0.1981 0.0000
vt 6.2306 0.2065 0.0000
vt 6.1968 0.2036 0.0000
vt 6.2187 0.2163 0.0000
vt 6.1968 0.2105 0.0000
vt 6.2237 0.2105 0.0000
vt 6.2162 0.2242 0.0000
vt 6.1968 0.2163 0.0000
vt 6.2180 0.3615 0.0000
vt 6.1968 0.3505 0.0000
vt 6.2244 0.3505 0.0000
vt 6.1968 0.3352 0.0000
vt 6.2310 0.3367 0.0000
vt 6.1968 0.3247 0.0000
vt 6.2348 0.3263 0.0000
vt 6.1968 0.3147 0.0000
vt 6.2379 0.3147 0.0000
vt 6.1968 0.3042 0.0000
vt 6.2357 0.2925 0.0000
vt 6.2381 0.3042 0.0000
vt 6.2321 0.2822 0.0000
vt 6.1968 0.2941 0.0000
vt 6.1968 0.2837 0.0000
vt 6.2277 0.2732 0.0000
vt 6.2125 0.3869 0.0000
vt 6.1968 0.3773 0.0000
vt 6.2132 0.3773 0.0000
vt 6.1968 0.3909 0.0000
vt 6.1968 0.3869 0.0000
vt 6.1968 0.3711 0.0000
vt 6.2143 0.3711 0.0000
vt 6.2152 0.2338 0.0000
vt 6.1968 0.2242 0.0000
vt 6.1968 0.2439 0.0000
vt 6.1968 0.2338 0.0000
vt 6.2233 0.2636 0.0000
vt 6.1968 0.2732 0.0000
vt 6.1968 0.2636 0.0000
vt 6.2189 0.2535 0.0000
vt 6.1968 0.2535 0.0000
vt 6.1968 0.3615 0.0000
vt 6.2126 0.3909 0.0000
vt 6.2163 0.2439 0.0000
vt 6.1968 0.2065 0.0000
vt 6.2143 -0.0043 0.0000
vt 6.1968 -0.0135 0.0000
vt 6.2171 -0.0135 0.0000
vt 6.2384 0.1926 0.0000
vt 6.1968 0.1926 0.0000
vt 6.2306 0.1896 0.0000
vt 6.1968 0.1857 0.0000
vt 6.2187 0.1799 0.0000
vt 6.2237 0.1857 0.0000
vt 6.1968 0.1799 0.0000
vt 6.2162 0.1720 0.0000
vt 6.1968 0.0457 0.0000
vt 6.2180 0.0347 0.0000
vt 6.2244 0.0457 0.0000
vt 6.1968 0.0610 0.0000
vt 6.1968 0.0715 0.0000
vt 6.2310 0.0595 0.0000
vt 6.2348 0.0699 0.0000
vt 6.1968 0.0815 0.0000
vt 6.1968 0.0920 0.0000
vt 6.2379 0.0815 0.0000
vt 6.2381 0.0920 0.0000
vt 6.2357 0.1036 0.0000
vt 6.1968 0.1021 0.0000
vt 6.2321 0.1140 0.0000
vt 6.1968 0.1125 0.0000
vt 6.2277 0.1230 0.0000
vt 6.2125 0.0093 0.0000
vt 6.1968 0.0189 0.0000
vt 6.1968 0.0093 0.0000
vt 6.1968 0.0053 0.0000
vt 6.2126 0.0053 0.0000
vt 6.1968 0.0251 0.0000
vt 6.2132 0.0189 0.0000
vt 6.2143 0.0251 0.0000
vt 6.2152 0.1624 0.0000
vt 6.1968 0.1720 0.0000
vt 6.1968 0.1624 0.0000
vt 6.1968 0.1523 0.0000
vt 6.2163 0.1523 0.0000
vt 6.1968 0.1230 0.0000
vt 6.2233 0.1326 0.0000
vt 6.1968 0.1326 0.0000
vt 6.2189 0.1427 0.0000
vt 6.1968 0.0347 0.0000
vt 6.1968 -0.0043 0.0000
vt 6.1968 0.1427 0.0000
vt 6.1968 0.1896 0.0000
vt 0.6719 0.7106 0.0000
vt 0.5746 0.7292 0.0000
vt 0.5746 0.8097 0.0000
vt 0.5642 0.7176 0.0000
vt 0.5642 0.8225 0.0000
vt 0.5642 0.7728 0.0000
vt 5.2171 -0.0135 0.0000
vt 5.0463 0.4471 0.0000
vt 5.0463 0.6091 0.0000
vt 5.0253 0.4237 0.0000
vt 5.0253 0.6347 0.0000
vt 5.0253 0.5347 0.0000
vt 6.2171 0.4097 0.0000
vt 0.9715 0.7301 0.0000
vt 0.9956 0.7361 0.0000
vt 0.9711 0.7361 0.0000
vt 0.9892 0.6783 0.0000
vt 0.9956 0.6852 0.0000
vt 0.9887 0.6852 0.0000
vt 0.9956 0.6896 0.0000
vt 0.9879 0.6896 0.0000
vt 0.9956 0.6965 0.0000
vt 0.9853 0.6965 0.0000
vt 0.9956 0.7044 0.0000
vt 0.9805 0.7044 0.0000
vt 0.9956 0.7109 0.0000
vt 0.9773 0.7109 0.0000
vt 0.9748 0.7176 0.0000
vt 0.9956 0.7241 0.0000
vt 0.9729 0.7241 0.0000
vt 0.9956 0.7301 0.0000
vt 0.9956 0.7176 0.0000
vt 0.9715 0.7421 0.0000
vt 0.9956 0.7421 0.0000
vt 0.9892 0.7939 0.0000
vt 0.9956 0.7870 0.0000
vt 0.9956 0.7939 0.0000
vt 0.9956 0.7826 0.0000
vt 0.9887 0.7870 0.0000
vt 0.9879 0.7826 0.0000
vt 0.9956 0.7757 0.0000
vt 0.9956 0.7679 0.0000
vt 0.9853 0.7757 0.0000
vt 0.9805 0.7679 0.0000
vt 0.9956 0.7614 0.0000
vt 0.9748 0.7546 0.0000
vt 0.9956 0.7481 0.0000
vt 0.9956 0.7546 0.0000
vt 0.9729 0.7481 0.0000
vt 0.9773 0.7614 0.0000
vt 5.8199 0.4489 0.0000
vt 5.8683 0.4610 0.0000
vt 5.8683 0.4489 0.0000
vt 5.8555 0.3448 0.0000
vt 5.8683 0.3586 0.0000
vt 5.8683 0.3448 0.0000
vt 5.8683 0.3675 0.0000
vt 5.8544 0.3586 0.0000
vt 5.8528 0.3675 0.0000
vt 5.8683 0.3813 0.0000
vt 5.8683 0.3972 0.0000
vt 5.8475 0.3813 0.0000
vt 5.8378 0.3972 0.0000
vt 5.8683 0.4102 0.0000
vt 5.8263 0.4238 0.0000
vt 5.8683 0.4369 0.0000
vt 5.8683 0.4238 0.0000
vt 5.8226 0.4369 0.0000
vt 5.8316 0.4102 0.0000
vt 5.8199 0.4731 0.0000
vt 5.8189 0.4610 0.0000
vt 5.8555 0.5772 0.0000
vt 5.8683 0.5634 0.0000
vt 5.8544 0.5634 0.0000
vt 5.8683 0.5545 0.0000
vt 5.8528 0.5545 0.0000
vt 5.8683 0.5407 0.0000
vt 5.8475 0.5407 0.0000
vt 5.8683 0.5248 0.0000
vt 5.8378 0.5248 0.0000
vt 5.8683 0.5118 0.0000
vt 5.8316 0.5118 0.0000
vt 5.8263 0.4982 0.0000
vt 5.8683 0.4851 0.0000
vt 5.8226 0.4851 0.0000
vt 5.8683 0.4731 0.0000
vt 5.8683 0.4982 0.0000
vt 0.9956 0.6783 0.0000
vt 5.8683 0.5772 0.0000
vt 0.5558 0.8727 0.0000
vt 0.5547 0.8679 0.0000
vt 0.5556 0.8678 0.0000
vt 0.5555 0.8646 0.0000
vt 0.5547 0.8595 0.0000
vt 0.5555 0.8592 0.0000
vt 0.5546 0.8648 0.0000
vt 0.5551 0.8530 0.0000
vt 0.5559 0.8526 0.0000
vt 0.5559 0.8383 0.0000
vt 0.5551 0.8342 0.0000
vt 0.5559 0.8341 0.0000
vt 0.5549 0.8301 0.0000
vt 0.5557 0.8300 0.0000
vt 0.5559 0.8477 0.0000
vt 0.5551 0.8431 0.0000
vt 0.5560 0.8428 0.0000
vt 0.5551 0.8480 0.0000
vt 0.5551 0.8385 0.0000
vt 0.5623 0.8678 0.0000
vt 0.5607 0.8725 0.0000
vt 0.5607 0.8677 0.0000
vt 0.5622 0.8596 0.0000
vt 0.5607 0.8645 0.0000
vt 0.5607 0.8591 0.0000
vt 0.5623 0.8648 0.0000
vt 0.5621 0.8531 0.0000
vt 0.5606 0.8525 0.0000
vt 0.5622 0.8341 0.0000
vt 0.5607 0.8381 0.0000
vt 0.5606 0.8340 0.0000
vt 0.5623 0.8299 0.0000
vt 0.5606 0.8298 0.0000
vt 0.5623 0.8431 0.0000
vt 0.5607 0.8476 0.0000
vt 0.5607 0.8427 0.0000
vt 0.5622 0.8481 0.0000
vt 0.5623 0.8384 0.0000
vt 0.5565 0.8299 0.0000
vt 0.5567 0.8340 0.0000
vt 0.5564 0.8677 0.0000
vt 0.5567 0.8726 0.0000
vt 0.5563 0.8645 0.0000
vt 0.5567 0.8525 0.0000
vt 0.5564 0.8590 0.0000
vt 0.5567 0.8476 0.0000
vt 0.5567 0.8382 0.0000
vt 0.5567 0.8427 0.0000
vt 0.9561 0.5044 0.0000
vt 0.9729 0.5002 0.0000
vt 0.9729 0.5044 0.0000
vt 0.9685 0.5405 0.0000
vt 0.9729 0.5357 0.0000
vt 0.9729 0.5405 0.0000
vt 0.9729 0.5326 0.0000
vt 0.9681 0.5357 0.0000
vt 0.9676 0.5326 0.0000
vt 0.9729 0.5278 0.0000
vt 0.9729 0.5223 0.0000
vt 0.9657 0.5278 0.0000
vt 0.9624 0.5223 0.0000
vt 0.9729 0.5178 0.0000
vt 0.9584 0.5131 0.0000
vt 0.9729 0.5086 0.0000
vt 0.9729 0.5131 0.0000
vt 0.9571 0.5086 0.0000
vt 0.9602 0.5178 0.0000
vt 4.9814 0.7262 0.0000
vt 4.9837 0.7357 0.0000
vt 4.9832 0.7259 0.0000
vt 4.9813 0.7093 0.0000
vt 4.9830 0.7194 0.0000
vt 4.9830 0.7086 0.0000
vt 4.9813 0.7199 0.0000
vt 4.9821 0.6961 0.0000
vt 4.9837 0.6954 0.0000
vt 4.9821 0.6584 0.0000
vt 4.9839 0.6665 0.0000
vt 4.9839 0.6581 0.0000
vt 4.9817 0.6500 0.0000
vt 4.9835 0.6498 0.0000
vt 4.9823 0.6762 0.0000
vt 4.9839 0.6855 0.0000
vt 4.9839 0.6757 0.0000
vt 4.9823 0.6861 0.0000
vt 4.9822 0.6669 0.0000
vt 4.9966 0.7260 0.0000
vt 4.9934 0.7354 0.0000
vt 4.9966 0.7356 0.0000
vt 4.9965 0.7095 0.0000
vt 4.9934 0.7192 0.0000
vt 4.9966 0.7198 0.0000
vt 4.9934 0.7257 0.0000
vt 4.9963 0.6963 0.0000
vt 4.9934 0.7084 0.0000
vt 4.9965 0.6582 0.0000
vt 4.9935 0.6662 0.0000
vt 4.9966 0.6667 0.0000
vt 4.9966 0.6498 0.0000
vt 4.9933 0.6578 0.0000
vt 4.9966 0.6762 0.0000
vt 4.9935 0.6853 0.0000
vt 4.9965 0.6862 0.0000
vt 4.9933 0.6951 0.0000
vt 4.9935 0.6754 0.0000
vt 4.9851 0.6497 0.0000
vt 4.9854 0.6580 0.0000
vt 4.9849 0.7257 0.0000
vt 4.9853 0.7356 0.0000
vt 4.9847 0.7192 0.0000
vt 4.9847 0.7083 0.0000
vt 4.9853 0.6950 0.0000
vt 4.9855 0.6852 0.0000
vt 4.9855 0.6663 0.0000
vt 4.9855 0.6754 0.0000
vt 5.7889 -0.0051 0.0000
vt 5.8226 -0.0135 0.0000
vt 5.7883 -0.0135 0.0000
vt 5.8137 0.0674 0.0000
vt 5.8226 0.0578 0.0000
vt 5.8130 0.0578 0.0000
vt 5.8226 0.0516 0.0000
vt 5.8119 0.0516 0.0000
vt 5.8226 0.0420 0.0000
vt 5.8082 0.0420 0.0000
vt 5.8226 0.0310 0.0000
vt 5.8014 0.0310 0.0000
vt 5.8226 0.0219 0.0000
vt 5.7970 0.0219 0.0000
vt 5.7934 0.0124 0.0000
vt 5.8226 0.0033 0.0000
vt 5.7908 0.0033 0.0000
vt 5.8226 -0.0051 0.0000
vt 5.8226 0.0124 0.0000
vt 5.9837 0.7357 0.0000
vt 5.9814 0.7262 0.0000
vt 5.9832 0.7259 0.0000
vt 5.9830 0.7194 0.0000
vt 5.9813 0.7093 0.0000
vt 5.9830 0.7086 0.0000
vt 5.9813 0.7199 0.0000
vt 5.9821 0.6961 0.0000
vt 5.9837 0.6954 0.0000
vt 5.9839 0.6665 0.0000
vt 5.9821 0.6584 0.0000
vt 5.9839 0.6581 0.0000
vt 5.9817 0.6500 0.0000
vt 5.9835 0.6498 0.0000
vt 5.9839 0.6855 0.0000
vt 5.9823 0.6762 0.0000
vt 5.9839 0.6757 0.0000
vt 5.9823 0.6861 0.0000
vt 5.9822 0.6669 0.0000
vt 5.9966 0.7260 0.0000
vt 5.9934 0.7354 0.0000
vt 5.9934 0.7257 0.0000
vt 5.9965 0.7095 0.0000
vt 5.9934 0.7192 0.0000
vt 5.9934 0.7084 0.0000
vt 5.9966 0.7198 0.0000
vt 5.9963 0.6963 0.0000
vt 5.9933 0.6951 0.0000
vt 5.9965 0.6582 0.0000
vt 5.9935 0.6662 0.0000
vt 5.9933 0.6578 0.0000
vt 5.9966 0.6498 0.0000
vt 5.9933 0.6496 0.0000
vt 5.9966 0.6762 0.0000
vt 5.9935 0.6853 0.0000
vt 5.9935 0.6754 0.0000
vt 5.9965 0.6862 0.0000
vt 5.9966 0.6667 0.0000
vt 5.9851 0.6497 0.0000
vt 5.9854 0.6580 0.0000
vt 5.9849 0.7257 0.0000
vt 5.9853 0.7356 0.0000
vt 5.9847 0.7192 0.0000
vt 5.9853 0.6950 0.0000
vt 5.9847 0.7083 0.0000
vt 5.9855 0.6852 0.0000
vt 5.9855 0.6663 0.0000
vt 5.9855 0.6754 0.0000
vt 6.7889 -0.0051 0.0000
vt 6.8226 -0.0135 0.0000
vt 6.8226 -0.0051 0.0000
vt 6.8137 0.0674 0.0000
vt 6.8226 0.0578 0.0000
vt 6.8226 0.0674 0.0000
vt 6.8226 0.0516 0.0000
vt 6.8130 0.0578 0.0000
vt 6.8119 0.0516 0.0000
vt 6.8226 0.0420 0.0000
vt 6.8226 0.0310 0.0000
vt 6.8082 0.0420 0.0000
vt 6.8014 0.0310 0.0000
vt 6.8226 0.0219 0.0000
vt 6.7934 0.0124 0.0000
vt 6.8226 0.0033 0.0000
vt 6.8226 0.0124 0.0000
vt 6.7908 0.0033 0.0000
vt 6.7970 0.0219 0.0000
vt 0.5550 0.8728 0.0000
vt 0.5622 0.8726 0.0000
vt 0.9558 0.5002 0.0000
vt 4.9819 0.7359 0.0000
vt 4.9933 0.6496 0.0000
vt 5.8226 0.0674 0.0000
vt 5.9819 0.7359 0.0000
vt 5.9966 0.7356 0.0000
vt 6.7883 -0.0135 0.0000
vt 0.8205 0.6276 0.0000
vt 0.8153 0.7451 0.0000
vt 0.8150 0.6292 0.0000
vt 0.8319 0.6376 0.0000
vt 0.8261 0.7451 0.0000
vt 0.8258 0.6305 0.0000
vt 0.8209 0.7451 0.0000
vt 0.8092 0.6374 0.0000
vt 0.8092 0.7451 0.0000
vt 0.5714 0.7156 0.0000
vt 0.5767 0.6071 0.0000
vt 0.5711 0.6080 0.0000
vt 0.5908 0.6098 0.0000
vt 0.5840 0.7156 0.0000
vt 0.5908 0.7156 0.0000
vt 0.5780 0.7156 0.0000
vt 0.5825 0.6070 0.0000
vt 0.5758 0.5002 0.0000
vt 0.5695 0.5011 0.0000
vt 0.5642 0.6096 0.0000
vt 0.5642 0.5077 0.0000
vt 0.5823 0.5031 0.0000
vt 0.5908 0.5075 0.0000
vt 0.5642 0.7156 0.0000
vt 0.8319 0.7451 0.0000
vt 0.5449 0.9397 0.0000
vt 0.5441 0.9300 0.0000
vt 0.5450 0.9300 0.0000
vt 0.5300 0.9462 0.0000
vt 0.5312 0.9370 0.0000
vt 0.5307 0.9465 0.0000
vt 0.5449 0.9492 0.0000
vt 0.5442 0.9551 0.0000
vt 0.5441 0.9492 0.0000
vt 0.5304 0.9367 0.0000
vt 0.5314 0.9279 0.0000
vt 0.5450 0.9196 0.0000
vt 0.5440 0.9196 0.0000
vt 0.5305 0.9185 0.0000
vt 0.5317 0.9107 0.0000
vt 0.5315 0.9186 0.0000
vt 0.5293 0.9524 0.0000
vt 0.5301 0.9527 0.0000
vt 0.5441 0.9397 0.0000
vt 0.5450 0.9106 0.0000
vt 0.5439 0.9106 0.0000
vt 0.5306 0.9276 0.0000
vt 0.5586 0.9367 0.0000
vt 0.5575 0.9279 0.0000
vt 0.5584 0.9277 0.0000
vt 0.5597 0.9524 0.0000
vt 0.5583 0.9465 0.0000
vt 0.5590 0.9462 0.0000
vt 0.5576 0.9187 0.0000
vt 0.5586 0.9185 0.0000
vt 0.5578 0.9370 0.0000
vt 0.5575 0.9107 0.0000
vt 0.5584 0.9107 0.0000
vt 0.5266 0.9619 0.0000
vt 0.5268 0.9634 0.0000
vt 0.5256 0.9631 0.0000
vt 0.5448 0.9654 0.0000
vt 0.5441 0.9640 0.0000
vt 0.5448 0.9640 0.0000
vt 0.5265 0.9647 0.0000
vt 0.5248 0.9642 0.0000
vt 0.5448 0.9667 0.0000
vt 0.5440 0.9654 0.0000
vt 0.5625 0.9647 0.0000
vt 0.5634 0.9631 0.0000
vt 0.5639 0.9643 0.0000
vt 0.5622 0.9634 0.0000
vt 0.5626 0.9619 0.0000
vt 0.5231 0.9710 0.0000
vt 0.5448 0.9738 0.0000
vt 0.5440 0.9667 0.0000
vt 0.5656 0.9713 0.0000
vt 0.5284 0.9569 0.0000
vt 0.5283 0.9602 0.0000
vt 0.5275 0.9601 0.0000
vt 0.5448 0.9622 0.0000
vt 0.5441 0.9593 0.0000
vt 0.5449 0.9593 0.0000
vt 0.5607 0.9602 0.0000
vt 0.5606 0.9570 0.0000
vt 0.5615 0.9601 0.0000
vt 0.5273 0.9621 0.0000
vt 0.5449 0.9551 0.0000
vt 0.5441 0.9622 0.0000
vt 0.5589 0.9527 0.0000
vt 0.5618 0.9621 0.0000
vt 0.5347 0.8873 0.0000
vt 0.5353 0.8878 0.0000
vt 0.5347 0.8879 0.0000
vt 0.5448 0.8857 0.0000
vt 0.5443 0.8862 0.0000
vt 0.5443 0.8857 0.0000
vt 0.5352 0.8885 0.0000
vt 0.5347 0.8886 0.0000
vt 0.5448 0.8862 0.0000
vt 0.5443 0.8868 0.0000
vt 0.5351 0.8891 0.0000
vt 0.5345 0.8893 0.0000
vt 0.5448 0.8868 0.0000
vt 0.5443 0.8873 0.0000
vt 0.5540 0.8891 0.0000
vt 0.5544 0.8886 0.0000
vt 0.5546 0.8893 0.0000
vt 0.5539 0.8885 0.0000
vt 0.5543 0.8880 0.0000
vt 0.5538 0.8878 0.0000
vt 0.5544 0.8873 0.0000
vt 0.5449 0.8774 0.0000
vt 0.5442 0.8774 0.0000
vt 0.5350 0.8765 0.0000
vt 0.5354 0.8872 0.0000
vt 0.5449 0.8922 0.0000
vt 0.5448 0.8873 0.0000
vt 0.5335 0.8936 0.0000
vt 0.5328 0.8938 0.0000
vt 0.5542 0.8765 0.0000
vt 0.5537 0.8873 0.0000
vt 0.5533 0.8765 0.0000
vt 0.5555 0.8936 0.0000
vt 0.5318 0.9058 0.0000
vt 0.5314 0.9005 0.0000
vt 0.5323 0.9003 0.0000
vt 0.5441 0.8991 0.0000
vt 0.5451 0.9052 0.0000
vt 0.5440 0.9052 0.0000
vt 0.5576 0.9005 0.0000
vt 0.5573 0.9058 0.0000
vt 0.5568 0.9003 0.0000
vt 0.5309 0.9059 0.0000
vt 0.5307 0.9107 0.0000
vt 0.5450 0.8991 0.0000
vt 0.5563 0.8938 0.0000
vt 0.5582 0.9059 0.0000
vt 0.5440 0.9738 0.0000
vt 0.5052 0.9647 0.0000
vt 0.5078 0.9578 0.0000
vt 0.5166 0.9413 0.0000
vt 0.5179 0.9328 0.0000
vt 0.5189 0.9250 0.0000
vt 0.5642 0.9716 0.0000
vt 0.5598 0.9572 0.0000
vt 0.5291 0.9572 0.0000
vt 0.5148 0.9467 0.0000
vt 0.5128 0.9507 0.0000
vt 0.5193 0.9173 0.0000
vt 0.5195 0.9105 0.0000
vt 0.5198 0.9063 0.0000
vt 0.5442 0.8922 0.0000
vt 0.5206 0.8954 0.0000
vt 0.5208 0.8909 0.0000
vt 0.5358 0.8765 0.0000
vt 0.5547 0.9879 0.0000
vt 0.5547 0.9797 0.0000
vt 0.5629 0.9797 0.0000
vt 0.5257 0.8750 0.0000
vt 0.5712 0.9329 0.0000
vt 0.5725 0.9413 0.0000
vt 0.5838 0.9649 0.0000
vt 0.5742 0.9468 0.0000
vt 0.5762 0.9509 0.0000
vt 0.5702 0.9251 0.0000
vt 0.5693 0.9063 0.0000
vt 0.5695 0.9106 0.0000
vt 0.5698 0.9173 0.0000
vt 0.5683 0.8910 0.0000
vt 0.5685 0.8954 0.0000
vt 0.5690 0.9015 0.0000
vt 0.5633 0.8750 0.0000
vt 0.5679 0.8886 0.0000
vt 0.5084 0.9565 0.0000
vt 0.5092 0.9552 0.0000
vt 0.5110 0.9534 0.0000
vt 0.5806 0.9567 0.0000
vt 0.5812 0.9580 0.0000
vt 0.5798 0.9554 0.0000
vt 0.5780 0.9536 0.0000
vt 0.5209 0.8902 0.0000
vt 0.5212 0.8885 0.0000
vt 0.5210 0.8893 0.0000
vt 0.5682 0.8903 0.0000
vt 0.5681 0.8894 0.0000
vt 0.5201 0.9015 0.0000
vt 4.9600 0.8510 0.0000
vt 4.9618 0.8706 0.0000
vt 4.9620 0.8510 0.0000
vt 4.9316 0.8835 0.0000
vt 4.9341 0.8650 0.0000
vt 4.9325 0.8644 0.0000
vt 4.9617 0.8895 0.0000
vt 4.9602 0.9015 0.0000
vt 4.9616 0.9015 0.0000
vt 4.9346 0.8467 0.0000
vt 4.9329 0.8463 0.0000
vt 4.9620 0.8300 0.0000
vt 4.9328 0.8279 0.0000
vt 4.9350 0.8121 0.0000
vt 4.9331 0.8121 0.0000
vt 4.9303 0.8961 0.0000
vt 4.9332 0.8841 0.0000
vt 4.9601 0.8895 0.0000
vt 4.9619 0.8119 0.0000
vt 4.9599 0.8300 0.0000
vt 4.9346 0.8281 0.0000
vt 4.9871 0.8468 0.0000
vt 4.9893 0.8645 0.0000
vt 4.9889 0.8464 0.0000
vt 4.9885 0.8842 0.0000
vt 4.9914 0.8961 0.0000
vt 4.9901 0.8836 0.0000
vt 4.9873 0.8282 0.0000
vt 4.9891 0.8279 0.0000
vt 4.9877 0.8651 0.0000
vt 4.9870 0.8121 0.0000
vt 4.9889 0.8121 0.0000
vt 4.9253 0.9182 0.0000
vt 4.9248 0.9153 0.0000
vt 4.9228 0.9175 0.0000
vt 4.9600 0.9194 0.0000
vt 4.9614 0.9222 0.0000
vt 4.9614 0.9194 0.0000
vt 4.9247 0.9208 0.0000
vt 4.9213 0.9199 0.0000
vt 4.9600 0.9222 0.0000
vt 4.9614 0.9249 0.0000
vt 4.9971 0.9208 0.0000
vt 4.9988 0.9176 0.0000
vt 4.9965 0.9182 0.0000
vt 4.9974 0.9151 0.0000
vt 4.9956 0.9155 0.0000
vt 4.9177 0.9336 0.0000
vt 4.9213 0.9344 0.0000
vt 4.9599 0.9249 0.0000
vt 4.9614 0.9391 0.0000
vt 5.0033 0.9340 0.0000
vt 4.9999 0.9201 0.0000
vt 4.9282 0.9119 0.0000
vt 4.9285 0.9052 0.0000
vt 4.9267 0.9115 0.0000
vt 4.9602 0.9100 0.0000
vt 4.9615 0.9158 0.0000
vt 4.9616 0.9100 0.0000
vt 4.9935 0.9118 0.0000
vt 4.9932 0.9052 0.0000
vt 4.9917 0.9057 0.0000
vt 4.9318 0.8966 0.0000
vt 4.9300 0.9056 0.0000
vt 4.9262 0.9156 0.0000
vt 4.9601 0.9158 0.0000
vt 4.9899 0.8966 0.0000
vt 4.9950 0.9115 0.0000
vt 4.9424 0.7662 0.0000
vt 4.9412 0.7650 0.0000
vt 4.9413 0.7664 0.0000
vt 4.9616 0.7620 0.0000
vt 4.9606 0.7629 0.0000
vt 4.9615 0.7630 0.0000
vt 4.9422 0.7675 0.0000
vt 4.9411 0.7678 0.0000
vt 4.9606 0.7640 0.0000
vt 4.9615 0.7640 0.0000
vt 4.9420 0.7687 0.0000
vt 4.9407 0.7691 0.0000
vt 4.9605 0.7652 0.0000
vt 4.9616 0.7652 0.0000
vt 4.9800 0.7687 0.0000
vt 4.9808 0.7678 0.0000
vt 4.9797 0.7675 0.0000
vt 4.9807 0.7664 0.0000
vt 4.9796 0.7662 0.0000
vt 4.9808 0.7651 0.0000
vt 4.9794 0.7650 0.0000
vt 4.9616 0.7451 0.0000
vt 4.9605 0.7620 0.0000
vt 4.9425 0.7650 0.0000
vt 4.9418 0.7434 0.0000
vt 4.9617 0.7749 0.0000
vt 4.9388 0.7778 0.0000
vt 4.9374 0.7783 0.0000
vt 4.9803 0.7434 0.0000
vt 4.9812 0.7691 0.0000
vt 4.9831 0.7779 0.0000
vt 4.9845 0.7783 0.0000
vt 4.9346 0.7916 0.0000
vt 4.9353 0.8023 0.0000
vt 4.9363 0.7912 0.0000
vt 4.9620 0.8010 0.0000
vt 4.9602 0.7889 0.0000
vt 4.9600 0.8010 0.0000
vt 4.9872 0.7916 0.0000
vt 4.9865 0.8022 0.0000
vt 4.9884 0.8025 0.0000
vt 4.9335 0.8025 0.0000
vt 4.9603 0.7749 0.0000
vt 4.9855 0.7912 0.0000
vt 4.9598 0.9391 0.0000
vt 4.8818 0.9207 0.0000
vt 4.9047 0.8737 0.0000
vt 4.9600 0.8706 0.0000
vt 4.9073 0.8567 0.0000
vt 5.0004 0.9347 0.0000
vt 4.9012 0.8847 0.0000
vt 4.8972 0.8927 0.0000
vt 4.9094 0.8410 0.0000
vt 4.9598 0.8119 0.0000
vt 4.9102 0.8254 0.0000
vt 4.9111 0.8033 0.0000
vt 4.9128 0.7814 0.0000
vt 4.9132 0.7724 0.0000
vt 4.9619 0.7889 0.0000
vt 4.9434 0.7434 0.0000
vt 4.9814 0.9676 0.0000
vt 4.9825 0.9688 0.0000
vt 4.9978 0.9688 0.0000
vt 4.9231 0.7404 0.0000
vt 4.9787 0.7434 0.0000
vt 5.0146 0.8568 0.0000
vt 5.0172 0.8738 0.0000
vt 5.0399 0.9212 0.0000
vt 5.0347 0.9073 0.0000
vt 5.0207 0.8849 0.0000
vt 5.0246 0.8930 0.0000
vt 5.0126 0.8411 0.0000
vt 5.0108 0.8034 0.0000
vt 5.0117 0.8255 0.0000
vt 5.0087 0.7725 0.0000
vt 5.0092 0.7814 0.0000
vt 4.9988 0.7404 0.0000
vt 4.8882 0.9044 0.0000
vt 4.8871 0.9070 0.0000
vt 4.8898 0.9018 0.0000
vt 4.8935 0.8982 0.0000
vt 5.0335 0.9047 0.0000
vt 5.0319 0.9021 0.0000
vt 5.0283 0.8985 0.0000
vt 4.9133 0.7710 0.0000
vt 4.9140 0.7676 0.0000
vt 4.9136 0.7692 0.0000
vt 5.0086 0.7711 0.0000
vt 5.0080 0.7677 0.0000
vt 5.0083 0.7693 0.0000
vt 4.9118 0.7937 0.0000
vt 5.0102 0.7937 0.0000
vt 5.9618 0.8706 0.0000
vt 5.9600 0.8510 0.0000
vt 5.9620 0.8510 0.0000
vt 5.9316 0.8835 0.0000
vt 5.9341 0.8650 0.0000
vt 5.9332 0.8841 0.0000
vt 5.9617 0.8895 0.0000
vt 5.9602 0.9015 0.0000
vt 5.9601 0.8895 0.0000
vt 5.9325 0.8644 0.0000
vt 5.9346 0.8467 0.0000
vt 5.9620 0.8300 0.0000
vt 5.9599 0.8300 0.0000
vt 5.9328 0.8279 0.0000
vt 5.9350 0.8121 0.0000
vt 5.9346 0.8281 0.0000
vt 5.9303 0.8961 0.0000
vt 5.9318 0.8966 0.0000
vt 5.9600 0.8706 0.0000
vt 5.9619 0.8119 0.0000
vt 5.9598 0.8119 0.0000
vt 5.9329 0.8463 0.0000
vt 5.9893 0.8645 0.0000
vt 5.9871 0.8468 0.0000
vt 5.9889 0.8464 0.0000
vt 5.9914 0.8961 0.0000
vt 5.9885 0.8842 0.0000
vt 5.9901 0.8836 0.0000
vt 5.9873 0.8282 0.0000
vt 5.9891 0.8279 0.0000
vt 5.9877 0.8651 0.0000
vt 5.9870 0.8121 0.0000
vt 5.9889 0.8121 0.0000
vt 5.9248 0.9153 0.0000
vt 5.9253 0.9182 0.0000
vt 5.9228 0.9175 0.0000
vt 5.9614 0.9222 0.0000
vt 5.9600 0.9194 0.0000
vt 5.9614 0.9194 0.0000
vt 5.9247 0.9208 0.0000
vt 5.9213 0.9199 0.0000
vt 5.9614 0.9249 0.0000
vt 5.9600 0.9222 0.0000
vt 5.9971 0.9208 0.0000
vt 5.9988 0.9176 0.0000
vt 5.9999 0.9201 0.0000
vt 5.9965 0.9182 0.0000
vt 5.9974 0.9151 0.0000
vt 5.9177 0.9336 0.0000
vt 5.9614 0.9391 0.0000
vt 5.9599 0.9249 0.0000
vt 6.0033 0.9340 0.0000
vt 5.9285 0.9052 0.0000
vt 5.9282 0.9119 0.0000
vt 5.9267 0.9115 0.0000
vt 5.9615 0.9158 0.0000
vt 5.9602 0.9100 0.0000
vt 5.9616 0.9100 0.0000
vt 5.9935 0.9118 0.0000
vt 5.9932 0.9052 0.0000
vt 5.9950 0.9115 0.0000
vt 5.9262 0.9156 0.0000
vt 5.9616 0.9015 0.0000
vt 5.9601 0.9158 0.0000
vt 5.9899 0.8966 0.0000
vt 5.9956 0.9155 0.0000
vt 5.9412 0.7650 0.0000
vt 5.9424 0.7662 0.0000
vt 5.9413 0.7664 0.0000
vt 5.9616 0.7620 0.0000
vt 5.9606 0.7629 0.0000
vt 5.9605 0.7620 0.0000
vt 5.9422 0.7675 0.0000
vt 5.9411 0.7678 0.0000
vt 5.9615 0.7630 0.0000
vt 5.9606 0.7640 0.0000
vt 5.9420 0.7687 0.0000
vt 5.9407 0.7691 0.0000
vt 5.9615 0.7640 0.0000
vt 5.9605 0.7652 0.0000
vt 5.9800 0.7687 0.0000
vt 5.9808 0.7678 0.0000
vt 5.9812 0.7691 0.0000
vt 5.9797 0.7675 0.0000
vt 5.9807 0.7664 0.0000
vt 5.9796 0.7662 0.0000
vt 5.9808 0.7651 0.0000
vt 5.9616 0.7451 0.0000
vt 5.9602 0.7452 0.0000
vt 5.9418 0.7434 0.0000
vt 5.9425 0.7650 0.0000
vt 5.9617 0.7749 0.0000
vt 5.9616 0.7652 0.0000
vt 5.9388 0.7778 0.0000
vt 5.9374 0.7783 0.0000
vt 5.9803 0.7434 0.0000
vt 5.9794 0.7650 0.0000
vt 5.9787 0.7434 0.0000
vt 5.9831 0.7779 0.0000
vt 5.9353 0.8023 0.0000
vt 5.9346 0.7916 0.0000
vt 5.9363 0.7912 0.0000
vt 5.9602 0.7889 0.0000
vt 5.9620 0.8010 0.0000
vt 5.9600 0.8010 0.0000
vt 5.9872 0.7916 0.0000
vt 5.9865 0.8022 0.0000
vt 5.9855 0.7912 0.0000
vt 5.9335 0.8025 0.0000
vt 5.9331 0.8121 0.0000
vt 5.9619 0.7889 0.0000
vt 5.9845 0.7783 0.0000
vt 5.9884 0.8025 0.0000
vt 5.9598 0.9391 0.0000
vt 5.8818 0.9207 0.0000
vt 5.8871 0.9070 0.0000
vt 5.9047 0.8737 0.0000
vt 5.9073 0.8567 0.0000
vt 5.9094 0.8410 0.0000
vt 6.0004 0.9347 0.0000
vt 5.9917 0.9057 0.0000
vt 5.9300 0.9056 0.0000
vt 5.9012 0.8847 0.0000
vt 5.8972 0.8927 0.0000
vt 5.9102 0.8254 0.0000
vt 5.9106 0.8119 0.0000
vt 5.9111 0.8033 0.0000
vt 5.9603 0.7749 0.0000
vt 5.9128 0.7814 0.0000
vt 5.9132 0.7724 0.0000
vt 5.9434 0.7434 0.0000
vt 5.9814 0.9676 0.0000
vt 5.9814 0.9510 0.0000
vt 5.9978 0.9510 0.0000
vt 5.9231 0.7404 0.0000
vt 6.0146 0.8568 0.0000
vt 6.0172 0.8738 0.0000
vt 6.0399 0.9212 0.0000
vt 6.0207 0.8849 0.0000
vt 6.0246 0.8930 0.0000
vt 6.0126 0.8411 0.0000
vt 6.0108 0.8034 0.0000
vt 6.0112 0.8119 0.0000
vt 6.0117 0.8255 0.0000
vt 6.0087 0.7725 0.0000
vt 6.0092 0.7814 0.0000
vt 6.0102 0.7937 0.0000
vt 5.9988 0.7404 0.0000
vt 6.0080 0.7677 0.0000
vt 5.8882 0.9044 0.0000
vt 5.8898 0.9018 0.0000
vt 5.8935 0.8982 0.0000
vt 6.0335 0.9047 0.0000
vt 6.0347 0.9073 0.0000
vt 6.0319 0.9021 0.0000
vt 6.0283 0.8985 0.0000
vt 5.9133 0.7710 0.0000
vt 5.9140 0.7676 0.0000
vt 5.9136 0.7692 0.0000
vt 6.0086 0.7711 0.0000
vt 6.0083 0.7693 0.0000
vt 5.9118 0.7937 0.0000
vt 0.5248 0.9715 0.0000
vt 0.5634 0.9803 0.0000
vt 0.5634 0.9880 0.0000
vt 0.5629 0.9885 0.0000
vt 0.5553 0.9885 0.0000
vt 4.9602 0.7452 0.0000
vt 4.9106 0.8119 0.0000
vt 4.9990 0.9676 0.0000
vt 4.9990 0.9521 0.0000
vt 4.9978 0.9510 0.0000
vt 4.9814 0.9510 0.0000
vt 5.0112 0.8119 0.0000
vt 5.9213 0.9344 0.0000
vt 5.9990 0.9521 0.0000
vt 5.9990 0.9676 0.0000
vt 5.9978 0.9688 0.0000
vt 5.9825 0.9688 0.0000
vt 0.9739 0.8430 0.0000
vt 0.9680 0.8410 0.0000
vt 0.9740 0.8410 0.0000
vt 0.9680 0.8390 0.0000
vt 0.9740 0.8390 0.0000
vt 0.9680 0.8370 0.0000
vt 0.9740 0.8370 0.0000
vt 0.9739 0.8350 0.0000
vt 0.9680 0.8350 0.0000
vt 0.8542 0.9498 0.0000
vt 0.8601 0.9518 0.0000
vt 0.8540 0.9518 0.0000
vt 0.8601 0.9537 0.0000
vt 0.8540 0.9537 0.0000
vt 0.8601 0.9557 0.0000
vt 0.8540 0.9557 0.0000
vt 0.8542 0.9577 0.0000
vt 0.8601 0.9577 0.0000
vt 0.7296 0.9691 0.0000
vt 0.7237 0.9672 0.0000
vt 0.7298 0.9672 0.0000
vt 0.7237 0.9652 0.0000
vt 0.7298 0.9652 0.0000
vt 0.7237 0.9632 0.0000
vt 0.7298 0.9632 0.0000
vt 0.7296 0.9612 0.0000
vt 0.7237 0.9612 0.0000
vt 0.9658 0.8624 0.0000
vt 0.9599 0.8604 0.0000
vt 0.9660 0.8604 0.0000
vt 0.9599 0.8584 0.0000
vt 0.9660 0.8584 0.0000
vt 0.9599 0.8564 0.0000
vt 0.9660 0.8564 0.0000
vt 0.9658 0.8545 0.0000
vt 0.9599 0.8545 0.0000
vt 0.9180 0.6117 0.0000
vt 0.9239 0.6136 0.0000
vt 0.9178 0.6136 0.0000
vt 0.9239 0.6156 0.0000
vt 0.9178 0.6156 0.0000
vt 0.9239 0.6176 0.0000
vt 0.9178 0.6176 0.0000
vt 0.9180 0.6196 0.0000
vt 0.9239 0.6196 0.0000
vt 0.7319 0.9612 0.0000
vt 0.7378 0.9632 0.0000
vt 0.7318 0.9632 0.0000
vt 0.7378 0.9652 0.0000
vt 0.7318 0.9652 0.0000
vt 0.7378 0.9672 0.0000
vt 0.7318 0.9672 0.0000
vt 0.7319 0.9691 0.0000
vt 0.7378 0.9691 0.0000
vt 0.9934 0.8192 0.0000
vt 0.9873 0.8172 0.0000
vt 0.9934 0.8172 0.0000
vt 0.9932 0.8152 0.0000
vt 0.9873 0.8152 0.0000
vt 0.9934 0.8211 0.0000
vt 0.9873 0.8192 0.0000
vt 0.9932 0.8231 0.0000
vt 0.9873 0.8211 0.0000
vt 0.9680 0.8442 0.0000
vt 0.9727 0.8457 0.0000
vt 0.9680 0.8457 0.0000
vt 0.5320 0.8239 0.0000
vt 0.5417 0.8292 0.0000
vt 0.5316 0.8259 0.0000
vt 0.5418 0.8187 0.0000
vt 0.5417 0.8240 0.0000
vt 0.5418 0.8158 0.0000
vt 0.5317 0.8219 0.0000
vt 0.5419 0.8054 0.0000
vt 0.5322 0.8105 0.0000
vt 0.5420 0.7921 0.0000
vt 0.5419 0.8025 0.0000
vt 0.5323 0.7972 0.0000
vt 0.5421 0.7892 0.0000
vt 0.5319 0.7952 0.0000
vt 0.5422 0.7787 0.0000
vt 0.5324 0.7839 0.0000
vt 0.5422 0.7759 0.0000
vt 0.5321 0.7819 0.0000
vt 0.5423 0.7654 0.0000
vt 0.5326 0.7705 0.0000
vt 0.5423 0.7625 0.0000
vt 0.5322 0.7685 0.0000
vt 0.5318 0.8125 0.0000
vt 0.5319 0.7992 0.0000
vt 0.5320 0.7859 0.0000
vt 0.5321 0.7725 0.0000
vt 0.5324 0.7459 0.0000
vt 0.5328 0.7439 0.0000
vt 0.5425 0.7492 0.0000
vt 0.5324 0.7419 0.0000
vt 0.5426 0.7387 0.0000
vt 0.5424 0.7521 0.0000
vt 0.5323 0.7552 0.0000
vt 0.5318 0.8085 0.0000
vt 0.5327 0.7572 0.0000
vt 0.5323 0.7592 0.0000
vt 0.5587 0.7384 0.0000
vt 0.5576 0.7458 0.0000
vt 0.5576 0.7368 0.0000
vt 0.5311 0.7609 0.0000
vt 0.5310 0.7742 0.0000
vt 0.5307 0.8068 0.0000
vt 0.5307 0.8009 0.0000
vt 0.5308 0.7935 0.0000
vt 0.5309 0.7876 0.0000
vt 0.5305 0.8201 0.0000
vt 0.5306 0.8142 0.0000
vt 0.7498 0.8035 0.0000
vt 0.7559 0.8063 0.0000
vt 0.7498 0.8063 0.0000
vt 0.7498 0.8165 0.0000
vt 0.7559 0.8193 0.0000
vt 0.7498 0.8193 0.0000
vt 0.7498 0.8295 0.0000
vt 0.7559 0.8322 0.0000
vt 0.7498 0.8322 0.0000
vt 0.7498 0.8424 0.0000
vt 0.7559 0.8452 0.0000
vt 0.7498 0.8452 0.0000
vt 0.7498 0.8553 0.0000
vt 0.7559 0.8581 0.0000
vt 0.7498 0.8581 0.0000
vt 0.7498 0.8683 0.0000
vt 0.7559 0.8711 0.0000
vt 0.7498 0.8711 0.0000
vt 0.7559 0.8165 0.0000
vt 0.7559 0.8295 0.0000
vt 0.7559 0.8424 0.0000
vt 0.7559 0.8553 0.0000
vt 0.7559 0.8683 0.0000
vt 0.7559 0.8813 0.0000
vt 0.7498 0.8813 0.0000
vt 0.5587 0.8161 0.0000
vt 0.5576 0.8279 0.0000
vt 0.5576 0.8145 0.0000
vt 0.5572 0.8125 0.0000
vt 0.5477 0.8176 0.0000
vt 0.5477 0.8075 0.0000
vt 0.5477 0.8125 0.0000
vt 0.5477 0.8047 0.0000
vt 0.5576 0.8106 0.0000
vt 0.5477 0.7945 0.0000
vt 0.5572 0.7996 0.0000
vt 0.5477 0.7816 0.0000
vt 0.5572 0.7866 0.0000
vt 0.5477 0.7917 0.0000
vt 0.5477 0.7788 0.0000
vt 0.5576 0.7847 0.0000
vt 0.5477 0.7686 0.0000
vt 0.5572 0.7737 0.0000
vt 0.5477 0.7658 0.0000
vt 0.5576 0.7717 0.0000
vt 0.5477 0.7557 0.0000
vt 0.5572 0.7607 0.0000
vt 0.5477 0.7529 0.0000
vt 0.5576 0.7588 0.0000
vt 0.5576 0.8015 0.0000
vt 0.5576 0.7886 0.0000
vt 0.5576 0.7756 0.0000
vt 0.5576 0.7627 0.0000
vt 0.5587 0.7312 0.0000
vt 0.5576 0.7211 0.0000
vt 0.5587 0.7213 0.0000
vt 0.5477 0.7399 0.0000
vt 0.5572 0.7348 0.0000
vt 0.5477 0.7298 0.0000
vt 0.5576 0.7329 0.0000
vt 0.5477 0.7427 0.0000
vt 0.5576 0.7976 0.0000
vt 0.5572 0.7478 0.0000
vt 0.5576 0.7497 0.0000
vt 0.5587 0.7514 0.0000
vt 0.5587 0.7643 0.0000
vt 0.5587 0.7960 0.0000
vt 0.5587 0.7830 0.0000
vt 0.5587 0.8089 0.0000
vt 0.5587 0.8032 0.0000
vt 0.5312 0.7476 0.0000
vt 0.5278 0.8155 0.0000
vt 0.5293 0.8194 0.0000
vt 0.5278 0.8188 0.0000
vt 0.5295 0.8016 0.0000
vt 0.5279 0.8055 0.0000
vt 0.5280 0.8021 0.0000
vt 0.5296 0.7882 0.0000
vt 0.5281 0.7922 0.0000
vt 0.5281 0.7888 0.0000
vt 0.5298 0.7749 0.0000
vt 0.5282 0.7788 0.0000
vt 0.5282 0.7755 0.0000
vt 0.5299 0.7616 0.0000
vt 0.5283 0.7655 0.0000
vt 0.5284 0.7622 0.0000
vt 0.5285 0.7488 0.0000
vt 0.5300 0.7528 0.0000
vt 0.5284 0.7522 0.0000
vt 0.9680 0.8339 0.0000
vt 0.9727 0.8323 0.0000
vt 0.9732 0.8339 0.0000
vt 0.8601 0.9486 0.0000
vt 0.8554 0.9471 0.0000
vt 0.8601 0.9471 0.0000
vt 0.8601 0.9589 0.0000
vt 0.8554 0.9604 0.0000
vt 0.8548 0.9589 0.0000
vt 0.7237 0.9703 0.0000
vt 0.7285 0.9718 0.0000
vt 0.7237 0.9718 0.0000
vt 0.7237 0.9600 0.0000
vt 0.7285 0.9585 0.0000
vt 0.7290 0.9600 0.0000
vt 0.9599 0.8636 0.0000
vt 0.9647 0.8651 0.0000
vt 0.9599 0.8651 0.0000
vt 0.9599 0.8532 0.0000
vt 0.9647 0.8517 0.0000
vt 0.9652 0.8532 0.0000
vt 0.9239 0.6105 0.0000
vt 0.9192 0.6090 0.0000
vt 0.9239 0.6090 0.0000
vt 0.9239 0.6208 0.0000
vt 0.9192 0.6223 0.0000
vt 0.9187 0.6208 0.0000
vt 0.7378 0.9600 0.0000
vt 0.7331 0.9585 0.0000
vt 0.7378 0.9585 0.0000
vt 0.7378 0.9703 0.0000
vt 0.7331 0.9718 0.0000
vt 0.7326 0.9703 0.0000
vt 0.9873 0.8140 0.0000
vt 0.9921 0.8125 0.0000
vt 0.9926 0.8140 0.0000
vt 0.9873 0.8243 0.0000
vt 0.9921 0.8258 0.0000
vt 0.9873 0.8258 0.0000
vt 0.5611 0.8044 0.0000
vt 0.5597 0.8083 0.0000
vt 0.5597 0.8038 0.0000
vt 0.5611 0.7915 0.0000
vt 0.5597 0.7953 0.0000
vt 0.5597 0.7909 0.0000
vt 0.5611 0.7785 0.0000
vt 0.5597 0.7824 0.0000
vt 0.5597 0.7779 0.0000
vt 0.5611 0.7656 0.0000
vt 0.5597 0.7694 0.0000
vt 0.5597 0.7650 0.0000
vt 0.5611 0.7526 0.0000
vt 0.5597 0.7565 0.0000
vt 0.5597 0.7520 0.0000
vt 0.5611 0.7397 0.0000
vt 0.5597 0.7435 0.0000
vt 0.5597 0.7391 0.0000
vt 0.5611 0.7300 0.0000
vt 0.5597 0.7220 0.0000
vt 0.5611 0.7225 0.0000
vt 0.9732 0.8442 0.0000
vt 0.9680 0.8430 0.0000
vt 0.5597 0.8271 0.0000
vt 0.5611 0.8174 0.0000
vt 0.5611 0.8266 0.0000
vt 0.5300 0.7482 0.0000
vt 0.8548 0.9486 0.0000
vt 0.8601 0.9498 0.0000
vt 0.5311 0.7668 0.0000
vt 0.7290 0.9703 0.0000
vt 0.7237 0.9691 0.0000
vt 0.5309 0.7802 0.0000
vt 0.9652 0.8636 0.0000
vt 0.9599 0.8624 0.0000
vt 0.9187 0.6105 0.0000
vt 0.9239 0.6117 0.0000
vt 0.5295 0.8061 0.0000
vt 0.7326 0.9600 0.0000
vt 0.7378 0.9612 0.0000
vt 0.5294 0.8149 0.0000
vt 0.9926 0.8243 0.0000
vt 0.9873 0.8231 0.0000
vt 0.5623 0.7399 0.0000
vt 0.5611 0.7429 0.0000
vt 0.5596 0.7306 0.0000
vt 0.5623 0.7298 0.0000
vt 0.5623 0.7227 0.0000
vt 0.5611 0.7559 0.0000
vt 0.5623 0.7529 0.0000
vt 0.5623 0.7557 0.0000
vt 0.5587 0.7571 0.0000
vt 0.5611 0.7688 0.0000
vt 0.5623 0.7658 0.0000
vt 0.5623 0.7686 0.0000
vt 0.5587 0.7701 0.0000
vt 0.5611 0.7818 0.0000
vt 0.5623 0.7788 0.0000
vt 0.5623 0.7816 0.0000
vt 0.5623 0.7945 0.0000
vt 0.5623 0.7917 0.0000
vt 0.5611 0.8077 0.0000
vt 0.5623 0.8047 0.0000
vt 0.5623 0.8075 0.0000
vt 0.5596 0.8168 0.0000
vt 0.5623 0.8176 0.0000
vt 0.5329 0.7311 0.0000
vt 0.5423 0.7301 0.0000
vt 0.5423 0.7305 0.0000
vt 0.5329 0.7307 0.0000
vt 0.5423 0.7297 0.0000
vt 0.5323 0.8372 0.0000
vt 0.5404 0.8397 0.0000
vt 0.5322 0.8375 0.0000
vt 0.5323 0.8369 0.0000
vt 0.5405 0.8394 0.0000
vt 0.5319 0.7309 0.0000
vt 0.5319 0.7312 0.0000
vt 0.5328 0.7304 0.0000
vt 0.5314 0.8370 0.0000
vt 0.5313 0.8373 0.0000
vt 0.5292 0.7318 0.0000
vt 0.5307 0.7317 0.0000
vt 0.5292 0.7322 0.0000
vt 0.5305 0.7310 0.0000
vt 0.5307 0.7313 0.0000
vt 0.5304 0.8364 0.0000
vt 0.5291 0.8363 0.0000
vt 0.5291 0.8360 0.0000
vt 0.5302 0.8370 0.0000
vt 0.5304 0.8367 0.0000
vt 0.5317 0.7306 0.0000
vt 0.5314 0.8368 0.0000
vt 0.7559 0.8894 0.0000
vt 0.7558 0.8897 0.0000
vt 0.7554 0.8898 0.0000
vt 0.5218 0.9896 0.0000
vt 0.5162 0.9797 0.0000
vt 0.5218 0.9797 0.0000
vt 0.5388 0.8451 0.0000
vt 0.5295 0.8417 0.0000
vt 0.7559 0.7836 0.0000
vt 0.7559 0.7934 0.0000
vt 0.7498 0.7934 0.0000
vt 0.5162 0.9907 0.0000
vt 0.5210 0.9919 0.0000
vt 0.5162 0.9919 0.0000
vt 0.5314 0.7402 0.0000
vt 0.5162 0.9896 0.0000
vt 0.5215 0.9907 0.0000
vt 0.5303 0.7395 0.0000
vt 0.5287 0.8412 0.0000
vt 0.5277 0.8405 0.0000
vt 0.5298 0.8281 0.0000
vt 0.5307 0.8274 0.0000
vt 0.5289 0.7389 0.0000
vt 0.5204 0.9934 0.0000
vt 0.5289 0.8366 0.0000
vt 0.5285 0.8287 0.0000
vt 0.5271 0.7490 0.0000
vt 0.5266 0.7519 0.0000
vt 0.5266 0.7491 0.0000
vt 0.5277 0.7520 0.0000
vt 0.5271 0.7520 0.0000
vt 0.5277 0.7490 0.0000
vt 0.5282 0.7521 0.0000
vt 0.5270 0.7624 0.0000
vt 0.5264 0.7653 0.0000
vt 0.5265 0.7624 0.0000
vt 0.5276 0.7623 0.0000
vt 0.5270 0.7653 0.0000
vt 0.5281 0.7622 0.0000
vt 0.5275 0.7654 0.0000
vt 0.5269 0.7757 0.0000
vt 0.5263 0.7786 0.0000
vt 0.5263 0.7757 0.0000
vt 0.5275 0.7756 0.0000
vt 0.5269 0.7786 0.0000
vt 0.5280 0.7788 0.0000
vt 0.5274 0.7787 0.0000
vt 0.5268 0.7890 0.0000
vt 0.5262 0.7919 0.0000
vt 0.5262 0.7890 0.0000
vt 0.5273 0.7920 0.0000
vt 0.5267 0.7919 0.0000
vt 0.5279 0.7889 0.0000
vt 0.5273 0.7890 0.0000
vt 0.5265 0.8157 0.0000
vt 0.5259 0.8186 0.0000
vt 0.5260 0.8157 0.0000
vt 0.5270 0.8187 0.0000
vt 0.5265 0.8186 0.0000
vt 0.5276 0.8155 0.0000
vt 0.5271 0.8156 0.0000
vt 0.5266 0.8023 0.0000
vt 0.5261 0.8052 0.0000
vt 0.5261 0.8024 0.0000
vt 0.5272 0.8023 0.0000
vt 0.5266 0.8053 0.0000
vt 0.5277 0.8022 0.0000
vt 0.5272 0.8054 0.0000
vt 0.5270 0.7315 0.0000
vt 0.5273 0.7324 0.0000
vt 0.5257 0.7311 0.0000
vt 0.5281 0.7316 0.0000
vt 0.5280 0.7322 0.0000
vt 0.5288 0.7316 0.0000
vt 0.5285 0.7321 0.0000
vt 0.5280 0.7325 0.0000
vt 0.5275 0.7328 0.0000
vt 0.5285 0.7323 0.0000
vt 0.5290 0.7322 0.0000
vt 0.5273 0.8362 0.0000
vt 0.5275 0.8369 0.0000
vt 0.5266 0.8378 0.0000
vt 0.5279 0.8362 0.0000
vt 0.5283 0.8365 0.0000
vt 0.5285 0.8362 0.0000
vt 0.5288 0.8365 0.0000
vt 0.5275 0.8358 0.0000
vt 0.5281 0.8359 0.0000
vt 0.5289 0.8360 0.0000
vt 0.5285 0.8359 0.0000
vt 0.5277 0.7386 0.0000
vt 0.5271 0.7385 0.0000
vt 0.5282 0.7387 0.0000
vt 0.5287 0.7388 0.0000
vt 0.5274 0.8290 0.0000
vt 0.5269 0.8291 0.0000
vt 0.5278 0.8289 0.0000
vt 0.5283 0.8287 0.0000
vt 0.5283 0.7489 0.0000
vt 0.6428 0.9833 0.0000
vt 0.6456 0.9797 0.0000
vt 0.6456 0.9833 0.0000
vt 0.9715 0.8469 0.0000
vt 0.9680 0.8469 0.0000
vt 0.5839 0.9868 0.0000
vt 0.5819 0.9857 0.0000
vt 0.5854 0.9797 0.0000
vt 0.9680 0.8323 0.0000
vt 0.9680 0.8311 0.0000
vt 0.9715 0.8311 0.0000
vt 0.6570 0.9833 0.0000
vt 0.6598 0.9797 0.0000
vt 0.6598 0.9833 0.0000
vt 0.8565 0.9458 0.0000
vt 0.8601 0.9458 0.0000
vt 0.8601 0.9604 0.0000
vt 0.8601 0.9616 0.0000
vt 0.8565 0.9616 0.0000
vt 0.5280 0.7755 0.0000
vt 0.7043 0.9833 0.0000
vt 0.7071 0.9797 0.0000
vt 0.7071 0.9833 0.0000
vt 0.7273 0.9731 0.0000
vt 0.7237 0.9731 0.0000
vt 0.7237 0.9585 0.0000
vt 0.7237 0.9573 0.0000
vt 0.7273 0.9573 0.0000
vt 0.7090 0.9833 0.0000
vt 0.7118 0.9797 0.0000
vt 0.7118 0.9833 0.0000
vt 0.9635 0.8663 0.0000
vt 0.9599 0.8663 0.0000
vt 0.9599 0.8517 0.0000
vt 0.9599 0.8505 0.0000
vt 0.9635 0.8505 0.0000
vt 0.7137 0.9833 0.0000
vt 0.7165 0.9797 0.0000
vt 0.7165 0.9833 0.0000
vt 0.9204 0.6077 0.0000
vt 0.9239 0.6077 0.0000
vt 0.9239 0.6223 0.0000
vt 0.9239 0.6235 0.0000
vt 0.9204 0.6235 0.0000
vt 0.5276 0.8188 0.0000
vt 0.6617 0.9833 0.0000
vt 0.6645 0.9797 0.0000
vt 0.6645 0.9833 0.0000
vt 0.7343 0.9573 0.0000
vt 0.7378 0.9573 0.0000
vt 0.7378 0.9718 0.0000
vt 0.7378 0.9731 0.0000
vt 0.7343 0.9731 0.0000
vt 0.9873 0.8125 0.0000
vt 0.9873 0.8113 0.0000
vt 0.9909 0.8113 0.0000
vt 0.5743 0.9875 0.0000
vt 0.5740 0.9878 0.0000
vt 0.5723 0.9885 0.0000
vt 0.9909 0.8271 0.0000
vt 0.9873 0.8271 0.0000
vt 0.5290 0.7319 0.0000
vt 0.5200 0.9941 0.0000
vt 0.5190 0.9944 0.0000
vt 0.5290 0.7315 0.0000
vt 0.5289 0.8363 0.0000
vt 0.7559 0.7985 0.0000
vt 0.7498 0.7985 0.0000
vt 0.7559 0.8035 0.0000
vt 5.8127 0.6719 0.0000
vt 5.8245 0.6759 0.0000
vt 5.8249 0.6719 0.0000
vt 5.8127 0.6680 0.0000
vt 5.8249 0.6680 0.0000
vt 5.8127 0.6640 0.0000
vt 5.8249 0.6640 0.0000
vt 5.8245 0.6600 0.0000
vt 5.5957 0.8948 0.0000
vt 5.5838 0.8908 0.0000
vt 5.5835 0.8948 0.0000
vt 5.5957 0.8988 0.0000
vt 5.5835 0.8988 0.0000
vt 5.5957 0.9027 0.0000
vt 5.5835 0.9027 0.0000
vt 5.5838 0.9067 0.0000
vt 5.3214 0.9257 0.0000
vt 5.3333 0.9297 0.0000
vt 5.3336 0.9257 0.0000
vt 5.3214 0.9218 0.0000
vt 5.3336 0.9218 0.0000
vt 5.3214 0.9178 0.0000
vt 5.3336 0.9178 0.0000
vt 5.3333 0.9138 0.0000
vt 5.7965 0.7110 0.0000
vt 5.8084 0.7150 0.0000
vt 5.8088 0.7110 0.0000
vt 5.7965 0.7070 0.0000
vt 5.8088 0.7070 0.0000
vt 5.7965 0.7030 0.0000
vt 5.8088 0.7030 0.0000
vt 5.8084 0.6990 0.0000
vt 5.7241 0.2147 0.0000
vt 5.7122 0.2107 0.0000
vt 5.7118 0.2147 0.0000
vt 5.7241 0.2186 0.0000
vt 5.7118 0.2186 0.0000
vt 5.7241 0.2226 0.0000
vt 5.7118 0.2226 0.0000
vt 5.7122 0.2266 0.0000
vt 5.3498 0.9178 0.0000
vt 5.3379 0.9138 0.0000
vt 5.3376 0.9178 0.0000
vt 5.3498 0.9218 0.0000
vt 5.3376 0.9218 0.0000
vt 5.3498 0.9257 0.0000
vt 5.3376 0.9257 0.0000
vt 5.3379 0.9297 0.0000
vt 5.8517 0.6241 0.0000
vt 5.8639 0.6281 0.0000
vt 5.8639 0.6241 0.0000
vt 5.8635 0.6201 0.0000
vt 5.8517 0.6281 0.0000
vt 5.8639 0.6321 0.0000
vt 5.8517 0.6321 0.0000
vt 5.8635 0.6360 0.0000
vt 5.8222 0.6814 0.0000
vt 5.8127 0.6784 0.0000
vt 5.8127 0.6814 0.0000
vt 4.9358 0.6375 0.0000
vt 4.9350 0.6415 0.0000
vt 4.9552 0.6482 0.0000
vt 4.9554 0.6272 0.0000
vt 4.9553 0.6377 0.0000
vt 4.9555 0.6214 0.0000
vt 4.9351 0.6335 0.0000
vt 4.9557 0.6004 0.0000
vt 4.9361 0.6107 0.0000
vt 4.9559 0.5736 0.0000
vt 4.9363 0.5839 0.0000
vt 4.9557 0.5946 0.0000
vt 4.9560 0.5678 0.0000
vt 4.9356 0.5799 0.0000
vt 4.9562 0.5468 0.0000
vt 4.9366 0.5571 0.0000
vt 4.9563 0.5410 0.0000
vt 4.9358 0.5530 0.0000
vt 4.9565 0.5199 0.0000
vt 4.9369 0.5303 0.0000
vt 4.9565 0.5141 0.0000
vt 4.9361 0.5262 0.0000
vt 4.9353 0.6147 0.0000
vt 4.9355 0.5879 0.0000
vt 4.9358 0.5611 0.0000
vt 4.9360 0.5343 0.0000
vt 4.9365 0.4806 0.0000
vt 4.9568 0.4873 0.0000
vt 4.9374 0.4766 0.0000
vt 4.9570 0.4663 0.0000
vt 4.9366 0.4726 0.0000
vt 4.9567 0.4931 0.0000
vt 4.9364 0.4994 0.0000
vt 4.9353 0.6067 0.0000
vt 4.9371 0.5034 0.0000
vt 4.9363 0.5075 0.0000
vt 4.9872 0.4806 0.0000
vt 4.9894 0.4657 0.0000
vt 4.9872 0.4623 0.0000
vt 4.9339 0.5109 0.0000
vt 4.9337 0.5377 0.0000
vt 4.9331 0.6032 0.0000
vt 4.9332 0.5913 0.0000
vt 4.9333 0.5764 0.0000
vt 4.9334 0.5645 0.0000
vt 4.9328 0.6300 0.0000
vt 5.3862 0.6023 0.0000
vt 5.3739 0.5966 0.0000
vt 5.3739 0.6023 0.0000
vt 5.3862 0.6283 0.0000
vt 5.3739 0.6227 0.0000
vt 5.3739 0.6283 0.0000
vt 5.3862 0.6544 0.0000
vt 5.3739 0.6488 0.0000
vt 5.3739 0.6544 0.0000
vt 5.3862 0.6804 0.0000
vt 5.3739 0.6748 0.0000
vt 5.3739 0.6804 0.0000
vt 5.3862 0.7065 0.0000
vt 5.3739 0.7008 0.0000
vt 5.3739 0.7065 0.0000
vt 5.3862 0.7325 0.0000
vt 5.3739 0.7269 0.0000
vt 5.3739 0.7325 0.0000
vt 5.3862 0.6227 0.0000
vt 5.3862 0.6488 0.0000
vt 5.3862 0.6748 0.0000
vt 5.3862 0.7008 0.0000
vt 5.3862 0.7269 0.0000
vt 5.3862 0.7530 0.0000
vt 5.3739 0.7530 0.0000
vt 4.9894 0.6220 0.0000
vt 4.9873 0.6456 0.0000
vt 4.9894 0.6453 0.0000
vt 4.9864 0.6147 0.0000
vt 4.9673 0.6249 0.0000
vt 4.9872 0.6186 0.0000
vt 4.9673 0.6045 0.0000
vt 4.9673 0.6147 0.0000
vt 4.9673 0.5989 0.0000
vt 4.9872 0.6108 0.0000
vt 4.9673 0.5785 0.0000
vt 4.9864 0.5887 0.0000
vt 4.9673 0.5524 0.0000
vt 4.9673 0.5728 0.0000
vt 4.9864 0.5626 0.0000
vt 4.9673 0.5468 0.0000
vt 4.9872 0.5587 0.0000
vt 4.9673 0.5264 0.0000
vt 4.9864 0.5366 0.0000
vt 4.9673 0.5208 0.0000
vt 4.9872 0.5327 0.0000
vt 4.9673 0.5003 0.0000
vt 4.9864 0.5105 0.0000
vt 4.9673 0.4947 0.0000
vt 4.9872 0.5066 0.0000
vt 4.9872 0.5926 0.0000
vt 4.9872 0.5665 0.0000
vt 4.9872 0.5405 0.0000
vt 4.9872 0.5144 0.0000
vt 4.9894 0.4512 0.0000
vt 4.9872 0.4309 0.0000
vt 4.9872 0.4545 0.0000
vt 4.9864 0.4584 0.0000
vt 4.9673 0.4687 0.0000
vt 4.9673 0.4482 0.0000
vt 4.9673 0.4743 0.0000
vt 4.9872 0.5848 0.0000
vt 4.9864 0.4845 0.0000
vt 4.9872 0.4884 0.0000
vt 4.9894 0.4917 0.0000
vt 4.9894 0.5178 0.0000
vt 4.9894 0.5815 0.0000
vt 4.9894 0.5554 0.0000
vt 4.9894 0.6075 0.0000
vt 4.9673 0.6456 0.0000
vt 4.9342 0.4840 0.0000
vt 4.9274 0.6206 0.0000
vt 4.9303 0.6286 0.0000
vt 4.9304 0.6195 0.0000
vt 4.9276 0.6006 0.0000
vt 4.9307 0.5927 0.0000
vt 4.9276 0.5938 0.0000
vt 4.9278 0.5738 0.0000
vt 4.9309 0.5658 0.0000
vt 4.9279 0.5670 0.0000
vt 4.9281 0.5470 0.0000
vt 4.9312 0.5390 0.0000
vt 4.9281 0.5402 0.0000
vt 4.9283 0.5201 0.0000
vt 4.9315 0.5122 0.0000
vt 4.9284 0.5134 0.0000
vt 4.9287 0.4866 0.0000
vt 4.9316 0.4946 0.0000
vt 4.9317 0.4854 0.0000
vt 5.8127 0.6576 0.0000
vt 5.8222 0.6545 0.0000
vt 5.8127 0.6545 0.0000
vt 5.5862 0.8853 0.0000
vt 5.5957 0.8884 0.0000
vt 5.5957 0.8853 0.0000
vt 5.5957 0.9092 0.0000
vt 5.5862 0.9122 0.0000
vt 5.5957 0.9122 0.0000
vt 5.3309 0.9352 0.0000
vt 5.3214 0.9322 0.0000
vt 5.3214 0.9352 0.0000
vt 5.3214 0.9114 0.0000
vt 5.3309 0.9083 0.0000
vt 5.3214 0.9083 0.0000
vt 5.8060 0.7204 0.0000
vt 5.7965 0.7174 0.0000
vt 5.7965 0.7204 0.0000
vt 5.7965 0.6966 0.0000
vt 5.8060 0.6936 0.0000
vt 5.7965 0.6936 0.0000
vt 5.7146 0.2052 0.0000
vt 5.7241 0.2082 0.0000
vt 5.7241 0.2052 0.0000
vt 5.7241 0.2290 0.0000
vt 5.7146 0.2321 0.0000
vt 5.7241 0.2321 0.0000
vt 5.3403 0.9083 0.0000
vt 5.3498 0.9114 0.0000
vt 5.3498 0.9083 0.0000
vt 5.3498 0.9322 0.0000
vt 5.3403 0.9352 0.0000
vt 5.3498 0.9352 0.0000
vt 5.8517 0.6177 0.0000
vt 5.8612 0.6146 0.0000
vt 5.8517 0.6146 0.0000
vt 5.8612 0.6415 0.0000
vt 5.8517 0.6384 0.0000
vt 5.8517 0.6415 0.0000
vt 4.9914 0.6062 0.0000
vt 4.9942 0.5984 0.0000
vt 4.9914 0.5973 0.0000
vt 4.9914 0.5801 0.0000
vt 4.9942 0.5724 0.0000
vt 4.9914 0.5712 0.0000
vt 4.9914 0.5541 0.0000
vt 4.9942 0.5463 0.0000
vt 4.9914 0.5452 0.0000
vt 4.9914 0.5280 0.0000
vt 4.9942 0.5203 0.0000
vt 4.9914 0.5191 0.0000
vt 4.9914 0.5020 0.0000
vt 4.9942 0.4942 0.0000
vt 4.9914 0.4931 0.0000
vt 4.9914 0.4759 0.0000
vt 4.9942 0.4682 0.0000
vt 4.9914 0.4670 0.0000
vt 4.9942 0.4487 0.0000
vt 4.9914 0.4325 0.0000
vt 4.9913 0.4499 0.0000
vt 5.8127 0.6759 0.0000
vt 5.8232 0.6784 0.0000
vt 4.9942 0.6245 0.0000
vt 4.9914 0.6440 0.0000
vt 4.9942 0.6429 0.0000
vt 4.9341 0.4960 0.0000
vt 5.8233 0.6576 0.0000
vt 5.8127 0.6600 0.0000
vt 5.5957 0.8908 0.0000
vt 5.5851 0.8884 0.0000
vt 4.9338 0.5228 0.0000
vt 5.5851 0.9092 0.0000
vt 5.5957 0.9067 0.0000
vt 5.3214 0.9297 0.0000
vt 5.3320 0.9322 0.0000
vt 4.9336 0.5496 0.0000
vt 5.3320 0.9114 0.0000
vt 5.3214 0.9138 0.0000
vt 5.7965 0.7150 0.0000
vt 5.8071 0.7174 0.0000
vt 5.8071 0.6966 0.0000
vt 5.7965 0.6990 0.0000
vt 5.7241 0.2107 0.0000
vt 5.7135 0.2082 0.0000
vt 4.9306 0.6018 0.0000
vt 5.7135 0.2291 0.0000
vt 5.7241 0.2266 0.0000
vt 5.3498 0.9138 0.0000
vt 5.3392 0.9114 0.0000
vt 4.9329 0.6181 0.0000
vt 5.3392 0.9322 0.0000
vt 5.3498 0.9297 0.0000
vt 5.8622 0.6177 0.0000
vt 5.8517 0.6201 0.0000
vt 5.8517 0.6360 0.0000
vt 5.8623 0.6384 0.0000
vt 4.9894 0.4773 0.0000
vt 4.9942 0.4747 0.0000
vt 4.9966 0.4687 0.0000
vt 4.9942 0.4336 0.0000
vt 4.9966 0.4482 0.0000
vt 4.9966 0.4340 0.0000
vt 4.9966 0.4947 0.0000
vt 4.9942 0.5008 0.0000
vt 4.9966 0.5003 0.0000
vt 4.9894 0.5033 0.0000
vt 4.9966 0.5207 0.0000
vt 4.9942 0.5268 0.0000
vt 4.9966 0.5264 0.0000
vt 4.9894 0.5294 0.0000
vt 4.9966 0.5468 0.0000
vt 4.9942 0.5529 0.0000
vt 4.9966 0.5524 0.0000
vt 4.9966 0.5785 0.0000
vt 4.9942 0.5789 0.0000
vt 4.9894 0.5699 0.0000
vt 4.9966 0.5989 0.0000
vt 4.9942 0.6050 0.0000
vt 4.9966 0.6045 0.0000
vt 4.9966 0.6249 0.0000
vt 4.9376 0.4509 0.0000
vt 4.9565 0.4489 0.0000
vt 4.9375 0.4502 0.0000
vt 4.9564 0.4482 0.0000
vt 4.9374 0.4494 0.0000
vt 4.9527 0.6693 0.0000
vt 4.9363 0.6644 0.0000
vt 4.9361 0.6650 0.0000
vt 4.9528 0.6687 0.0000
vt 4.9364 0.6637 0.0000
vt 4.9355 0.4505 0.0000
vt 4.9355 0.4512 0.0000
vt 4.9352 0.4498 0.0000
vt 4.9346 0.6640 0.0000
vt 4.9343 0.6646 0.0000
vt 4.9346 0.6635 0.0000
vt 4.9332 0.4521 0.0000
vt 4.9300 0.4523 0.0000
vt 4.9302 0.4531 0.0000
vt 4.9327 0.4507 0.0000
vt 4.9297 0.4516 0.0000
vt 4.9325 0.6628 0.0000
vt 4.9299 0.6626 0.0000
vt 4.9325 0.6634 0.0000
vt 4.9322 0.6640 0.0000
vt 4.9331 0.4513 0.0000
vt 4.9565 0.4496 0.0000
vt 5.3862 0.7693 0.0000
vt 4.9039 0.9510 0.0000
vt 4.9152 0.9708 0.0000
vt 4.9152 0.9510 0.0000
vt 4.9494 0.6801 0.0000
vt 4.9307 0.6735 0.0000
vt 4.9530 0.6680 0.0000
vt 5.3862 0.5565 0.0000
vt 5.3859 0.5558 0.0000
vt 5.3852 0.5555 0.0000
vt 4.9039 0.9731 0.0000
vt 4.9135 0.9755 0.0000
vt 4.9147 0.9731 0.0000
vt 4.9346 0.4692 0.0000
vt 4.9039 0.9708 0.0000
vt 4.9323 0.4678 0.0000
vt 4.9290 0.6723 0.0000
vt 4.9271 0.6710 0.0000
vt 4.9312 0.6459 0.0000
vt 4.9332 0.6446 0.0000
vt 4.9295 0.4665 0.0000
vt 4.9039 0.9755 0.0000
vt 4.9125 0.9785 0.0000
vt 4.9295 0.6632 0.0000
vt 4.9249 0.6692 0.0000
vt 4.9286 0.6472 0.0000
vt 4.9248 0.4928 0.0000
vt 4.9260 0.4870 0.0000
vt 4.9249 0.4870 0.0000
vt 4.9270 0.4930 0.0000
vt 4.9271 0.4868 0.0000
vt 4.9281 0.4932 0.0000
vt 4.9282 0.4867 0.0000
vt 4.9246 0.5196 0.0000
vt 4.9257 0.5138 0.0000
vt 4.9246 0.5138 0.0000
vt 4.9256 0.5197 0.0000
vt 4.9268 0.5137 0.0000
vt 4.9268 0.5198 0.0000
vt 4.9279 0.5135 0.0000
vt 4.9243 0.5464 0.0000
vt 4.9254 0.5406 0.0000
vt 4.9244 0.5407 0.0000
vt 4.9254 0.5465 0.0000
vt 4.9266 0.5405 0.0000
vt 4.9276 0.5469 0.0000
vt 4.9277 0.5403 0.0000
vt 4.9240 0.5732 0.0000
vt 4.9252 0.5674 0.0000
vt 4.9241 0.5675 0.0000
vt 4.9263 0.5735 0.0000
vt 4.9263 0.5673 0.0000
vt 4.9274 0.5671 0.0000
vt 4.9235 0.6269 0.0000
vt 4.9247 0.6210 0.0000
vt 4.9236 0.6211 0.0000
vt 4.9258 0.6271 0.0000
vt 4.9258 0.6209 0.0000
vt 4.9269 0.6207 0.0000
vt 4.9238 0.6001 0.0000
vt 4.9249 0.5942 0.0000
vt 4.9238 0.5943 0.0000
vt 4.9249 0.6001 0.0000
vt 4.9261 0.5941 0.0000
vt 4.9260 0.6003 0.0000
vt 4.9272 0.5939 0.0000
vt 4.9263 0.4536 0.0000
vt 4.9257 0.4516 0.0000
vt 4.9230 0.4510 0.0000
vt 4.9276 0.4532 0.0000
vt 4.9279 0.4519 0.0000
vt 4.9287 0.4528 0.0000
vt 4.9292 0.4518 0.0000
vt 4.9277 0.4537 0.0000
vt 4.9288 0.4534 0.0000
vt 4.9297 0.4532 0.0000
vt 4.9296 0.4525 0.0000
vt 4.9263 0.6623 0.0000
vt 4.9267 0.6638 0.0000
vt 4.9276 0.6623 0.0000
vt 4.9282 0.6630 0.0000
vt 4.9287 0.6623 0.0000
vt 4.9292 0.6630 0.0000
vt 4.9295 0.6625 0.0000
vt 4.9267 0.6615 0.0000
vt 4.9279 0.6618 0.0000
vt 4.9288 0.6618 0.0000
vt 4.9296 0.6619 0.0000
vt 4.9266 0.4543 0.0000
vt 4.9270 0.4660 0.0000
vt 4.9280 0.4662 0.0000
vt 4.9291 0.4664 0.0000
vt 4.9264 0.6478 0.0000
vt 4.9255 0.6480 0.0000
vt 4.9274 0.6476 0.0000
vt 4.9283 0.6473 0.0000
vt 4.9286 0.4933 0.0000
vt 5.1642 0.9510 0.0000
vt 5.1586 0.9581 0.0000
vt 5.1642 0.9581 0.0000
vt 5.8217 0.6828 0.0000
vt 5.8221 0.6818 0.0000
vt 5.8198 0.6838 0.0000
vt 5.0432 0.9510 0.0000
vt 5.0360 0.9630 0.0000
vt 5.0402 0.9652 0.0000
vt 5.8198 0.6521 0.0000
vt 5.1927 0.9510 0.0000
vt 5.1871 0.9581 0.0000
vt 5.1927 0.9581 0.0000
vt 5.5867 0.8839 0.0000
vt 5.5863 0.8849 0.0000
vt 5.5886 0.8829 0.0000
vt 5.5886 0.9146 0.0000
vt 5.2879 0.9510 0.0000
vt 5.2823 0.9581 0.0000
vt 5.2879 0.9581 0.0000
vt 5.3304 0.9366 0.0000
vt 5.3308 0.9356 0.0000
vt 5.3286 0.9377 0.0000
vt 5.3286 0.9059 0.0000
vt 5.2974 0.9510 0.0000
vt 5.2918 0.9581 0.0000
vt 5.2974 0.9581 0.0000
vt 5.8055 0.7219 0.0000
vt 5.8060 0.7209 0.0000
vt 5.8037 0.7229 0.0000
vt 5.8037 0.6911 0.0000
vt 5.3069 0.9510 0.0000
vt 5.3013 0.9581 0.0000
vt 5.3069 0.9581 0.0000
vt 5.7150 0.2038 0.0000
vt 5.7146 0.2048 0.0000
vt 5.7169 0.2028 0.0000
vt 5.7169 0.2345 0.0000
vt 4.9268 0.6273 0.0000
vt 4.9273 0.6274 0.0000
vt 5.2022 0.9510 0.0000
vt 5.1966 0.9581 0.0000
vt 5.2022 0.9581 0.0000
vt 5.3408 0.9069 0.0000
vt 5.3404 0.9079 0.0000
vt 5.3426 0.9059 0.0000
vt 5.3426 0.9377 0.0000
vt 5.8588 0.6122 0.0000
vt 5.0209 0.9667 0.0000
vt 5.0211 0.9510 0.0000
vt 5.0139 0.9510 0.0000
vt 5.8607 0.6430 0.0000
vt 5.8611 0.6420 0.0000
vt 5.8588 0.6440 0.0000
vt 4.9300 0.6620 0.0000
vt 4.9115 0.9799 0.0000
vt 4.9124 0.9789 0.0000
vt 5.3739 0.5762 0.0000
vt 5.3862 0.5864 0.0000
vt 5.3862 0.5762 0.0000
vt 5.3862 0.5966 0.0000
vt 5.3739 0.5864 0.0000
vt 0.5587 0.7442 0.0000
vt 0.5587 0.8277 0.0000
vt 0.5587 0.7902 0.0000
vt 0.5587 0.7773 0.0000
vt 0.5477 0.8279 0.0000
vt 0.5477 0.7212 0.0000
vt 0.5312 0.7535 0.0000
vt 0.5296 0.7928 0.0000
vt 0.5297 0.7795 0.0000
vt 0.5298 0.7661 0.0000
vt 0.5611 0.7947 0.0000
vt 0.5623 0.7427 0.0000
vt 0.5623 0.8264 0.0000
vt 0.5406 0.8390 0.0000
vt 0.7498 0.8898 0.0000
vt 0.7498 0.7831 0.0000
vt 0.7554 0.7831 0.0000
vt 0.7558 0.7832 0.0000
vt 0.5162 0.9934 0.0000
vt 0.5266 0.8396 0.0000
vt 0.5281 0.7655 0.0000
vt 0.5278 0.7921 0.0000
vt 0.5277 0.8055 0.0000
vt 0.6428 0.9797 0.0000
vt 0.9726 0.8459 0.0000
vt 0.9724 0.8464 0.0000
vt 0.9720 0.8468 0.0000
vt 0.5854 0.9868 0.0000
vt 0.5821 0.9860 0.0000
vt 0.5819 0.9797 0.0000
vt 0.9724 0.8316 0.0000
vt 0.9726 0.8321 0.0000
vt 0.9720 0.8312 0.0000
vt 0.6570 0.9797 0.0000
vt 0.8554 0.9468 0.0000
vt 0.8556 0.9463 0.0000
vt 0.8560 0.9460 0.0000
vt 0.8556 0.9611 0.0000
vt 0.8554 0.9606 0.0000
vt 0.8560 0.9615 0.0000
vt 0.7043 0.9797 0.0000
vt 0.7284 0.9721 0.0000
vt 0.7282 0.9726 0.0000
vt 0.7278 0.9729 0.0000
vt 0.7282 0.9578 0.0000
vt 0.7284 0.9583 0.0000
vt 0.7278 0.9574 0.0000
vt 0.7090 0.9797 0.0000
vt 0.9646 0.8653 0.0000
vt 0.9644 0.8658 0.0000
vt 0.9640 0.8662 0.0000
vt 0.9644 0.8510 0.0000
vt 0.9646 0.8515 0.0000
vt 0.9640 0.8506 0.0000
vt 0.7137 0.9797 0.0000
vt 0.9192 0.6087 0.0000
vt 0.9194 0.6082 0.0000
vt 0.9198 0.6079 0.0000
vt 0.9194 0.6230 0.0000
vt 0.9192 0.6225 0.0000
vt 0.9198 0.6234 0.0000
vt 0.6617 0.9797 0.0000
vt 0.7332 0.9583 0.0000
vt 0.7334 0.9578 0.0000
vt 0.7338 0.9574 0.0000
vt 0.7334 0.9726 0.0000
vt 0.7332 0.9721 0.0000
vt 0.7338 0.9729 0.0000
vt 0.9918 0.8118 0.0000
vt 0.9920 0.8123 0.0000
vt 0.9914 0.8114 0.0000
vt 0.5709 0.9885 0.0000
vt 0.5709 0.9797 0.0000
vt 0.5744 0.9797 0.0000
vt 0.9920 0.8261 0.0000
vt 0.9918 0.8266 0.0000
vt 0.9914 0.8269 0.0000
vt 0.5162 0.9946 0.0000
vt 0.5176 0.9946 0.0000
vt 0.5204 0.9936 0.0000
vt 0.5257 0.8389 0.0000
vt 4.9894 0.4312 0.0000
vt 4.9894 0.5438 0.0000
vt 4.9894 0.5959 0.0000
vt 4.9673 0.4309 0.0000
vt 4.9309 0.5750 0.0000
vt 4.9311 0.5482 0.0000
vt 4.9314 0.5214 0.0000
vt 4.9913 0.6233 0.0000
vt 4.9966 0.4743 0.0000
vt 4.9966 0.5728 0.0000
vt 4.9966 0.6426 0.0000
vt 5.3739 0.7702 0.0000
vt 5.3852 0.7702 0.0000
vt 5.3859 0.7700 0.0000
vt 5.3739 0.5555 0.0000
vt 4.9039 0.9785 0.0000
vt 4.9259 0.4929 0.0000
vt 4.9279 0.5201 0.0000
vt 4.9265 0.5467 0.0000
vt 4.9251 0.5733 0.0000
vt 4.9274 0.5737 0.0000
vt 4.9246 0.6269 0.0000
vt 4.9271 0.6005 0.0000
vt 4.9249 0.6655 0.0000
vt 4.9260 0.4658 0.0000
vt 5.1586 0.9510 0.0000
vt 5.8127 0.6838 0.0000
vt 5.8208 0.6836 0.0000
vt 5.0432 0.9652 0.0000
vt 5.0360 0.9510 0.0000
vt 5.0365 0.9637 0.0000
vt 5.8221 0.6541 0.0000
vt 5.8217 0.6531 0.0000
vt 5.8208 0.6523 0.0000
vt 5.8127 0.6521 0.0000
vt 5.1871 0.9510 0.0000
vt 5.5957 0.8829 0.0000
vt 5.5875 0.8831 0.0000
vt 5.5863 0.9126 0.0000
vt 5.5867 0.9136 0.0000
vt 5.5875 0.9144 0.0000
vt 5.5957 0.9146 0.0000
vt 5.2823 0.9510 0.0000
vt 5.3214 0.9377 0.0000
vt 5.3296 0.9374 0.0000
vt 5.3308 0.9079 0.0000
vt 5.3304 0.9069 0.0000
vt 5.3296 0.9061 0.0000
vt 5.3214 0.9059 0.0000
vt 5.2918 0.9510 0.0000
vt 5.7965 0.7229 0.0000
vt 5.8047 0.7226 0.0000
vt 5.8060 0.6931 0.0000
vt 5.8055 0.6921 0.0000
vt 5.8047 0.6914 0.0000
vt 5.7965 0.6911 0.0000
vt 5.3013 0.9510 0.0000
vt 5.7241 0.2028 0.0000
vt 5.7159 0.2030 0.0000
vt 5.7146 0.2325 0.0000
vt 5.7150 0.2335 0.0000
vt 5.7159 0.2343 0.0000
vt 5.7241 0.2345 0.0000
vt 5.1966 0.9510 0.0000
vt 5.3498 0.9059 0.0000
vt 5.3416 0.9061 0.0000
vt 5.3404 0.9356 0.0000
vt 5.3408 0.9366 0.0000
vt 5.3416 0.9374 0.0000
vt 5.3498 0.9377 0.0000
vt 5.8611 0.6142 0.0000
vt 5.8607 0.6132 0.0000
vt 5.8598 0.6124 0.0000
vt 5.8517 0.6122 0.0000
vt 5.0139 0.9686 0.0000
vt 5.0169 0.9686 0.0000
vt 5.0203 0.9672 0.0000
vt 5.8517 0.6440 0.0000
vt 5.8598 0.6437 0.0000
vt 4.9095 0.9806 0.0000
vt 4.9039 0.9809 0.0000
vt 4.9069 0.9809 0.0000
vt 4.9230 0.6677 0.0000
vt 0.9681 0.8545 0.0000
vt 0.9740 0.8564 0.0000
vt 0.9680 0.8564 0.0000
vt 0.9740 0.8584 0.0000
vt 0.9680 0.8584 0.0000
vt 0.9740 0.8604 0.0000
vt 0.9680 0.8604 0.0000
vt 0.9681 0.8624 0.0000
vt 0.9740 0.8624 0.0000
vt 0.9795 0.8152 0.0000
vt 0.9854 0.8172 0.0000
vt 0.9793 0.8172 0.0000
vt 0.9854 0.8192 0.0000
vt 0.9793 0.8192 0.0000
vt 0.9854 0.8211 0.0000
vt 0.9793 0.8211 0.0000
vt 0.9795 0.8231 0.0000
vt 0.9854 0.8231 0.0000
vt 0.9421 0.6117 0.0000
vt 0.9480 0.6136 0.0000
vt 0.9419 0.6136 0.0000
vt 0.9480 0.6156 0.0000
vt 0.9419 0.6156 0.0000
vt 0.9480 0.6176 0.0000
vt 0.9419 0.6176 0.0000
vt 0.9421 0.6196 0.0000
vt 0.9480 0.6196 0.0000
vt 0.9661 0.6117 0.0000
vt 0.9721 0.6136 0.0000
vt 0.9660 0.6136 0.0000
vt 0.9721 0.6156 0.0000
vt 0.9660 0.6156 0.0000
vt 0.9721 0.6176 0.0000
vt 0.9660 0.6176 0.0000
vt 0.9661 0.6196 0.0000
vt 0.9721 0.6196 0.0000
vt 0.7079 0.9612 0.0000
vt 0.7138 0.9632 0.0000
vt 0.7077 0.9632 0.0000
vt 0.7138 0.9652 0.0000
vt 0.7077 0.9652 0.0000
vt 0.7138 0.9672 0.0000
vt 0.7077 0.9672 0.0000
vt 0.7079 0.9691 0.0000
vt 0.7138 0.9691 0.0000
vt 0.7159 0.9612 0.0000
vt 0.7218 0.9632 0.0000
vt 0.7157 0.9632 0.0000
vt 0.7218 0.9652 0.0000
vt 0.7157 0.9652 0.0000
vt 0.7218 0.9672 0.0000
vt 0.7157 0.9672 0.0000
vt 0.7159 0.9691 0.0000
vt 0.7218 0.9691 0.0000
vt 0.9340 0.6117 0.0000
vt 0.9400 0.6136 0.0000
vt 0.9339 0.6136 0.0000
vt 0.9400 0.6156 0.0000
vt 0.9339 0.6156 0.0000
vt 0.9400 0.6176 0.0000
vt 0.9339 0.6176 0.0000
vt 0.9340 0.6196 0.0000
vt 0.9400 0.6196 0.0000
vt 0.7539 0.9652 0.0000
vt 0.7478 0.9632 0.0000
vt 0.7539 0.9632 0.0000
vt 0.7537 0.9612 0.0000
vt 0.7478 0.9612 0.0000
vt 0.7070 0.6046 0.0000
vt 0.7009 0.5995 0.0000
vt 0.7070 0.5995 0.0000
vt 0.7009 0.5967 0.0000
vt 0.7070 0.5967 0.0000
vt 0.5986 0.9636 0.0000
vt 0.5927 0.9656 0.0000
vt 0.5927 0.9636 0.0000
vt 0.5988 0.9675 0.0000
vt 0.5988 0.9656 0.0000
vt 0.5988 0.9695 0.0000
vt 0.5927 0.9675 0.0000
vt 0.5986 0.9715 0.0000
vt 0.5927 0.9695 0.0000
vt 0.9558 0.6117 0.0000
vt 0.9499 0.6136 0.0000
vt 0.9499 0.6117 0.0000
vt 0.9560 0.6156 0.0000
vt 0.9560 0.6136 0.0000
vt 0.9560 0.6176 0.0000
vt 0.9499 0.6156 0.0000
vt 0.9558 0.6196 0.0000
vt 0.9499 0.6176 0.0000
vt 0.9260 0.6196 0.0000
vt 0.9319 0.6176 0.0000
vt 0.9319 0.6196 0.0000
vt 0.9258 0.6156 0.0000
vt 0.9258 0.6176 0.0000
vt 0.9258 0.6136 0.0000
vt 0.9319 0.6156 0.0000
vt 0.9260 0.6117 0.0000
vt 0.9319 0.6136 0.0000
vt 0.7012 0.9494 0.0000
vt 0.6953 0.9513 0.0000
vt 0.6953 0.9494 0.0000
vt 0.7013 0.9533 0.0000
vt 0.7013 0.9513 0.0000
vt 0.7013 0.9553 0.0000
vt 0.6953 0.9533 0.0000
vt 0.7012 0.9573 0.0000
vt 0.6953 0.9553 0.0000
vt 0.6866 0.9573 0.0000
vt 0.6926 0.9553 0.0000
vt 0.6926 0.9573 0.0000
vt 0.6865 0.9533 0.0000
vt 0.6865 0.9553 0.0000
vt 0.6865 0.9513 0.0000
vt 0.6926 0.9533 0.0000
vt 0.6866 0.9494 0.0000
vt 0.6926 0.9513 0.0000
vt 0.8542 0.9400 0.0000
vt 0.8601 0.9380 0.0000
vt 0.8601 0.9400 0.0000
vt 0.8540 0.9360 0.0000
vt 0.8540 0.9380 0.0000
vt 0.8540 0.9340 0.0000
vt 0.8601 0.9360 0.0000
vt 0.8542 0.9320 0.0000
vt 0.8601 0.9340 0.0000
vt 0.9581 0.6196 0.0000
vt 0.9640 0.6176 0.0000
vt 0.9640 0.6196 0.0000
vt 0.9579 0.6156 0.0000
vt 0.9579 0.6176 0.0000
vt 0.9579 0.6136 0.0000
vt 0.9640 0.6156 0.0000
vt 0.9581 0.6117 0.0000
vt 0.9640 0.6136 0.0000
vt 0.7539 0.9672 0.0000
vt 0.7478 0.9652 0.0000
vt 0.9740 0.8532 0.0000
vt 0.9693 0.8517 0.0000
vt 0.9740 0.8517 0.0000
vt 0.7537 0.9691 0.0000
vt 0.7478 0.9672 0.0000
vt 0.7009 0.6096 0.0000
vt 0.7070 0.6096 0.0000
vt 0.5614 0.6932 0.0000
vt 0.5613 0.7035 0.0000
vt 0.5518 0.6983 0.0000
vt 0.5614 0.6801 0.0000
vt 0.5515 0.6740 0.0000
vt 0.5614 0.6772 0.0000
vt 0.5514 0.6871 0.0000
vt 0.5614 0.6904 0.0000
vt 0.5518 0.6852 0.0000
vt 0.5514 0.6832 0.0000
vt 0.5514 0.7003 0.0000
vt 0.5514 0.6963 0.0000
vt 0.5520 0.6589 0.0000
vt 0.5615 0.6641 0.0000
vt 0.5516 0.6609 0.0000
vt 0.5616 0.6509 0.0000
vt 0.5520 0.6457 0.0000
vt 0.5616 0.6406 0.0000
vt 0.5519 0.6720 0.0000
vt 0.5515 0.6701 0.0000
vt 0.5615 0.6669 0.0000
vt 0.5616 0.6538 0.0000
vt 0.5516 0.6477 0.0000
vt 0.5516 0.6438 0.0000
vt 0.5616 0.6378 0.0000
vt 0.5618 0.6143 0.0000
vt 0.5617 0.6246 0.0000
vt 0.5521 0.6194 0.0000
vt 0.5618 0.6115 0.0000
vt 0.5518 0.6175 0.0000
vt 0.5522 0.6063 0.0000
vt 0.5618 0.6063 0.0000
vt 0.5518 0.6083 0.0000
vt 0.5618 0.6012 0.0000
vt 0.5518 0.6043 0.0000
vt 0.5619 0.5880 0.0000
vt 0.5618 0.5983 0.0000
vt 0.5523 0.5931 0.0000
vt 0.5619 0.5852 0.0000
vt 0.5519 0.5912 0.0000
vt 0.5619 0.5749 0.0000
vt 0.5523 0.5800 0.0000
vt 0.5620 0.5617 0.0000
vt 0.5620 0.5720 0.0000
vt 0.5524 0.5668 0.0000
vt 0.5620 0.5589 0.0000
vt 0.5520 0.5649 0.0000
vt 0.5621 0.5486 0.0000
vt 0.5525 0.5537 0.0000
vt 0.5621 0.5457 0.0000
vt 0.5521 0.5517 0.0000
vt 0.5621 0.5354 0.0000
vt 0.5525 0.5405 0.0000
vt 0.5621 0.5326 0.0000
vt 0.5521 0.5386 0.0000
vt 0.5519 0.5951 0.0000
vt 0.5617 0.6275 0.0000
vt 0.5517 0.6214 0.0000
vt 0.5519 0.5820 0.0000
vt 0.5517 0.6346 0.0000
vt 0.5521 0.6326 0.0000
vt 0.5520 0.5688 0.0000
vt 0.5521 0.5557 0.0000
vt 0.5521 0.5425 0.0000
vt 0.5522 0.5162 0.0000
vt 0.5527 0.5142 0.0000
vt 0.5622 0.5194 0.0000
vt 0.5523 0.5123 0.0000
vt 0.5623 0.5091 0.0000
vt 0.5516 0.6569 0.0000
vt 0.5517 0.6306 0.0000
vt 0.5622 0.5223 0.0000
vt 0.5522 0.5254 0.0000
vt 0.5519 0.5780 0.0000
vt 0.5526 0.5274 0.0000
vt 0.5522 0.5294 0.0000
vt 0.6880 0.6933 0.0000
vt 0.6891 0.6859 0.0000
vt 0.6891 0.6949 0.0000
vt 0.5510 0.5310 0.0000
vt 0.5510 0.5442 0.0000
vt 0.5506 0.6231 0.0000
vt 0.5507 0.6026 0.0000
vt 0.5507 0.5968 0.0000
vt 0.5503 0.6815 0.0000
vt 0.5503 0.6757 0.0000
vt 0.5508 0.5763 0.0000
vt 0.5509 0.5705 0.0000
vt 0.5509 0.5632 0.0000
vt 0.5509 0.5573 0.0000
vt 0.5504 0.6684 0.0000
vt 0.5504 0.6625 0.0000
vt 0.7009 0.6254 0.0000
vt 0.7070 0.6226 0.0000
vt 0.7070 0.6254 0.0000
vt 0.5504 0.6552 0.0000
vt 0.5505 0.6494 0.0000
vt 0.5508 0.5895 0.0000
vt 0.5508 0.5836 0.0000
vt 0.5507 0.6099 0.0000
vt 0.5506 0.6158 0.0000
vt 0.5505 0.6421 0.0000
vt 0.5505 0.6362 0.0000
vt 0.5503 0.6947 0.0000
vt 0.5503 0.6888 0.0000
vt 0.7009 0.6383 0.0000
vt 0.7070 0.6355 0.0000
vt 0.7070 0.6383 0.0000
vt 0.7009 0.6513 0.0000
vt 0.7070 0.6485 0.0000
vt 0.7070 0.6513 0.0000
vt 0.7009 0.6642 0.0000
vt 0.7070 0.6614 0.0000
vt 0.7070 0.6642 0.0000
vt 0.7009 0.6772 0.0000
vt 0.7070 0.6744 0.0000
vt 0.7070 0.6772 0.0000
vt 0.7009 0.6901 0.0000
vt 0.7070 0.6873 0.0000
vt 0.7070 0.6901 0.0000
vt 0.7009 0.6355 0.0000
vt 0.7009 0.6485 0.0000
vt 0.7009 0.6614 0.0000
vt 0.7009 0.6744 0.0000
vt 0.7009 0.6873 0.0000
vt 0.7009 0.7003 0.0000
vt 0.7070 0.7003 0.0000
vt 0.7009 0.6226 0.0000
vt 0.7070 0.6124 0.0000
vt 0.7070 0.5865 0.0000
vt 0.7009 0.5837 0.0000
vt 0.7070 0.5837 0.0000
vt 0.7070 0.5736 0.0000
vt 0.7009 0.5708 0.0000
vt 0.7070 0.5708 0.0000
vt 0.7070 0.5606 0.0000
vt 0.7009 0.5578 0.0000
vt 0.7070 0.5578 0.0000
vt 0.7070 0.5477 0.0000
vt 0.7009 0.5449 0.0000
vt 0.7070 0.5449 0.0000
vt 0.7070 0.5347 0.0000
vt 0.7009 0.5319 0.0000
vt 0.7070 0.5319 0.0000
vt 0.7070 0.5218 0.0000
vt 0.7009 0.5190 0.0000
vt 0.7070 0.5190 0.0000
vt 0.7009 0.5736 0.0000
vt 0.7009 0.5606 0.0000
vt 0.7009 0.5477 0.0000
vt 0.7009 0.5347 0.0000
vt 0.7009 0.5218 0.0000
vt 0.7009 0.5088 0.0000
vt 0.7070 0.5088 0.0000
vt 0.7009 0.5865 0.0000
vt 0.6880 0.5120 0.0000
vt 0.6891 0.5002 0.0000
vt 0.6891 0.5136 0.0000
vt 0.6990 0.5207 0.0000
vt 0.6895 0.5156 0.0000
vt 0.6990 0.5105 0.0000
vt 0.6990 0.5336 0.0000
vt 0.6990 0.5364 0.0000
vt 0.6891 0.5395 0.0000
vt 0.6990 0.5235 0.0000
vt 0.6891 0.5266 0.0000
vt 0.6895 0.5285 0.0000
vt 0.6891 0.5305 0.0000
vt 0.6891 0.5175 0.0000
vt 0.6895 0.5544 0.0000
vt 0.6891 0.5525 0.0000
vt 0.6990 0.5494 0.0000
vt 0.6990 0.5623 0.0000
vt 0.6990 0.5725 0.0000
vt 0.6895 0.5674 0.0000
vt 0.6895 0.5415 0.0000
vt 0.6990 0.5466 0.0000
vt 0.6891 0.5434 0.0000
vt 0.6990 0.5595 0.0000
vt 0.6891 0.5654 0.0000
vt 0.6990 0.5753 0.0000
vt 0.6891 0.5693 0.0000
vt 0.6990 0.5984 0.0000
vt 0.6895 0.5933 0.0000
vt 0.6990 0.5882 0.0000
vt 0.6990 0.6012 0.0000
vt 0.6891 0.5952 0.0000
vt 0.6895 0.6062 0.0000
vt 0.6891 0.6043 0.0000
vt 0.6990 0.6062 0.0000
vt 0.6990 0.6113 0.0000
vt 0.6891 0.6082 0.0000
vt 0.6990 0.6243 0.0000
vt 0.6895 0.6192 0.0000
vt 0.6990 0.6141 0.0000
vt 0.6990 0.6271 0.0000
vt 0.6891 0.6211 0.0000
vt 0.6990 0.6372 0.0000
vt 0.6895 0.6321 0.0000
vt 0.6990 0.6502 0.0000
vt 0.6895 0.6451 0.0000
vt 0.6990 0.6400 0.0000
vt 0.6990 0.6530 0.0000
vt 0.6891 0.6470 0.0000
vt 0.6990 0.6631 0.0000
vt 0.6895 0.6580 0.0000
vt 0.6990 0.6659 0.0000
vt 0.6891 0.6600 0.0000
vt 0.6990 0.6761 0.0000
vt 0.6895 0.6710 0.0000
vt 0.6990 0.6789 0.0000
vt 0.6891 0.6729 0.0000
vt 0.6891 0.6172 0.0000
vt 0.6990 0.5854 0.0000
vt 0.6891 0.5913 0.0000
vt 0.6891 0.6302 0.0000
vt 0.6891 0.5784 0.0000
vt 0.6895 0.5803 0.0000
vt 0.6891 0.6431 0.0000
vt 0.6891 0.6561 0.0000
vt 0.6891 0.6690 0.0000
vt 0.6880 0.7005 0.0000
vt 0.6891 0.7106 0.0000
vt 0.6880 0.7104 0.0000
vt 0.6990 0.6918 0.0000
vt 0.6895 0.6969 0.0000
vt 0.6990 0.7020 0.0000
vt 0.6891 0.6988 0.0000
vt 0.6891 0.5564 0.0000
vt 0.6891 0.5823 0.0000
vt 0.6990 0.6890 0.0000
vt 0.6891 0.6341 0.0000
vt 0.6895 0.6839 0.0000
vt 0.6891 0.6820 0.0000
vt 0.6880 0.6803 0.0000
vt 0.6880 0.6674 0.0000
vt 0.6880 0.5897 0.0000
vt 0.6880 0.6098 0.0000
vt 0.6880 0.6156 0.0000
vt 0.6880 0.5321 0.0000
vt 0.6880 0.6357 0.0000
vt 0.6880 0.6487 0.0000
vt 0.6880 0.5451 0.0000
vt 0.6880 0.5580 0.0000
vt 0.6880 0.6228 0.0000
vt 0.6880 0.6285 0.0000
vt 0.6880 0.6026 0.0000
vt 0.6880 0.5969 0.0000
vt 0.6880 0.5710 0.0000
vt 0.6880 0.5192 0.0000
vt 0.5511 0.5179 0.0000
vt 0.5491 0.6895 0.0000
vt 0.5475 0.6934 0.0000
vt 0.5476 0.6901 0.0000
vt 0.5491 0.6763 0.0000
vt 0.5476 0.6802 0.0000
vt 0.5476 0.6769 0.0000
vt 0.5492 0.6632 0.0000
vt 0.5477 0.6671 0.0000
vt 0.5477 0.6638 0.0000
vt 0.5493 0.6500 0.0000
vt 0.5477 0.6539 0.0000
vt 0.5478 0.6506 0.0000
vt 0.5493 0.6369 0.0000
vt 0.5478 0.6408 0.0000
vt 0.5478 0.6375 0.0000
vt 0.5494 0.6238 0.0000
vt 0.5479 0.6276 0.0000
vt 0.5479 0.6243 0.0000
vt 0.5494 0.6106 0.0000
vt 0.5479 0.6145 0.0000
vt 0.5479 0.6112 0.0000
vt 0.5480 0.5980 0.0000
vt 0.5495 0.6019 0.0000
vt 0.5480 0.6013 0.0000
vt 0.5496 0.5843 0.0000
vt 0.5481 0.5882 0.0000
vt 0.5481 0.5849 0.0000
vt 0.5496 0.5712 0.0000
vt 0.5481 0.5750 0.0000
vt 0.5481 0.5717 0.0000
vt 0.5497 0.5580 0.0000
vt 0.5482 0.5619 0.0000
vt 0.5482 0.5586 0.0000
vt 0.5498 0.5448 0.0000
vt 0.5482 0.5487 0.0000
vt 0.5483 0.5454 0.0000
vt 0.5498 0.5317 0.0000
vt 0.5483 0.5356 0.0000
vt 0.5483 0.5323 0.0000
vt 0.5484 0.5191 0.0000
vt 0.5499 0.5230 0.0000
vt 0.5484 0.5224 0.0000
vt 0.9740 0.8635 0.0000
vt 0.9693 0.8651 0.0000
vt 0.9688 0.8636 0.0000
vt 0.9854 0.8140 0.0000
vt 0.9807 0.8125 0.0000
vt 0.9854 0.8125 0.0000
vt 0.9854 0.8243 0.0000
vt 0.9807 0.8258 0.0000
vt 0.9801 0.8243 0.0000
vt 0.9480 0.6105 0.0000
vt 0.9433 0.6090 0.0000
vt 0.9480 0.6090 0.0000
vt 0.9480 0.6208 0.0000
vt 0.9433 0.6223 0.0000
vt 0.9427 0.6208 0.0000
vt 0.9721 0.6105 0.0000
vt 0.9673 0.6090 0.0000
vt 0.9721 0.6090 0.0000
vt 0.9721 0.6208 0.0000
vt 0.9673 0.6223 0.0000
vt 0.9668 0.6208 0.0000
vt 0.7138 0.9600 0.0000
vt 0.7090 0.9585 0.0000
vt 0.7138 0.9585 0.0000
vt 0.7138 0.9703 0.0000
vt 0.7090 0.9718 0.0000
vt 0.7085 0.9703 0.0000
vt 0.7218 0.9600 0.0000
vt 0.7171 0.9585 0.0000
vt 0.7218 0.9585 0.0000
vt 0.7218 0.9703 0.0000
vt 0.7171 0.9718 0.0000
vt 0.7165 0.9703 0.0000
vt 0.9400 0.6105 0.0000
vt 0.9352 0.6090 0.0000
vt 0.9400 0.6090 0.0000
vt 0.9400 0.6208 0.0000
vt 0.9352 0.6223 0.0000
vt 0.9347 0.6208 0.0000
vt 0.7478 0.9600 0.0000
vt 0.7525 0.9585 0.0000
vt 0.7531 0.9600 0.0000
vt 0.5927 0.9624 0.0000
vt 0.5975 0.9609 0.0000
vt 0.5980 0.9624 0.0000
vt 0.5927 0.9727 0.0000
vt 0.5975 0.9742 0.0000
vt 0.5927 0.9742 0.0000
vt 0.9499 0.6105 0.0000
vt 0.9546 0.6090 0.0000
vt 0.9552 0.6105 0.0000
vt 0.9499 0.6208 0.0000
vt 0.9546 0.6223 0.0000
vt 0.9499 0.6223 0.0000
vt 0.9319 0.6208 0.0000
vt 0.9272 0.6223 0.0000
vt 0.9267 0.6208 0.0000
vt 0.9319 0.6105 0.0000
vt 0.9272 0.6090 0.0000
vt 0.9319 0.6090 0.0000
vt 0.6953 0.9482 0.0000
vt 0.7000 0.9466 0.0000
vt 0.7005 0.9482 0.0000
vt 0.6953 0.9585 0.0000
vt 0.7000 0.9600 0.0000
vt 0.6953 0.9600 0.0000
vt 0.6926 0.9585 0.0000
vt 0.6878 0.9600 0.0000
vt 0.6873 0.9585 0.0000
vt 0.6926 0.9482 0.0000
vt 0.6878 0.9466 0.0000
vt 0.6926 0.9466 0.0000
vt 0.8601 0.9412 0.0000
vt 0.8554 0.9427 0.0000
vt 0.8548 0.9412 0.0000
vt 0.8601 0.9308 0.0000
vt 0.8554 0.9293 0.0000
vt 0.8601 0.9293 0.0000
vt 0.9640 0.6208 0.0000
vt 0.9593 0.6223 0.0000
vt 0.9588 0.6208 0.0000
vt 0.9640 0.6105 0.0000
vt 0.9593 0.6090 0.0000
vt 0.9640 0.6090 0.0000
vt 0.7478 0.9703 0.0000
vt 0.7525 0.9718 0.0000
vt 0.7478 0.9718 0.0000
vt 0.6870 0.5243 0.0000
vt 0.6856 0.5204 0.0000
vt 0.6870 0.5199 0.0000
vt 0.6856 0.5367 0.0000
vt 0.6870 0.5328 0.0000
vt 0.6870 0.5372 0.0000
vt 0.6856 0.5496 0.0000
vt 0.6870 0.5458 0.0000
vt 0.6870 0.5502 0.0000
vt 0.6856 0.5626 0.0000
vt 0.6870 0.5587 0.0000
vt 0.6870 0.5631 0.0000
vt 0.6856 0.5755 0.0000
vt 0.6870 0.5717 0.0000
vt 0.6870 0.5761 0.0000
vt 0.6856 0.5885 0.0000
vt 0.6870 0.5846 0.0000
vt 0.6870 0.5890 0.0000
vt 0.6870 0.6020 0.0000
vt 0.6856 0.5981 0.0000
vt 0.6870 0.5976 0.0000
vt 0.6856 0.6144 0.0000
vt 0.6870 0.6105 0.0000
vt 0.6870 0.6149 0.0000
vt 0.6856 0.6273 0.0000
vt 0.6870 0.6235 0.0000
vt 0.6870 0.6279 0.0000
vt 0.6856 0.6403 0.0000
vt 0.6870 0.6364 0.0000
vt 0.6870 0.6408 0.0000
vt 0.6856 0.6532 0.0000
vt 0.6870 0.6494 0.0000
vt 0.6870 0.6538 0.0000
vt 0.6856 0.6662 0.0000
vt 0.6870 0.6623 0.0000
vt 0.6870 0.6667 0.0000
vt 0.6856 0.6791 0.0000
vt 0.6870 0.6753 0.0000
vt 0.6870 0.6797 0.0000
vt 0.6856 0.6921 0.0000
vt 0.6870 0.6882 0.0000
vt 0.6870 0.6926 0.0000
vt 0.6856 0.7017 0.0000
vt 0.6870 0.7098 0.0000
vt 0.6856 0.7092 0.0000
vt 0.9688 0.8532 0.0000
vt 0.9740 0.8545 0.0000
vt 0.6870 0.5010 0.0000
vt 0.6856 0.5107 0.0000
vt 0.6856 0.5016 0.0000
vt 0.5499 0.5185 0.0000
vt 0.9801 0.8140 0.0000
vt 0.9854 0.8152 0.0000
vt 0.5510 0.5369 0.0000
vt 0.9427 0.6105 0.0000
vt 0.9480 0.6117 0.0000
vt 0.5510 0.5500 0.0000
vt 0.9668 0.6105 0.0000
vt 0.9721 0.6117 0.0000
vt 0.7085 0.9600 0.0000
vt 0.7138 0.9612 0.0000
vt 0.5496 0.5756 0.0000
vt 0.7165 0.9600 0.0000
vt 0.7218 0.9612 0.0000
vt 0.9347 0.6105 0.0000
vt 0.9400 0.6117 0.0000
vt 0.5495 0.5975 0.0000
vt 0.5980 0.9727 0.0000
vt 0.5927 0.9715 0.0000
vt 0.5490 0.6940 0.0000
vt 0.9552 0.6208 0.0000
vt 0.9499 0.6196 0.0000
vt 0.5492 0.6677 0.0000
vt 0.9267 0.6105 0.0000
vt 0.9319 0.6117 0.0000
vt 0.7005 0.9585 0.0000
vt 0.6953 0.9573 0.0000
vt 0.5493 0.6414 0.0000
vt 0.6873 0.9482 0.0000
vt 0.6926 0.9494 0.0000
vt 0.5506 0.6289 0.0000
vt 0.8548 0.9308 0.0000
vt 0.8601 0.9320 0.0000
vt 0.9588 0.6105 0.0000
vt 0.9640 0.6117 0.0000
vt 0.7531 0.9703 0.0000
vt 0.7478 0.9691 0.0000
vt 0.6844 0.6918 0.0000
vt 0.6856 0.6888 0.0000
vt 0.6870 0.7011 0.0000
vt 0.6844 0.7020 0.0000
vt 0.6844 0.7090 0.0000
vt 0.6856 0.6758 0.0000
vt 0.6844 0.6789 0.0000
vt 0.6844 0.6761 0.0000
vt 0.6880 0.6746 0.0000
vt 0.6856 0.6629 0.0000
vt 0.6844 0.6659 0.0000
vt 0.6844 0.6631 0.0000
vt 0.6880 0.6616 0.0000
vt 0.6856 0.6499 0.0000
vt 0.6844 0.6530 0.0000
vt 0.6844 0.6502 0.0000
vt 0.6844 0.6372 0.0000
vt 0.6844 0.6400 0.0000
vt 0.6856 0.6240 0.0000
vt 0.6844 0.6271 0.0000
vt 0.6844 0.6243 0.0000
vt 0.6856 0.6111 0.0000
vt 0.6844 0.6141 0.0000
vt 0.6844 0.6113 0.0000
vt 0.6844 0.5207 0.0000
vt 0.6856 0.5237 0.0000
vt 0.6844 0.5235 0.0000
vt 0.6870 0.5114 0.0000
vt 0.6844 0.5105 0.0000
vt 0.6856 0.5334 0.0000
vt 0.6844 0.5364 0.0000
vt 0.6844 0.5336 0.0000
vt 0.6856 0.5463 0.0000
vt 0.6844 0.5494 0.0000
vt 0.6844 0.5466 0.0000
vt 0.6880 0.5508 0.0000
vt 0.6856 0.5593 0.0000
vt 0.6844 0.5623 0.0000
vt 0.6844 0.5595 0.0000
vt 0.6844 0.5753 0.0000
vt 0.6856 0.5722 0.0000
vt 0.6880 0.5767 0.0000
vt 0.6856 0.5852 0.0000
vt 0.6844 0.5882 0.0000
vt 0.6844 0.5854 0.0000
vt 0.6880 0.5839 0.0000
vt 0.6844 0.5984 0.0000
vt 0.6856 0.6014 0.0000
vt 0.6844 0.6012 0.0000
vt 0.7009 0.6124 0.0000
vt 0.5527 0.5016 0.0000
vt 0.5620 0.5006 0.0000
vt 0.5620 0.5010 0.0000
vt 0.5527 0.5012 0.0000
vt 0.5619 0.5002 0.0000
vt 0.5520 0.7115 0.0000
vt 0.5601 0.7139 0.0000
vt 0.5519 0.7118 0.0000
vt 0.5521 0.7112 0.0000
vt 0.5602 0.7136 0.0000
vt 0.5517 0.5014 0.0000
vt 0.5517 0.5017 0.0000
vt 0.5526 0.5009 0.0000
vt 0.5512 0.7113 0.0000
vt 0.5511 0.7116 0.0000
vt 0.5490 0.5023 0.0000
vt 0.5505 0.5022 0.0000
vt 0.5491 0.5027 0.0000
vt 0.5503 0.5015 0.0000
vt 0.5505 0.5018 0.0000
vt 0.5502 0.7107 0.0000
vt 0.5489 0.7106 0.0000
vt 0.5489 0.7103 0.0000
vt 0.5500 0.7113 0.0000
vt 0.5502 0.7110 0.0000
vt 0.5515 0.5011 0.0000
vt 0.5512 0.7110 0.0000
vt 0.7009 0.5007 0.0000
vt 0.7010 0.5004 0.0000
vt 0.7014 0.5002 0.0000
vt 0.5142 0.9896 0.0000
vt 0.5086 0.9797 0.0000
vt 0.5142 0.9797 0.0000
vt 0.5585 0.7192 0.0000
vt 0.5493 0.7160 0.0000
vt 0.7009 0.7101 0.0000
vt 0.5086 0.9907 0.0000
vt 0.5134 0.9919 0.0000
vt 0.5086 0.9919 0.0000
vt 0.5513 0.5106 0.0000
vt 0.5086 0.9896 0.0000
vt 0.5140 0.9907 0.0000
vt 0.5502 0.5099 0.0000
vt 0.5485 0.7154 0.0000
vt 0.5476 0.7148 0.0000
vt 0.5495 0.7025 0.0000
vt 0.5505 0.7018 0.0000
vt 0.5488 0.5093 0.0000
vt 0.5129 0.9934 0.0000
vt 0.5487 0.7109 0.0000
vt 0.5482 0.7031 0.0000
vt 0.5471 0.5193 0.0000
vt 0.5465 0.5222 0.0000
vt 0.5465 0.5194 0.0000
vt 0.5476 0.5223 0.0000
vt 0.5471 0.5222 0.0000
vt 0.5476 0.5193 0.0000
vt 0.5481 0.5224 0.0000
vt 0.5470 0.5325 0.0000
vt 0.5464 0.5353 0.0000
vt 0.5465 0.5325 0.0000
vt 0.5476 0.5324 0.0000
vt 0.5470 0.5354 0.0000
vt 0.5481 0.5323 0.0000
vt 0.5475 0.5354 0.0000
vt 0.5469 0.5456 0.0000
vt 0.5464 0.5485 0.0000
vt 0.5464 0.5457 0.0000
vt 0.5475 0.5456 0.0000
vt 0.5469 0.5485 0.0000
vt 0.5480 0.5487 0.0000
vt 0.5475 0.5486 0.0000
vt 0.5469 0.5588 0.0000
vt 0.5463 0.5616 0.0000
vt 0.5463 0.5588 0.0000
vt 0.5474 0.5618 0.0000
vt 0.5469 0.5617 0.0000
vt 0.5480 0.5586 0.0000
vt 0.5474 0.5587 0.0000
vt 0.5467 0.5851 0.0000
vt 0.5462 0.5879 0.0000
vt 0.5462 0.5851 0.0000
vt 0.5473 0.5850 0.0000
vt 0.5467 0.5880 0.0000
vt 0.5478 0.5849 0.0000
vt 0.5473 0.5881 0.0000
vt 0.5468 0.5719 0.0000
vt 0.5463 0.5748 0.0000
vt 0.5463 0.5720 0.0000
vt 0.5474 0.5719 0.0000
vt 0.5468 0.5748 0.0000
vt 0.5479 0.5718 0.0000
vt 0.5474 0.5749 0.0000
vt 0.5461 0.5983 0.0000
vt 0.5467 0.6011 0.0000
vt 0.5461 0.6011 0.0000
vt 0.5467 0.5982 0.0000
vt 0.5472 0.6012 0.0000
vt 0.5472 0.5982 0.0000
vt 0.5478 0.6013 0.0000
vt 0.5468 0.6932 0.0000
vt 0.5473 0.6901 0.0000
vt 0.5473 0.6933 0.0000
vt 0.5462 0.6932 0.0000
vt 0.5468 0.6902 0.0000
vt 0.5457 0.6903 0.0000
vt 0.5462 0.6903 0.0000
vt 0.5468 0.6801 0.0000
vt 0.5474 0.6770 0.0000
vt 0.5474 0.6802 0.0000
vt 0.5463 0.6800 0.0000
vt 0.5469 0.6771 0.0000
vt 0.5458 0.6800 0.0000
vt 0.5463 0.6771 0.0000
vt 0.5469 0.6669 0.0000
vt 0.5475 0.6638 0.0000
vt 0.5474 0.6670 0.0000
vt 0.5464 0.6640 0.0000
vt 0.5469 0.6639 0.0000
vt 0.5458 0.6668 0.0000
vt 0.5464 0.6669 0.0000
vt 0.5470 0.6538 0.0000
vt 0.5475 0.6507 0.0000
vt 0.5475 0.6539 0.0000
vt 0.5464 0.6508 0.0000
vt 0.5470 0.6508 0.0000
vt 0.5459 0.6537 0.0000
vt 0.5464 0.6537 0.0000
vt 0.5471 0.6275 0.0000
vt 0.5477 0.6244 0.0000
vt 0.5476 0.6276 0.0000
vt 0.5465 0.6274 0.0000
vt 0.5471 0.6245 0.0000
vt 0.5460 0.6274 0.0000
vt 0.5466 0.6245 0.0000
vt 0.5476 0.6408 0.0000
vt 0.5471 0.6376 0.0000
vt 0.5476 0.6375 0.0000
vt 0.5465 0.6406 0.0000
vt 0.5470 0.6406 0.0000
vt 0.5459 0.6405 0.0000
vt 0.5465 0.6377 0.0000
vt 0.5472 0.6144 0.0000
vt 0.5477 0.6112 0.0000
vt 0.5477 0.6145 0.0000
vt 0.5466 0.6143 0.0000
vt 0.5472 0.6113 0.0000
vt 0.5461 0.6142 0.0000
vt 0.5466 0.6114 0.0000
vt 0.5468 0.5020 0.0000
vt 0.5472 0.5030 0.0000
vt 0.5455 0.5017 0.0000
vt 0.5479 0.5021 0.0000
vt 0.5478 0.5028 0.0000
vt 0.5486 0.5021 0.0000
vt 0.5483 0.5026 0.0000
vt 0.5479 0.5030 0.0000
vt 0.5473 0.5033 0.0000
vt 0.5484 0.5028 0.0000
vt 0.5488 0.5027 0.0000
vt 0.5472 0.7105 0.0000
vt 0.5473 0.7112 0.0000
vt 0.5464 0.7121 0.0000
vt 0.5478 0.7105 0.0000
vt 0.5481 0.7108 0.0000
vt 0.5483 0.7105 0.0000
vt 0.5486 0.7108 0.0000
vt 0.5473 0.7101 0.0000
vt 0.5479 0.7102 0.0000
vt 0.5488 0.7103 0.0000
vt 0.5483 0.7102 0.0000
vt 0.5475 0.5090 0.0000
vt 0.5470 0.5090 0.0000
vt 0.5480 0.5091 0.0000
vt 0.5485 0.5092 0.0000
vt 0.5471 0.7034 0.0000
vt 0.5467 0.7035 0.0000
vt 0.5476 0.7033 0.0000
vt 0.5481 0.7032 0.0000
vt 0.5482 0.5192 0.0000
vt 0.6664 0.9833 0.0000
vt 0.6692 0.9797 0.0000
vt 0.6692 0.9833 0.0000
vt 0.9705 0.8505 0.0000
vt 0.9740 0.8505 0.0000
vt 0.5785 0.9868 0.0000
vt 0.5764 0.9857 0.0000
vt 0.5799 0.9797 0.0000
vt 0.9740 0.8651 0.0000
vt 0.9740 0.8663 0.0000
vt 0.9705 0.8663 0.0000
vt 0.6806 0.9833 0.0000
vt 0.6834 0.9797 0.0000
vt 0.6834 0.9833 0.0000
vt 0.9818 0.8113 0.0000
vt 0.9854 0.8113 0.0000
vt 0.9854 0.8258 0.0000
vt 0.9854 0.8271 0.0000
vt 0.9818 0.8271 0.0000
vt 0.5480 0.5455 0.0000
vt 0.6712 0.9833 0.0000
vt 0.6740 0.9797 0.0000
vt 0.6740 0.9833 0.0000
vt 0.9444 0.6077 0.0000
vt 0.9480 0.6077 0.0000
vt 0.9480 0.6223 0.0000
vt 0.9480 0.6235 0.0000
vt 0.9444 0.6235 0.0000
vt 0.6854 0.9833 0.0000
vt 0.6881 0.9797 0.0000
vt 0.6881 0.9833 0.0000
vt 0.9685 0.6077 0.0000
vt 0.9721 0.6077 0.0000
vt 0.9721 0.6223 0.0000
vt 0.9721 0.6235 0.0000
vt 0.9685 0.6235 0.0000
vt 0.6759 0.9833 0.0000
vt 0.6787 0.9797 0.0000
vt 0.6787 0.9833 0.0000
vt 0.7102 0.9573 0.0000
vt 0.7138 0.9573 0.0000
vt 0.7138 0.9718 0.0000
vt 0.7138 0.9731 0.0000
vt 0.7102 0.9731 0.0000
vt 0.6333 0.9833 0.0000
vt 0.6361 0.9797 0.0000
vt 0.6361 0.9833 0.0000
vt 0.7182 0.9573 0.0000
vt 0.7218 0.9573 0.0000
vt 0.7218 0.9718 0.0000
vt 0.7218 0.9731 0.0000
vt 0.7182 0.9731 0.0000
vt 0.5478 0.5981 0.0000
vt 0.7279 0.9833 0.0000
vt 0.7307 0.9797 0.0000
vt 0.7307 0.9833 0.0000
vt 0.9364 0.6077 0.0000
vt 0.9400 0.6077 0.0000
vt 0.9400 0.6223 0.0000
vt 0.9400 0.6235 0.0000
vt 0.9364 0.6235 0.0000
vt 0.7478 0.9585 0.0000
vt 0.7478 0.9573 0.0000
vt 0.7514 0.9573 0.0000
vt 0.6901 0.9833 0.0000
vt 0.6929 0.9797 0.0000
vt 0.6929 0.9833 0.0000
vt 0.5927 0.9609 0.0000
vt 0.5927 0.9596 0.0000
vt 0.5963 0.9596 0.0000
vt 0.5688 0.9875 0.0000
vt 0.5685 0.9878 0.0000
vt 0.5668 0.9885 0.0000
vt 0.5963 0.9754 0.0000
vt 0.5927 0.9754 0.0000
vt 0.6475 0.9833 0.0000
vt 0.6503 0.9797 0.0000
vt 0.6503 0.9833 0.0000
vt 0.9499 0.6090 0.0000
vt 0.9499 0.6077 0.0000
vt 0.9535 0.6077 0.0000
vt 0.9535 0.6235 0.0000
vt 0.9499 0.6235 0.0000
vt 0.6948 0.9833 0.0000
vt 0.6976 0.9797 0.0000
vt 0.6976 0.9833 0.0000
vt 0.9319 0.6223 0.0000
vt 0.9319 0.6235 0.0000
vt 0.9284 0.6235 0.0000
vt 0.9284 0.6077 0.0000
vt 0.9319 0.6077 0.0000
vt 0.6996 0.9833 0.0000
vt 0.7023 0.9797 0.0000
vt 0.7023 0.9833 0.0000
vt 0.6953 0.9466 0.0000
vt 0.6953 0.9454 0.0000
vt 0.6988 0.9454 0.0000
vt 0.6988 0.9612 0.0000
vt 0.6953 0.9612 0.0000
vt 0.6522 0.9833 0.0000
vt 0.6550 0.9797 0.0000
vt 0.6550 0.9833 0.0000
vt 0.6926 0.9600 0.0000
vt 0.6926 0.9612 0.0000
vt 0.6890 0.9612 0.0000
vt 0.6890 0.9454 0.0000
vt 0.6926 0.9454 0.0000
vt 0.6380 0.9833 0.0000
vt 0.6408 0.9797 0.0000
vt 0.6408 0.9833 0.0000
vt 0.8601 0.9427 0.0000
vt 0.8601 0.9439 0.0000
vt 0.8565 0.9439 0.0000
vt 0.8565 0.9281 0.0000
vt 0.8601 0.9281 0.0000
vt 0.7327 0.9833 0.0000
vt 0.7355 0.9797 0.0000
vt 0.7355 0.9833 0.0000
vt 0.9640 0.6223 0.0000
vt 0.9640 0.6235 0.0000
vt 0.9605 0.6235 0.0000
vt 0.9605 0.6077 0.0000
vt 0.9640 0.6077 0.0000
vt 0.7514 0.9731 0.0000
vt 0.7478 0.9731 0.0000
vt 0.5488 0.5024 0.0000
vt 0.5124 0.9941 0.0000
vt 0.5114 0.9944 0.0000
vt 0.5488 0.5020 0.0000
vt 0.5487 0.7106 0.0000
vt 5.8249 0.7030 0.0000
vt 5.8130 0.6990 0.0000
vt 5.8127 0.7030 0.0000
vt 5.8249 0.7070 0.0000
vt 5.8127 0.7070 0.0000
vt 5.8249 0.7110 0.0000
vt 5.8127 0.7110 0.0000
vt 5.8130 0.7150 0.0000
vt 5.8478 0.6241 0.0000
vt 5.8359 0.6201 0.0000
vt 5.8355 0.6241 0.0000
vt 5.8478 0.6281 0.0000
vt 5.8355 0.6281 0.0000
vt 5.8478 0.6321 0.0000
vt 5.8355 0.6321 0.0000
vt 5.8359 0.6360 0.0000
vt 5.7725 0.2147 0.0000
vt 5.7606 0.2107 0.0000
vt 5.7602 0.2147 0.0000
vt 5.7725 0.2186 0.0000
vt 5.7602 0.2186 0.0000
vt 5.7725 0.2226 0.0000
vt 5.7602 0.2226 0.0000
vt 5.7606 0.2266 0.0000
vt 5.8209 0.2147 0.0000
vt 5.8090 0.2107 0.0000
vt 5.8087 0.2147 0.0000
vt 5.8209 0.2186 0.0000
vt 5.8087 0.2186 0.0000
vt 5.8209 0.2226 0.0000
vt 5.8087 0.2226 0.0000
vt 5.8090 0.2266 0.0000
vt 5.3014 0.9178 0.0000
vt 5.2895 0.9138 0.0000
vt 5.2891 0.9178 0.0000
vt 5.3014 0.9218 0.0000
vt 5.2891 0.9218 0.0000
vt 5.3014 0.9257 0.0000
vt 5.2891 0.9257 0.0000
vt 5.2895 0.9297 0.0000
vt 5.3175 0.9178 0.0000
vt 5.3056 0.9138 0.0000
vt 5.3053 0.9178 0.0000
vt 5.3175 0.9218 0.0000
vt 5.3053 0.9218 0.0000
vt 5.3175 0.9257 0.0000
vt 5.3053 0.9257 0.0000
vt 5.3056 0.9297 0.0000
vt 5.7563 0.2147 0.0000
vt 5.7445 0.2107 0.0000
vt 5.7441 0.2147 0.0000
vt 5.7563 0.2186 0.0000
vt 5.7441 0.2186 0.0000
vt 5.7563 0.2226 0.0000
vt 5.7441 0.2226 0.0000
vt 5.7445 0.2266 0.0000
vt 5.3698 0.9178 0.0000
vt 5.3821 0.9218 0.0000
vt 5.3821 0.9178 0.0000
vt 5.3817 0.9138 0.0000
vt 5.2755 0.1861 0.0000
vt 5.2877 0.1964 0.0000
vt 5.2877 0.1861 0.0000
vt 5.2755 0.1805 0.0000
vt 5.2877 0.1805 0.0000
vt 5.0698 0.9186 0.0000
vt 5.0579 0.9225 0.0000
vt 5.0701 0.9225 0.0000
vt 5.0701 0.9265 0.0000
vt 5.0579 0.9265 0.0000
vt 5.0701 0.9305 0.0000
vt 5.0579 0.9305 0.0000
vt 5.0698 0.9345 0.0000
vt 5.7883 0.2107 0.0000
vt 5.7764 0.2147 0.0000
vt 5.7886 0.2147 0.0000
vt 5.7886 0.2186 0.0000
vt 5.7764 0.2186 0.0000
vt 5.7886 0.2226 0.0000
vt 5.7764 0.2226 0.0000
vt 5.7883 0.2266 0.0000
vt 5.7283 0.2266 0.0000
vt 5.7402 0.2226 0.0000
vt 5.7280 0.2226 0.0000
vt 5.7280 0.2186 0.0000
vt 5.7402 0.2186 0.0000
vt 5.7280 0.2147 0.0000
vt 5.7402 0.2147 0.0000
vt 5.7283 0.2107 0.0000
vt 5.2760 0.8900 0.0000
vt 5.2641 0.8939 0.0000
vt 5.2764 0.8939 0.0000
vt 5.2764 0.8979 0.0000
vt 5.2641 0.8979 0.0000
vt 5.2764 0.9019 0.0000
vt 5.2641 0.9019 0.0000
vt 5.2760 0.9059 0.0000
vt 5.2468 0.9059 0.0000
vt 5.2587 0.9019 0.0000
vt 5.2465 0.9019 0.0000
vt 5.2465 0.8979 0.0000
vt 5.2587 0.8979 0.0000
vt 5.2465 0.8939 0.0000
vt 5.2587 0.8939 0.0000
vt 5.2468 0.8900 0.0000
vt 5.5838 0.8710 0.0000
vt 5.5957 0.8671 0.0000
vt 5.5835 0.8671 0.0000
vt 5.5835 0.8631 0.0000
vt 5.5957 0.8631 0.0000
vt 5.5835 0.8591 0.0000
vt 5.5957 0.8591 0.0000
vt 5.5838 0.8551 0.0000
vt 5.7929 0.2266 0.0000
vt 5.8048 0.2226 0.0000
vt 5.7925 0.2226 0.0000
vt 5.7925 0.2186 0.0000
vt 5.8048 0.2186 0.0000
vt 5.7925 0.2147 0.0000
vt 5.8048 0.2147 0.0000
vt 5.7929 0.2107 0.0000
vt 5.3698 0.9218 0.0000
vt 5.3821 0.9257 0.0000
vt 5.8154 0.6936 0.0000
vt 5.8249 0.6966 0.0000
vt 5.8249 0.6936 0.0000
vt 5.3698 0.9257 0.0000
vt 5.3817 0.9297 0.0000
vt 5.2755 0.2066 0.0000
vt 5.2877 0.2066 0.0000
vt 4.9948 0.3747 0.0000
vt 4.9755 0.3850 0.0000
vt 4.9947 0.3955 0.0000
vt 4.9949 0.3483 0.0000
vt 4.9950 0.3426 0.0000
vt 4.9749 0.3361 0.0000
vt 4.9948 0.3690 0.0000
vt 4.9748 0.3625 0.0000
vt 4.9756 0.3585 0.0000
vt 4.9748 0.3546 0.0000
vt 4.9747 0.3889 0.0000
vt 4.9747 0.3810 0.0000
vt 4.9759 0.3056 0.0000
vt 4.9751 0.3096 0.0000
vt 4.9951 0.3161 0.0000
vt 4.9952 0.2897 0.0000
vt 4.9953 0.2689 0.0000
vt 4.9760 0.2792 0.0000
vt 4.9757 0.3321 0.0000
vt 4.9951 0.3218 0.0000
vt 4.9750 0.3281 0.0000
vt 4.9952 0.2954 0.0000
vt 4.9752 0.2832 0.0000
vt 4.9953 0.2632 0.0000
vt 4.9752 0.2752 0.0000
vt 4.9956 0.2160 0.0000
vt 4.9762 0.2263 0.0000
vt 4.9955 0.2368 0.0000
vt 4.9956 0.2103 0.0000
vt 4.9755 0.2223 0.0000
vt 4.9764 0.1999 0.0000
vt 4.9756 0.2038 0.0000
vt 4.9957 0.1999 0.0000
vt 4.9957 0.1896 0.0000
vt 4.9756 0.1959 0.0000
vt 4.9958 0.1631 0.0000
vt 4.9765 0.1734 0.0000
vt 4.9957 0.1839 0.0000
vt 4.9959 0.1574 0.0000
vt 4.9757 0.1694 0.0000
vt 4.9960 0.1367 0.0000
vt 4.9766 0.1469 0.0000
vt 4.9961 0.1102 0.0000
vt 4.9768 0.1205 0.0000
vt 4.9960 0.1309 0.0000
vt 4.9961 0.1045 0.0000
vt 4.9760 0.1165 0.0000
vt 4.9962 0.0838 0.0000
vt 4.9769 0.0940 0.0000
vt 4.9962 0.0781 0.0000
vt 4.9761 0.0901 0.0000
vt 4.9963 0.0573 0.0000
vt 4.9770 0.0676 0.0000
vt 4.9964 0.0516 0.0000
vt 4.9762 0.0636 0.0000
vt 4.9757 0.1774 0.0000
vt 4.9954 0.2425 0.0000
vt 4.9754 0.2303 0.0000
vt 4.9758 0.1509 0.0000
vt 4.9753 0.2567 0.0000
vt 4.9761 0.2528 0.0000
vt 4.9760 0.1245 0.0000
vt 4.9761 0.0980 0.0000
vt 4.9762 0.0716 0.0000
vt 4.9765 0.0186 0.0000
vt 4.9965 0.0251 0.0000
vt 4.9773 0.0147 0.0000
vt 4.9966 0.0044 0.0000
vt 4.9765 0.0107 0.0000
vt 4.9751 0.3017 0.0000
vt 4.9753 0.2488 0.0000
vt 4.9965 0.0309 0.0000
vt 4.9764 0.0372 0.0000
vt 4.9759 0.1430 0.0000
vt 4.9771 0.0411 0.0000
vt 4.9763 0.0451 0.0000
vt 5.2517 0.3600 0.0000
vt 5.2495 0.3749 0.0000
vt 5.2517 0.3782 0.0000
vt 4.9740 0.0485 0.0000
vt 4.9739 0.0749 0.0000
vt 4.9732 0.2336 0.0000
vt 4.9733 0.1925 0.0000
vt 4.9726 0.3512 0.0000
vt 4.9726 0.3394 0.0000
vt 4.9736 0.1396 0.0000
vt 4.9737 0.1278 0.0000
vt 4.9737 0.1131 0.0000
vt 4.9738 0.1014 0.0000
vt 4.9727 0.3247 0.0000
vt 4.9728 0.3130 0.0000
vt 5.2877 0.2326 0.0000
vt 5.2755 0.2382 0.0000
vt 5.2877 0.2382 0.0000
vt 4.9728 0.2983 0.0000
vt 4.9729 0.2865 0.0000
vt 4.9735 0.1660 0.0000
vt 4.9733 0.2072 0.0000
vt 4.9730 0.2718 0.0000
vt 4.9730 0.2601 0.0000
vt 4.9725 0.3776 0.0000
vt 4.9725 0.3659 0.0000
vt 5.2877 0.2587 0.0000
vt 5.2755 0.2643 0.0000
vt 5.2877 0.2643 0.0000
vt 5.2877 0.2847 0.0000
vt 5.2755 0.2903 0.0000
vt 5.2877 0.2903 0.0000
vt 5.2877 0.3108 0.0000
vt 5.2755 0.3164 0.0000
vt 5.2877 0.3164 0.0000
vt 5.2877 0.3368 0.0000
vt 5.2755 0.3424 0.0000
vt 5.2877 0.3424 0.0000
vt 5.2877 0.3629 0.0000
vt 5.2755 0.3685 0.0000
vt 5.2877 0.3685 0.0000
vt 5.2755 0.2587 0.0000
vt 5.2755 0.2847 0.0000
vt 5.2755 0.3108 0.0000
vt 5.2755 0.3368 0.0000
vt 5.2755 0.3629 0.0000
vt 5.2755 0.3889 0.0000
vt 5.2877 0.3889 0.0000
vt 5.2877 0.2122 0.0000
vt 5.2755 0.2326 0.0000
vt 5.2755 0.1545 0.0000
vt 5.2877 0.1601 0.0000
vt 5.2877 0.1545 0.0000
vt 5.2755 0.1284 0.0000
vt 5.2877 0.1340 0.0000
vt 5.2877 0.1284 0.0000
vt 5.2755 0.1024 0.0000
vt 5.2877 0.1080 0.0000
vt 5.2877 0.1024 0.0000
vt 5.2755 0.0763 0.0000
vt 5.2877 0.0820 0.0000
vt 5.2877 0.0763 0.0000
vt 5.2755 0.0503 0.0000
vt 5.2877 0.0559 0.0000
vt 5.2877 0.0503 0.0000
vt 5.2755 0.0242 0.0000
vt 5.2877 0.0299 0.0000
vt 5.2877 0.0242 0.0000
vt 5.2755 0.1340 0.0000
vt 5.2755 0.1080 0.0000
vt 5.2755 0.0820 0.0000
vt 5.2755 0.0559 0.0000
vt 5.2755 0.0299 0.0000
vt 5.2755 0.0038 0.0000
vt 5.2877 0.0038 0.0000
vt 5.2755 0.1601 0.0000
vt 5.2495 0.0102 0.0000
vt 5.2517 -0.0135 0.0000
vt 5.2495 -0.0132 0.0000
vt 5.2716 0.0276 0.0000
vt 5.2716 0.0072 0.0000
vt 5.2525 0.0174 0.0000
vt 5.2716 0.0537 0.0000
vt 5.2517 0.0656 0.0000
vt 5.2716 0.0593 0.0000
vt 5.2517 0.0396 0.0000
vt 5.2716 0.0333 0.0000
vt 5.2525 0.0435 0.0000
vt 5.2517 0.0474 0.0000
vt 5.2517 0.0135 0.0000
vt 5.2517 0.0213 0.0000
vt 5.2525 0.0956 0.0000
vt 5.2716 0.0854 0.0000
vt 5.2517 0.0917 0.0000
vt 5.2716 0.1114 0.0000
vt 5.2525 0.1216 0.0000
vt 5.2716 0.1318 0.0000
vt 5.2525 0.0695 0.0000
vt 5.2517 0.0734 0.0000
vt 5.2716 0.0797 0.0000
vt 5.2716 0.1058 0.0000
vt 5.2517 0.1177 0.0000
vt 5.2517 0.1255 0.0000
vt 5.2716 0.1374 0.0000
vt 5.2716 0.1839 0.0000
vt 5.2716 0.1635 0.0000
vt 5.2525 0.1737 0.0000
vt 5.2716 0.1895 0.0000
vt 5.2517 0.1776 0.0000
vt 5.2525 0.1998 0.0000
vt 5.2716 0.1998 0.0000
vt 5.2517 0.1959 0.0000
vt 5.2716 0.2100 0.0000
vt 5.2517 0.2037 0.0000
vt 5.2716 0.2360 0.0000
vt 5.2716 0.2156 0.0000
vt 5.2525 0.2258 0.0000
vt 5.2716 0.2416 0.0000
vt 5.2517 0.2297 0.0000
vt 5.2716 0.2621 0.0000
vt 5.2525 0.2519 0.0000
vt 5.2716 0.2881 0.0000
vt 5.2716 0.2677 0.0000
vt 5.2525 0.2779 0.0000
vt 5.2716 0.2937 0.0000
vt 5.2517 0.2818 0.0000
vt 5.2716 0.3142 0.0000
vt 5.2525 0.3040 0.0000
vt 5.2716 0.3198 0.0000
vt 5.2517 0.3079 0.0000
vt 5.2716 0.3402 0.0000
vt 5.2525 0.3300 0.0000
vt 5.2716 0.3458 0.0000
vt 5.2517 0.3339 0.0000
vt 5.2517 0.2219 0.0000
vt 5.2716 0.1579 0.0000
vt 5.2517 0.1698 0.0000
vt 5.2517 0.2480 0.0000
vt 5.2517 0.1438 0.0000
vt 5.2525 0.1477 0.0000
vt 5.2517 0.2740 0.0000
vt 5.2517 0.3000 0.0000
vt 5.2517 0.3261 0.0000
vt 5.2495 0.3893 0.0000
vt 5.2517 0.4097 0.0000
vt 5.2517 0.3860 0.0000
vt 5.2525 0.3821 0.0000
vt 5.2716 0.3719 0.0000
vt 5.2716 0.3923 0.0000
vt 5.2517 0.0995 0.0000
vt 5.2517 0.1516 0.0000
vt 5.2716 0.3663 0.0000
vt 5.2517 0.2558 0.0000
vt 5.2525 0.3561 0.0000
vt 5.2517 0.3521 0.0000
vt 5.2495 0.3488 0.0000
vt 5.2495 0.3228 0.0000
vt 5.2495 0.1665 0.0000
vt 5.2495 0.2070 0.0000
vt 5.2495 0.0507 0.0000
vt 5.2495 0.2591 0.0000
vt 5.2495 0.2851 0.0000
vt 5.2495 0.0767 0.0000
vt 5.2495 0.1028 0.0000
vt 5.2495 0.2330 0.0000
vt 5.2495 0.1925 0.0000
vt 5.2495 0.1288 0.0000
vt 5.2495 0.0246 0.0000
vt 5.2716 -0.0135 0.0000
vt 4.9742 0.0220 0.0000
vt 4.9670 0.3751 0.0000
vt 4.9701 0.3672 0.0000
vt 4.9670 0.3684 0.0000
vt 4.9671 0.3486 0.0000
vt 4.9702 0.3408 0.0000
vt 4.9672 0.3419 0.0000
vt 4.9673 0.3222 0.0000
vt 4.9703 0.3143 0.0000
vt 4.9673 0.3155 0.0000
vt 4.9674 0.2957 0.0000
vt 4.9704 0.2879 0.0000
vt 4.9674 0.2890 0.0000
vt 4.9675 0.2693 0.0000
vt 4.9706 0.2614 0.0000
vt 4.9675 0.2626 0.0000
vt 4.9676 0.2428 0.0000
vt 4.9707 0.2350 0.0000
vt 4.9677 0.2361 0.0000
vt 4.9678 0.2164 0.0000
vt 4.9708 0.2085 0.0000
vt 4.9678 0.2097 0.0000
vt 4.9679 0.1832 0.0000
vt 4.9709 0.1911 0.0000
vt 4.9710 0.1821 0.0000
vt 4.9680 0.1635 0.0000
vt 4.9711 0.1556 0.0000
vt 4.9681 0.1568 0.0000
vt 4.9682 0.1370 0.0000
vt 4.9712 0.1292 0.0000
vt 4.9682 0.1303 0.0000
vt 4.9683 0.1106 0.0000
vt 4.9713 0.1027 0.0000
vt 4.9683 0.1039 0.0000
vt 4.9684 0.0841 0.0000
vt 4.9715 0.0763 0.0000
vt 4.9684 0.0774 0.0000
vt 4.9685 0.0577 0.0000
vt 4.9716 0.0498 0.0000
vt 4.9686 0.0510 0.0000
vt 4.9687 0.0245 0.0000
vt 4.9717 0.0324 0.0000
vt 4.9717 0.0234 0.0000
vt 5.8249 0.7173 0.0000
vt 5.8154 0.7205 0.0000
vt 5.8249 0.7205 0.0000
vt 5.8383 0.6146 0.0000
vt 5.8478 0.6177 0.0000
vt 5.8478 0.6146 0.0000
vt 5.8478 0.6385 0.0000
vt 5.8383 0.6415 0.0000
vt 5.8478 0.6415 0.0000
vt 5.7630 0.2052 0.0000
vt 5.7725 0.2082 0.0000
vt 5.7725 0.2052 0.0000
vt 5.7725 0.2290 0.0000
vt 5.7630 0.2321 0.0000
vt 5.7725 0.2321 0.0000
vt 5.8114 0.2052 0.0000
vt 5.8209 0.2082 0.0000
vt 5.8209 0.2052 0.0000
vt 5.8209 0.2290 0.0000
vt 5.8114 0.2321 0.0000
vt 5.8209 0.2321 0.0000
vt 5.2919 0.9083 0.0000
vt 5.3014 0.9114 0.0000
vt 5.3014 0.9083 0.0000
vt 5.3014 0.9322 0.0000
vt 5.2919 0.9352 0.0000
vt 5.3014 0.9352 0.0000
vt 5.3080 0.9083 0.0000
vt 5.3175 0.9114 0.0000
vt 5.3175 0.9083 0.0000
vt 5.3175 0.9322 0.0000
vt 5.3080 0.9352 0.0000
vt 5.3175 0.9352 0.0000
vt 5.7468 0.2052 0.0000
vt 5.7563 0.2082 0.0000
vt 5.7563 0.2052 0.0000
vt 5.7563 0.2290 0.0000
vt 5.7468 0.2321 0.0000
vt 5.7563 0.2321 0.0000
vt 5.3698 0.9114 0.0000
vt 5.3793 0.9083 0.0000
vt 5.3698 0.9083 0.0000
vt 5.0579 0.9161 0.0000
vt 5.0674 0.9131 0.0000
vt 5.0579 0.9131 0.0000
vt 5.0674 0.9400 0.0000
vt 5.0579 0.9368 0.0000
vt 5.0579 0.9400 0.0000
vt 5.7764 0.2082 0.0000
vt 5.7859 0.2052 0.0000
vt 5.7764 0.2052 0.0000
vt 5.7859 0.2321 0.0000
vt 5.7764 0.2290 0.0000
vt 5.7764 0.2321 0.0000
vt 5.7402 0.2290 0.0000
vt 5.7307 0.2321 0.0000
vt 5.7402 0.2321 0.0000
vt 5.7307 0.2052 0.0000
vt 5.7402 0.2083 0.0000
vt 5.7402 0.2052 0.0000
vt 5.2641 0.8875 0.0000
vt 5.2736 0.8845 0.0000
vt 5.2641 0.8845 0.0000
vt 5.2736 0.9114 0.0000
vt 5.2641 0.9083 0.0000
vt 5.2641 0.9114 0.0000
vt 5.2587 0.9083 0.0000
vt 5.2492 0.9114 0.0000
vt 5.2587 0.9114 0.0000
vt 5.2492 0.8845 0.0000
vt 5.2587 0.8875 0.0000
vt 5.2587 0.8845 0.0000
vt 5.5957 0.8735 0.0000
vt 5.5862 0.8765 0.0000
vt 5.5957 0.8765 0.0000
vt 5.5862 0.8496 0.0000
vt 5.5957 0.8527 0.0000
vt 5.5957 0.8496 0.0000
vt 5.8048 0.2290 0.0000
vt 5.7953 0.2321 0.0000
vt 5.8048 0.2321 0.0000
vt 5.7953 0.2052 0.0000
vt 5.8048 0.2082 0.0000
vt 5.8048 0.2052 0.0000
vt 5.3793 0.9352 0.0000
vt 5.3698 0.9322 0.0000
vt 5.3698 0.9352 0.0000
vt 5.2475 0.0349 0.0000
vt 5.2447 0.0272 0.0000
vt 5.2447 0.0337 0.0000
vt 5.2475 0.0520 0.0000
vt 5.2447 0.0598 0.0000
vt 5.2475 0.0609 0.0000
vt 5.2475 0.0781 0.0000
vt 5.2447 0.0858 0.0000
vt 5.2475 0.0870 0.0000
vt 5.2475 0.1041 0.0000
vt 5.2447 0.1119 0.0000
vt 5.2475 0.1130 0.0000
vt 5.2475 0.1302 0.0000
vt 5.2447 0.1379 0.0000
vt 5.2475 0.1391 0.0000
vt 5.2475 0.1562 0.0000
vt 5.2447 0.1640 0.0000
vt 5.2475 0.1651 0.0000
vt 5.2475 0.1912 0.0000
vt 5.2447 0.1835 0.0000
vt 5.2447 0.1900 0.0000
vt 5.2475 0.2083 0.0000
vt 5.2447 0.2161 0.0000
vt 5.2475 0.2172 0.0000
vt 5.2475 0.2344 0.0000
vt 5.2447 0.2421 0.0000
vt 5.2475 0.2433 0.0000
vt 5.2475 0.2604 0.0000
vt 5.2447 0.2682 0.0000
vt 5.2475 0.2693 0.0000
vt 5.2475 0.2865 0.0000
vt 5.2447 0.2942 0.0000
vt 5.2475 0.2954 0.0000
vt 5.2475 0.3125 0.0000
vt 5.2447 0.3203 0.0000
vt 5.2475 0.3214 0.0000
vt 5.2475 0.3386 0.0000
vt 5.2447 0.3463 0.0000
vt 5.2475 0.3475 0.0000
vt 5.2475 0.3646 0.0000
vt 5.2447 0.3724 0.0000
vt 5.2475 0.3735 0.0000
vt 5.2447 0.3918 0.0000
vt 5.2475 0.4080 0.0000
vt 5.2476 0.3906 0.0000
vt 5.8249 0.6990 0.0000
vt 5.8143 0.6966 0.0000
vt 5.2447 0.0077 0.0000
vt 5.2475 -0.0119 0.0000
vt 5.2447 -0.0108 0.0000
vt 4.9741 0.0338 0.0000
vt 5.8143 0.7174 0.0000
vt 5.8249 0.7150 0.0000
vt 5.8478 0.6201 0.0000
vt 5.8372 0.6177 0.0000
vt 4.9740 0.0602 0.0000
vt 5.8372 0.6385 0.0000
vt 5.8478 0.6360 0.0000
vt 5.7725 0.2107 0.0000
vt 5.7619 0.2082 0.0000
vt 4.9739 0.0867 0.0000
vt 5.7619 0.2291 0.0000
vt 5.7725 0.2266 0.0000
vt 5.8209 0.2107 0.0000
vt 5.8103 0.2082 0.0000
vt 5.8103 0.2291 0.0000
vt 5.8209 0.2266 0.0000
vt 5.3014 0.9138 0.0000
vt 5.2908 0.9114 0.0000
vt 4.9712 0.1382 0.0000
vt 5.2908 0.9322 0.0000
vt 5.3014 0.9297 0.0000
vt 5.3175 0.9138 0.0000
vt 5.3069 0.9114 0.0000
vt 4.9735 0.1543 0.0000
vt 5.3069 0.9322 0.0000
vt 5.3175 0.9297 0.0000
vt 5.7563 0.2107 0.0000
vt 5.7458 0.2082 0.0000
vt 4.9734 0.1807 0.0000
vt 5.7458 0.2291 0.0000
vt 5.7563 0.2266 0.0000
vt 5.3804 0.9114 0.0000
vt 5.3698 0.9138 0.0000
vt 5.0685 0.9161 0.0000
vt 5.0579 0.9186 0.0000
vt 5.0579 0.9345 0.0000
vt 5.0685 0.9369 0.0000
vt 5.7870 0.2082 0.0000
vt 5.7764 0.2107 0.0000
vt 5.7764 0.2266 0.0000
vt 5.7870 0.2291 0.0000
vt 5.7296 0.2291 0.0000
vt 5.7402 0.2266 0.0000
vt 4.9703 0.3234 0.0000
vt 5.7402 0.2107 0.0000
vt 5.7296 0.2082 0.0000
vt 5.2747 0.8875 0.0000
vt 5.2641 0.8900 0.0000
vt 5.2641 0.9059 0.0000
vt 5.2747 0.9083 0.0000
vt 5.2481 0.9083 0.0000
vt 5.2587 0.9059 0.0000
vt 4.9705 0.2705 0.0000
vt 5.2587 0.8900 0.0000
vt 5.2481 0.8875 0.0000
vt 5.5851 0.8735 0.0000
vt 5.5957 0.8710 0.0000
vt 4.9731 0.2454 0.0000
vt 5.5957 0.8551 0.0000
vt 5.5851 0.8527 0.0000
vt 5.7942 0.2291 0.0000
vt 5.8048 0.2266 0.0000
vt 4.9732 0.2189 0.0000
vt 5.8048 0.2107 0.0000
vt 5.7942 0.2082 0.0000
vt 5.3698 0.9297 0.0000
vt 5.3804 0.9322 0.0000
vt 5.2495 0.3633 0.0000
vt 5.2447 0.3658 0.0000
vt 5.2423 0.3719 0.0000
vt 5.2447 0.4069 0.0000
vt 5.2423 0.3923 0.0000
vt 5.2423 0.4066 0.0000
vt 5.2423 0.3458 0.0000
vt 5.2447 0.3397 0.0000
vt 5.2423 0.3402 0.0000
vt 5.2495 0.3372 0.0000
vt 5.2423 0.3198 0.0000
vt 5.2447 0.3137 0.0000
vt 5.2423 0.3142 0.0000
vt 5.2495 0.3112 0.0000
vt 5.2423 0.2937 0.0000
vt 5.2447 0.2876 0.0000
vt 5.2423 0.2881 0.0000
vt 5.2423 0.2621 0.0000
vt 5.2447 0.2616 0.0000
vt 5.2495 0.2707 0.0000
vt 5.2423 0.2416 0.0000
vt 5.2447 0.2356 0.0000
vt 5.2423 0.2360 0.0000
vt 5.2447 0.2095 0.0000
vt 5.2423 0.2156 0.0000
vt 5.2495 0.2186 0.0000
vt 5.2423 0.0276 0.0000
vt 5.2495 0.0362 0.0000
vt 5.2423 0.0072 0.0000
vt 5.2423 0.0593 0.0000
vt 5.2447 0.0532 0.0000
vt 5.2423 0.0537 0.0000
vt 5.2423 0.0853 0.0000
vt 5.2447 0.0793 0.0000
vt 5.2423 0.0797 0.0000
vt 5.2495 0.0883 0.0000
vt 5.2423 0.1114 0.0000
vt 5.2447 0.1053 0.0000
vt 5.2423 0.1058 0.0000
vt 5.2447 0.1314 0.0000
vt 5.2423 0.1374 0.0000
vt 5.2495 0.1404 0.0000
vt 5.2423 0.1635 0.0000
vt 5.2447 0.1574 0.0000
vt 5.2423 0.1579 0.0000
vt 5.2495 0.1549 0.0000
vt 5.2423 0.1839 0.0000
vt 5.2495 0.1809 0.0000
vt 5.2755 0.2122 0.0000
vt 4.9773 -0.0107 0.0000
vt 4.9960 -0.0128 0.0000
vt 4.9773 -0.0114 0.0000
vt 4.9960 -0.0135 0.0000
vt 4.9771 -0.0122 0.0000
vt 4.9923 0.4163 0.0000
vt 4.9760 0.4115 0.0000
vt 4.9758 0.4121 0.0000
vt 4.9924 0.4156 0.0000
vt 4.9761 0.4109 0.0000
vt 4.9753 -0.0111 0.0000
vt 4.9753 -0.0104 0.0000
vt 4.9750 -0.0118 0.0000
vt 4.9744 0.4112 0.0000
vt 4.9741 0.4117 0.0000
vt 4.9744 0.4106 0.0000
vt 4.9730 -0.0095 0.0000
vt 4.9699 -0.0093 0.0000
vt 4.9700 -0.0085 0.0000
vt 4.9725 -0.0109 0.0000
vt 4.9695 -0.0099 0.0000
vt 4.9723 0.4099 0.0000
vt 4.9697 0.4098 0.0000
vt 4.9723 0.4106 0.0000
vt 4.9720 0.4111 0.0000
vt 4.9729 -0.0103 0.0000
vt 4.9961 -0.0120 0.0000
vt 5.2755 -0.0125 0.0000
vt 4.8888 0.9510 0.0000
vt 4.9000 0.9708 0.0000
vt 4.9000 0.9510 0.0000
vt 4.9891 0.4270 0.0000
vt 4.9706 0.4205 0.0000
vt 4.9926 0.4150 0.0000
vt 5.2755 0.4086 0.0000
vt 5.2758 0.4093 0.0000
vt 5.2765 0.4096 0.0000
vt 4.8888 0.9731 0.0000
vt 4.8984 0.9755 0.0000
vt 4.8995 0.9731 0.0000
vt 4.9745 0.0074 0.0000
vt 4.8888 0.9708 0.0000
vt 4.9723 0.0060 0.0000
vt 4.9689 0.4194 0.0000
vt 4.9670 0.4180 0.0000
vt 4.9710 0.3933 0.0000
vt 4.9729 0.3920 0.0000
vt 4.9694 0.0047 0.0000
vt 4.8888 0.9755 0.0000
vt 4.8973 0.9785 0.0000
vt 4.9694 0.4104 0.0000
vt 4.9648 0.4163 0.0000
vt 4.9684 0.3946 0.0000
vt 4.9649 0.0307 0.0000
vt 4.9660 0.0249 0.0000
vt 4.9650 0.0250 0.0000
vt 4.9671 0.0309 0.0000
vt 4.9672 0.0248 0.0000
vt 4.9682 0.0311 0.0000
vt 4.9682 0.0246 0.0000
vt 4.9648 0.0571 0.0000
vt 4.9659 0.0514 0.0000
vt 4.9648 0.0515 0.0000
vt 4.9659 0.0572 0.0000
vt 4.9670 0.0513 0.0000
vt 4.9670 0.0574 0.0000
vt 4.9681 0.0511 0.0000
vt 4.9647 0.0836 0.0000
vt 4.9658 0.0779 0.0000
vt 4.9647 0.0779 0.0000
vt 4.9658 0.0837 0.0000
vt 4.9669 0.0777 0.0000
vt 4.9680 0.0840 0.0000
vt 4.9680 0.0775 0.0000
vt 4.9645 0.1101 0.0000
vt 4.9657 0.1043 0.0000
vt 4.9646 0.1044 0.0000
vt 4.9667 0.1103 0.0000
vt 4.9668 0.1042 0.0000
vt 4.9679 0.1040 0.0000
vt 4.9643 0.1630 0.0000
vt 4.9654 0.1572 0.0000
vt 4.9643 0.1573 0.0000
vt 4.9654 0.1630 0.0000
vt 4.9665 0.1571 0.0000
vt 4.9665 0.1632 0.0000
vt 4.9676 0.1569 0.0000
vt 4.9644 0.1365 0.0000
vt 4.9655 0.1308 0.0000
vt 4.9644 0.1308 0.0000
vt 4.9655 0.1366 0.0000
vt 4.9666 0.1306 0.0000
vt 4.9666 0.1367 0.0000
vt 4.9677 0.1304 0.0000
vt 4.9642 0.1837 0.0000
vt 4.9652 0.1895 0.0000
vt 4.9653 0.1837 0.0000
vt 4.9664 0.1896 0.0000
vt 4.9664 0.1835 0.0000
vt 4.9674 0.1898 0.0000
vt 4.9675 0.1833 0.0000
vt 4.9666 0.3685 0.0000
vt 4.9655 0.3748 0.0000
vt 4.9666 0.3750 0.0000
vt 4.9655 0.3687 0.0000
vt 4.9644 0.3746 0.0000
vt 4.9633 0.3689 0.0000
vt 4.9633 0.3745 0.0000
vt 4.9667 0.3420 0.0000
vt 4.9656 0.3483 0.0000
vt 4.9667 0.3485 0.0000
vt 4.9656 0.3422 0.0000
vt 4.9645 0.3482 0.0000
vt 4.9645 0.3424 0.0000
vt 4.9634 0.3481 0.0000
vt 4.9668 0.3156 0.0000
vt 4.9657 0.3219 0.0000
vt 4.9668 0.3221 0.0000
vt 4.9646 0.3159 0.0000
vt 4.9646 0.3217 0.0000
vt 4.9635 0.3217 0.0000
vt 4.9670 0.2891 0.0000
vt 4.9659 0.2954 0.0000
vt 4.9669 0.2956 0.0000
vt 4.9648 0.2895 0.0000
vt 4.9647 0.2953 0.0000
vt 4.9637 0.2952 0.0000
vt 4.9672 0.2362 0.0000
vt 4.9661 0.2425 0.0000
vt 4.9672 0.2427 0.0000
vt 4.9661 0.2364 0.0000
vt 4.9650 0.2424 0.0000
vt 4.9650 0.2366 0.0000
vt 4.9639 0.2423 0.0000
vt 4.9671 0.2692 0.0000
vt 4.9660 0.2629 0.0000
vt 4.9660 0.2690 0.0000
vt 4.9649 0.2688 0.0000
vt 4.9649 0.2630 0.0000
vt 4.9638 0.2688 0.0000
vt 4.9673 0.2098 0.0000
vt 4.9662 0.2161 0.0000
vt 4.9673 0.2163 0.0000
vt 4.9663 0.2100 0.0000
vt 4.9651 0.2159 0.0000
vt 4.9651 0.2101 0.0000
vt 4.9640 0.2159 0.0000
vt 4.9662 -0.0080 0.0000
vt 4.9656 -0.0099 0.0000
vt 4.9630 -0.0106 0.0000
vt 4.9675 -0.0084 0.0000
vt 4.9678 -0.0096 0.0000
vt 4.9686 -0.0087 0.0000
vt 4.9691 -0.0098 0.0000
vt 4.9676 -0.0079 0.0000
vt 4.9687 -0.0082 0.0000
vt 4.9696 -0.0084 0.0000
vt 4.9695 -0.0091 0.0000
vt 4.9662 0.4094 0.0000
vt 4.9665 0.4110 0.0000
vt 4.9674 0.4095 0.0000
vt 4.9681 0.4102 0.0000
vt 4.9685 0.4095 0.0000
vt 4.9691 0.4102 0.0000
vt 4.9693 0.4097 0.0000
vt 4.9665 0.4087 0.0000
vt 4.9678 0.4090 0.0000
vt 4.9686 0.4089 0.0000
vt 4.9694 0.4091 0.0000
vt 4.9666 -0.0073 0.0000
vt 4.9670 0.0042 0.0000
vt 4.9680 0.0044 0.0000
vt 4.9690 0.0046 0.0000
vt 4.9662 0.3952 0.0000
vt 4.9653 0.3953 0.0000
vt 4.9671 0.3950 0.0000
vt 4.9681 0.3947 0.0000
vt 4.9687 0.0312 0.0000
vt 5.2118 0.9510 0.0000
vt 5.2061 0.9581 0.0000
vt 5.2118 0.9581 0.0000
vt 5.8159 0.6921 0.0000
vt 5.8155 0.6931 0.0000
vt 5.8178 0.6911 0.0000
vt 5.0321 0.9510 0.0000
vt 5.0250 0.9630 0.0000
vt 5.0292 0.9652 0.0000
vt 5.8178 0.7229 0.0000
vt 5.2403 0.9510 0.0000
vt 5.2347 0.9581 0.0000
vt 5.2403 0.9581 0.0000
vt 5.8387 0.6132 0.0000
vt 5.8383 0.6142 0.0000
vt 5.8406 0.6122 0.0000
vt 5.8406 0.6440 0.0000
vt 5.2213 0.9510 0.0000
vt 5.2157 0.9581 0.0000
vt 5.2213 0.9581 0.0000
vt 5.7635 0.2038 0.0000
vt 5.7630 0.2048 0.0000
vt 5.7653 0.2028 0.0000
vt 5.7653 0.2345 0.0000
vt 5.2498 0.9510 0.0000
vt 5.2442 0.9581 0.0000
vt 5.2498 0.9581 0.0000
vt 5.8119 0.2038 0.0000
vt 5.8115 0.2048 0.0000
vt 5.8138 0.2028 0.0000
vt 5.8138 0.2345 0.0000
vt 5.2308 0.9510 0.0000
vt 5.2252 0.9581 0.0000
vt 5.2308 0.9581 0.0000
vt 5.2923 0.9069 0.0000
vt 5.2919 0.9079 0.0000
vt 5.2942 0.9059 0.0000
vt 5.2942 0.9377 0.0000
vt 5.1451 0.9510 0.0000
vt 5.1395 0.9581 0.0000
vt 5.1451 0.9581 0.0000
vt 5.3085 0.9069 0.0000
vt 5.3081 0.9079 0.0000
vt 5.3104 0.9059 0.0000
vt 5.3104 0.9377 0.0000
vt 4.9679 0.1899 0.0000
vt 5.3355 0.9510 0.0000
vt 5.3299 0.9581 0.0000
vt 5.3355 0.9581 0.0000
vt 5.7473 0.2038 0.0000
vt 5.7469 0.2048 0.0000
vt 5.7492 0.2028 0.0000
vt 5.7492 0.2345 0.0000
vt 5.3770 0.9059 0.0000
vt 5.2593 0.9510 0.0000
vt 5.2537 0.9581 0.0000
vt 5.2593 0.9581 0.0000
vt 5.0651 0.9106 0.0000
vt 5.0098 0.9667 0.0000
vt 5.0100 0.9510 0.0000
vt 5.0029 0.9510 0.0000
vt 5.0669 0.9414 0.0000
vt 5.0673 0.9404 0.0000
vt 5.0651 0.9424 0.0000
vt 4.9698 0.4091 0.0000
vt 5.1737 0.9510 0.0000
vt 5.1681 0.9581 0.0000
vt 5.1737 0.9581 0.0000
vt 5.7835 0.2028 0.0000
vt 5.7854 0.2335 0.0000
vt 5.7858 0.2325 0.0000
vt 5.7835 0.2345 0.0000
vt 5.2689 0.9510 0.0000
vt 5.2633 0.9581 0.0000
vt 5.2689 0.9581 0.0000
vt 5.7331 0.2345 0.0000
vt 5.7312 0.2038 0.0000
vt 5.7308 0.2048 0.0000
vt 5.7331 0.2028 0.0000
vt 5.2784 0.9510 0.0000
vt 5.2728 0.9581 0.0000
vt 5.2784 0.9581 0.0000
vt 5.2713 0.8820 0.0000
vt 5.2731 0.9128 0.0000
vt 5.2736 0.9118 0.0000
vt 5.2713 0.9138 0.0000
vt 4.9671 0.2627 0.0000
vt 5.1832 0.9510 0.0000
vt 5.1776 0.9581 0.0000
vt 5.1832 0.9581 0.0000
vt 5.2515 0.9138 0.0000
vt 5.2497 0.8830 0.0000
vt 5.2493 0.8841 0.0000
vt 5.2515 0.8820 0.0000
vt 5.1547 0.9510 0.0000
vt 5.1490 0.9581 0.0000
vt 5.1547 0.9581 0.0000
vt 5.5886 0.8790 0.0000
vt 5.5867 0.8482 0.0000
vt 5.5863 0.8492 0.0000
vt 5.5886 0.8472 0.0000
vt 5.3450 0.9510 0.0000
vt 5.3394 0.9581 0.0000
vt 5.3450 0.9581 0.0000
vt 5.7976 0.2345 0.0000
vt 5.7957 0.2038 0.0000
vt 5.7953 0.2048 0.0000
vt 5.7976 0.2028 0.0000
vt 5.3789 0.9366 0.0000
vt 5.3793 0.9356 0.0000
vt 5.3770 0.9377 0.0000
vt 4.8964 0.9799 0.0000
vt 4.8972 0.9789 0.0000
vt 0.7009 0.6046 0.0000
vt 0.6880 0.6875 0.0000
vt 0.6880 0.5004 0.0000
vt 0.6880 0.5379 0.0000
vt 0.6880 0.6415 0.0000
vt 0.6880 0.6544 0.0000
vt 0.6880 0.5638 0.0000
vt 0.6880 0.5250 0.0000
vt 0.6990 0.5002 0.0000
vt 0.6990 0.7106 0.0000
vt 0.5511 0.5237 0.0000
vt 0.5491 0.6808 0.0000
vt 0.5492 0.6545 0.0000
vt 0.5494 0.6282 0.0000
vt 0.5494 0.6151 0.0000
vt 0.5496 0.5888 0.0000
vt 0.5497 0.5625 0.0000
vt 0.5497 0.5493 0.0000
vt 0.5498 0.5362 0.0000
vt 0.6856 0.6370 0.0000
vt 0.6844 0.6890 0.0000
vt 0.6844 0.5017 0.0000
vt 0.6844 0.5725 0.0000
vt 0.5603 0.7132 0.0000
vt 0.7070 0.5002 0.0000
vt 0.7070 0.7106 0.0000
vt 0.7014 0.7106 0.0000
vt 0.7010 0.7104 0.0000
vt 0.5086 0.9934 0.0000
vt 0.5464 0.7139 0.0000
vt 0.5481 0.5355 0.0000
vt 0.5480 0.5619 0.0000
vt 0.5478 0.5882 0.0000
vt 0.5479 0.5750 0.0000
vt 0.5457 0.6931 0.0000
vt 0.5458 0.6772 0.0000
vt 0.5458 0.6640 0.0000
vt 0.5459 0.6509 0.0000
vt 0.5460 0.6246 0.0000
vt 0.5460 0.6377 0.0000
vt 0.5461 0.6114 0.0000
vt 0.6664 0.9797 0.0000
vt 0.9693 0.8515 0.0000
vt 0.9696 0.8510 0.0000
vt 0.9700 0.8506 0.0000
vt 0.5799 0.9868 0.0000
vt 0.5766 0.9860 0.0000
vt 0.5764 0.9797 0.0000
vt 0.9696 0.8658 0.0000
vt 0.9693 0.8653 0.0000
vt 0.9700 0.8662 0.0000
vt 0.6806 0.9797 0.0000
vt 0.9807 0.8123 0.0000
vt 0.9809 0.8118 0.0000
vt 0.9813 0.8114 0.0000
vt 0.9809 0.8266 0.0000
vt 0.9807 0.8261 0.0000
vt 0.9813 0.8269 0.0000
vt 0.6712 0.9797 0.0000
vt 0.9433 0.6087 0.0000
vt 0.9435 0.6082 0.0000
vt 0.9439 0.6079 0.0000
vt 0.9435 0.6230 0.0000
vt 0.9433 0.6225 0.0000
vt 0.9439 0.6234 0.0000
vt 0.6854 0.9797 0.0000
vt 0.9674 0.6087 0.0000
vt 0.9676 0.6082 0.0000
vt 0.9680 0.6079 0.0000
vt 0.9676 0.6230 0.0000
vt 0.9674 0.6225 0.0000
vt 0.9680 0.6234 0.0000
vt 0.6759 0.9797 0.0000
vt 0.7091 0.9583 0.0000
vt 0.7093 0.9578 0.0000
vt 0.7097 0.9574 0.0000
vt 0.7093 0.9726 0.0000
vt 0.7091 0.9721 0.0000
vt 0.7097 0.9729 0.0000
vt 0.6333 0.9797 0.0000
vt 0.7171 0.9583 0.0000
vt 0.7173 0.9578 0.0000
vt 0.7177 0.9574 0.0000
vt 0.7173 0.9726 0.0000
vt 0.7171 0.9721 0.0000
vt 0.7177 0.9729 0.0000
vt 0.7279 0.9797 0.0000
vt 0.9353 0.6087 0.0000
vt 0.9355 0.6082 0.0000
vt 0.9359 0.6079 0.0000
vt 0.9355 0.6230 0.0000
vt 0.9353 0.6225 0.0000
vt 0.9359 0.6234 0.0000
vt 0.7523 0.9578 0.0000
vt 0.7525 0.9583 0.0000
vt 0.7519 0.9574 0.0000
vt 0.6901 0.9797 0.0000
vt 0.5972 0.9601 0.0000
vt 0.5974 0.9606 0.0000
vt 0.5968 0.9598 0.0000
vt 0.5654 0.9885 0.0000
vt 0.5654 0.9797 0.0000
vt 0.5689 0.9797 0.0000
vt 0.5974 0.9744 0.0000
vt 0.5972 0.9749 0.0000
vt 0.5968 0.9753 0.0000
vt 0.6475 0.9797 0.0000
vt 0.9544 0.6082 0.0000
vt 0.9546 0.6087 0.0000
vt 0.9540 0.6079 0.0000
vt 0.9546 0.6225 0.0000
vt 0.9544 0.6230 0.0000
vt 0.9540 0.6234 0.0000
vt 0.6948 0.9797 0.0000
vt 0.9274 0.6230 0.0000
vt 0.9272 0.6225 0.0000
vt 0.9279 0.6234 0.0000
vt 0.9272 0.6087 0.0000
vt 0.9274 0.6082 0.0000
vt 0.9279 0.6079 0.0000
vt 0.6996 0.9797 0.0000
vt 0.6997 0.9459 0.0000
vt 0.6999 0.9464 0.0000
vt 0.6993 0.9456 0.0000
vt 0.6999 0.9602 0.0000
vt 0.6997 0.9607 0.0000
vt 0.6993 0.9611 0.0000
vt 0.6522 0.9797 0.0000
vt 0.6881 0.9607 0.0000
vt 0.6879 0.9602 0.0000
vt 0.6885 0.9611 0.0000
vt 0.6879 0.9464 0.0000
vt 0.6881 0.9459 0.0000
vt 0.6885 0.9456 0.0000
vt 0.6380 0.9797 0.0000
vt 0.8556 0.9434 0.0000
vt 0.8554 0.9429 0.0000
vt 0.8560 0.9438 0.0000
vt 0.8554 0.9291 0.0000
vt 0.8556 0.9286 0.0000
vt 0.8560 0.9282 0.0000
vt 0.7327 0.9797 0.0000
vt 0.9595 0.6230 0.0000
vt 0.9593 0.6225 0.0000
vt 0.9600 0.6234 0.0000
vt 0.9593 0.6087 0.0000
vt 0.9595 0.6082 0.0000
vt 0.9600 0.6079 0.0000
vt 0.7525 0.9721 0.0000
vt 0.7523 0.9726 0.0000
vt 0.7519 0.9729 0.0000
vt 0.5086 0.9946 0.0000
vt 0.5101 0.9946 0.0000
vt 0.5129 0.9936 0.0000
vt 0.5455 0.7131 0.0000
vt 5.2755 0.1964 0.0000
vt 5.2495 0.4093 0.0000
vt 5.2495 0.0623 0.0000
vt 5.2495 0.2967 0.0000
vt 5.2495 0.1144 0.0000
vt 5.2495 0.2446 0.0000
vt 5.2716 0.4096 0.0000
vt 4.9700 0.3762 0.0000
vt 4.9701 0.3498 0.0000
vt 4.9704 0.2969 0.0000
vt 4.9707 0.2440 0.0000
vt 4.9708 0.2176 0.0000
vt 4.9710 0.1647 0.0000
vt 4.9713 0.1118 0.0000
vt 4.9714 0.0853 0.0000
vt 4.9716 0.0588 0.0000
vt 5.2475 0.0260 0.0000
vt 5.2475 0.1823 0.0000
vt 5.2476 0.0089 0.0000
vt 5.2423 0.3663 0.0000
vt 5.2423 0.2677 0.0000
vt 5.2423 0.2100 0.0000
vt 5.2423 0.0332 0.0000
vt 5.2423 -0.0104 0.0000
vt 5.2423 0.1318 0.0000
vt 5.2423 0.1895 0.0000
vt 5.2877 -0.0135 0.0000
vt 5.2765 -0.0135 0.0000
vt 5.2758 -0.0132 0.0000
vt 5.2877 0.4096 0.0000
vt 4.8888 0.9785 0.0000
vt 4.9660 0.0308 0.0000
vt 4.9681 0.0576 0.0000
vt 4.9669 0.0838 0.0000
vt 4.9656 0.1101 0.0000
vt 4.9678 0.1105 0.0000
vt 4.9676 0.1634 0.0000
vt 4.9677 0.1369 0.0000
vt 4.9642 0.1894 0.0000
vt 4.9644 0.3688 0.0000
vt 4.9634 0.3424 0.0000
vt 4.9658 0.3158 0.0000
vt 4.9636 0.3160 0.0000
vt 4.9659 0.2893 0.0000
vt 4.9637 0.2895 0.0000
vt 4.9639 0.2366 0.0000
vt 4.9638 0.2631 0.0000
vt 4.9641 0.2102 0.0000
vt 4.9648 0.4126 0.0000
vt 4.9659 0.0041 0.0000
vt 5.2061 0.9510 0.0000
vt 5.8249 0.6911 0.0000
vt 5.8167 0.6914 0.0000
vt 5.0321 0.9652 0.0000
vt 5.0250 0.9510 0.0000
vt 5.0254 0.9637 0.0000
vt 5.8155 0.7209 0.0000
vt 5.8159 0.7219 0.0000
vt 5.8167 0.7226 0.0000
vt 5.8249 0.7229 0.0000
vt 5.2347 0.9510 0.0000
vt 5.8478 0.6122 0.0000
vt 5.8396 0.6124 0.0000
vt 5.8383 0.6419 0.0000
vt 5.8387 0.6430 0.0000
vt 5.8396 0.6437 0.0000
vt 5.8478 0.6440 0.0000
vt 5.2157 0.9510 0.0000
vt 5.7725 0.2028 0.0000
vt 5.7643 0.2030 0.0000
vt 5.7630 0.2325 0.0000
vt 5.7635 0.2335 0.0000
vt 5.7643 0.2343 0.0000
vt 5.7725 0.2345 0.0000
vt 5.2442 0.9510 0.0000
vt 5.8209 0.2028 0.0000
vt 5.8127 0.2030 0.0000
vt 5.8115 0.2325 0.0000
vt 5.8119 0.2335 0.0000
vt 5.8127 0.2343 0.0000
vt 5.8209 0.2345 0.0000
vt 5.2252 0.9510 0.0000
vt 5.3014 0.9059 0.0000
vt 5.2932 0.9061 0.0000
vt 5.2919 0.9356 0.0000
vt 5.2923 0.9366 0.0000
vt 5.2932 0.9374 0.0000
vt 5.3014 0.9377 0.0000
vt 5.1395 0.9510 0.0000
vt 5.3175 0.9059 0.0000
vt 5.3093 0.9061 0.0000
vt 5.3081 0.9356 0.0000
vt 5.3085 0.9366 0.0000
vt 5.3093 0.9374 0.0000
vt 5.3175 0.9377 0.0000
vt 5.3299 0.9510 0.0000
vt 5.7563 0.2028 0.0000
vt 5.7482 0.2030 0.0000
vt 5.7469 0.2325 0.0000
vt 5.7473 0.2335 0.0000
vt 5.7482 0.2343 0.0000
vt 5.7563 0.2345 0.0000
vt 5.3793 0.9079 0.0000
vt 5.3789 0.9069 0.0000
vt 5.3780 0.9061 0.0000
vt 5.3698 0.9059 0.0000
vt 5.2537 0.9510 0.0000
vt 5.0673 0.9126 0.0000
vt 5.0669 0.9116 0.0000
vt 5.0661 0.9109 0.0000
vt 5.0579 0.9106 0.0000
vt 5.0029 0.9686 0.0000
vt 5.0058 0.9686 0.0000
vt 5.0092 0.9672 0.0000
vt 5.0579 0.9424 0.0000
vt 5.0661 0.9421 0.0000
vt 5.1681 0.9510 0.0000
vt 5.7858 0.2048 0.0000
vt 5.7854 0.2038 0.0000
vt 5.7846 0.2030 0.0000
vt 5.7764 0.2028 0.0000
vt 5.7764 0.2345 0.0000
vt 5.7846 0.2343 0.0000
vt 5.2633 0.9510 0.0000
vt 5.7308 0.2325 0.0000
vt 5.7312 0.2335 0.0000
vt 5.7320 0.2343 0.0000
vt 5.7402 0.2345 0.0000
vt 5.7402 0.2028 0.0000
vt 5.7320 0.2030 0.0000
vt 5.2728 0.9510 0.0000
vt 5.2736 0.8841 0.0000
vt 5.2731 0.8830 0.0000
vt 5.2723 0.8823 0.0000
vt 5.2641 0.8820 0.0000
vt 5.2641 0.9138 0.0000
vt 5.2723 0.9136 0.0000
vt 5.1776 0.9510 0.0000
vt 5.2493 0.9118 0.0000
vt 5.2497 0.9128 0.0000
vt 5.2505 0.9136 0.0000
vt 5.2587 0.9138 0.0000
vt 5.2587 0.8820 0.0000
vt 5.2505 0.8823 0.0000
vt 5.1490 0.9510 0.0000
vt 5.5863 0.8770 0.0000
vt 5.5867 0.8780 0.0000
vt 5.5875 0.8787 0.0000
vt 5.5957 0.8790 0.0000
vt 5.5957 0.8472 0.0000
vt 5.5875 0.8475 0.0000
vt 5.3394 0.9510 0.0000
vt 5.7953 0.2325 0.0000
vt 5.7957 0.2335 0.0000
vt 5.7966 0.2343 0.0000
vt 5.8048 0.2345 0.0000
vt 5.8048 0.2028 0.0000
vt 5.7966 0.2030 0.0000
vt 5.3698 0.9377 0.0000
vt 5.3780 0.9374 0.0000
vt 4.8943 0.9806 0.0000
vt 4.8888 0.9809 0.0000
vt 4.8917 0.9809 0.0000
vt 4.9630 0.4148 0.0000
vt 0.9159 0.6208 0.0000
vt 0.9112 0.6223 0.0000
vt 0.9106 0.6208 0.0000
vt 0.6124 0.9797 0.0000
vt 0.6097 0.9842 0.0000
vt 0.6097 0.9797 0.0000
vt 0.6077 0.9797 0.0000
vt 0.6049 0.9842 0.0000
vt 0.6049 0.9797 0.0000
vt 0.9100 0.6196 0.0000
vt 0.9159 0.6176 0.0000
vt 0.9159 0.6196 0.0000
vt 0.9098 0.6156 0.0000
vt 0.9098 0.6176 0.0000
vt 0.9098 0.6136 0.0000
vt 0.9159 0.6156 0.0000
vt 0.9100 0.6117 0.0000
vt 0.9159 0.6136 0.0000
vt 0.6219 0.9842 0.0000
vt 0.6191 0.9797 0.0000
vt 0.6219 0.9797 0.0000
vt 0.8939 0.6196 0.0000
vt 0.8998 0.6176 0.0000
vt 0.8998 0.6196 0.0000
vt 0.8937 0.6156 0.0000
vt 0.8937 0.6176 0.0000
vt 0.8937 0.6136 0.0000
vt 0.8998 0.6156 0.0000
vt 0.8939 0.6117 0.0000
vt 0.8998 0.6136 0.0000
vt 0.9601 0.8430 0.0000
vt 0.9660 0.8410 0.0000
vt 0.9660 0.8430 0.0000
vt 0.9599 0.8390 0.0000
vt 0.9599 0.8410 0.0000
vt 0.9599 0.8370 0.0000
vt 0.9660 0.8390 0.0000
vt 0.9601 0.8350 0.0000
vt 0.9660 0.8370 0.0000
vt 0.8777 0.6156 0.0000
vt 0.8838 0.6136 0.0000
vt 0.8838 0.6156 0.0000
vt 0.6865 0.8462 0.0000
vt 0.6959 0.8560 0.0000
vt 0.6865 0.8610 0.0000
vt 0.6963 0.8579 0.0000
vt 0.6865 0.8638 0.0000
vt 0.6865 0.8870 0.0000
vt 0.6865 0.8768 0.0000
vt 0.6959 0.8819 0.0000
vt 0.6865 0.8897 0.0000
vt 0.6963 0.8838 0.0000
vt 0.6959 0.8948 0.0000
vt 0.6865 0.8948 0.0000
vt 0.6963 0.8929 0.0000
vt 0.6865 0.8740 0.0000
vt 0.6963 0.8799 0.0000
vt 0.6963 0.8540 0.0000
vt 0.6963 0.8670 0.0000
vt 0.6959 0.8689 0.0000
vt 0.6963 0.8709 0.0000
vt 0.6974 0.8725 0.0000
vt 0.6974 0.8783 0.0000
vt 0.7479 0.8267 0.0000
vt 0.7449 0.8239 0.0000
vt 0.7479 0.8239 0.0000
vt 0.6974 0.8912 0.0000
vt 0.6974 0.8855 0.0000
vt 0.6974 0.8596 0.0000
vt 0.6974 0.8653 0.0000
vt 0.7479 0.8137 0.0000
vt 0.7449 0.8109 0.0000
vt 0.7479 0.8109 0.0000
vt 0.7479 0.8008 0.0000
vt 0.7449 0.7980 0.0000
vt 0.7479 0.7980 0.0000
vt 0.7449 0.8008 0.0000
vt 0.7449 0.7831 0.0000
vt 0.7479 0.7831 0.0000
vt 0.7449 0.8137 0.0000
vt 0.7479 0.8318 0.0000
vt 0.7449 0.8267 0.0000
vt 0.9520 0.6276 0.0000
vt 0.9520 0.6425 0.0000
vt 0.9426 0.6374 0.0000
vt 0.9520 0.6453 0.0000
vt 0.9422 0.6393 0.0000
vt 0.9520 0.6684 0.0000
vt 0.9426 0.6633 0.0000
vt 0.9520 0.6582 0.0000
vt 0.9520 0.6712 0.0000
vt 0.9422 0.6652 0.0000
vt 0.9426 0.6763 0.0000
vt 0.9422 0.6743 0.0000
vt 0.9520 0.6763 0.0000
vt 0.9520 0.6554 0.0000
vt 0.9422 0.6614 0.0000
vt 0.9422 0.6355 0.0000
vt 0.9422 0.6484 0.0000
vt 0.9426 0.6504 0.0000
vt 0.9422 0.6523 0.0000
vt 0.9411 0.6539 0.0000
vt 0.7418 0.8239 0.0000
vt 0.7418 0.8267 0.0000
vt 0.9411 0.6727 0.0000
vt 0.9411 0.6669 0.0000
vt 0.9411 0.6410 0.0000
vt 0.7418 0.8137 0.0000
vt 0.7418 0.8109 0.0000
vt 0.7418 0.8008 0.0000
vt 0.7418 0.7980 0.0000
vt 0.7418 0.7831 0.0000
vt 0.7449 0.8318 0.0000
vt 0.7418 0.8318 0.0000
vt 0.6986 0.8647 0.0000
vt 0.7001 0.8608 0.0000
vt 0.7001 0.8641 0.0000
vt 0.6986 0.8776 0.0000
vt 0.7001 0.8738 0.0000
vt 0.7001 0.8770 0.0000
vt 0.6986 0.8906 0.0000
vt 0.7001 0.8867 0.0000
vt 0.7001 0.8900 0.0000
vt 0.9159 0.6105 0.0000
vt 0.9112 0.6090 0.0000
vt 0.9159 0.6090 0.0000
vt 0.8998 0.6208 0.0000
vt 0.8951 0.6223 0.0000
vt 0.8946 0.6208 0.0000
vt 0.8998 0.6105 0.0000
vt 0.8951 0.6090 0.0000
vt 0.8998 0.6090 0.0000
vt 0.9660 0.8442 0.0000
vt 0.9613 0.8457 0.0000
vt 0.9608 0.8442 0.0000
vt 0.9660 0.8338 0.0000
vt 0.9613 0.8323 0.0000
vt 0.9660 0.8323 0.0000
vt 0.8838 0.6104 0.0000
vt 0.8791 0.6089 0.0000
vt 0.8838 0.6089 0.0000
vt 0.9387 0.6455 0.0000
vt 0.9401 0.6417 0.0000
vt 0.9401 0.6461 0.0000
vt 0.9387 0.6585 0.0000
vt 0.9401 0.6546 0.0000
vt 0.9401 0.6590 0.0000
vt 0.9401 0.6720 0.0000
vt 0.9387 0.6681 0.0000
vt 0.9401 0.6676 0.0000
vt 0.7013 0.8638 0.0000
vt 0.9113 0.6235 0.0000
vt 0.9159 0.6223 0.0000
vt 0.9159 0.6235 0.0000
vt 0.9113 0.6077 0.0000
vt 0.6986 0.8602 0.0000
vt 0.9106 0.6105 0.0000
vt 0.9159 0.6117 0.0000
vt 0.7013 0.8768 0.0000
vt 0.8953 0.6235 0.0000
vt 0.8998 0.6223 0.0000
vt 0.8998 0.6235 0.0000
vt 0.8953 0.6077 0.0000
vt 0.8946 0.6105 0.0000
vt 0.8998 0.6117 0.0000
vt 0.7013 0.8870 0.0000
vt 0.7013 0.8897 0.0000
vt 0.9615 0.8469 0.0000
vt 0.9660 0.8457 0.0000
vt 0.9660 0.8469 0.0000
vt 0.9615 0.8311 0.0000
vt 0.9608 0.8338 0.0000
vt 0.9660 0.8350 0.0000
vt 0.8792 0.6077 0.0000
vt 0.8785 0.6104 0.0000
vt 0.8838 0.6117 0.0000
vt 0.8779 0.6117 0.0000
vt 0.5874 0.9797 0.0000
vt 0.5919 0.9844 0.0000
vt 0.5874 0.9844 0.0000
vt 0.9375 0.6453 0.0000
vt 0.9387 0.6422 0.0000
vt 0.9411 0.6468 0.0000
vt 0.9387 0.6552 0.0000
vt 0.9375 0.6582 0.0000
vt 0.9375 0.6554 0.0000
vt 0.9375 0.6684 0.0000
vt 0.9387 0.6714 0.0000
vt 0.9375 0.6712 0.0000
vt 0.6974 0.8462 0.0000
vt 0.6986 0.8517 0.0000
vt 0.6974 0.8524 0.0000
vt 0.7001 0.8462 0.0000
vt 0.7013 0.8509 0.0000
vt 0.7001 0.8511 0.0000
vt 0.6963 0.8462 0.0000
vt 0.6986 0.8462 0.0000
vt 0.9411 0.6338 0.0000
vt 0.9401 0.6331 0.0000
vt 0.9387 0.6326 0.0000
vt 0.9375 0.6323 0.0000
vt 0.9375 0.6276 0.0000
vt 0.8777 0.6136 0.0000
vt 0.9079 0.6105 0.0000
vt 0.9031 0.6090 0.0000
vt 0.9079 0.6090 0.0000
vt 0.6314 0.9842 0.0000
vt 0.6286 0.9797 0.0000
vt 0.6314 0.9797 0.0000
vt 0.6172 0.9842 0.0000
vt 0.6144 0.9797 0.0000
vt 0.6172 0.9797 0.0000
vt 0.9019 0.6117 0.0000
vt 0.9079 0.6136 0.0000
vt 0.9018 0.6136 0.0000
vt 0.9018 0.6156 0.0000
vt 0.9079 0.6156 0.0000
vt 0.9018 0.6176 0.0000
vt 0.9079 0.6176 0.0000
vt 0.9019 0.6196 0.0000
vt 0.6266 0.9842 0.0000
vt 0.6238 0.9797 0.0000
vt 0.6266 0.9797 0.0000
vt 0.7400 0.9612 0.0000
vt 0.7459 0.9632 0.0000
vt 0.7398 0.9632 0.0000
vt 0.7398 0.9652 0.0000
vt 0.7459 0.9652 0.0000
vt 0.7398 0.9672 0.0000
vt 0.7459 0.9672 0.0000
vt 0.7400 0.9691 0.0000
vt 0.8859 0.6117 0.0000
vt 0.8918 0.6136 0.0000
vt 0.8857 0.6136 0.0000
vt 0.8857 0.6156 0.0000
vt 0.8918 0.6156 0.0000
vt 0.8857 0.6176 0.0000
vt 0.8918 0.6176 0.0000
vt 0.8859 0.6196 0.0000
vt 0.8777 0.6176 0.0000
vt 0.6865 0.9435 0.0000
vt 0.6865 0.9286 0.0000
vt 0.6959 0.9337 0.0000
vt 0.6865 0.9258 0.0000
vt 0.6963 0.9317 0.0000
vt 0.6865 0.9027 0.0000
vt 0.6959 0.9078 0.0000
vt 0.6865 0.9129 0.0000
vt 0.6865 0.8999 0.0000
vt 0.6963 0.9058 0.0000
vt 0.6963 0.8968 0.0000
vt 0.6865 0.9157 0.0000
vt 0.6963 0.9097 0.0000
vt 0.6963 0.9356 0.0000
vt 0.6963 0.9227 0.0000
vt 0.6959 0.9207 0.0000
vt 0.6963 0.9188 0.0000
vt 0.6974 0.9114 0.0000
vt 0.7449 0.8396 0.0000
vt 0.7479 0.8368 0.0000
vt 0.7479 0.8396 0.0000
vt 0.6974 0.8984 0.0000
vt 0.6974 0.9301 0.0000
vt 0.6974 0.9243 0.0000
vt 0.7449 0.8526 0.0000
vt 0.7479 0.8498 0.0000
vt 0.7479 0.8526 0.0000
vt 0.7449 0.8655 0.0000
vt 0.7479 0.8627 0.0000
vt 0.7479 0.8655 0.0000
vt 0.7449 0.8627 0.0000
vt 0.7449 0.8804 0.0000
vt 0.7479 0.8804 0.0000
vt 0.7449 0.8498 0.0000
vt 0.7449 0.8368 0.0000
vt 0.9520 0.7249 0.0000
vt 0.9426 0.7151 0.0000
vt 0.9520 0.7100 0.0000
vt 0.9422 0.7132 0.0000
vt 0.9520 0.7072 0.0000
vt 0.9520 0.6841 0.0000
vt 0.9520 0.6943 0.0000
vt 0.9426 0.6892 0.0000
vt 0.9520 0.6813 0.0000
vt 0.9422 0.6873 0.0000
vt 0.9422 0.6782 0.0000
vt 0.9520 0.6971 0.0000
vt 0.9422 0.6912 0.0000
vt 0.9422 0.7171 0.0000
vt 0.9422 0.7041 0.0000
vt 0.9426 0.7022 0.0000
vt 0.9422 0.7002 0.0000
vt 0.9411 0.6928 0.0000
vt 0.7418 0.8368 0.0000
vt 0.7418 0.8396 0.0000
vt 0.9411 0.6799 0.0000
vt 0.9411 0.7115 0.0000
vt 0.7418 0.8498 0.0000
vt 0.7418 0.8526 0.0000
vt 0.7418 0.8627 0.0000
vt 0.7418 0.8655 0.0000
vt 0.7418 0.8804 0.0000
vt 0.7001 0.9288 0.0000
vt 0.6986 0.9250 0.0000
vt 0.7001 0.9256 0.0000
vt 0.7001 0.9159 0.0000
vt 0.6986 0.9120 0.0000
vt 0.7001 0.9126 0.0000
vt 0.7001 0.9029 0.0000
vt 0.6986 0.8991 0.0000
vt 0.7001 0.8997 0.0000
vt 0.9031 0.6223 0.0000
vt 0.9079 0.6208 0.0000
vt 0.9079 0.6223 0.0000
vt 0.7459 0.9600 0.0000
vt 0.7411 0.9585 0.0000
vt 0.7459 0.9585 0.0000
vt 0.7411 0.9718 0.0000
vt 0.7459 0.9703 0.0000
vt 0.7459 0.9718 0.0000
vt 0.8918 0.6105 0.0000
vt 0.8871 0.6090 0.0000
vt 0.8918 0.6090 0.0000
vt 0.8871 0.6223 0.0000
vt 0.8918 0.6208 0.0000
vt 0.8918 0.6223 0.0000
vt 0.8791 0.6223 0.0000
vt 0.8838 0.6208 0.0000
vt 0.8838 0.6223 0.0000
vt 0.9026 0.6105 0.0000
vt 0.9079 0.6117 0.0000
vt 0.9401 0.7109 0.0000
vt 0.9387 0.7070 0.0000
vt 0.9401 0.7064 0.0000
vt 0.9401 0.6979 0.0000
vt 0.9387 0.6941 0.0000
vt 0.9401 0.6935 0.0000
vt 0.9401 0.6805 0.0000
vt 0.9387 0.6844 0.0000
vt 0.9387 0.6811 0.0000
vt 0.7013 0.9258 0.0000
vt 0.9033 0.6077 0.0000
vt 0.9033 0.6235 0.0000
vt 0.6986 0.9294 0.0000
vt 0.9079 0.6196 0.0000
vt 0.9026 0.6208 0.0000
vt 0.7406 0.9600 0.0000
vt 0.7459 0.9612 0.0000
vt 0.7013 0.9129 0.0000
vt 0.7413 0.9573 0.0000
vt 0.7413 0.9731 0.0000
vt 0.6974 0.9171 0.0000
vt 0.7459 0.9691 0.0000
vt 0.7406 0.9703 0.0000
vt 0.8866 0.6105 0.0000
vt 0.8918 0.6117 0.0000
vt 0.7013 0.9027 0.0000
vt 0.8873 0.6077 0.0000
vt 0.8873 0.6235 0.0000
vt 0.6974 0.9042 0.0000
vt 0.8918 0.6196 0.0000
vt 0.8866 0.6208 0.0000
vt 0.8792 0.6235 0.0000
vt 0.8838 0.6196 0.0000
vt 0.8785 0.6208 0.0000
vt 0.8779 0.6196 0.0000
vt 0.5984 0.9797 0.0000
vt 0.5938 0.9844 0.0000
vt 0.5938 0.9797 0.0000
vt 0.9387 0.7103 0.0000
vt 0.9375 0.7072 0.0000
vt 0.9411 0.7058 0.0000
vt 0.9375 0.6943 0.0000
vt 0.9387 0.6973 0.0000
vt 0.9375 0.6971 0.0000
vt 0.9411 0.6986 0.0000
vt 0.9375 0.6841 0.0000
vt 0.9411 0.6856 0.0000
vt 0.6986 0.9379 0.0000
vt 0.6974 0.9435 0.0000
vt 0.6974 0.9373 0.0000
vt 0.7013 0.9388 0.0000
vt 0.7001 0.9435 0.0000
vt 0.7001 0.9385 0.0000
vt 0.6963 0.9435 0.0000
vt 0.6986 0.9435 0.0000
vt 0.9411 0.7187 0.0000
vt 0.9401 0.7194 0.0000
vt 0.9387 0.7200 0.0000
vt 0.9375 0.7202 0.0000
vt 0.9375 0.7249 0.0000
vt 0.8838 0.6176 0.0000
vt 5.7079 0.2290 0.0000
vt 5.6984 0.2321 0.0000
vt 5.7079 0.2321 0.0000
vt 5.0919 0.9601 0.0000
vt 5.0975 0.9510 0.0000
vt 5.0919 0.9510 0.0000
vt 5.0824 0.9601 0.0000
vt 5.0880 0.9510 0.0000
vt 5.0824 0.9510 0.0000
vt 5.6960 0.2266 0.0000
vt 5.7079 0.2226 0.0000
vt 5.6957 0.2226 0.0000
vt 5.6957 0.2186 0.0000
vt 5.7079 0.2186 0.0000
vt 5.6957 0.2147 0.0000
vt 5.7079 0.2147 0.0000
vt 5.6960 0.2107 0.0000
vt 5.1166 0.9601 0.0000
vt 5.1110 0.9510 0.0000
vt 5.1110 0.9601 0.0000
vt 5.6637 0.2266 0.0000
vt 5.6756 0.2226 0.0000
vt 5.6634 0.2226 0.0000
vt 5.6634 0.2186 0.0000
vt 5.6756 0.2186 0.0000
vt 5.6634 0.2147 0.0000
vt 5.6756 0.2147 0.0000
vt 5.6637 0.2107 0.0000
vt 5.7969 0.6759 0.0000
vt 5.8088 0.6719 0.0000
vt 5.7965 0.6719 0.0000
vt 5.7965 0.6680 0.0000
vt 5.8088 0.6680 0.0000
vt 5.7965 0.6640 0.0000
vt 5.8088 0.6640 0.0000
vt 5.7969 0.6600 0.0000
vt 5.6311 0.2186 0.0000
vt 5.6433 0.2146 0.0000
vt 5.6311 0.2146 0.0000
vt 5.2465 0.6824 0.0000
vt 5.2465 0.7123 0.0000
vt 5.2655 0.7021 0.0000
vt 5.2465 0.7179 0.0000
vt 5.2663 0.7060 0.0000
vt 5.2465 0.7644 0.0000
vt 5.2655 0.7542 0.0000
vt 5.2465 0.7440 0.0000
vt 5.2465 0.7700 0.0000
vt 5.2663 0.7581 0.0000
vt 5.2655 0.7803 0.0000
vt 5.2663 0.7763 0.0000
vt 5.2465 0.7803 0.0000
vt 5.2465 0.7384 0.0000
vt 5.2663 0.7503 0.0000
vt 5.2663 0.6982 0.0000
vt 5.2663 0.7242 0.0000
vt 5.2655 0.7282 0.0000
vt 5.2663 0.7321 0.0000
vt 5.2685 0.7354 0.0000
vt 5.3639 0.6375 0.0000
vt 5.3700 0.6432 0.0000
vt 5.3700 0.6375 0.0000
vt 5.2685 0.7730 0.0000
vt 5.2685 0.7093 0.0000
vt 5.2685 0.7209 0.0000
vt 5.3639 0.6115 0.0000
vt 5.3700 0.6171 0.0000
vt 5.3700 0.6115 0.0000
vt 5.3639 0.5854 0.0000
vt 5.3700 0.5911 0.0000
vt 5.3700 0.5854 0.0000
vt 5.3639 0.5911 0.0000
vt 5.3639 0.5555 0.0000
vt 5.3700 0.5555 0.0000
vt 5.3639 0.6171 0.0000
vt 5.3639 0.6432 0.0000
vt 5.3700 0.6534 0.0000
vt 5.7806 0.2427 0.0000
vt 5.7616 0.2624 0.0000
vt 5.7806 0.2726 0.0000
vt 5.7608 0.2664 0.0000
vt 5.7806 0.2783 0.0000
vt 5.7806 0.3248 0.0000
vt 5.7806 0.3043 0.0000
vt 5.7616 0.3145 0.0000
vt 5.7806 0.3304 0.0000
vt 5.7608 0.3185 0.0000
vt 5.7616 0.3406 0.0000
vt 5.7806 0.3406 0.0000
vt 5.7608 0.3367 0.0000
vt 5.7806 0.2987 0.0000
vt 5.7608 0.3106 0.0000
vt 5.7608 0.2585 0.0000
vt 5.7608 0.2846 0.0000
vt 5.7616 0.2885 0.0000
vt 5.7608 0.2924 0.0000
vt 5.7586 0.2957 0.0000
vt 5.7586 0.3073 0.0000
vt 5.3578 0.6375 0.0000
vt 5.7586 0.3334 0.0000
vt 5.7586 0.2697 0.0000
vt 5.3578 0.6171 0.0000
vt 5.3578 0.6115 0.0000
vt 5.3578 0.5911 0.0000
vt 5.3578 0.5854 0.0000
vt 5.3578 0.5555 0.0000
vt 5.3578 0.6432 0.0000
vt 5.3639 0.6534 0.0000
vt 5.2739 0.7118 0.0000
vt 5.2709 0.7196 0.0000
vt 5.2739 0.7184 0.0000
vt 5.2739 0.7379 0.0000
vt 5.2709 0.7456 0.0000
vt 5.2739 0.7445 0.0000
vt 5.2739 0.7639 0.0000
vt 5.2709 0.7717 0.0000
vt 5.2739 0.7705 0.0000
vt 5.6984 0.2052 0.0000
vt 5.7079 0.2082 0.0000
vt 5.7079 0.2052 0.0000
vt 5.6756 0.2290 0.0000
vt 5.6661 0.2321 0.0000
vt 5.6756 0.2321 0.0000
vt 5.6661 0.2052 0.0000
vt 5.6756 0.2082 0.0000
vt 5.6756 0.2052 0.0000
vt 5.8088 0.6784 0.0000
vt 5.7993 0.6814 0.0000
vt 5.8088 0.6814 0.0000
vt 5.7993 0.6545 0.0000
vt 5.8088 0.6576 0.0000
vt 5.8088 0.6545 0.0000
vt 5.6338 0.2052 0.0000
vt 5.6433 0.2082 0.0000
vt 5.6433 0.2052 0.0000
vt 5.6973 0.2291 0.0000
vt 5.7079 0.2266 0.0000
vt 5.7566 0.2710 0.0000
vt 5.7538 0.2788 0.0000
vt 5.7566 0.2799 0.0000
vt 5.7566 0.2971 0.0000
vt 5.7538 0.3048 0.0000
vt 5.7566 0.3060 0.0000
vt 5.7566 0.3320 0.0000
vt 5.7538 0.3243 0.0000
vt 5.7538 0.3309 0.0000
vt 5.2764 0.7179 0.0000
vt 5.6988 0.2345 0.0000
vt 5.6988 0.2028 0.0000
vt 5.2709 0.7107 0.0000
vt 5.7079 0.2107 0.0000
vt 5.6973 0.2082 0.0000
vt 5.6651 0.2291 0.0000
vt 5.6756 0.2266 0.0000
vt 5.2764 0.7440 0.0000
vt 5.6665 0.2345 0.0000
vt 5.6665 0.2028 0.0000
vt 5.2685 0.7470 0.0000
vt 5.6756 0.2107 0.0000
vt 5.6651 0.2082 0.0000
vt 5.7982 0.6784 0.0000
vt 5.8088 0.6759 0.0000
vt 5.2764 0.7644 0.0000
vt 5.7996 0.6838 0.0000
vt 5.7996 0.6521 0.0000
vt 5.2685 0.7614 0.0000
vt 5.8088 0.6600 0.0000
vt 5.7982 0.6576 0.0000
vt 5.6342 0.2027 0.0000
vt 5.6433 0.2106 0.0000
vt 5.6328 0.2082 0.0000
vt 5.6315 0.2106 0.0000
vt 5.0562 0.9605 0.0000
vt 5.0471 0.9510 0.0000
vt 5.0471 0.9605 0.0000
vt 5.7538 0.2722 0.0000
vt 5.7514 0.2783 0.0000
vt 5.7586 0.2813 0.0000
vt 5.7514 0.3043 0.0000
vt 5.7538 0.2982 0.0000
vt 5.7514 0.2987 0.0000
vt 5.7514 0.3248 0.0000
vt 5.7586 0.3218 0.0000
vt 5.2709 0.6935 0.0000
vt 5.2685 0.6824 0.0000
vt 5.2685 0.6949 0.0000
vt 5.2764 0.6919 0.0000
vt 5.2739 0.6824 0.0000
vt 5.2739 0.6924 0.0000
vt 5.2663 0.6824 0.0000
vt 5.2709 0.6824 0.0000
vt 5.7586 0.2552 0.0000
vt 5.7566 0.2539 0.0000
vt 5.7538 0.2527 0.0000
vt 5.7514 0.2522 0.0000
vt 5.7514 0.2427 0.0000
vt 5.6918 0.2082 0.0000
vt 5.6823 0.2052 0.0000
vt 5.6812 0.2082 0.0000
vt 5.1300 0.9510 0.0000
vt 5.1356 0.9601 0.0000
vt 5.1356 0.9510 0.0000
vt 5.1015 0.9510 0.0000
vt 5.1071 0.9601 0.0000
vt 5.1071 0.9510 0.0000
vt 5.6799 0.2107 0.0000
vt 5.6918 0.2147 0.0000
vt 5.6918 0.2107 0.0000
vt 5.6795 0.2186 0.0000
vt 5.6795 0.2147 0.0000
vt 5.6795 0.2226 0.0000
vt 5.6918 0.2186 0.0000
vt 5.6799 0.2266 0.0000
vt 5.6918 0.2226 0.0000
vt 5.1205 0.9510 0.0000
vt 5.1261 0.9601 0.0000
vt 5.1261 0.9510 0.0000
vt 5.3540 0.9138 0.0000
vt 5.3659 0.9178 0.0000
vt 5.3659 0.9138 0.0000
vt 5.3537 0.9218 0.0000
vt 5.3537 0.9178 0.0000
vt 5.3537 0.9257 0.0000
vt 5.3659 0.9218 0.0000
vt 5.3540 0.9297 0.0000
vt 5.3659 0.9257 0.0000
vt 5.6476 0.2107 0.0000
vt 5.6595 0.2147 0.0000
vt 5.6595 0.2107 0.0000
vt 5.6472 0.2186 0.0000
vt 5.6472 0.2147 0.0000
vt 5.6472 0.2226 0.0000
vt 5.6595 0.2186 0.0000
vt 5.6476 0.2266 0.0000
vt 5.6595 0.2226 0.0000
vt 5.6311 0.2226 0.0000
vt 5.6433 0.2186 0.0000
vt 5.2465 0.8781 0.0000
vt 5.2655 0.8584 0.0000
vt 5.2465 0.8482 0.0000
vt 5.2663 0.8545 0.0000
vt 5.2465 0.8426 0.0000
vt 5.2465 0.7961 0.0000
vt 5.2465 0.8165 0.0000
vt 5.2655 0.8063 0.0000
vt 5.2465 0.7905 0.0000
vt 5.2663 0.8024 0.0000
vt 5.2663 0.7842 0.0000
vt 5.2465 0.8222 0.0000
vt 5.2663 0.8102 0.0000
vt 5.2663 0.8623 0.0000
vt 5.2663 0.8363 0.0000
vt 5.2655 0.8324 0.0000
vt 5.2663 0.8285 0.0000
vt 5.2685 0.8136 0.0000
vt 5.3700 0.6636 0.0000
vt 5.3639 0.6692 0.0000
vt 5.3700 0.6692 0.0000
vt 5.2685 0.7875 0.0000
vt 5.2685 0.7991 0.0000
vt 5.2685 0.8512 0.0000
vt 5.2685 0.8396 0.0000
vt 5.3700 0.6897 0.0000
vt 5.3639 0.6953 0.0000
vt 5.3700 0.6953 0.0000
vt 5.3700 0.7157 0.0000
vt 5.3639 0.7214 0.0000
vt 5.3700 0.7214 0.0000
vt 5.3639 0.7157 0.0000
vt 5.3639 0.7513 0.0000
vt 5.3700 0.7513 0.0000
vt 5.3639 0.6897 0.0000
vt 5.3639 0.6636 0.0000
vt 5.7806 0.4385 0.0000
vt 5.7806 0.4086 0.0000
vt 5.7616 0.4188 0.0000
vt 5.7806 0.4029 0.0000
vt 5.7608 0.4149 0.0000
vt 5.7806 0.3564 0.0000
vt 5.7616 0.3667 0.0000
vt 5.7806 0.3769 0.0000
vt 5.7806 0.3508 0.0000
vt 5.7608 0.3628 0.0000
vt 5.7608 0.3445 0.0000
vt 5.7806 0.3825 0.0000
vt 5.7608 0.3706 0.0000
vt 5.7608 0.4227 0.0000
vt 5.7608 0.3966 0.0000
vt 5.7616 0.3927 0.0000
vt 5.7608 0.3888 0.0000
vt 5.7586 0.3739 0.0000
vt 5.3578 0.6636 0.0000
vt 5.3578 0.6692 0.0000
vt 5.7586 0.3478 0.0000
vt 5.7586 0.3594 0.0000
vt 5.7586 0.4115 0.0000
vt 5.3578 0.6897 0.0000
vt 5.3578 0.6953 0.0000
vt 5.3578 0.7157 0.0000
vt 5.3578 0.7214 0.0000
vt 5.3578 0.7513 0.0000
vt 5.3578 0.6534 0.0000
vt 5.2709 0.8410 0.0000
vt 5.2739 0.8487 0.0000
vt 5.2739 0.8421 0.0000
vt 5.2709 0.8149 0.0000
vt 5.2739 0.8226 0.0000
vt 5.2739 0.8161 0.0000
vt 5.2709 0.7889 0.0000
vt 5.2739 0.7966 0.0000
vt 5.2739 0.7900 0.0000
vt 5.6918 0.2290 0.0000
vt 5.6823 0.2321 0.0000
vt 5.6918 0.2321 0.0000
vt 5.3659 0.9114 0.0000
vt 5.3564 0.9083 0.0000
vt 5.3554 0.9114 0.0000
vt 5.3659 0.9322 0.0000
vt 5.3564 0.9352 0.0000
vt 5.3659 0.9352 0.0000
vt 5.6595 0.2082 0.0000
vt 5.6500 0.2052 0.0000
vt 5.6489 0.2082 0.0000
vt 5.6595 0.2290 0.0000
vt 5.6500 0.2321 0.0000
vt 5.6595 0.2321 0.0000
vt 5.6433 0.2290 0.0000
vt 5.6338 0.2321 0.0000
vt 5.6433 0.2321 0.0000
vt 5.7538 0.4025 0.0000
vt 5.7566 0.4102 0.0000
vt 5.7566 0.4013 0.0000
vt 5.7538 0.3764 0.0000
vt 5.7566 0.3841 0.0000
vt 5.7566 0.3752 0.0000
vt 5.7566 0.3492 0.0000
vt 5.7538 0.3569 0.0000
vt 5.7566 0.3581 0.0000
vt 5.2764 0.8426 0.0000
vt 5.6826 0.2028 0.0000
vt 5.6918 0.2052 0.0000
vt 5.6918 0.2028 0.0000
vt 5.6826 0.2345 0.0000
vt 5.2709 0.8498 0.0000
vt 5.6812 0.2291 0.0000
vt 5.6918 0.2266 0.0000
vt 5.2764 0.8165 0.0000
vt 5.3568 0.9059 0.0000
vt 5.3659 0.9083 0.0000
vt 5.3659 0.9059 0.0000
vt 5.3568 0.9377 0.0000
vt 5.2685 0.8252 0.0000
vt 5.3554 0.9322 0.0000
vt 5.3659 0.9297 0.0000
vt 5.2764 0.7961 0.0000
vt 5.2764 0.7905 0.0000
vt 5.6503 0.2028 0.0000
vt 5.6595 0.2052 0.0000
vt 5.6595 0.2028 0.0000
vt 5.6503 0.2345 0.0000
vt 5.6489 0.2291 0.0000
vt 5.6595 0.2266 0.0000
vt 5.6342 0.2345 0.0000
vt 5.6328 0.2291 0.0000
vt 5.6433 0.2266 0.0000
vt 5.6315 0.2266 0.0000
vt 5.0601 0.9605 0.0000
vt 5.0693 0.9510 0.0000
vt 5.0601 0.9510 0.0000
vt 5.7514 0.4029 0.0000
vt 5.7538 0.4090 0.0000
vt 5.7586 0.3999 0.0000
vt 5.7538 0.3830 0.0000
vt 5.7514 0.3769 0.0000
vt 5.7514 0.3825 0.0000
vt 5.7586 0.3855 0.0000
vt 5.7514 0.3564 0.0000
vt 5.7538 0.3504 0.0000
vt 5.7514 0.3508 0.0000
vt 5.2685 0.8781 0.0000
vt 5.2709 0.8670 0.0000
vt 5.2685 0.8657 0.0000
vt 5.2739 0.8781 0.0000
vt 5.2764 0.8686 0.0000
vt 5.2739 0.8682 0.0000
vt 5.2663 0.8781 0.0000
vt 5.2709 0.8781 0.0000
vt 5.7586 0.4260 0.0000
vt 5.7566 0.4273 0.0000
vt 5.7538 0.4285 0.0000
vt 5.7514 0.4290 0.0000
vt 5.7514 0.4385 0.0000
vt 5.6433 0.2226 0.0000
vt 0.6124 0.9842 0.0000
vt 0.6077 0.9842 0.0000
vt 0.6191 0.9842 0.0000
vt 0.9411 0.6597 0.0000
vt 0.6986 0.8732 0.0000
vt 0.6986 0.8861 0.0000
vt 0.7013 0.8611 0.0000
vt 0.9159 0.6077 0.0000
vt 0.7013 0.8740 0.0000
vt 0.8998 0.6077 0.0000
vt 0.9660 0.8311 0.0000
vt 0.8838 0.6077 0.0000
vt 0.5919 0.9797 0.0000
vt 0.9375 0.6425 0.0000
vt 0.7013 0.8462 0.0000
vt 0.6286 0.9842 0.0000
vt 0.6144 0.9842 0.0000
vt 0.6238 0.9842 0.0000
vt 0.6986 0.9165 0.0000
vt 0.6986 0.9035 0.0000
vt 0.9401 0.6850 0.0000
vt 0.7013 0.9286 0.0000
vt 0.9079 0.6077 0.0000
vt 0.9079 0.6235 0.0000
vt 0.7013 0.9157 0.0000
vt 0.7459 0.9573 0.0000
vt 0.7459 0.9731 0.0000
vt 0.7013 0.8999 0.0000
vt 0.8918 0.6077 0.0000
vt 0.8918 0.6235 0.0000
vt 0.8838 0.6235 0.0000
vt 0.5984 0.9844 0.0000
vt 0.9375 0.7100 0.0000
vt 0.9375 0.6813 0.0000
vt 0.7013 0.9435 0.0000
vt 5.0975 0.9601 0.0000
vt 5.0880 0.9601 0.0000
vt 5.1166 0.9510 0.0000
vt 5.2709 0.7367 0.0000
vt 5.2709 0.7628 0.0000
vt 5.7566 0.3231 0.0000
vt 5.2764 0.7123 0.0000
vt 5.7079 0.2345 0.0000
vt 5.7079 0.2028 0.0000
vt 5.2764 0.7384 0.0000
vt 5.6756 0.2345 0.0000
vt 5.6756 0.2028 0.0000
vt 5.2764 0.7700 0.0000
vt 5.8088 0.6838 0.0000
vt 5.8088 0.6521 0.0000
vt 5.6433 0.2027 0.0000
vt 5.0562 0.9510 0.0000
vt 5.7514 0.2727 0.0000
vt 5.7514 0.3304 0.0000
vt 5.2764 0.6824 0.0000
vt 5.1300 0.9601 0.0000
vt 5.1015 0.9601 0.0000
vt 5.1205 0.9601 0.0000
vt 5.2709 0.8238 0.0000
vt 5.2709 0.7978 0.0000
vt 5.2764 0.8482 0.0000
vt 5.6918 0.2345 0.0000
vt 5.2764 0.8222 0.0000
vt 5.3659 0.9377 0.0000
vt 5.6595 0.2345 0.0000
vt 5.6433 0.2345 0.0000
vt 5.0693 0.9605 0.0000
vt 5.7514 0.4085 0.0000
vt 5.2764 0.8781 0.0000
vt 0.7482 0.9079 0.0000
vt 0.7450 0.9047 0.0000
vt 0.7478 0.9043 0.0000
vt 0.7472 0.9008 0.0000
vt 0.7446 0.9013 0.0000
vt 0.7465 0.8975 0.0000
vt 0.7434 0.8953 0.0000
vt 0.7454 0.8944 0.0000
vt 0.7457 0.9525 0.0000
vt 0.7444 0.9485 0.0000
vt 0.7469 0.9493 0.0000
vt 0.7477 0.9457 0.0000
vt 0.7455 0.9417 0.0000
vt 0.7484 0.9420 0.0000
vt 0.7487 0.9383 0.0000
vt 0.7461 0.9343 0.0000
vt 0.7491 0.9345 0.0000
vt 0.7461 0.9306 0.0000
vt 0.7491 0.9306 0.0000
vt 0.7462 0.9268 0.0000
vt 0.7491 0.9268 0.0000
vt 0.7462 0.9230 0.0000
vt 0.7492 0.9229 0.0000
vt 0.7461 0.9192 0.0000
vt 0.7490 0.9191 0.0000
vt 0.7488 0.9153 0.0000
vt 0.7456 0.9118 0.0000
vt 0.7486 0.9116 0.0000
vt 0.7089 0.9103 0.0000
vt 0.7239 0.9059 0.0000
vt 0.7240 0.9094 0.0000
vt 0.7086 0.9070 0.0000
vt 0.7235 0.9023 0.0000
vt 0.7084 0.9037 0.0000
vt 0.7233 0.8987 0.0000
vt 0.7081 0.9004 0.0000
vt 0.7227 0.8953 0.0000
vt 0.7077 0.9501 0.0000
vt 0.7235 0.9483 0.0000
vt 0.7229 0.9519 0.0000
vt 0.7080 0.9467 0.0000
vt 0.7238 0.9446 0.0000
vt 0.7084 0.9434 0.0000
vt 0.7240 0.9410 0.0000
vt 0.7086 0.9400 0.0000
vt 0.7242 0.9375 0.0000
vt 0.7088 0.9367 0.0000
vt 0.7243 0.9339 0.0000
vt 0.7090 0.9334 0.0000
vt 0.7244 0.9304 0.0000
vt 0.7091 0.9301 0.0000
vt 0.7245 0.9269 0.0000
vt 0.7092 0.9268 0.0000
vt 0.7243 0.9234 0.0000
vt 0.7092 0.9235 0.0000
vt 0.7243 0.9199 0.0000
vt 0.7092 0.9202 0.0000
vt 0.7244 0.9164 0.0000
vt 0.7091 0.9169 0.0000
vt 0.7241 0.9129 0.0000
vt 0.7090 0.9136 0.0000
vt 0.7269 0.9057 0.0000
vt 0.7271 0.9093 0.0000
vt 0.7268 0.9020 0.0000
vt 0.7264 0.8982 0.0000
vt 0.7257 0.8941 0.0000
vt 0.7269 0.9486 0.0000
vt 0.7264 0.9530 0.0000
vt 0.7270 0.9447 0.0000
vt 0.7272 0.9411 0.0000
vt 0.7273 0.9375 0.0000
vt 0.7274 0.9339 0.0000
vt 0.7274 0.9304 0.0000
vt 0.7274 0.9269 0.0000
vt 0.7274 0.9234 0.0000
vt 0.7274 0.9198 0.0000
vt 0.7273 0.9163 0.0000
vt 0.7272 0.9128 0.0000
vt 0.7377 0.9088 0.0000
vt 0.7413 0.9050 0.0000
vt 0.7415 0.9085 0.0000
vt 0.7375 0.9053 0.0000
vt 0.7411 0.9017 0.0000
vt 0.7375 0.9019 0.0000
vt 0.7409 0.8986 0.0000
vt 0.7375 0.8986 0.0000
vt 0.7407 0.8959 0.0000
vt 0.7381 0.9508 0.0000
vt 0.7410 0.9479 0.0000
vt 0.7408 0.9507 0.0000
vt 0.7377 0.9480 0.0000
vt 0.7413 0.9448 0.0000
vt 0.7376 0.9447 0.0000
vt 0.7416 0.9414 0.0000
vt 0.7378 0.9413 0.0000
vt 0.7418 0.9378 0.0000
vt 0.7378 0.9377 0.0000
vt 0.7420 0.9342 0.0000
vt 0.7380 0.9341 0.0000
vt 0.7421 0.9305 0.0000
vt 0.7381 0.9305 0.0000
vt 0.7422 0.9268 0.0000
vt 0.7383 0.9269 0.0000
vt 0.7421 0.9231 0.0000
vt 0.7381 0.9233 0.0000
vt 0.7421 0.9194 0.0000
vt 0.7379 0.9196 0.0000
vt 0.7418 0.9157 0.0000
vt 0.7379 0.9159 0.0000
vt 0.7417 0.9121 0.0000
vt 0.7378 0.9123 0.0000
vt 0.7522 0.9074 0.0000
vt 0.7539 0.9033 0.0000
vt 0.7544 0.9072 0.0000
vt 0.7510 0.9000 0.0000
vt 0.7532 0.8995 0.0000
vt 0.7524 0.8957 0.0000
vt 0.7502 0.8963 0.0000
vt 0.7514 0.8918 0.0000
vt 0.7495 0.9548 0.0000
vt 0.7532 0.9513 0.0000
vt 0.7520 0.9553 0.0000
vt 0.7518 0.9466 0.0000
vt 0.7543 0.9471 0.0000
vt 0.7525 0.9426 0.0000
vt 0.7548 0.9429 0.0000
vt 0.7529 0.9387 0.0000
vt 0.7552 0.9388 0.0000
vt 0.7531 0.9348 0.0000
vt 0.7554 0.9349 0.0000
vt 0.7534 0.9308 0.0000
vt 0.7557 0.9310 0.0000
vt 0.7559 0.9268 0.0000
vt 0.7535 0.9268 0.0000
vt 0.7557 0.9227 0.0000
vt 0.7534 0.9228 0.0000
vt 0.7555 0.9186 0.0000
vt 0.7529 0.9149 0.0000
vt 0.7551 0.9147 0.0000
vt 0.7525 0.9111 0.0000
vt 0.7547 0.9110 0.0000
vt 0.7334 0.9091 0.0000
vt 0.7301 0.9056 0.0000
vt 0.7333 0.9056 0.0000
vt 0.7333 0.9020 0.0000
vt 0.7300 0.9019 0.0000
vt 0.7334 0.8982 0.0000
vt 0.7298 0.8980 0.0000
vt 0.7340 0.8940 0.0000
vt 0.7307 0.9533 0.0000
vt 0.7338 0.9484 0.0000
vt 0.7344 0.9523 0.0000
vt 0.7304 0.9487 0.0000
vt 0.7336 0.9448 0.0000
vt 0.7303 0.9449 0.0000
vt 0.7335 0.9412 0.0000
vt 0.7303 0.9412 0.0000
vt 0.7336 0.9377 0.0000
vt 0.7304 0.9376 0.0000
vt 0.7336 0.9342 0.0000
vt 0.7304 0.9341 0.0000
vt 0.7337 0.9306 0.0000
vt 0.7305 0.9305 0.0000
vt 0.7337 0.9269 0.0000
vt 0.7305 0.9269 0.0000
vt 0.7337 0.9233 0.0000
vt 0.7305 0.9233 0.0000
vt 0.7337 0.9197 0.0000
vt 0.7304 0.9198 0.0000
vt 0.7335 0.9162 0.0000
vt 0.7304 0.9163 0.0000
vt 0.7335 0.9127 0.0000
vt 0.7301 0.9092 0.0000
vt 0.7379 0.8956 0.0000
vt 0.7298 0.8934 0.0000
vt 0.7303 0.9128 0.0000
vt 0.7504 0.9076 0.0000
vt 0.7499 0.9039 0.0000
vt 0.7494 0.9003 0.0000
vt 0.7485 0.8968 0.0000
vt 0.7472 0.8933 0.0000
vt 0.7476 0.9538 0.0000
vt 0.7491 0.9500 0.0000
vt 0.7500 0.9462 0.0000
vt 0.7506 0.9423 0.0000
vt 0.7510 0.9385 0.0000
vt 0.7513 0.9346 0.0000
vt 0.7515 0.9308 0.0000
vt 0.7516 0.9268 0.0000
vt 0.7515 0.9228 0.0000
vt 0.7513 0.9189 0.0000
vt 0.7511 0.9151 0.0000
vt 0.7508 0.9113 0.0000
vt 0.9495 0.7293 0.0000
vt 0.9509 0.7327 0.0000
vt 0.9490 0.7319 0.0000
vt 0.9524 0.7305 0.0000
vt 0.9525 0.7342 0.0000
vt 0.9547 0.7327 0.0000
vt 0.9533 0.7362 0.0000
vt 0.9559 0.7357 0.0000
vt 0.9533 0.7383 0.0000
vt 0.9559 0.7388 0.0000
vt 0.9525 0.7403 0.0000
vt 0.9547 0.7418 0.0000
vt 0.9510 0.7418 0.0000
vt 0.9524 0.7440 0.0000
vt 0.9490 0.7427 0.0000
vt 0.9495 0.7452 0.0000
vt 0.9468 0.7427 0.0000
vt 0.9463 0.7453 0.0000
vt 0.9449 0.7419 0.0000
vt 0.9434 0.7441 0.0000
vt 0.9433 0.7403 0.0000
vt 0.9411 0.7418 0.0000
vt 0.9425 0.7384 0.0000
vt 0.9399 0.7389 0.0000
vt 0.9425 0.7362 0.0000
vt 0.9399 0.7357 0.0000
vt 0.9433 0.7342 0.0000
vt 0.9411 0.7327 0.0000
vt 0.9448 0.7327 0.0000
vt 0.9434 0.7305 0.0000
vt 0.9468 0.7319 0.0000
vt 0.9463 0.7293 0.0000
vt 0.7454 0.9082 0.0000
vt 0.7441 0.8981 0.0000
vt 0.7435 0.9515 0.0000
vt 0.7450 0.9452 0.0000
vt 0.7458 0.9381 0.0000
vt 0.7459 0.9155 0.0000
vt 0.9479 0.7373 0.0000
vt 0.9500 0.7269 0.0000
vt 0.9538 0.7285 0.0000
vt 0.9567 0.7314 0.0000
vt 0.9583 0.7352 0.0000
vt 0.9583 0.7393 0.0000
vt 0.9567 0.7431 0.0000
vt 0.9538 0.7460 0.0000
vt 0.9500 0.7477 0.0000
vt 0.9458 0.7477 0.0000
vt 0.9420 0.7461 0.0000
vt 0.9391 0.7432 0.0000
vt 0.9375 0.7394 0.0000
vt 0.9375 0.7352 0.0000
vt 0.9391 0.7314 0.0000
vt 0.9420 0.7284 0.0000
vt 0.9458 0.7269 0.0000
vt 0.7517 0.9037 0.0000
vt 0.7489 0.8923 0.0000
vt 0.7509 0.9506 0.0000
vt 0.7532 0.9188 0.0000
vt 0.7077 0.8970 0.0000
vt 0.7124 0.8469 0.0000
vt 0.7153 0.8758 0.0000
vt 0.7124 0.8787 0.0000
vt 0.7068 0.8471 0.0000
vt 0.7067 0.8788 0.0000
vt 0.7153 0.8497 0.0000
vt 0.7159 0.8761 0.0000
vt 0.7039 0.8499 0.0000
vt 0.7039 0.8762 0.0000
vt 0.7033 0.8496 0.0000
vt 0.7033 0.8765 0.0000
vt 0.7127 0.8795 0.0000
vt 0.7065 0.8795 0.0000
vt 0.7065 0.8464 0.0000
vt 0.7127 0.8462 0.0000
vt 0.7159 0.8493 0.0000
vt 0.7559 0.6013 0.0000
vt 0.7266 0.6082 0.0000
vt 0.7234 0.6013 0.0000
vt 0.7559 0.6079 0.0000
vt 0.7274 0.6163 0.0000
vt 0.7559 0.6243 0.0000
vt 0.7266 0.6243 0.0000
vt 0.7559 0.6310 0.0000
vt 0.7234 0.6310 0.0000
vt 0.7089 0.5493 0.0000
vt 0.7163 0.5417 0.0000
vt 0.7163 0.5493 0.0000
vt 0.7089 0.5417 0.0000
vt 0.7163 0.5336 0.0000
vt 0.7089 0.5336 0.0000
vt 0.7163 0.5256 0.0000
vt 0.7089 0.5256 0.0000
vt 0.7163 0.5181 0.0000
vt 0.7559 0.6578 0.0000
vt 0.7266 0.6645 0.0000
vt 0.7234 0.6578 0.0000
vt 0.7559 0.6645 0.0000
vt 0.7274 0.6725 0.0000
vt 0.7559 0.6809 0.0000
vt 0.7266 0.6806 0.0000
vt 0.7559 0.6875 0.0000
vt 0.7234 0.6875 0.0000
vt 0.7089 0.5108 0.0000
vt 0.7163 0.5097 0.0000
vt 0.7163 0.5108 0.0000
vt 0.7089 0.5097 0.0000
vt 0.7163 0.5076 0.0000
vt 0.7187 0.6366 0.0000
vt 0.7559 0.6379 0.0000
vt 0.7184 0.6376 0.0000
vt 0.7559 0.6397 0.0000
vt 0.7183 0.6397 0.0000
vt 0.7559 0.6491 0.0000
vt 0.7184 0.6512 0.0000
vt 0.7183 0.6491 0.0000
vt 0.7559 0.6509 0.0000
vt 0.7187 0.6522 0.0000
vt 0.7187 0.6932 0.0000
vt 0.7559 0.6945 0.0000
vt 0.7184 0.6943 0.0000
vt 0.7559 0.6960 0.0000
vt 0.7183 0.6960 0.0000
vt 0.7559 0.5928 0.0000
vt 0.7184 0.5945 0.0000
vt 0.7183 0.5928 0.0000
vt 0.7559 0.5943 0.0000
vt 0.7187 0.5956 0.0000
vt 0.7089 0.5596 0.0000
vt 0.7163 0.5578 0.0000
vt 0.7163 0.5596 0.0000
vt 0.7089 0.5578 0.0000
vt 0.7163 0.5567 0.0000
vt 0.7163 0.5002 0.0000
vt 0.7089 0.5076 0.0000
vt 0.7089 0.5002 0.0000
vt 0.7559 0.6523 0.0000
vt 0.7183 0.6471 0.0000
vt 0.7559 0.6471 0.0000
vt 0.7559 0.6364 0.0000
vt 0.7183 0.7151 0.0000
vt 0.7559 0.7151 0.0000
vt 0.7559 0.6931 0.0000
vt 0.7183 0.5737 0.0000
vt 0.7559 0.5737 0.0000
vt 0.7559 0.5957 0.0000
vt 0.7163 0.5787 0.0000
vt 0.5795 0.8352 0.0000
vt 0.5870 0.8729 0.0000
vt 0.5795 0.8729 0.0000
vt 0.7266 0.5391 0.0000
vt 0.7559 0.5460 0.0000
vt 0.7234 0.5460 0.0000
vt 0.7274 0.5311 0.0000
vt 0.7559 0.5394 0.0000
vt 0.7559 0.5231 0.0000
vt 0.7559 0.5312 0.0000
vt 0.7266 0.5231 0.0000
vt 0.7559 0.5163 0.0000
vt 0.7163 0.6156 0.0000
vt 0.7089 0.6081 0.0000
vt 0.7163 0.6081 0.0000
vt 0.7163 0.6237 0.0000
vt 0.7089 0.6156 0.0000
vt 0.7163 0.6317 0.0000
vt 0.7089 0.6237 0.0000
vt 0.7163 0.6392 0.0000
vt 0.7089 0.6317 0.0000
vt 0.7266 0.7657 0.0000
vt 0.7559 0.7724 0.0000
vt 0.7234 0.7724 0.0000
vt 0.7274 0.7577 0.0000
vt 0.7559 0.7657 0.0000
vt 0.7559 0.7494 0.0000
vt 0.7559 0.7576 0.0000
vt 0.7266 0.7496 0.0000
vt 0.7559 0.7428 0.0000
vt 0.7163 0.6476 0.0000
vt 0.7089 0.6465 0.0000
vt 0.7163 0.6465 0.0000
vt 0.7163 0.6497 0.0000
vt 0.7089 0.6476 0.0000
vt 0.7187 0.5108 0.0000
vt 0.7559 0.5094 0.0000
vt 0.7559 0.5109 0.0000
vt 0.7184 0.5097 0.0000
vt 0.7559 0.5076 0.0000
vt 0.7184 0.7791 0.0000
vt 0.7559 0.7812 0.0000
vt 0.7183 0.7812 0.0000
vt 0.7187 0.7780 0.0000
vt 0.7559 0.7793 0.0000
vt 0.7187 0.7370 0.0000
vt 0.7559 0.7357 0.0000
vt 0.7559 0.7372 0.0000
vt 0.7184 0.7360 0.0000
vt 0.7559 0.7342 0.0000
vt 0.7184 0.5528 0.0000
vt 0.7559 0.5546 0.0000
vt 0.7183 0.5546 0.0000
vt 0.7187 0.5518 0.0000
vt 0.7559 0.5531 0.0000
vt 0.7163 0.5995 0.0000
vt 0.7089 0.5978 0.0000
vt 0.7163 0.5978 0.0000
vt 0.7163 0.6006 0.0000
vt 0.7089 0.5995 0.0000
vt 0.7163 0.6571 0.0000
vt 0.7089 0.6497 0.0000
vt 0.7559 0.7779 0.0000
vt 0.7183 0.5002 0.0000
vt 0.7559 0.5002 0.0000
vt 0.7234 0.5164 0.0000
vt 0.7234 0.7428 0.0000
vt 0.7559 0.5516 0.0000
vt 0.5453 0.8675 0.0000
vt 0.5527 0.8298 0.0000
vt 0.5527 0.8675 0.0000
vt 5.3271 0.2037 0.0000
vt 5.3862 0.1899 0.0000
vt 5.3208 0.1899 0.0000
vt 5.3287 0.2199 0.0000
vt 5.3862 0.2032 0.0000
vt 5.3862 0.2360 0.0000
vt 5.3862 0.2198 0.0000
vt 5.3271 0.2360 0.0000
vt 5.3862 0.2496 0.0000
vt 5.3065 0.0699 0.0000
vt 5.2916 0.0851 0.0000
vt 5.3065 0.0851 0.0000
vt 5.3065 0.0537 0.0000
vt 5.2916 0.0699 0.0000
vt 5.3065 0.0375 0.0000
vt 5.2916 0.0537 0.0000
vt 5.3065 0.0225 0.0000
vt 5.2916 0.0375 0.0000
vt 5.3271 0.3170 0.0000
vt 5.3862 0.3034 0.0000
vt 5.3208 0.3035 0.0000
vt 5.3287 0.3331 0.0000
vt 5.3862 0.3170 0.0000
vt 5.3862 0.3498 0.0000
vt 5.3862 0.3333 0.0000
vt 5.3271 0.3493 0.0000
vt 5.3862 0.3632 0.0000
vt 5.3065 0.0056 0.0000
vt 5.2916 0.0078 0.0000
vt 5.3065 0.0078 0.0000
vt 5.3065 0.0014 0.0000
vt 5.2916 0.0056 0.0000
vt 5.3113 0.2608 0.0000
vt 5.3862 0.2635 0.0000
vt 5.3862 0.2605 0.0000
vt 5.3107 0.2629 0.0000
vt 5.3862 0.2671 0.0000
vt 5.3107 0.2901 0.0000
vt 5.3862 0.2859 0.0000
vt 5.3104 0.2859 0.0000
vt 5.3113 0.2923 0.0000
vt 5.3862 0.2896 0.0000
vt 5.3113 0.3747 0.0000
vt 5.3862 0.3774 0.0000
vt 5.3862 0.3744 0.0000
vt 5.3107 0.3768 0.0000
vt 5.3862 0.3803 0.0000
vt 5.3107 0.1762 0.0000
vt 5.3862 0.1727 0.0000
vt 5.3104 0.1727 0.0000
vt 5.3113 0.1784 0.0000
vt 5.3862 0.1757 0.0000
vt 5.3065 0.1023 0.0000
vt 5.2916 0.1058 0.0000
vt 5.3065 0.1058 0.0000
vt 5.3065 0.1001 0.0000
vt 5.2916 0.1023 0.0000
vt 5.3065 -0.0135 0.0000
vt 5.2916 0.0014 0.0000
vt 5.3862 0.2925 0.0000
vt 5.3104 0.2820 0.0000
vt 5.3862 0.2820 0.0000
vt 5.3208 0.2495 0.0000
vt 5.3104 0.4188 0.0000
vt 5.3862 0.4188 0.0000
vt 5.3208 0.3631 0.0000
vt 5.3104 0.1343 0.0000
vt 5.3862 0.1786 0.0000
vt 5.3065 0.1443 0.0000
vt 5.0463 0.7361 0.0000
vt 5.0314 0.6604 0.0000
vt 5.0314 0.7361 0.0000
vt 5.3862 0.0787 0.0000
vt 5.3271 0.0648 0.0000
vt 5.3208 0.0786 0.0000
vt 5.3862 0.0653 0.0000
vt 5.3287 0.0486 0.0000
vt 5.3862 0.0325 0.0000
vt 5.3271 0.0325 0.0000
vt 5.3862 0.0189 0.0000
vt 5.3208 0.0190 0.0000
vt 5.2916 0.2034 0.0000
vt 5.3065 0.2186 0.0000
vt 5.3065 0.2034 0.0000
vt 5.2916 0.2186 0.0000
vt 5.3065 0.2349 0.0000
vt 5.2916 0.2349 0.0000
vt 5.3065 0.2511 0.0000
vt 5.2916 0.2511 0.0000
vt 5.3065 0.2660 0.0000
vt 5.3862 0.5341 0.0000
vt 5.3271 0.5205 0.0000
vt 5.3208 0.5340 0.0000
vt 5.3862 0.5205 0.0000
vt 5.3287 0.5044 0.0000
vt 5.3862 0.4877 0.0000
vt 5.3271 0.4882 0.0000
vt 5.3862 0.4744 0.0000
vt 5.3208 0.4744 0.0000
vt 5.2916 0.2807 0.0000
vt 5.3065 0.2829 0.0000
vt 5.3065 0.2807 0.0000
vt 5.2916 0.2829 0.0000
vt 5.3065 0.2872 0.0000
vt 5.3113 0.0077 0.0000
vt 5.3862 0.0051 0.0000
vt 5.3107 0.0056 0.0000
vt 5.3862 0.0014 0.0000
vt 5.3104 0.0014 0.0000
vt 5.3862 0.5516 0.0000
vt 5.3107 0.5474 0.0000
vt 5.3104 0.5516 0.0000
vt 5.3862 0.5480 0.0000
vt 5.3113 0.5453 0.0000
vt 5.3113 0.4629 0.0000
vt 5.3862 0.4602 0.0000
vt 5.3107 0.4607 0.0000
vt 5.3862 0.4572 0.0000
vt 5.3104 0.4572 0.0000
vt 5.3862 0.0958 0.0000
vt 5.3107 0.0923 0.0000
vt 5.3104 0.0958 0.0000
vt 5.3862 0.0929 0.0000
vt 5.3113 0.0902 0.0000
vt 5.2916 0.1827 0.0000
vt 5.3065 0.1863 0.0000
vt 5.3065 0.1827 0.0000
vt 5.2916 0.1863 0.0000
vt 5.3065 0.1885 0.0000
vt 5.3065 0.3021 0.0000
vt 5.2916 0.2872 0.0000
vt 5.2916 0.3021 0.0000
vt 5.3862 0.5450 0.0000
vt 5.3104 -0.0135 0.0000
vt 5.3862 -0.0135 0.0000
vt 5.3862 0.0080 0.0000
vt 5.3862 0.4631 0.0000
vt 5.3862 0.1343 0.0000
vt 5.3862 0.0899 0.0000
vt 4.9773 0.6496 0.0000
vt 4.9624 0.7253 0.0000
vt 4.9773 0.7253 0.0000
vt 0.7559 0.6162 0.0000
vt 0.7089 0.5181 0.0000
vt 0.7559 0.6726 0.0000
vt 0.7089 0.5567 0.0000
vt 0.7089 0.5787 0.0000
vt 0.5870 0.8352 0.0000
vt 0.7089 0.6392 0.0000
vt 0.7183 0.5076 0.0000
vt 0.7183 0.7342 0.0000
vt 0.7089 0.6006 0.0000
vt 0.7089 0.6571 0.0000
vt 0.5453 0.8298 0.0000
vt 5.2916 0.0225 0.0000
vt 5.3104 0.2671 0.0000
vt 5.3104 0.3803 0.0000
vt 5.2916 0.1001 0.0000
vt 5.2916 -0.0135 0.0000
vt 5.2916 0.1443 0.0000
vt 5.0463 0.6604 0.0000
vt 5.3862 0.0488 0.0000
vt 5.2916 0.2660 0.0000
vt 5.3862 0.5043 0.0000
vt 5.2916 0.1885 0.0000
vt 4.9624 0.6496 0.0000
vt 0.9226 0.5597 0.0000
vt 0.9417 0.5264 0.0000
vt 0.9417 0.5744 0.0000
vt 0.8817 0.5784 0.0000
vt 0.9192 0.5418 0.0000
vt 0.8837 0.5002 0.0000
vt 0.8777 0.5356 0.0000
vt 5.7598 0.0392 0.0000
vt 5.7214 0.1061 0.0000
vt 5.7598 0.1358 0.0000
vt 5.7146 0.0701 0.0000
vt 5.6391 0.1438 0.0000
vt 5.6433 -0.0135 0.0000
vt 5.6311 0.0578 0.0000
vt 6.7214 0.1061 0.0000
vt 6.7598 0.0392 0.0000
vt 6.7598 0.1358 0.0000
vt 6.6391 0.1438 0.0000
vt 6.7146 0.0701 0.0000
vt 6.6433 -0.0135 0.0000
vt 6.6311 0.0578 0.0000
vt 0.8926 0.6058 0.0000
vt 5.6610 0.1988 0.0000
vt 6.6610 0.1988 0.0000
vt 0.6480 0.6063 0.0000
vt 0.5927 0.5002 0.0000
vt 0.6480 0.5002 0.0000
vt 0.6588 0.5005 0.0000
vt 0.6574 0.6070 0.0000
vt 0.6574 0.5002 0.0000
vt 0.6560 0.5005 0.0000
vt 0.8631 0.9260 0.0000
vt 0.8617 0.8705 0.0000
vt 0.8631 0.8705 0.0000
vt 0.8603 0.9260 0.0000
vt 0.8603 0.8705 0.0000
vt 0.8580 0.8705 0.0000
vt 0.8566 0.9254 0.0000
vt 0.8566 0.8705 0.0000
vt 0.8551 0.8705 0.0000
vt 0.6538 0.6070 0.0000
vt 0.6524 0.5016 0.0000
vt 0.6538 0.5014 0.0000
vt 0.6510 0.6070 0.0000
vt 0.6510 0.5014 0.0000
vt 0.8643 0.9258 0.0000
vt 0.8591 0.9258 0.0000
vt 0.8591 0.8705 0.0000
vt 0.6599 0.5010 0.0000
vt 0.6588 0.6070 0.0000
vt 0.6549 0.5010 0.0000
vt 0.6560 0.6070 0.0000
vt 0.6549 0.6070 0.0000
vt 0.8540 0.8705 0.0000
vt 0.8551 0.9256 0.0000
vt 0.8540 0.9258 0.0000
vt 0.8580 0.9256 0.0000
vt 0.6499 0.6070 0.0000
vt 0.6499 0.5010 0.0000
vt 0.5927 0.7124 0.0000
vt 0.6480 0.7124 0.0000
vt 0.6588 0.7136 0.0000
vt 0.6560 0.7136 0.0000
vt 0.6574 0.7138 0.0000
vt 0.9462 0.5002 0.0000
vt 0.9448 0.5557 0.0000
vt 0.9448 0.5002 0.0000
vt 0.9476 0.5557 0.0000
vt 0.9462 0.5559 0.0000
vt 0.9499 0.5002 0.0000
vt 0.9513 0.5552 0.0000
vt 0.9499 0.5553 0.0000
vt 0.9527 0.5002 0.0000
vt 0.9513 0.5002 0.0000
vt 0.6524 0.7125 0.0000
vt 0.6538 0.7127 0.0000
vt 0.6524 0.6070 0.0000
vt 0.9436 0.5555 0.0000
vt 0.9436 0.5002 0.0000
vt 0.9488 0.5555 0.0000
vt 0.9476 0.5002 0.0000
vt 0.9488 0.5002 0.0000
vt 0.6599 0.7131 0.0000
vt 0.6549 0.7131 0.0000
vt 0.9539 0.5002 0.0000
vt 0.9527 0.5553 0.0000
vt 0.6510 0.7127 0.0000
vt 0.6499 0.7131 0.0000
vt 5.0579 -0.0135 0.0000
vt 5.1691 0.1999 0.0000
vt 5.1691 -0.0135 0.0000
vt 5.1908 -0.0130 0.0000
vt 5.1879 0.2014 0.0000
vt 5.1908 0.2014 0.0000
vt 5.1851 -0.0130 0.0000
vt 5.1879 -0.0135 0.0000
vt 5.5989 0.7313 0.0000
vt 5.6018 0.8430 0.0000
vt 5.6018 0.7313 0.0000
vt 5.5960 0.8430 0.0000
vt 5.5989 0.8433 0.0000
vt 5.5914 0.7313 0.0000
vt 5.5886 0.8418 0.0000
vt 5.5914 0.8421 0.0000
vt 5.5857 0.7313 0.0000
vt 5.5886 0.7313 0.0000
vt 5.1780 -0.0108 0.0000
vt 5.1808 0.2014 0.0000
vt 5.1808 -0.0112 0.0000
vt 5.1751 0.2014 0.0000
vt 5.1780 0.2014 0.0000
vt 5.6041 0.8425 0.0000
vt 5.6041 0.7313 0.0000
vt 5.5937 0.8425 0.0000
vt 5.5960 0.7313 0.0000
vt 5.5937 0.7313 0.0000
vt 5.1929 -0.0120 0.0000
vt 5.1829 -0.0120 0.0000
vt 5.1851 0.2014 0.0000
vt 5.5835 0.7313 0.0000
vt 5.5857 0.8421 0.0000
vt 5.1730 0.2014 0.0000
vt 5.1751 -0.0112 0.0000
vt 5.1730 -0.0120 0.0000
vt 5.1829 0.2014 0.0000
vt 5.0579 0.4133 0.0000
vt 5.1691 0.4133 0.0000
vt 5.1908 0.4157 0.0000
vt 5.1879 0.4162 0.0000
vt 5.1851 0.4157 0.0000
vt 5.7661 0.0982 0.0000
vt 5.7689 -0.0135 0.0000
vt 5.7661 -0.0135 0.0000
vt 5.7718 0.0982 0.0000
vt 5.7718 -0.0135 0.0000
vt 5.7764 -0.0135 0.0000
vt 5.7792 0.0970 0.0000
vt 5.7792 -0.0135 0.0000
vt 5.7821 -0.0135 0.0000
vt 5.1780 0.4135 0.0000
vt 5.1808 0.4139 0.0000
vt 5.1751 0.4139 0.0000
vt 5.7637 0.0977 0.0000
vt 5.7741 0.0977 0.0000
vt 5.7741 -0.0135 0.0000
vt 5.1929 0.4147 0.0000
vt 5.1829 0.4147 0.0000
vt 5.7843 -0.0135 0.0000
vt 5.7821 0.0972 0.0000
vt 5.7843 0.0977 0.0000
vt 5.7764 0.0972 0.0000
vt 5.1730 0.4147 0.0000
vt 0.5927 0.6063 0.0000
vt 0.8617 0.9262 0.0000
vt 0.8643 0.8705 0.0000
vt 0.6599 0.6070 0.0000
vt 0.9539 0.5555 0.0000
vt 5.0579 0.1999 0.0000
vt 5.1929 0.2014 0.0000
vt 5.5835 0.8425 0.0000
vt 5.7689 0.0984 0.0000
vt 5.7637 -0.0135 0.0000
vt 0.6845 0.9577 0.0000
vt 0.5927 0.8462 0.0000
vt 0.6845 0.8462 0.0000
vt 0.9355 0.6276 0.0000
vt 0.8338 0.7391 0.0000
vt 0.8338 0.6276 0.0000
vt 0.7579 0.8705 0.0000
vt 0.8497 0.9723 0.0000
vt 0.7579 0.9723 0.0000
vt 0.7355 0.8891 0.0000
vt 0.7358 0.7832 0.0000
vt 0.7358 0.8894 0.0000
vt 0.9580 0.8663 0.0000
vt 0.8662 0.7548 0.0000
vt 0.9580 0.7548 0.0000
vt 0.7340 0.8875 0.0000
vt 0.7343 0.7844 0.0000
vt 0.7343 0.8878 0.0000
vt 0.7338 0.8872 0.0000
vt 0.7340 0.7847 0.0000
vt 0.7579 0.7548 0.0000
vt 0.8643 0.8686 0.0000
vt 0.7579 0.8686 0.0000
vt 0.5052 0.8731 0.0000
vt 0.5055 0.7594 0.0000
vt 0.5055 0.8731 0.0000
vt 0.7244 0.8780 0.0000
vt 0.7247 0.7950 0.0000
vt 0.7247 0.8783 0.0000
vt 0.7250 0.7947 0.0000
vt 0.7250 0.8786 0.0000
vt 0.5069 0.8731 0.0000
vt 0.5071 0.7611 0.0000
vt 0.5071 0.8731 0.0000
vt 0.5074 0.7613 0.0000
vt 0.5074 0.8731 0.0000
vt 0.5172 0.8731 0.0000
vt 0.5174 0.7704 0.0000
vt 0.5174 0.8731 0.0000
vt 0.5177 0.7707 0.0000
vt 0.5177 0.8731 0.0000
vt 0.5172 0.7701 0.0000
vt 0.7361 0.7831 0.0000
vt 0.7361 0.8895 0.0000
vt 0.8662 0.9778 0.0000
vt 0.9726 0.8683 0.0000
vt 0.9726 0.9778 0.0000
vt 0.7355 0.7834 0.0000
vt 0.7226 0.8765 0.0000
vt 0.7229 0.7966 0.0000
vt 0.7229 0.8766 0.0000
vt 0.7232 0.7963 0.0000
vt 0.7232 0.8769 0.0000
vt 0.5188 0.8731 0.0000
vt 0.5191 0.7721 0.0000
vt 0.5191 0.8731 0.0000
vt 0.5194 0.7722 0.0000
vt 0.5194 0.8731 0.0000
vt 0.7244 0.7953 0.0000
vt 0.5058 0.7597 0.0000
vt 0.5058 0.8731 0.0000
vt 0.5069 0.7608 0.0000
vt 0.5188 0.7718 0.0000
vt 0.5237 0.8731 0.0000
vt 0.5232 0.7720 0.0000
vt 0.5237 0.7715 0.0000
vt 0.5232 0.8731 0.0000
vt 0.5226 0.7722 0.0000
vt 0.7183 0.7959 0.0000
vt 0.7188 0.8767 0.0000
vt 0.7183 0.8772 0.0000
vt 0.7188 0.7964 0.0000
vt 0.7194 0.8765 0.0000
vt 0.5226 0.8731 0.0000
vt 0.7194 0.7967 0.0000
vt 0.7226 0.7967 0.0000
vt 5.0579 0.6824 0.0000
vt 5.2425 0.9067 0.0000
vt 5.2425 0.6824 0.0000
vt 5.5428 0.4671 0.0000
vt 5.7475 0.2427 0.0000
vt 5.5428 0.2427 0.0000
vt 5.5747 0.9360 0.0000
vt 5.3901 0.7313 0.0000
vt 5.3901 0.9360 0.0000
vt 5.3451 0.7687 0.0000
vt 5.3457 0.5557 0.0000
vt 5.3451 0.5562 0.0000
vt 5.6080 0.4986 0.0000
vt 5.7926 0.7229 0.0000
vt 5.7926 0.4986 0.0000
vt 5.3421 0.7655 0.0000
vt 5.3427 0.5582 0.0000
vt 5.3421 0.5587 0.0000
vt 5.3416 0.7649 0.0000
vt 5.3416 0.5593 0.0000
vt 5.6041 0.7274 0.0000
vt 5.3901 0.4986 0.0000
vt 5.3901 0.7274 0.0000
vt 4.8818 0.7365 0.0000
vt 4.8824 0.5078 0.0000
vt 4.8818 0.5076 0.0000
vt 5.3227 0.7465 0.0000
vt 5.3233 0.5795 0.0000
vt 5.3227 0.5800 0.0000
vt 5.3233 0.7470 0.0000
vt 5.3239 0.5789 0.0000
vt 4.8851 0.7365 0.0000
vt 4.8857 0.5112 0.0000
vt 4.8852 0.5106 0.0000
vt 4.8857 0.7365 0.0000
vt 4.8863 0.5118 0.0000
vt 4.9059 0.7365 0.0000
vt 4.9064 0.5300 0.0000
vt 4.9059 0.5294 0.0000
vt 4.9064 0.7365 0.0000
vt 4.9070 0.5306 0.0000
vt 5.3239 0.7476 0.0000
vt 4.8863 0.7365 0.0000
vt 5.3457 0.7693 0.0000
vt 5.3463 0.5555 0.0000
vt 5.8220 0.7268 0.0000
vt 5.6080 0.9471 0.0000
vt 5.8220 0.9471 0.0000
vt 5.3427 0.7661 0.0000
vt 5.3191 0.7434 0.0000
vt 5.3198 0.5826 0.0000
vt 5.3191 0.5828 0.0000
vt 5.3197 0.7436 0.0000
vt 5.3204 0.5821 0.0000
vt 4.9092 0.7365 0.0000
vt 4.9098 0.5333 0.0000
vt 4.9092 0.5328 0.0000
vt 4.9098 0.7365 0.0000
vt 4.9104 0.5336 0.0000
vt 5.3204 0.7442 0.0000
vt 4.8824 0.7365 0.0000
vt 4.8830 0.5084 0.0000
vt 4.8830 0.7365 0.0000
vt 4.9070 0.7365 0.0000
vt 4.9180 0.5331 0.0000
vt 4.9191 0.7365 0.0000
vt 4.9191 0.5321 0.0000
vt 4.9169 0.5336 0.0000
vt 4.9180 0.7365 0.0000
vt 5.3115 0.7438 0.0000
vt 5.3104 0.5813 0.0000
vt 5.3104 0.7449 0.0000
vt 5.3126 0.7434 0.0000
vt 5.3115 0.5824 0.0000
vt 4.9169 0.7365 0.0000
vt 4.9104 0.7365 0.0000
vt 5.3126 0.5828 0.0000
vt 0.5927 0.9577 0.0000
vt 0.9355 0.7391 0.0000
vt 0.8497 0.8705 0.0000
vt 0.8662 0.8663 0.0000
vt 0.7338 0.7850 0.0000
vt 0.8643 0.7548 0.0000
vt 0.5052 0.7593 0.0000
vt 0.8662 0.8683 0.0000
vt 5.0579 0.9067 0.0000
vt 5.7475 0.4671 0.0000
vt 5.5747 0.7313 0.0000
vt 5.6080 0.7229 0.0000
vt 5.6041 0.4986 0.0000
vt 5.3463 0.7695 0.0000
vt 5.6080 0.7268 0.0000
vt 0.5252 0.8524 0.0000
vt 0.5408 0.8490 0.0000
vt 0.5408 0.8524 0.0000
vt 0.5528 0.9797 0.0000
vt 0.5398 0.9927 0.0000
vt 0.5398 0.9797 0.0000
vt 0.5252 0.8714 0.0000
vt 0.5408 0.8680 0.0000
vt 0.5408 0.8714 0.0000
vt 0.5252 0.8680 0.0000
vt 0.5442 0.8680 0.0000
vt 0.5442 0.8524 0.0000
vt 0.5252 0.8490 0.0000
vt 0.5528 0.9927 0.0000
# 7755 texture coords

o Cabinet
g Cabinet
usemtl Material__25
s off
f 1/1/1 2/2/2 3/3/3 
f 4/4/4 5/5/5 6/6/6 
f 7/7/7 8/8/8 9/9/9 
f 10/10/10 11/11/11 8/8/8 
f 9/9/9 2/2/2 12/12/12 
f 8/8/8 13/13/13 2/2/2 
f 14/14/14 15/15/15 16/16/16 
f 17/17/17 5/5/5 15/15/15 
f 18/18/18 17/17/17 14/14/14 
f 19/19/19 20/20/20 17/17/17 
f 21/21/21 15/15/15 4/4/4 
f 22/22/22 23/23/23 24/24/24 
f 25/25/25 26/26/26 27/27/27 
f 28/28/28 29/29/29 26/26/26 
f 30/30/30 31/31/31 22/22/22 
f 13/13/13 30/30/30 32/32/32 
f 33/33/33 26/26/26 31/31/31 
f 31/31/31 29/29/29 23/23/23 
f 34/34/34 35/35/35 36/36/36 
f 33/33/33 11/11/11 27/27/27 
f 27/27/27 37/37/37 25/25/25 
f 38/38/38 39/39/39 40/40/40 
f 40/40/40 41/41/41 35/35/35 
f 42/42/42 39/39/39 43/43/43 
f 44/44/44 41/41/41 39/39/39 
f 45/45/45 40/40/40 34/34/34 
f 23/23/23 45/45/45 24/24/24 
f 43/43/43 46/46/46 42/42/42 
f 23/23/23 43/43/43 38/38/38 
f 47/47/47 48/48/48 49/49/49 
f 50/50/50 51/51/51 52/52/52 
f 52/52/52 53/53/53 54/54/54 
f 50/50/50 55/55/55 56/56/56 
f 52/52/52 57/57/57 55/55/55 
f 58/58/58 51/51/51 47/47/47 
f 35/35/35 58/58/58 36/36/36 
f 35/35/35 54/54/54 53/53/53 
f 59/59/59 60/60/60 61/61/61 
f 41/41/41 57/57/57 54/54/54 
f 62/62/62 63/63/63 59/59/59 
f 5/5/5 62/62/62 6/6/6 
f 64/64/64 65/65/65 66/66/66 
f 67/67/67 68/68/68 65/65/65 
f 66/66/66 63/63/63 69/69/69 
f 65/65/65 60/60/60 63/63/63 
f 60/60/60 1/1/1 61/61/61 
f 12/12/12 68/68/68 9/9/9 
f 69/69/69 20/20/20 66/66/66 
f 66/66/66 70/70/70 64/64/64 
f 9/9/9 71/71/71 7/7/7 
f 72/72/72 73/73/73 74/74/74 
f 75/75/75 76/76/76 72/72/72 
f 3/3/3 74/74/74 1/1/1 
f 32/32/32 72/72/72 3/3/3 
f 4/4/4 77/77/77 21/21/21 
f 6/6/6 78/78/78 4/4/4 
f 78/78/78 79/79/79 77/77/77 
f 80/80/80 81/81/81 78/78/78 
f 82/82/82 83/83/83 84/84/84 
f 85/85/85 86/86/86 82/82/82 
f 30/30/30 82/82/82 84/84/84 
f 22/22/22 85/85/85 82/82/82 
f 30/30/30 75/75/75 32/32/32 
f 84/84/84 87/87/87 75/75/75 
f 45/45/45 88/88/88 89/89/89 
f 34/34/34 90/90/90 88/88/88 
f 88/88/88 91/91/91 89/89/89 
f 90/90/90 92/92/92 88/88/88 
f 89/89/89 93/93/93 85/85/85 
f 89/89/89 24/24/24 45/45/45 
f 94/94/94 47/47/47 49/49/49 
f 95/95/95 58/58/58 47/47/47 
f 96/96/96 94/94/94 97/97/97 
f 98/98/98 95/95/95 96/96/96 
f 99/99/99 36/36/36 58/58/58 
f 98/98/98 90/90/90 99/99/99 
f 100/100/100 101/101/101 102/102/102 
f 103/103/103 104/104/104 100/100/100 
f 59/59/59 102/102/102 62/62/62 
f 61/61/61 100/100/100 59/59/59 
f 1/1/1 103/103/103 61/61/61 
f 62/62/62 80/80/80 6/6/6 
f 102/102/102 105/105/105 80/80/80 
f 74/74/74 106/106/106 103/103/103 
f 3/3/3 13/13/13 32/32/32 
f 1/1/1 12/12/12 2/2/2 
f 4/4/4 15/15/15 5/5/5 
f 7/7/7 10/10/10 8/8/8 
f 10/10/10 37/37/37 11/11/11 
f 9/9/9 8/8/8 2/2/2 
f 8/8/8 11/11/11 13/13/13 
f 14/14/14 17/17/17 15/15/15 
f 17/17/17 20/20/20 5/5/5 
f 18/18/18 19/19/19 17/17/17 
f 19/19/19 70/70/70 20/20/20 
f 21/21/21 16/16/16 15/15/15 
f 22/22/22 31/31/31 23/23/23 
f 25/25/25 28/28/28 26/26/26 
f 28/28/28 46/46/46 29/29/29 
f 30/30/30 33/33/33 31/31/31 
f 13/13/13 33/33/33 30/30/30 
f 33/33/33 27/27/27 26/26/26 
f 31/31/31 26/26/26 29/29/29 
f 34/34/34 40/40/40 35/35/35 
f 33/33/33 13/13/13 11/11/11 
f 27/27/27 11/11/11 37/37/37 
f 38/38/38 43/43/43 39/39/39 
f 40/40/40 39/39/39 41/41/41 
f 42/42/42 44/44/44 39/39/39 
f 44/44/44 107/107/107 41/41/41 
f 45/45/45 38/38/38 40/40/40 
f 23/23/23 38/38/38 45/45/45 
f 43/43/43 29/29/29 46/46/46 
f 23/23/23 29/29/29 43/43/43 
f 47/47/47 51/51/51 48/48/48 
f 50/50/50 48/48/48 51/51/51 
f 52/52/52 51/51/51 53/53/53 
f 50/50/50 52/52/52 55/55/55 
f 52/52/52 54/54/54 57/57/57 
f 58/58/58 53/53/53 51/51/51 
f 35/35/35 53/53/53 58/58/58 
f 35/35/35 41/41/41 54/54/54 
f 59/59/59 63/63/63 60/60/60 
f 41/41/41 107/107/107 57/57/57 
f 62/62/62 69/69/69 63/63/63 
f 5/5/5 69/69/69 62/62/62 
f 64/64/64 67/67/67 65/65/65 
f 67/67/67 71/71/71 68/68/68 
f 66/66/66 65/65/65 63/63/63 
f 65/65/65 68/68/68 60/60/60 
f 60/60/60 12/12/12 1/1/1 
f 12/12/12 60/60/60 68/68/68 
f 69/69/69 5/5/5 20/20/20 
f 66/66/66 20/20/20 70/70/70 
f 9/9/9 68/68/68 71/71/71 
f 72/72/72 76/76/76 73/73/73 
f 75/75/75 87/87/87 76/76/76 
f 3/3/3 72/72/72 74/74/74 
f 32/32/32 75/75/75 72/72/72 
f 4/4/4 78/78/78 77/77/77 
f 6/6/6 80/80/80 78/78/78 
f 78/78/78 81/81/81 79/79/79 
f 80/80/80 105/105/105 81/81/81 
f 82/82/82 86/86/86 83/83/83 
f 85/85/85 93/93/93 86/86/86 
f 30/30/30 22/22/22 82/82/82 
f 22/22/22 24/24/24 85/85/85 
f 30/30/30 84/84/84 75/75/75 
f 84/84/84 83/83/83 87/87/87 
f 45/45/45 34/34/34 88/88/88 
f 34/34/34 36/36/36 90/90/90 
f 88/88/88 92/92/92 91/91/91 
f 90/90/90 108/108/108 92/92/92 
f 89/89/89 91/91/91 93/93/93 
f 89/89/89 85/85/85 24/24/24 
f 94/94/94 95/95/95 47/47/47 
f 95/95/95 99/99/99 58/58/58 
f 96/96/96 95/95/95 94/94/94 
f 98/98/98 99/99/99 95/95/95 
f 99/99/99 90/90/90 36/36/36 
f 98/98/98 108/108/108 90/90/90 
f 100/100/100 104/104/104 101/101/101 
f 103/103/103 106/106/106 104/104/104 
f 59/59/59 100/100/100 102/102/102 
f 61/61/61 103/103/103 100/100/100 
f 1/1/1 74/74/74 103/103/103 
f 62/62/62 102/102/102 80/80/80 
f 102/102/102 101/101/101 105/105/105 
f 74/74/74 73/73/73 106/106/106 
f 3/3/3 2/2/2 13/13/13 
f 109/109/109 110/110/110 111/111/109 
f 111/111/109 112/112/109 113/113/110 
f 109/114/111 114/115/112 115/116/111 
f 111/117/113 116/118/114 114/115/112 
f 117/119/115 114/120/115 116/121/116 
f 118/122/116 115/123/116 114/120/115 
f 119/124/117 120/125/118 121/126/119 
f 122/127/120 123/128/121 120/125/118 
f 119/129/110 124/130/109 122/131/109 
f 122/131/109 125/132/109 126/133/109 
f 127/134/115 120/135/115 123/136/115 
f 128/137/116 121/138/116 120/135/115 
f 116/121/116 129/139/116 117/119/115 
f 116/118/114 119/124/117 121/126/119 
f 130/140/110 113/113/110 112/112/109 
f 109/109/109 131/141/109 132/142/110 
f 133/143/109 134/144/109 131/141/109 
f 135/145/122 109/114/111 115/116/111 
f 136/146/123 133/147/124 135/145/122 
f 135/148/116 137/149/116 136/150/115 
f 115/123/116 138/151/116 135/148/116 
f 139/152/125 140/153/126 141/154/127 
f 142/155/128 143/156/125 139/152/125 
f 140/157/110 144/158/109 145/159/110 
f 143/160/109 146/161/109 144/158/109 
f 139/162/116 147/163/116 142/164/116 
f 141/165/115 148/166/116 139/162/116 
f 149/167/115 136/150/115 137/149/116 
f 140/153/126 136/146/123 141/154/127 
f 145/159/110 150/168/110 140/157/110 
f 151/169/116 152/170/115 153/171/115 
f 154/172/116 155/173/116 152/170/115 
f 156/174/129 151/175/111 157/176/111 
f 158/177/130 154/178/112 156/174/129 
f 156/179/109 159/180/109 158/181/109 
f 157/182/110 160/183/109 156/179/109 
f 161/184/120 162/185/119 163/186/131 
f 164/187/121 165/188/118 161/184/120 
f 162/189/115 166/190/116 167/191/115 
f 165/192/116 168/193/116 166/190/116 
f 161/194/109 169/195/109 164/196/109 
f 163/197/109 170/198/109 161/194/109 
f 171/199/109 158/181/109 159/180/109 
f 162/185/119 158/177/130 163/186/131 
f 167/191/115 172/200/115 162/189/115 
f 151/169/116 173/201/116 174/202/116 
f 174/202/116 175/203/116 176/204/115 
f 151/175/111 177/205/124 157/176/111 
f 174/206/122 178/207/132 177/205/124 
f 179/208/109 177/209/110 178/210/110 
f 180/211/110 157/182/110 177/209/110 
f 181/212/133 182/213/125 183/214/126 
f 184/215/134 185/216/128 182/213/125 
f 181/217/115 186/218/116 184/219/116 
f 184/219/116 187/220/116 188/221/116 
f 189/222/109 182/223/109 185/224/109 
f 190/225/110 183/226/110 182/223/109 
f 178/210/110 191/227/110 179/208/109 
f 178/207/132 181/212/133 183/214/126 
f 192/228/115 176/204/115 175/203/116 
f 109/109/109 132/142/110 110/110/110 
f 111/111/109 110/110/110 112/112/109 
f 109/114/111 111/117/113 114/115/112 
f 111/117/113 113/229/135 116/118/114 
f 117/119/115 118/122/116 114/120/115 
f 118/122/116 193/230/116 115/123/116 
f 119/124/117 122/127/120 120/125/118 
f 122/127/118 126/231/121 123/128/121 
f 119/129/110 130/140/110 124/130/109 
f 122/131/109 124/130/109 125/132/109 
f 127/134/115 128/137/116 120/135/115 
f 128/137/116 129/139/116 121/138/116 
f 116/121/116 121/138/116 129/139/116 
f 116/118/114 113/229/135 119/124/117 
f 130/140/110 119/129/110 113/113/110 
f 109/109/109 133/143/109 131/141/109 
f 133/143/109 150/168/110 134/144/109 
f 135/145/122 133/147/124 109/114/111 
f 136/146/123 150/232/132 133/147/124 
f 135/148/116 138/151/116 137/149/116 
f 115/123/116 193/230/116 138/151/116 
f 139/152/125 143/156/125 140/153/126 
f 142/155/128 194/233/128 143/156/125 
f 140/157/110 143/160/109 144/158/109 
f 143/160/109 194/234/109 146/161/109 
f 139/162/116 148/166/116 147/163/116 
f 141/165/115 149/167/115 148/166/116 
f 149/167/115 141/165/115 136/150/115 
f 140/153/126 150/232/132 136/146/123 
f 145/159/110 134/144/109 150/168/110 
f 151/169/116 154/172/116 152/170/115 
f 154/172/116 172/200/115 155/173/116 
f 156/174/129 154/178/112 151/175/111 
f 158/177/130 172/235/135 154/178/112 
f 156/179/109 160/183/109 159/180/109 
f 157/182/110 195/236/109 160/183/109 
f 161/184/120 165/188/118 162/185/119 
f 164/187/121 196/237/121 165/188/118 
f 162/189/115 165/192/116 166/190/116 
f 165/192/116 196/238/116 168/193/116 
f 161/194/109 170/198/109 169/195/109 
f 163/197/109 171/199/109 170/198/109 
f 171/199/109 163/197/109 158/181/109 
f 162/185/119 172/235/135 158/177/130 
f 167/191/115 155/173/116 172/200/115 
f 151/169/116 153/171/115 173/201/116 
f 174/202/116 173/201/116 175/203/116 
f 151/175/111 174/206/122 177/205/124 
f 174/206/122 176/239/136 178/207/132 
f 179/208/109 180/211/110 177/209/110 
f 180/211/110 195/236/109 157/182/110 
f 181/212/133 184/215/134 182/213/125 
f 184/215/125 188/240/128 185/216/128 
f 181/217/115 192/228/115 186/218/116 
f 184/219/116 186/218/116 187/220/116 
f 189/222/109 190/225/110 182/223/109 
f 190/225/110 191/227/110 183/226/110 
f 178/210/110 183/226/110 191/227/110 
f 178/207/132 176/239/136 181/212/133 
f 192/228/115 181/217/115 176/204/115 
f 197/241/137 198/242/138 199/243/139 
f 200/244/140 201/245/141 198/242/138 
f 202/246/142 203/247/143 204/248/144 
f 204/248/144 205/249/145 206/250/146 
f 7/251/147 200/244/140 10/252/148 
f 10/252/148 197/241/137 37/253/149 
f 207/254/150 203/255/143 208/256/151 
f 208/256/151 209/257/152 210/258/153 
f 207/254/150 211/259/154 212/260/155 
f 208/256/151 213/261/156 211/259/154 
f 212/260/155 198/242/138 201/245/141 
f 211/259/154 199/243/139 198/242/138 
f 214/262/157 215/263/158 216/264/159 
f 217/265/160 218/266/161 215/263/158 
f 214/262/157 219/267/162 217/265/160 
f 217/265/160 220/268/163 221/269/164 
f 222/270/165 223/271/166 219/267/162 
f 219/267/162 224/272/167 220/268/163 
f 18/273/168 225/274/169 19/275/170 
f 19/275/170 226/276/171 70/277/172 
f 227/278/173 223/279/166 228/280/174 
f 228/280/174 229/281/175 230/282/176 
f 226/276/171 215/263/158 218/266/161 
f 225/274/169 216/264/159 215/263/158 
f 231/283/177 28/284/178 25/285/179 
f 232/286/180 46/287/181 28/284/178 
f 233/288/182 234/289/183 235/290/184 
f 236/291/185 237/292/186 234/289/183 
f 238/293/187 239/294/188 240/295/189 
f 236/296/185 241/297/190 239/294/188 
f 242/298/191 239/294/188 243/299/192 
f 243/299/192 241/297/190 244/300/193 
f 245/301/194 246/302/195 247/303/196 
f 232/286/180 248/304/197 246/302/195 
f 248/304/197 243/299/192 246/302/195 
f 246/302/195 244/300/193 247/303/196 
f 248/304/197 197/241/137 199/243/139 
f 199/243/139 242/298/191 248/304/197 
f 213/261/156 240/295/189 242/298/191 
f 25/285/179 197/241/137 231/283/177 
f 210/258/153 238/293/187 240/295/189 
f 237/292/186 209/305/152 202/246/142 
f 249/306/198 250/307/199 251/308/200 
f 251/308/200 252/309/201 253/310/202 
f 254/311/203 255/312/204 250/307/199 
f 250/307/199 256/313/205 252/309/201 
f 257/314/206 255/312/204 258/315/207 
f 259/316/208 256/313/205 255/312/204 
f 260/317/209 44/318/210 42/319/211 
f 261/320/212 107/321/213 44/318/210 
f 262/322/214 263/323/215 264/324/216 
f 259/325/208 265/326/217 263/323/215 
f 266/327/218 251/308/200 253/310/202 
f 261/320/212 249/306/198 251/308/200 
f 244/300/193 258/315/207 254/311/203 
f 247/303/196 254/311/203 249/306/198 
f 258/315/207 233/328/182 257/314/206 
f 235/290/184 257/329/206 233/288/182 
f 42/319/211 245/301/194 260/317/209 
f 249/306/198 245/301/194 247/303/196 
f 267/330/219 268/331/220 269/332/221 
f 269/332/221 270/333/222 271/334/223 
f 272/335/224 269/332/221 273/336/225 
f 273/336/225 271/334/223 274/337/226 
f 272/335/224 275/338/227 276/339/228 
f 273/336/225 277/340/229 275/338/227 
f 56/341/230 278/342/231 279/343/232 
f 55/344/233 280/345/234 278/342/231 
f 270/333/222 278/342/231 280/345/234 
f 268/331/220 279/343/232 278/342/231 
f 281/346/235 275/347/227 277/348/229 
f 282/349/236 276/350/228 275/347/227 
f 50/351/237 56/352/230 279/353/232 
f 57/354/238 266/327/218 280/345/234 
f 270/333/222 266/327/218 253/310/202 
f 253/310/202 271/334/223 270/333/222 
f 274/337/226 262/355/214 277/340/229 
f 264/324/216 277/348/229 262/322/214 
f 271/334/223 256/313/205 274/337/226 
f 283/356/239 284/357/240 285/358/241 
f 285/358/241 286/359/242 287/360/243 
f 288/361/244 289/362/245 290/363/246 
f 291/364/247 292/365/248 289/362/245 
f 64/366/249 291/364/247 67/367/250 
f 67/367/250 288/361/244 71/368/251 
f 293/369/252 284/370/240 294/371/253 
f 294/371/253 295/372/254 296/373/255 
f 293/369/252 297/374/256 298/375/257 
f 294/371/253 299/376/258 297/374/256 
f 298/375/257 289/362/245 292/365/248 
f 297/374/256 290/363/246 289/362/245 
f 292/365/248 226/276/171 218/266/161 
f 201/245/141 299/376/258 212/260/155 
f 290/363/246 300/377/259 288/361/244 
f 292/365/248 221/269/164 298/375/257 
f 287/360/243 224/378/167 227/278/173 
f 206/250/146 295/379/254 283/356/239 
f 221/269/164 293/369/252 298/375/257 
f 212/260/155 296/373/255 207/254/150 
f 220/268/163 286/380/242 293/369/252 
f 296/373/255 205/381/145 207/254/150 
f 70/277/172 301/382/260 64/366/249 
f 71/368/251 300/377/259 7/251/147 
f 16/383/261 230/384/176 229/385/175 
f 14/386/261 229/385/175 222/387/165 
f 18/388/168 222/387/165 214/389/157 
f 302/390/262 214/389/157 216/391/159 
f 279/353/232 303/392/263 276/393/228 
f 303/392/263 267/394/219 272/395/224 
f 276/393/228 303/392/263 272/395/224 
f 276/393/228 304/396/264 305/397/237 
f 305/397/237 48/398/237 276/393/228 
f 48/398/237 50/351/237 279/353/232 
f 276/393/228 48/398/237 279/353/232 
f 306/399/265 307/400/266 308/401/267 
f 309/402/268 310/403/269 306/399/265 
f 202/404/142 311/405/270 312/406/271 
f 204/407/144 313/408/272 311/405/270 
f 73/409/273 310/403/269 314/410/274 
f 76/411/275 307/400/266 310/403/269 
f 315/412/276 311/413/270 313/414/272 
f 316/415/277 312/416/271 311/413/270 
f 317/417/278 315/412/276 318/418/279 
f 319/419/280 316/415/277 317/417/278 
f 306/399/265 318/418/279 309/402/268 
f 308/401/267 317/417/278 306/399/265 
f 320/420/281 321/421/282 322/422/283 
f 323/423/284 324/424/285 320/420/281 
f 321/421/282 325/425/286 326/426/287 
f 324/424/285 327/427/288 325/425/286 
f 326/426/287 328/428/289 329/429/176 
f 325/425/286 330/430/290 328/428/289 
f 79/431/291 331/432/292 332/433/293 
f 81/434/294 333/435/295 331/432/292 
f 227/436/173 328/437/289 330/438/290 
f 228/439/174 329/440/176 328/437/289 
f 320/420/281 333/435/295 323/423/284 
f 322/422/283 331/432/292 320/420/281 
f 86/441/296 334/442/297 83/443/298 
f 93/444/299 335/445/300 86/441/296 
f 234/446/183 336/447/301 235/448/184 
f 237/449/186 337/450/302 234/446/183 
f 338/451/303 339/452/304 340/453/305 
f 341/454/306 337/455/302 338/451/303 
f 342/456/307 338/451/303 340/453/305 
f 343/457/308 341/454/306 338/451/303 
f 344/458/309 345/459/310 346/460/311 
f 347/461/312 335/445/300 344/458/309 
f 347/461/312 343/457/308 342/456/307 
f 344/458/309 348/462/313 343/457/308 
f 307/400/266 347/461/312 308/401/267 
f 342/456/307 308/401/267 347/461/312 
f 340/453/305 319/419/280 342/456/307 
f 83/443/298 307/400/266 87/463/314 
f 339/452/304 349/464/315 340/453/305 
f 312/406/271 237/449/186 202/404/142 
f 350/465/316 351/466/317 352/467/318 
f 353/468/319 354/469/320 351/466/317 
f 352/467/318 355/470/321 356/471/322 
f 351/466/317 357/472/323 355/470/321 
f 355/470/321 358/473/324 356/471/322 
f 357/472/323 359/474/325 355/470/321 
f 92/475/326 360/476/327 91/477/328 
f 108/478/329 361/479/330 92/475/326 
f 263/480/215 362/481/331 264/482/216 
f 265/483/217 359/484/325 263/480/215 
f 353/468/319 363/485/332 364/486/333 
f 350/465/316 361/479/330 353/468/319 
f 356/471/322 348/462/313 352/467/318 
f 352/467/318 346/460/311 350/465/316 
f 356/471/322 336/487/301 341/454/306 
f 235/448/184 358/488/324 265/483/217 
f 91/477/328 345/459/310 93/444/299 
f 345/459/310 350/465/316 346/460/311 
f 365/489/334 366/490/335 367/491/336 
f 368/492/337 369/493/338 366/490/335 
f 370/494/339 368/492/337 365/489/334 
f 371/495/340 372/496/341 368/492/337 
f 373/497/342 370/494/339 374/498/343 
f 375/499/344 371/495/340 373/497/342 
f 376/500/345 97/501/346 377/502/347 
f 378/503/348 96/504/349 376/500/345 
f 376/500/345 369/493/338 378/503/348 
f 377/502/347 366/490/335 376/500/345 
f 373/505/342 281/506/235 375/507/344 
f 374/508/343 282/509/236 373/505/342 
f 94/510/237 377/511/347 97/512/346 
f 98/513/350 363/485/332 108/478/329 
f 363/485/332 369/493/338 364/486/333 
f 372/496/341 364/486/333 369/493/338 
f 379/514/351 362/515/331 357/472/323 
f 264/482/216 375/507/344 281/506/235 
f 372/496/341 357/472/323 354/469/320 
f 283/516/239 380/517/352 381/518/353 
f 285/519/241 382/520/354 380/517/352 
f 383/521/355 384/522/356 385/523/357 
f 386/524/358 387/525/359 383/521/355 
f 101/526/360 387/525/359 388/527/361 
f 104/528/362 384/522/356 387/525/359 
f 389/529/363 380/530/352 382/531/354 
f 390/532/364 381/533/353 380/530/352 
f 391/534/365 389/529/363 392/535/366 
f 393/536/367 390/532/364 391/534/365 
f 383/521/355 392/535/366 386/524/358 
f 385/523/357 391/534/365 383/521/355 
f 333/435/295 386/524/358 323/423/284 
f 309/402/268 393/536/367 385/523/357 
f 385/523/357 314/410/274 309/402/268 
f 386/524/358 394/537/368 323/423/284 
f 330/438/290 287/538/243 227/436/173 
f 381/518/353 206/539/146 283/516/239 
f 389/529/363 394/537/368 392/535/366 
f 318/418/279 395/540/369 393/536/367 
f 382/531/354 327/427/288 389/529/363 
f 313/414/272 395/540/369 315/412/276 
f 388/527/361 105/541/370 101/526/360 
f 314/410/274 106/542/371 73/409/273 
f 230/543/176 21/544/261 329/545/176 
f 329/545/176 77/546/372 326/547/287 
f 326/547/287 79/548/291 321/549/282 
f 321/549/282 332/550/293 322/551/283 
f 377/511/347 374/552/343 367/553/336 
f 367/553/336 370/554/339 365/555/334 
f 374/552/343 370/554/339 367/553/336 
f 374/552/343 305/556/237 304/557/264 
f 305/556/237 374/552/343 49/558/373 
f 49/558/373 377/511/347 94/510/237 
f 374/552/343 377/511/347 49/558/373 
f 197/241/137 200/244/140 198/242/138 
f 200/244/140 300/377/259 201/245/141 
f 202/246/142 209/305/152 203/247/143 
f 204/248/144 203/247/143 205/249/145 
f 7/251/147 300/377/259 200/244/140 
f 10/252/148 200/244/140 197/241/137 
f 207/254/150 205/381/145 203/255/143 
f 208/256/151 203/255/143 209/257/152 
f 207/254/150 208/256/151 211/259/154 
f 208/256/151 210/258/153 213/261/156 
f 212/260/155 211/259/154 198/242/138 
f 211/259/154 213/261/156 199/243/139 
f 214/262/157 217/265/160 215/263/158 
f 217/265/160 221/269/164 218/266/161 
f 214/262/157 222/270/165 219/267/162 
f 217/265/160 219/267/162 220/268/163 
f 222/270/165 229/559/175 223/271/166 
f 219/267/162 223/271/166 224/272/167 
f 18/273/168 302/560/262 225/274/169 
f 19/275/170 225/274/169 226/276/171 
f 227/278/173 224/378/167 223/279/166 
f 228/280/174 223/279/166 229/281/175 
f 226/276/171 225/274/169 215/263/158 
f 225/274/169 302/560/262 216/264/159 
f 231/283/177 232/286/180 28/284/178 
f 232/286/180 245/301/194 46/287/181 
f 233/288/182 236/291/185 234/289/183 
f 236/291/185 238/561/187 237/292/186 
f 238/293/187 236/296/185 239/294/188 
f 236/296/185 233/328/182 241/297/190 
f 242/298/191 240/295/189 239/294/188 
f 243/299/192 239/294/188 241/297/190 
f 245/301/194 232/286/180 246/302/195 
f 232/286/180 231/283/177 248/304/197 
f 248/304/197 242/298/191 243/299/192 
f 246/302/195 243/299/192 244/300/193 
f 248/304/197 231/283/177 197/241/137 
f 199/243/139 213/261/156 242/298/191 
f 213/261/156 210/258/153 240/295/189 
f 25/285/179 37/253/149 197/241/137 
f 210/258/153 209/257/152 238/293/187 
f 237/292/186 238/561/187 209/305/152 
f 249/306/198 254/311/203 250/307/199 
f 251/308/200 250/307/199 252/309/201 
f 254/311/203 258/315/207 255/312/204 
f 250/307/199 255/312/204 256/313/205 
f 257/314/206 259/316/208 255/312/204 
f 259/316/208 262/355/214 256/313/205 
f 260/317/209 261/320/212 44/318/210 
f 261/320/212 266/327/218 107/321/213 
f 262/322/214 259/325/208 263/323/215 
f 259/325/208 257/329/206 265/326/217 
f 266/327/218 261/320/212 251/308/200 
f 261/320/212 260/317/209 249/306/198 
f 244/300/193 241/297/190 258/315/207 
f 247/303/196 244/300/193 254/311/203 
f 258/315/207 241/297/190 233/328/182 
f 235/290/184 265/326/217 257/329/206 
f 42/319/211 46/287/181 245/301/194 
f 249/306/198 260/317/209 245/301/194 
f 267/330/219 303/562/263 268/331/220 
f 269/332/221 268/331/220 270/333/222 
f 272/335/224 267/330/219 269/332/221 
f 273/336/225 269/332/221 271/334/223 
f 272/335/224 273/336/225 275/338/227 
f 273/336/225 274/337/226 277/340/229 
f 56/341/230 55/344/233 278/342/231 
f 55/344/233 57/354/238 280/345/234 
f 270/333/222 268/331/220 278/342/231 
f 268/331/220 303/562/263 279/343/232 
f 281/346/235 282/349/236 275/347/227 
f 282/349/236 304/563/264 276/350/228 
f 57/354/238 107/321/213 266/327/218 
f 270/333/222 280/345/234 266/327/218 
f 253/310/202 252/309/201 271/334/223 
f 274/337/226 256/313/205 262/355/214 
f 264/324/216 281/346/235 277/348/229 
f 271/334/223 252/309/201 256/313/205 
f 283/356/239 295/379/254 284/357/240 
f 285/358/241 284/357/240 286/359/242 
f 288/361/244 291/364/247 289/362/245 
f 291/364/247 301/382/260 292/365/248 
f 64/366/249 301/382/260 291/364/247 
f 67/367/250 291/364/247 288/361/244 
f 293/369/252 286/380/242 284/370/240 
f 294/371/253 284/370/240 295/372/254 
f 293/369/252 294/371/253 297/374/256 
f 294/371/253 296/373/255 299/376/258 
f 298/375/257 297/374/256 289/362/245 
f 297/374/256 299/376/258 290/363/246 
f 292/365/248 301/382/260 226/276/171 
f 201/245/141 290/363/246 299/376/258 
f 290/363/246 201/245/141 300/377/259 
f 292/365/248 218/266/161 221/269/164 
f 287/360/243 286/359/242 224/378/167 
f 206/250/146 205/249/145 295/379/254 
f 221/269/164 220/268/163 293/369/252 
f 212/260/155 299/376/258 296/373/255 
f 220/268/163 224/272/167 286/380/242 
f 296/373/255 295/372/254 205/381/145 
f 70/277/172 226/276/171 301/382/260 
f 71/368/251 288/361/244 300/377/259 
f 16/383/261 396/564/261 230/384/176 
f 14/386/261 16/383/261 229/385/175 
f 18/388/168 14/386/261 222/387/165 
f 302/390/262 18/388/168 214/389/157 
f 306/399/265 310/403/269 307/400/266 
f 309/402/268 314/410/274 310/403/269 
f 202/404/142 204/407/144 311/405/270 
f 204/407/144 206/539/146 313/408/272 
f 73/409/273 76/411/275 310/403/269 
f 76/411/275 87/463/314 307/400/266 
f 315/412/276 316/415/277 311/413/270 
f 316/415/277 349/464/315 312/416/271 
f 317/417/278 316/415/277 315/412/276 
f 319/419/280 349/464/315 316/415/277 
f 306/399/265 317/417/278 318/418/279 
f 308/401/267 319/419/280 317/417/278 
f 320/420/281 324/424/285 321/421/282 
f 323/423/284 394/537/368 324/424/285 
f 321/421/282 324/424/285 325/425/286 
f 324/424/285 394/537/368 327/427/288 
f 326/426/287 325/425/286 328/428/289 
f 325/425/286 327/427/288 330/430/290 
f 79/431/291 81/434/294 331/432/292 
f 81/434/294 105/541/370 333/435/295 
f 227/436/173 228/439/174 328/437/289 
f 228/439/174 230/565/176 329/440/176 
f 320/420/281 331/432/292 333/435/295 
f 322/422/283 332/433/293 331/432/292 
f 86/441/296 335/445/300 334/442/297 
f 93/444/299 345/459/310 335/445/300 
f 234/446/183 337/450/302 336/447/301 
f 237/449/186 339/566/304 337/450/302 
f 338/451/303 337/455/302 339/452/304 
f 341/454/306 336/487/301 337/455/302 
f 342/456/307 343/457/308 338/451/303 
f 343/457/308 348/462/313 341/454/306 
f 344/458/309 335/445/300 345/459/310 
f 347/461/312 334/442/297 335/445/300 
f 347/461/312 344/458/309 343/457/308 
f 344/458/309 346/460/311 348/462/313 
f 307/400/266 334/442/297 347/461/312 
f 342/456/307 319/419/280 308/401/267 
f 340/453/305 349/464/315 319/419/280 
f 83/443/298 334/442/297 307/400/266 
f 339/452/304 312/416/271 349/464/315 
f 312/406/271 339/566/304 237/449/186 
f 350/465/316 353/468/319 351/466/317 
f 353/468/319 364/486/333 354/469/320 
f 352/467/318 351/466/317 355/470/321 
f 351/466/317 354/469/320 357/472/323 
f 355/470/321 359/474/325 358/473/324 
f 357/472/323 362/515/331 359/474/325 
f 92/475/326 361/479/330 360/476/327 
f 108/478/329 363/485/332 361/479/330 
f 263/480/215 359/484/325 362/481/331 
f 265/483/217 358/488/324 359/484/325 
f 353/468/319 361/479/330 363/485/332 
f 350/465/316 360/476/327 361/479/330 
f 356/471/322 341/454/306 348/462/313 
f 352/467/318 348/462/313 346/460/311 
f 356/471/322 358/473/324 336/487/301 
f 235/448/184 336/447/301 358/488/324 
f 91/477/328 360/476/327 345/459/310 
f 345/459/310 360/476/327 350/465/316 
f 365/489/334 368/492/337 366/490/335 
f 368/492/337 372/496/341 369/493/338 
f 370/494/339 371/495/340 368/492/337 
f 371/495/340 379/514/351 372/496/341 
f 373/497/342 371/495/340 370/494/339 
f 375/499/344 379/514/351 371/495/340 
f 376/500/345 96/504/349 97/501/346 
f 378/503/348 98/513/350 96/504/349 
f 376/500/345 366/490/335 369/493/338 
f 377/502/347 367/491/336 366/490/335 
f 373/505/342 282/509/236 281/506/235 
f 374/508/343 304/567/264 282/509/236 
f 98/513/350 378/503/348 363/485/332 
f 363/485/332 378/503/348 369/493/338 
f 372/496/341 354/469/320 364/486/333 
f 379/514/351 375/499/344 362/515/331 
f 264/482/216 362/481/331 375/507/344 
f 372/496/341 379/514/351 357/472/323 
f 283/516/239 285/519/241 380/517/352 
f 285/519/241 287/538/243 382/520/354 
f 383/521/355 387/525/359 384/522/356 
f 386/524/358 388/527/361 387/525/359 
f 101/526/360 104/528/362 387/525/359 
f 104/528/362 106/542/371 384/522/356 
f 389/529/363 390/532/364 380/530/352 
f 390/532/364 395/540/369 381/533/353 
f 391/534/365 390/532/364 389/529/363 
f 393/536/367 395/540/369 390/532/364 
f 383/521/355 391/534/365 392/535/366 
f 385/523/357 393/536/367 391/534/365 
f 333/435/295 388/527/361 386/524/358 
f 309/402/268 318/418/279 393/536/367 
f 385/523/357 384/522/356 314/410/274 
f 386/524/358 392/535/366 394/537/368 
f 330/438/290 382/520/354 287/538/243 
f 381/518/353 313/408/272 206/539/146 
f 389/529/363 327/427/288 394/537/368 
f 318/418/279 315/412/276 395/540/369 
f 382/531/354 330/430/290 327/427/288 
f 313/414/272 381/533/353 395/540/369 
f 388/527/361 333/435/295 105/541/370 
f 314/410/274 384/522/356 106/542/371 
f 230/543/176 396/568/261 21/544/261 
f 329/545/176 21/544/261 77/546/372 
f 326/547/287 77/546/372 79/548/291 
f 321/549/282 79/548/291 332/550/293 
f 397/569/374 398/570/375 399/571/376 
f 399/571/376 400/572/111 401/573/237 
f 401/573/237 402/574/377 403/575/378 
f 404/576/379 402/574/377 405/577/380 
f 406/578/111 407/579/381 408/580/382 
f 409/581/383 407/579/381 410/582/384 
f 411/583/385 412/584/386 413/585/387 
f 399/586/388 401/587/110 414/588/110 
f 401/587/110 403/589/389 415/590/109 
f 416/591/109 408/592/390 414/588/110 
f 416/591/109 417/593/109 406/594/109 
f 406/594/109 408/592/390 416/591/109 
f 408/592/390 399/586/388 414/588/110 
f 414/588/110 401/587/110 415/590/109 
f 418/595/115 407/596/115 398/597/116 
f 419/598/261 414/599/261 420/600/261 
f 420/600/261 415/601/261 421/602/261 
f 398/597/116 420/603/116 400/604/116 
f 400/604/116 421/605/116 402/606/116 
f 419/607/116 420/603/116 407/596/115 
f 419/607/116 422/608/116 423/609/116 
f 422/608/116 419/607/116 407/596/115 
f 407/596/115 420/603/116 398/597/116 
f 420/603/116 421/605/116 400/604/116 
f 408/592/390 397/610/391 399/586/388 
f 412/611/392 424/612/393 425/613/394 
f 426/614/395 427/615/396 428/616/397 
f 429/617/398 425/618/399 424/619/400 
f 413/620/116 429/621/116 411/622/116 
f 430/623/401 418/624/374 397/569/374 
f 397/610/391 424/612/393 430/625/402 
f 428/616/397 405/577/380 426/614/395 
f 424/619/400 410/582/384 429/617/398 
f 429/621/116 418/595/115 411/622/116 
f 431/626/116 432/627/116 413/620/116 
f 433/628/403 434/629/404 435/630/405 
f 433/628/403 436/631/406 437/632/407 
f 438/633/408 439/634/409 436/631/406 
f 425/613/394 440/635/410 412/611/392 
f 435/636/111 441/637/111 431/638/111 
f 435/639/411 431/640/411 413/585/387 
f 432/641/412 441/642/413 434/643/413 
f 423/644/372 416/645/261 419/598/261 
f 404/646/414 442/647/415 403/589/389 
f 443/648/116 426/649/116 405/650/116 
f 427/651/416 444/652/417 428/653/418 
f 445/654/116 446/655/116 426/649/116 
f 428/653/418 447/656/414 404/646/414 
f 448/657/116 405/650/116 402/606/116 
f 403/589/389 442/647/415 415/590/109 
f 402/606/116 421/605/116 448/657/116 
f 446/658/111 449/659/111 427/660/111 
f 450/661/419 451/662/420 452/663/377 
f 453/664/237 452/663/377 454/665/111 
f 455/666/421 454/665/111 456/667/422 
f 457/668/423 455/666/421 456/667/422 
f 458/669/424 406/578/111 459/670/425 
f 460/671/374 458/669/424 459/670/425 
f 461/672/412 462/673/400 463/674/412 
f 452/675/426 464/676/109 454/677/109 
f 454/677/109 465/678/110 456/679/427 
f 466/680/110 464/676/109 459/681/428 
f 466/680/110 406/594/109 417/593/109 
f 406/594/109 466/680/110 459/681/428 
f 459/681/428 464/676/109 452/675/426 
f 464/676/109 465/678/110 454/677/109 
f 458/682/116 467/683/116 450/684/116 
f 468/685/372 466/686/261 469/687/372 
f 465/688/261 468/685/261 470/689/261 
f 450/684/116 453/690/116 468/691/116 
f 453/690/116 455/692/116 470/693/116 
f 469/694/116 458/682/116 468/691/116 
f 469/694/116 423/609/116 422/608/116 
f 422/608/116 458/682/116 469/694/116 
f 458/682/116 450/684/116 468/691/116 
f 468/691/116 453/690/116 470/693/116 
f 451/695/429 459/681/428 452/675/426 
f 461/696/394 471/697/430 472/698/430 
f 473/699/431 474/700/432 475/701/433 
f 476/702/385 477/703/387 478/704/434 
f 476/705/116 463/706/116 462/707/116 
f 467/708/383 472/709/400 451/662/420 
f 451/695/429 471/697/430 460/710/391 
f 479/711/435 480/712/436 457/668/423 
f 471/713/401 481/714/437 460/671/374 
f 476/705/116 467/683/116 481/715/116 
f 478/716/116 482/717/116 463/706/116 
f 483/718/404 484/719/438 485/720/405 
f 484/719/438 486/721/408 487/722/406 
f 487/722/406 488/723/410 489/724/409 
f 489/724/409 477/725/392 461/696/394 
f 482/726/439 483/727/439 485/728/111 
f 487/729/413 489/730/413 485/731/413 
f 478/704/434 477/703/387 483/732/411 
f 469/687/372 417/733/372 423/644/372 
f 457/734/414 490/735/440 491/736/414 
f 473/737/116 492/738/116 480/739/116 
f 474/740/416 493/741/417 494/742/416 
f 475/743/116 495/744/116 473/737/116 
f 479/745/418 491/736/414 493/741/417 
f 480/739/116 496/746/116 455/692/116 
f 456/679/427 465/678/110 490/735/440 
f 455/692/116 496/746/116 470/693/116 
f 475/747/111 494/748/111 497/749/111 
f 498/750/441 499/751/437 500/752/422 
f 501/753/111 500/752/422 502/754/237 
f 503/755/377 502/754/237 504/756/442 
f 505/757/443 503/755/377 504/756/442 
f 506/758/444 507/759/111 508/760/445 
f 509/761/420 506/758/444 508/760/445 
f 510/762/446 511/763/447 512/764/446 
f 500/765/448 513/766/115 502/767/115 
f 502/767/115 514/768/116 504/769/449 
f 515/770/116 513/766/115 508/771/450 
f 515/770/116 507/772/116 516/773/116 
f 507/772/116 515/770/116 508/771/450 
f 508/771/450 513/766/115 500/765/448 
f 513/766/115 514/768/116 502/767/115 
f 506/774/109 517/775/109 498/776/109 
f 513/777/261 518/778/261 519/779/261 
f 514/780/261 519/779/261 520/781/261 
f 498/776/109 501/782/109 519/783/109 
f 501/782/109 503/784/109 520/785/109 
f 518/786/109 506/774/109 519/783/109 
f 518/786/109 521/787/109 522/788/109 
f 522/788/109 506/774/109 518/786/109 
f 506/774/109 498/776/109 519/783/109 
f 519/783/109 501/782/109 520/785/109 
f 499/789/451 508/771/450 500/765/448 
f 510/790/452 523/791/453 524/792/454 
f 525/793/455 526/794/456 527/795/457 
f 528/796/458 529/797/459 530/798/460 
f 528/799/109 512/800/109 511/801/109 
f 517/802/374 524/803/447 499/751/437 
f 499/789/451 523/791/453 509/804/461 
f 531/805/462 532/806/463 505/757/443 
f 523/807/464 533/808/465 509/761/420 
f 528/799/109 517/775/109 533/809/109 
f 530/810/109 534/811/109 512/800/109 
f 535/812/466 536/813/467 537/814/468 
f 536/813/467 538/815/469 539/816/470 
f 539/816/470 540/817/471 541/818/472 
f 541/818/472 529/819/473 510/790/452 
f 537/820/439 542/821/439 535/822/439 
f 539/823/474 541/824/474 537/825/474 
f 530/798/460 529/797/459 535/826/475 
f 515/827/372 521/828/261 518/778/261 
f 505/829/476 543/830/477 544/831/476 
f 525/832/109 545/833/109 532/834/109 
f 526/835/478 546/836/479 547/837/478 
f 527/838/109 548/839/109 525/832/109 
f 531/840/479 544/831/476 546/836/479 
f 532/834/109 549/841/109 503/784/109 
f 504/769/449 514/768/116 543/830/477 
f 503/784/109 549/841/109 520/785/109 
f 527/842/439 547/843/439 550/844/439 
f 551/845/383 552/846/377 553/847/480 
f 553/847/480 554/848/237 555/849/111 
f 555/849/111 556/850/376 557/851/422 
f 558/852/481 556/850/376 559/853/482 
f 507/759/111 560/854/483 561/855/484 
f 562/856/437 560/854/483 563/857/374 
f 564/858/485 565/859/460 566/860/486 
f 553/861/487 555/862/116 567/863/116 
f 555/862/116 557/864/488 568/865/115 
f 569/866/115 561/867/489 567/863/116 
f 569/866/115 516/773/116 507/772/116 
f 507/772/116 561/867/489 569/866/115 
f 561/867/489 553/861/487 567/863/116 
f 567/863/116 555/862/116 568/865/115 
f 570/868/109 560/869/109 552/870/109 
f 571/871/372 569/872/372 567/873/261 
f 571/871/372 568/874/261 572/875/261 
f 552/870/109 571/876/109 554/877/109 
f 554/877/109 572/878/109 556/879/109 
f 573/880/109 571/876/109 560/869/109 
f 573/880/109 522/788/109 521/787/109 
f 522/788/109 573/880/109 560/869/109 
f 560/869/109 571/876/109 552/870/109 
f 571/876/109 572/878/109 554/877/109 
f 561/867/489 551/881/461 553/861/487 
f 565/882/473 574/883/490 575/884/452 
f 576/885/491 577/886/492 578/887/493 
f 579/888/447 575/889/494 574/890/447 
f 566/891/109 579/892/109 564/893/109 
f 580/894/464 570/895/420 551/845/383 
f 551/881/461 574/883/490 580/896/453 
f 578/887/493 559/853/482 576/885/491 
f 574/890/447 563/857/374 579/888/447 
f 579/892/109 570/868/109 564/893/109 
f 581/897/109 582/898/109 566/891/109 
f 583/899/495 584/900/466 585/901/468 
f 583/899/495 586/902/470 587/903/496 
f 588/904/469 589/905/472 586/902/470 
f 575/884/452 590/906/471 565/882/473 
f 584/907/439 581/908/439 585/909/439 
f 585/910/475 581/911/413 566/860/486 
f 582/912/494 591/913/474 584/914/474 
f 573/915/261 516/916/372 569/872/372 
f 558/917/476 592/918/497 557/864/449 
f 593/919/109 576/920/109 559/921/109 
f 577/922/478 594/923/498 578/924/498 
f 595/925/109 596/926/109 576/920/109 
f 578/924/498 597/927/499 558/917/476 
f 598/928/109 559/921/109 556/879/109 
f 557/864/449 592/918/497 568/865/116 
f 556/879/109 572/878/109 598/928/109 
f 596/929/439 599/930/439 577/931/439 
f 397/569/374 418/624/374 398/570/375 
f 399/571/376 398/570/375 400/572/111 
f 401/573/237 400/572/111 402/574/377 
f 404/576/379 403/575/378 402/574/377 
f 406/578/111 422/932/439 407/579/381 
f 409/581/383 408/580/382 407/579/381 
f 411/583/385 430/623/401 412/584/386 
f 418/595/115 410/933/116 407/596/115 
f 419/598/261 416/645/261 414/599/261 
f 420/600/261 414/599/261 415/601/261 
f 408/592/390 409/934/429 397/610/391 
f 412/611/392 430/625/402 424/612/393 
f 426/614/395 446/935/500 427/615/396 
f 429/617/398 432/641/412 425/618/399 
f 413/620/116 432/627/116 429/621/116 
f 430/623/401 411/583/385 418/624/374 
f 397/610/391 409/934/429 424/612/393 
f 428/616/397 404/576/379 405/577/380 
f 424/619/400 409/581/383 410/582/384 
f 429/621/116 410/933/116 418/595/115 
f 431/626/116 441/936/116 432/627/116 
f 433/628/403 437/632/407 434/629/404 
f 433/628/403 438/633/408 436/631/406 
f 438/633/408 440/635/410 439/634/409 
f 425/613/394 439/634/409 440/635/410 
f 435/636/111 434/937/111 441/637/111 
f 413/585/387 412/584/386 435/639/411 
f 412/584/386 440/938/411 435/639/411 
f 440/938/411 438/939/411 435/639/411 
f 438/939/411 433/940/411 435/639/411 
f 436/941/413 439/942/501 434/643/413 
f 439/942/501 425/618/399 434/643/413 
f 436/941/413 434/643/413 437/943/413 
f 425/618/399 432/641/412 434/643/413 
f 423/644/372 417/733/372 416/645/261 
f 404/646/414 447/656/414 442/647/415 
f 443/648/116 445/654/116 426/649/116 
f 427/651/416 449/944/416 444/652/417 
f 445/654/116 600/945/116 446/655/116 
f 428/653/418 444/652/417 447/656/414 
f 448/657/116 443/648/116 405/650/116 
f 446/658/111 600/946/111 449/659/111 
f 450/661/419 467/708/383 451/662/420 
f 453/664/237 450/661/419 452/663/377 
f 455/666/421 453/664/237 454/665/111 
f 457/668/423 480/712/436 455/666/421 
f 458/669/424 422/932/439 406/578/111 
f 460/671/374 481/714/437 458/669/424 
f 461/672/412 472/709/400 462/673/400 
f 458/682/116 481/715/116 467/683/116 
f 468/685/372 464/947/372 466/686/261 
f 465/688/372 464/947/372 468/685/372 
f 451/695/429 460/710/391 459/681/428 
f 461/696/394 477/725/392 471/697/430 
f 473/699/431 479/711/435 474/700/432 
f 476/702/385 471/713/401 477/703/387 
f 476/705/116 478/716/116 463/706/116 
f 467/708/383 462/673/400 472/709/400 
f 451/695/429 472/698/430 471/697/430 
f 479/711/435 473/699/431 480/712/436 
f 471/713/401 476/702/385 481/714/437 
f 476/705/116 462/707/116 467/683/116 
f 478/716/116 601/948/116 482/717/116 
f 483/718/404 602/949/502 484/719/438 
f 484/719/438 602/949/502 486/721/408 
f 487/722/406 486/721/408 488/723/410 
f 489/724/409 488/723/410 477/725/392 
f 482/726/439 601/950/439 483/727/439 
f 489/730/413 461/672/412 485/731/413 
f 461/672/412 463/674/412 485/731/413 
f 463/674/412 482/951/413 485/731/413 
f 485/731/413 484/952/413 487/729/413 
f 477/703/387 488/953/411 483/732/411 
f 488/953/411 486/954/411 483/732/411 
f 486/954/411 602/955/411 483/732/411 
f 483/732/411 601/956/411 478/704/434 
f 469/687/372 466/686/261 417/733/372 
f 457/734/414 456/679/427 490/735/440 
f 473/737/116 495/744/116 492/738/116 
f 474/740/416 479/745/418 493/741/417 
f 475/743/116 497/957/116 495/744/116 
f 479/745/418 457/734/414 491/736/414 
f 480/739/116 492/738/116 496/746/116 
f 475/747/111 474/958/111 494/748/111 
f 498/750/441 517/802/374 499/751/437 
f 501/753/111 498/750/441 500/752/422 
f 503/755/377 501/753/111 502/754/237 
f 505/757/443 532/806/463 503/755/377 
f 506/758/444 522/959/439 507/759/111 
f 509/761/420 533/808/465 506/758/444 
f 510/762/446 524/803/447 511/763/447 
f 506/774/109 533/809/109 517/775/109 
f 513/777/261 515/827/372 518/778/261 
f 514/780/261 513/777/261 519/779/261 
f 499/789/451 509/804/461 508/771/450 
f 510/790/452 529/819/473 523/791/453 
f 525/793/455 531/805/462 526/794/456 
f 528/796/458 523/807/464 529/797/459 
f 528/799/109 530/810/109 512/800/109 
f 517/802/374 511/763/447 524/803/447 
f 499/789/451 524/792/454 523/791/453 
f 531/805/462 525/793/455 532/806/463 
f 523/807/464 528/796/458 533/808/465 
f 528/799/109 511/801/109 517/775/109 
f 530/810/109 542/960/109 534/811/109 
f 535/812/466 603/961/503 536/813/467 
f 536/813/467 603/961/503 538/815/469 
f 539/816/470 538/815/469 540/817/471 
f 541/818/472 540/817/471 529/819/473 
f 537/820/439 534/962/111 542/821/439 
f 541/824/474 510/762/446 537/825/474 
f 510/762/446 512/764/446 537/825/474 
f 512/764/446 534/963/411 537/825/474 
f 537/825/474 536/964/474 539/823/474 
f 529/797/459 540/965/475 535/826/475 
f 540/965/475 538/966/475 535/826/475 
f 538/966/475 603/967/475 535/826/475 
f 535/826/475 542/968/413 530/798/460 
f 515/827/372 516/916/372 521/828/261 
f 505/829/476 504/769/449 543/830/477 
f 525/832/109 548/839/109 545/833/109 
f 526/835/478 531/840/479 546/836/479 
f 527/838/109 550/969/109 548/839/109 
f 531/840/479 505/829/476 544/831/476 
f 532/834/109 545/833/109 549/841/109 
f 527/842/439 526/970/439 547/843/439 
f 551/845/383 570/895/420 552/846/377 
f 553/847/480 552/846/377 554/848/237 
f 555/849/111 554/848/237 556/850/376 
f 558/852/481 557/851/422 556/850/376 
f 507/759/111 522/959/439 560/854/483 
f 562/856/437 561/855/484 560/854/483 
f 564/858/485 580/894/464 565/859/460 
f 570/868/109 563/971/109 560/869/109 
f 571/871/372 573/915/261 569/872/372 
f 571/871/372 567/873/261 568/874/261 
f 561/867/489 562/972/451 551/881/461 
f 565/882/473 580/896/453 574/883/490 
f 576/885/491 596/973/504 577/886/492 
f 579/888/447 582/912/494 575/889/494 
f 566/891/109 582/898/109 579/892/109 
f 580/894/464 564/858/485 570/895/420 
f 551/881/461 562/972/451 574/883/490 
f 578/887/493 558/852/481 559/853/482 
f 574/890/447 562/856/437 563/857/374 
f 579/892/109 563/971/109 570/868/109 
f 581/897/109 591/974/109 582/898/109 
f 583/899/495 587/903/496 584/900/466 
f 583/899/495 588/904/469 586/902/470 
f 588/904/469 590/906/471 589/905/472 
f 575/884/452 589/905/472 590/906/471 
f 584/907/439 591/975/111 581/908/439 
f 566/860/486 565/859/460 585/910/475 
f 565/859/460 590/976/413 585/910/475 
f 590/976/413 588/977/475 585/910/475 
f 588/977/475 583/978/475 585/910/475 
f 586/979/474 589/980/474 584/914/474 
f 589/980/474 575/889/494 584/914/474 
f 586/979/474 584/914/474 587/981/474 
f 575/889/494 582/912/494 584/914/474 
f 573/915/261 521/828/261 516/916/372 
f 558/917/476 597/927/499 592/918/497 
f 593/919/109 595/925/109 576/920/109 
f 577/922/478 599/982/478 594/923/498 
f 595/925/109 604/983/109 596/926/109 
f 578/924/498 594/923/498 597/927/499 
f 598/928/109 593/919/109 559/921/109 
f 596/929/439 604/984/439 599/930/439 
f 605/985/505 606/986/505 607/987/505 
f 608/988/439 609/989/439 610/990/439 
f 610/990/506 611/991/506 605/985/506 
f 612/992/372 606/986/261 613/993/261 
f 606/994/505 614/995/505 615/996/505 
f 616/997/373 609/998/439 617/999/439 
f 611/1000/506 618/1001/506 614/995/507 
f 615/996/508 619/1002/508 620/1003/508 
f 621/1004/372 620/1003/261 622/1005/261 
f 614/995/509 623/1006/509 619/1002/509 
f 623/1006/373 616/997/373 624/1007/373 
f 606/994/261 621/1004/372 613/1008/261 
f 605/985/505 611/991/505 606/986/505 
f 608/988/439 617/1009/439 609/989/439 
f 610/990/506 609/989/506 611/991/506 
f 612/992/372 607/987/372 606/986/261 
f 606/994/505 611/1000/505 614/995/505 
f 616/997/373 618/1001/373 609/998/439 
f 611/1000/506 609/998/506 618/1001/506 
f 615/996/508 614/995/508 619/1002/508 
f 621/1004/372 615/996/372 620/1003/261 
f 614/995/509 618/1001/509 623/1006/509 
f 623/1006/373 618/1001/373 616/997/373 
f 606/994/261 615/996/372 621/1004/372 
f 625/1010/510 626/1011/511 627/1012/510 
f 628/1013/512 629/1014/513 626/1011/511 
f 627/1012/510 630/1015/514 625/1010/510 
f 631/1016/515 632/1017/516 633/1018/517 
f 634/1019/518 635/1020/519 632/1017/516 
f 636/1021/520 637/1022/521 638/1023/522 
f 639/1024/523 640/1025/524 637/1022/521 
f 641/1026/525 638/1023/522 629/1014/513 
f 642/1027/526 643/1028/527 644/1029/528 
f 645/1030/529 646/1031/514 647/1032/530 
f 648/1033/531 649/1034/532 650/1035/533 
f 650/1035/533 651/1036/534 652/1037/535 
f 653/1038/524 651/1036/534 640/1025/524 
f 644/1029/528 647/1032/530 642/1027/526 
f 654/1039/536 625/1010/510 655/1040/537 
f 656/1041/538 628/1013/512 654/1039/536 
f 630/1015/514 655/1040/537 625/1010/510 
f 657/1042/516 631/1016/515 658/1043/539 
f 659/1044/540 634/1019/518 657/1042/516 
f 660/1045/521 636/1021/520 661/1046/541 
f 662/1047/524 639/1024/523 660/1045/521 
f 661/1046/541 641/1026/525 656/1041/538 
f 643/1028/527 663/1048/542 644/1029/528 
f 664/1049/543 645/1030/529 665/1050/544 
f 648/1033/531 666/1051/532 667/1052/531 
f 650/1035/533 668/1053/534 666/1051/532 
f 668/1053/534 653/1038/524 662/1047/524 
f 665/1050/544 644/1029/528 663/1048/542 
f 625/1010/510 628/1013/512 626/1011/511 
f 628/1013/512 641/1026/525 629/1014/513 
f 627/1012/510 646/1031/514 630/1015/514 
f 631/1016/515 634/1019/518 632/1017/516 
f 634/1019/518 643/1028/527 635/1020/519 
f 636/1021/520 639/1024/523 637/1022/521 
f 639/1024/523 653/1038/524 640/1025/524 
f 641/1026/525 636/1021/520 638/1023/522 
f 642/1027/526 635/1020/519 643/1028/527 
f 645/1030/529 630/1015/514 646/1031/514 
f 648/1033/531 669/1054/545 649/1034/532 
f 650/1035/533 649/1034/532 651/1036/534 
f 653/1038/524 652/1037/535 651/1036/534 
f 644/1029/528 645/1030/529 647/1032/530 
f 654/1039/536 628/1013/512 625/1010/510 
f 656/1041/538 641/1026/525 628/1013/512 
f 630/1015/514 664/1049/543 655/1040/537 
f 657/1042/516 634/1019/518 631/1016/515 
f 659/1044/540 643/1028/527 634/1019/518 
f 660/1045/521 639/1024/523 636/1021/520 
f 662/1047/524 653/1038/524 639/1024/523 
f 661/1046/541 636/1021/520 641/1026/525 
f 643/1028/527 659/1044/540 663/1048/542 
f 664/1049/543 630/1015/514 645/1030/529 
f 648/1033/531 650/1035/533 666/1051/532 
f 650/1035/533 652/1037/535 668/1053/534 
f 668/1053/534 652/1037/535 653/1038/524 
f 665/1050/544 645/1030/529 644/1029/528 
f 670/1055/546 671/1056/547 672/1057/548 
f 673/1058/549 674/1059/550 675/1060/551 
f 676/1061/552 677/1062/553 678/1063/554 
f 679/1064/555 680/1065/556 681/1066/557 
f 682/1067/558 683/1068/559 673/1058/549 
f 675/1060/551 684/1069/560 676/1061/552 
f 685/1070/561 677/1062/553 680/1065/556 
f 686/1071/562 687/1072/563 688/1073/564 
f 689/1074/565 690/1075/566 691/1076/567 
f 692/1077/568 693/1078/569 694/1079/570 
f 695/1080/571 696/1081/572 697/1082/573 
f 698/1083/574 699/1084/575 700/1085/576 
f 701/1086/577 702/1087/578 703/1088/579 
f 686/1071/562 700/1085/576 704/1089/580 
f 688/1073/564 705/1090/581 695/1080/571 
f 689/1074/565 703/1088/579 706/1091/582 
f 691/1076/567 707/1092/583 708/1093/584 
f 709/1094/585 681/1066/557 693/1078/569 
f 710/1095/586 694/1079/570 702/1087/578 
f 697/1082/573 711/1096/587 682/1067/558 
f 712/1097/588 713/1098/589 699/1084/575 
f 714/1099/590 715/1100/591 716/1101/592 
f 716/1101/592 717/1102/593 670/1055/546 
f 708/1093/584 718/1103/594 714/1099/590 
f 699/1104/575 719/1105/595 720/1106/595 
f 721/1107/596 722/1108/597 723/1109/596 
f 717/1110/593 724/1111/595 671/1112/547 
f 725/1113/598 726/1114/599 727/1115/600 
f 715/1116/591 728/1117/595 717/1110/593 
f 729/1118/601 727/1115/600 730/1119/602 
f 707/1120/583 731/1121/595 718/1122/594 
f 690/1123/566 732/1124/595 707/1120/583 
f 733/1125/603 734/1126/604 735/1127/605 
f 735/1127/605 736/1128/606 737/1129/607 
f 696/1130/572 738/1131/595 711/1132/587 
f 739/1133/608 740/1134/609 741/1135/610 
f 711/1132/587 742/1136/595 683/1137/559 
f 743/1138/611 744/1139/612 739/1133/608 
f 745/1140/613 746/1141/614 743/1138/611 
f 747/1142/595 683/1137/559 742/1136/595 
f 674/1143/550 748/1144/595 684/1145/560 
f 749/1146/615 750/1147/616 745/1140/613 
f 751/1148/617 752/1149/618 749/1146/615 
f 753/1150/619 684/1145/560 748/1144/595 
f 753/1150/619 680/1151/556 677/1152/553 
f 751/1148/617 754/1153/620 755/1154/621 
f 756/1155/622 757/1156/623 754/1153/620 
f 681/1157/557 758/1158/619 759/1159/595 
f 759/1159/595 693/1160/569 681/1157/557 
f 760/1161/624 761/1162/625 757/1156/623 
f 762/1163/626 763/1164/627 764/1165/628 
f 704/1166/580 765/1167/595 687/1168/563 
f 704/1166/580 766/1169/595 767/1170/595 
f 768/1171/629 763/1164/627 769/1172/630 
f 687/1168/563 770/1173/595 705/1174/581 
f 771/1175/631 772/1176/632 762/1163/626 
f 737/1129/607 773/1177/633 774/1178/634 
f 706/1179/582 775/1180/595 690/1123/566 
f 706/1179/582 776/1181/595 777/1182/595 
f 778/1183/635 773/1177/633 779/1184/636 
f 780/1185/637 781/1186/638 761/1162/625 
f 694/1187/570 782/1188/595 783/1189/595 
f 702/1190/578 783/1189/595 784/1191/595 
f 785/1192/639 786/1193/640 781/1186/638 
f 741/1135/610 787/1194/641 771/1175/631 
f 705/1174/581 788/1195/595 696/1130/572 
f 789/1196/642 769/1172/630 722/1108/643 
f 720/1106/595 700/1197/576 699/1104/575 
f 790/1198/644 779/1184/636 786/1193/640 
f 784/1191/595 703/1199/579 702/1190/578 
f 733/1125/603 730/1119/602 791/1200/645 
f 718/1122/594 792/1201/595 715/1116/591 
f 735/1127/646 714/1099/590 733/1125/647 
f 729/1118/648 670/1055/546 725/1113/649 
f 733/1125/647 716/1101/592 729/1118/648 
f 789/1196/650 793/1202/651 712/1097/588 
f 741/1135/652 682/1067/558 739/1133/653 
f 790/1198/654 692/1077/568 710/1095/586 
f 780/1185/655 679/1064/555 709/1094/585 
f 737/1129/656 708/1093/584 735/1127/646 
f 774/1178/657 701/1086/577 689/1074/565 
f 762/1163/658 695/1080/571 771/1175/659 
f 764/1165/660 698/1083/574 686/1071/562 
f 778/1183/661 710/1095/586 701/1086/577 
f 768/1171/662 712/1097/588 698/1083/574 
f 771/1175/659 697/1082/573 741/1135/652 
f 785/1192/663 709/1094/585 692/1077/568 
f 774/1178/657 691/1076/567 737/1129/656 
f 764/1165/660 688/1073/564 762/1163/658 
f 756/1155/664 678/1063/554 685/1070/561 
f 745/1140/665 676/1061/552 749/1146/666 
f 739/1133/653 673/1058/549 743/1138/667 
f 760/1161/668 685/1070/561 679/1064/555 
f 749/1146/666 678/1063/554 751/1148/669 
f 743/1138/667 675/1060/551 745/1140/665 
f 725/1113/649 672/1057/548 794/1203/670 
f 671/1204/547 795/1205/671 672/1206/548 
f 796/1207/672 797/1208/673 798/1209/674 
f 799/1210/675 800/1211/676 801/1212/677 
f 802/1213/678 803/1214/679 804/1215/680 
f 805/1216/681 806/1217/682 797/1208/673 
f 807/1218/683 798/1209/674 800/1211/676 
f 804/1215/680 799/1210/675 801/1212/677 
f 808/1219/684 809/1220/685 810/1221/686 
f 811/1222/687 812/1223/688 813/1224/689 
f 814/1225/690 815/1226/691 816/1227/692 
f 817/1228/693 818/1229/694 819/1230/695 
f 820/1231/696 821/1232/697 822/1233/698 
f 823/1234/699 824/1235/700 825/1236/701 
f 809/1220/685 826/1237/702 820/1231/696 
f 827/1238/703 810/1221/686 818/1229/694 
f 812/1223/688 828/1239/704 823/1234/699 
f 829/1240/705 813/1224/689 830/1241/706 
f 816/1227/692 831/1242/707 802/1213/678 
f 825/1236/701 832/1243/708 814/1225/690 
f 833/1244/709 819/1230/695 806/1217/682 
f 822/1233/698 834/1245/710 835/1246/711 
f 836/1247/712 837/1248/713 838/1249/714 
f 839/1250/715 838/1249/714 795/1205/671 
f 840/1251/716 830/1241/706 837/1248/713 
f 821/1252/697 841/1253/595 834/1254/710 
f 842/1255/717 843/1256/718 844/1257/719 
f 724/1111/595 839/1258/715 671/1112/547 
f 845/1259/720 726/1260/599 794/1261/721 
f 846/1262/595 836/1263/712 839/1258/715 
f 847/1264/722 848/1265/723 845/1259/720 
f 849/1266/595 829/1267/705 840/1268/716 
f 850/1269/595 811/1270/687 829/1267/705 
f 851/1271/724 852/1272/725 853/1273/726 
f 854/1274/727 853/1273/726 855/1275/728 
f 856/1276/595 817/1277/693 833/1278/709 
f 857/1279/729 858/1280/730 859/1281/731 
f 833/1278/709 860/1282/595 856/1276/595 
f 861/1283/732 862/1284/733 858/1280/730 
f 863/1285/734 864/1286/735 862/1284/733 
f 865/1287/595 805/1288/681 796/1289/672 
f 796/1289/672 866/1290/595 865/1287/595 
f 867/1291/736 868/1292/737 864/1286/735 
f 869/1293/738 870/1294/739 868/1292/737 
f 871/1295/595 807/1296/683 799/1297/675 
f 803/1298/679 871/1295/595 799/1297/675 
f 870/1294/739 872/1299/740 873/1300/741 
f 873/1300/741 874/1301/742 875/1302/743 
f 876/1303/595 831/1304/707 877/1305/595 
f 815/1306/691 877/1305/595 831/1304/707 
f 875/1302/743 878/1307/744 879/1308/745 
f 880/1309/746 881/1310/747 882/1311/748 
f 883/1312/749 884/1313/595 885/1314/595 
f 883/1312/749 886/1315/595 826/1316/702 
f 887/1317/750 880/1309/746 882/1311/748 
f 888/1318/595 808/1319/684 827/1320/703 
f 889/1321/751 890/1322/752 881/1310/747 
f 891/1323/753 855/1275/728 892/1324/754 
f 893/1325/755 894/1326/595 895/1327/595 
f 893/1325/755 896/1328/595 828/1329/704 
f 897/1330/756 891/1323/753 892/1324/754 
f 879/1308/745 898/1331/757 899/1332/758 
f 900/1333/595 832/1334/708 901/1335/595 
f 824/1336/700 901/1335/595 832/1334/708 
f 899/1332/758 902/1337/759 903/1338/760 
f 904/1339/761 859/1281/731 890/1322/752 
f 827/1320/703 905/1340/595 888/1318/595 
f 844/1257/719 906/1341/762 887/1317/750 
f 826/1316/702 907/1342/595 821/1252/697 
f 903/1338/760 908/1343/763 897/1330/756 
f 828/1329/704 909/1344/595 824/1336/700 
f 852/1272/725 910/1345/764 847/1264/722 
f 840/1268/716 911/1346/595 849/1266/595 
f 837/1248/713 853/1273/765 852/1272/766 
f 795/1205/671 847/1264/767 845/1259/768 
f 838/1249/714 852/1272/766 847/1264/767 
f 844/1257/769 835/1246/711 842/1255/770 
f 806/1217/682 859/1281/771 858/1280/772 
f 903/1338/773 814/1225/690 899/1332/774 
f 879/1308/775 802/1213/678 875/1302/776 
f 830/1241/706 855/1275/777 853/1273/765 
f 892/1324/778 823/1234/699 897/1330/779 
f 818/1229/694 881/1310/780 890/1322/781 
f 882/1311/782 820/1231/696 887/1317/783 
f 897/1330/779 825/1236/701 903/1338/773 
f 887/1317/783 822/1233/698 844/1257/769 
f 819/1230/695 890/1322/781 859/1281/771 
f 899/1332/774 816/1227/692 879/1308/775 
f 813/1224/689 892/1324/778 855/1275/777 
f 810/1221/686 882/1311/782 881/1310/780 
f 873/1300/784 801/1212/677 870/1294/785 
f 800/1211/676 864/1286/786 868/1292/787 
f 797/1208/673 858/1280/772 862/1284/788 
f 875/1302/776 804/1215/680 873/1300/784 
f 801/1212/677 868/1292/787 870/1294/785 
f 798/1209/674 862/1284/788 864/1286/786 
f 672/1206/548 845/1259/768 794/1261/670 
f 722/1347/789 912/1348/789 723/1349/790 
f 913/1350/791 727/1351/791 726/1352/791 
f 914/1353/791 730/1354/792 727/1351/791 
f 915/1355/793 734/1356/794 791/1357/792 
f 916/1358/793 736/1359/793 734/1356/794 
f 917/1360/793 740/1361/794 744/1362/795 
f 744/1362/795 918/1363/791 917/1360/793 
f 919/1364/791 746/1365/791 750/1366/791 
f 750/1366/791 920/1367/791 919/1364/791 
f 921/1368/796 752/1369/791 755/1370/796 
f 754/1371/796 921/1368/796 755/1370/796 
f 922/1372/796 757/1373/796 923/1374/796 
f 761/1375/797 923/1374/796 757/1373/796 
f 763/1376/798 924/1377/798 925/1378/798 
f 763/1376/798 926/1379/799 769/1380/799 
f 927/1381/793 772/1382/793 787/1383/793 
f 773/1384/789 928/1385/793 929/1386/793 
f 773/1384/789 930/1387/789 779/1388/789 
f 931/1389/796 781/1390/797 932/1391/789 
f 786/1392/790 932/1391/789 781/1390/797 
f 787/1383/793 933/1393/793 927/1381/793 
f 769/1380/799 934/1394/789 722/1347/789 
f 779/1388/789 935/1395/789 786/1392/790 
f 791/1357/792 936/1396/791 915/1355/793 
f 843/1397/793 937/1398/793 938/1399/793 
f 848/1400/796 913/1350/791 726/1352/791 
f 910/1401/800 939/1402/796 848/1400/796 
f 851/1403/790 940/1404/789 941/1405/800 
f 854/1406/789 942/1407/789 851/1403/790 
f 857/1408/790 943/1409/789 861/1410/797 
f 861/1410/797 944/1411/796 863/1412/796 
f 945/1413/796 863/1412/796 944/1411/796 
f 867/1414/796 946/1415/796 869/1416/796 
f 947/1417/791 869/1416/796 946/1415/796 
f 947/1417/791 872/1418/791 948/1419/791 
f 874/1420/791 949/1421/791 950/1422/791 
f 950/1422/791 878/1423/795 874/1420/791 
f 880/1424/799 951/1425/799 889/1426/789 
f 880/1424/799 952/1427/798 953/1428/798 
f 889/1426/789 954/1429/789 904/1430/789 
f 891/1431/793 955/1432/789 854/1406/789 
f 891/1431/793 956/1433/793 957/1434/793 
f 898/1435/795 958/1436/791 959/1437/793 
f 902/1438/794 959/1437/793 960/1439/793 
f 904/1430/789 961/1440/789 857/1408/790 
f 938/1399/793 906/1441/798 843/1397/793 
f 960/1439/793 908/1442/793 902/1438/794 
f 941/1405/800 962/1443/796 910/1401/800 
f 963/1444/801 964/1445/802 965/1446/803 
f 966/1447/804 967/1448/805 968/1449/806 
f 969/1450/807 970/1451/808 971/1452/809 
f 972/1453/810 973/1454/811 974/1455/812 
f 975/1456/813 976/1457/814 967/1448/805 
f 977/1458/815 968/1449/806 970/1451/808 
f 974/1455/812 969/1450/807 971/1452/809 
f 978/1459/816 979/1460/817 980/1461/818 
f 981/1462/819 982/1463/820 983/1464/821 
f 984/1465/822 985/1466/823 986/1467/824 
f 987/1468/825 988/1469/826 989/1470/827 
f 990/1471/828 991/1472/829 992/1473/830 
f 993/1474/831 994/1475/832 995/1476/833 
f 979/1460/817 996/1477/834 990/1471/828 
f 997/1478/835 980/1461/818 988/1469/826 
f 982/1463/820 998/1479/836 993/1474/831 
f 999/1480/837 983/1464/821 1000/1481/838 
f 986/1467/824 1001/1482/839 972/1453/810 
f 995/1476/833 1002/1483/840 984/1465/822 
f 1003/1484/841 989/1470/827 976/1457/814 
f 992/1473/830 1004/1485/842 1005/1486/843 
f 1006/1487/844 1007/1488/845 1008/1489/846 
f 1009/1490/847 1008/1489/846 964/1445/802 
f 1010/1491/848 1000/1481/838 1007/1488/845 
f 991/1347/829 1011/1348/849 1004/1349/842 
f 1012/1492/850 1013/1493/851 1014/1494/852 
f 1015/1350/849 1009/1351/847 963/1352/801 
f 1016/1495/853 1017/1496/854 1018/1497/855 
f 1019/1353/849 1006/1354/844 1009/1351/847 
f 1020/1498/856 1021/1499/857 1016/1495/853 
f 1022/1355/849 999/1356/837 1010/1357/848 
f 1023/1358/849 981/1359/819 999/1356/837 
f 1024/1500/858 1025/1501/859 1026/1502/860 
f 1027/1503/861 1026/1502/860 1028/1504/862 
f 1029/1360/849 987/1361/825 1003/1362/841 
f 1030/1505/863 1031/1506/864 1032/1507/865 
f 1003/1362/841 1033/1363/849 1029/1360/849 
f 1034/1508/866 1035/1509/867 1031/1506/864 
f 1036/1510/868 1037/1511/869 1035/1509/867 
f 1038/1364/849 975/1365/813 966/1366/804 
f 966/1366/804 1039/1367/849 1038/1364/849 
f 1040/1512/870 1041/1513/871 1037/1511/869 
f 1042/1514/872 1043/1515/873 1041/1513/871 
f 1044/1368/849 977/1369/815 969/1370/807 
f 973/1371/811 1044/1368/849 969/1370/807 
f 1043/1515/873 1045/1516/874 1046/1517/875 
f 1046/1517/875 1047/1518/876 1048/1519/877 
f 1049/1372/878 1001/1373/839 1050/1374/849 
f 985/1375/823 1050/1374/849 1001/1373/839 
f 1048/1519/877 1051/1520/879 1052/1521/880 
f 1053/1522/881 1054/1523/882 1055/1524/883 
f 1056/1376/884 1057/1377/849 1058/1378/849 
f 1056/1376/884 1059/1379/849 996/1380/834 
f 1060/1525/885 1053/1522/881 1055/1524/883 
f 1061/1381/849 978/1382/816 997/1383/835 
f 1062/1526/886 1063/1527/887 1054/1523/882 
f 1064/1528/888 1028/1504/862 1065/1529/889 
f 1066/1384/890 1067/1385/849 1068/1386/849 
f 1066/1384/890 1069/1387/849 998/1388/836 
f 1070/1530/891 1064/1528/888 1065/1529/889 
f 1052/1521/880 1071/1531/892 1072/1532/893 
f 1073/1389/849 1002/1390/840 1074/1391/849 
f 994/1392/832 1074/1391/849 1002/1390/840 
f 1072/1532/893 1075/1533/894 1076/1534/895 
f 1077/1535/896 1032/1507/865 1063/1527/887 
f 997/1383/835 1078/1393/849 1061/1381/849 
f 1014/1494/852 1079/1536/897 1060/1525/885 
f 996/1380/834 1080/1394/849 991/1347/829 
f 1076/1534/895 1081/1537/898 1070/1530/891 
f 998/1388/836 1082/1395/849 994/1392/832 
f 1025/1501/859 1083/1538/899 1020/1498/856 
f 1010/1357/848 1084/1396/849 1022/1355/849 
f 1007/1488/845 1026/1502/900 1025/1501/901 
f 964/1445/802 1020/1498/902 1016/1495/903 
f 1008/1489/846 1025/1501/901 1020/1498/902 
f 1014/1494/904 1005/1486/843 1012/1492/905 
f 976/1457/814 1032/1507/906 1031/1506/907 
f 1076/1534/908 984/1465/822 1072/1532/909 
f 1052/1521/910 972/1453/810 1048/1519/911 
f 1000/1481/838 1028/1504/912 1026/1502/900 
f 1065/1529/913 993/1474/831 1070/1530/914 
f 988/1469/826 1054/1523/915 1063/1527/916 
f 1055/1524/917 990/1471/828 1060/1525/918 
f 1070/1530/914 995/1476/833 1076/1534/908 
f 1060/1525/918 992/1473/830 1014/1494/904 
f 989/1470/827 1063/1527/916 1032/1507/906 
f 1072/1532/909 986/1467/824 1052/1521/910 
f 983/1464/821 1065/1529/913 1028/1504/912 
f 980/1461/818 1055/1524/917 1054/1523/915 
f 1046/1517/919 971/1452/809 1043/1515/920 
f 970/1451/808 1037/1511/921 1041/1513/922 
f 967/1448/805 1031/1506/907 1035/1509/923 
f 1048/1519/911 974/1455/812 1046/1517/919 
f 971/1452/809 1041/1513/922 1043/1515/920 
f 968/1449/806 1035/1509/923 1037/1511/921 
f 965/1446/803 1016/1495/903 1018/1497/924 
f 1085/1539/925 963/1540/801 965/1541/803 
f 1086/1542/926 1087/1543/927 1088/1544/928 
f 1089/1545/929 1090/1546/930 1091/1547/931 
f 1092/1548/932 1093/1549/933 1094/1550/934 
f 1095/1551/935 1096/1552/936 1086/1542/926 
f 1088/1544/928 1097/1553/937 1089/1545/929 
f 1098/1554/938 1090/1546/930 1093/1549/933 
f 1099/1555/939 1100/1556/940 1101/1557/941 
f 1102/1558/942 1103/1559/943 1104/1560/944 
f 1105/1561/945 1106/1562/946 1107/1563/947 
f 1108/1564/948 1109/1565/949 1110/1566/950 
f 1111/1567/951 1112/1568/952 1113/1569/953 
f 1114/1570/954 1115/1571/955 1116/1572/956 
f 1099/1555/939 1113/1569/953 1117/1573/957 
f 1101/1557/941 1118/1574/958 1108/1564/948 
f 1102/1558/942 1116/1572/956 1119/1575/959 
f 1104/1560/944 1120/1576/960 1121/1577/961 
f 1122/1578/962 1094/1550/934 1106/1562/946 
f 1123/1579/963 1107/1563/947 1115/1571/955 
f 1110/1566/950 1124/1580/964 1095/1551/935 
f 1125/1581/965 1126/1582/966 1112/1568/952 
f 1127/1583/967 1128/1584/968 1129/1585/969 
f 1129/1585/969 1130/1586/970 1085/1539/925 
f 1121/1577/961 1131/1587/971 1127/1583/967 
f 1112/1397/952 1132/1398/849 1133/1399/849 
f 1134/1588/972 1135/1589/973 1136/1590/972 
f 1130/1400/970 1015/1350/849 963/1352/801 
f 1137/1591/974 1017/1592/854 1138/1593/975 
f 1128/1401/968 1139/1402/849 1130/1400/970 
f 1140/1594/976 1138/1593/975 1141/1595/977 
f 1120/1403/960 1142/1404/849 1131/1405/971 
f 1103/1406/943 1143/1407/849 1120/1403/960 
f 1144/1596/978 1145/1597/979 1146/1598/980 
f 1146/1598/980 1147/1599/981 1148/1600/982 
f 1109/1408/949 1149/1409/849 1124/1410/964 
f 1150/1601/983 1151/1602/984 1152/1603/985 
f 1124/1410/964 1153/1411/849 1096/1412/936 
f 1154/1604/986 1155/1605/987 1150/1601/983 
f 1156/1606/988 1157/1607/989 1154/1604/986 
f 1158/1413/849 1096/1412/936 1153/1411/849 
f 1087/1414/927 1159/1415/849 1097/1416/937 
f 1160/1608/990 1161/1609/991 1156/1606/988 
f 1162/1610/992 1163/1611/993 1160/1608/990 
f 1164/1417/849 1097/1416/937 1159/1415/849 
f 1164/1417/849 1093/1418/933 1090/1419/930 
f 1162/1610/992 1165/1612/994 1166/1613/995 
f 1167/1614/996 1168/1615/997 1165/1612/994 
f 1094/1420/934 1169/1421/849 1170/1422/849 
f 1170/1422/849 1106/1423/946 1094/1420/934 
f 1171/1616/998 1172/1617/999 1168/1615/997 
f 1173/1618/1000 1174/1619/1001 1175/1620/1002 
f 1117/1424/957 1176/1425/849 1100/1426/940 
f 1117/1424/957 1177/1427/849 1178/1428/849 
f 1179/1621/1003 1174/1619/1001 1180/1622/1004 
f 1100/1426/940 1181/1429/849 1118/1430/958 
f 1182/1623/1005 1183/1624/1006 1173/1618/1000 
f 1148/1600/982 1184/1625/1007 1185/1626/1008 
f 1119/1431/959 1186/1432/849 1103/1406/943 
f 1119/1431/959 1187/1433/849 1188/1434/849 
f 1189/1627/1009 1184/1625/1007 1190/1628/1010 
f 1191/1629/1011 1192/1630/1012 1172/1617/999 
f 1107/1435/947 1193/1436/849 1194/1437/849 
f 1115/1438/955 1194/1437/849 1195/1439/849 
f 1196/1631/1013 1197/1632/1014 1192/1630/1012 
f 1152/1603/985 1198/1633/1015 1182/1623/1005 
f 1118/1430/958 1199/1440/849 1109/1408/949 
f 1200/1634/1016 1180/1622/1004 1135/1589/1017 
f 1133/1399/849 1113/1441/953 1112/1397/952 
f 1201/1635/1018 1190/1628/1010 1197/1632/1014 
f 1195/1439/849 1116/1442/956 1115/1438/955 
f 1144/1596/978 1141/1595/977 1202/1636/1019 
f 1131/1405/971 1203/1443/849 1128/1401/968 
f 1146/1598/1020 1127/1583/967 1144/1596/1021 
f 1140/1594/1022 1085/1539/925 1137/1591/1023 
f 1144/1596/1021 1129/1585/969 1140/1594/1022 
f 1200/1634/1024 1204/1637/1025 1125/1581/965 
f 1152/1603/1026 1095/1551/935 1150/1601/1027 
f 1201/1635/1028 1105/1561/945 1123/1579/963 
f 1191/1629/1029 1092/1548/932 1122/1578/962 
f 1148/1600/1030 1121/1577/961 1146/1598/1020 
f 1185/1626/1031 1114/1570/954 1102/1558/942 
f 1173/1618/1032 1108/1564/948 1182/1623/1033 
f 1175/1620/1034 1111/1567/951 1099/1555/939 
f 1189/1627/1035 1123/1579/963 1114/1570/954 
f 1179/1621/1036 1125/1581/965 1111/1567/951 
f 1182/1623/1033 1110/1566/950 1152/1603/1026 
f 1196/1631/1037 1122/1578/962 1105/1561/945 
f 1185/1626/1031 1104/1560/944 1148/1600/1030 
f 1175/1620/1034 1101/1557/941 1173/1618/1032 
f 1167/1614/1038 1091/1547/931 1098/1554/938 
f 1156/1606/1039 1089/1545/929 1160/1608/1040 
f 1150/1601/1027 1086/1542/926 1154/1604/1041 
f 1171/1616/1042 1098/1554/938 1092/1548/932 
f 1160/1608/1040 1091/1547/931 1162/1610/1043 
f 1154/1604/1041 1088/1544/928 1156/1606/1039 
f 1137/1591/1023 965/1541/803 1018/1638/924 
f 1013/1639/1044 1205/1640/1044 1206/1641/1044 
f 1021/1642/1045 1207/1643/1045 1017/1644/1045 
f 1083/1645/1046 1208/1646/1045 1021/1642/1045 
f 1024/1647/1047 1209/1648/1048 1210/1649/1046 
f 1027/1650/1048 1211/1651/1048 1024/1647/1047 
f 1030/1652/1047 1212/1653/1048 1034/1654/1049 
f 1034/1654/1049 1213/1655/1045 1036/1656/1045 
f 1214/1657/1045 1036/1656/1045 1213/1655/1045 
f 1040/1658/1045 1215/1659/1045 1042/1660/1045 
f 1216/1661/1050 1042/1660/1045 1215/1659/1045 
f 1216/1661/1050 1045/1662/1050 1217/1663/1050 
f 1047/1664/1050 1218/1665/1050 1219/1666/1050 
f 1219/1666/1050 1051/1667/1051 1047/1664/1050 
f 1053/1668/1052 1220/1669/1052 1062/1670/1048 
f 1053/1668/1052 1221/1671/1053 1222/1672/1052 
f 1062/1670/1048 1223/1673/1048 1077/1674/1048 
f 1064/1675/1044 1224/1676/1048 1027/1650/1048 
f 1064/1675/1044 1225/1677/1044 1226/1678/1048 
f 1071/1679/1051 1227/1680/1050 1228/1681/1044 
f 1075/1682/1054 1228/1681/1044 1229/1683/1044 
f 1077/1674/1048 1230/1684/1048 1030/1652/1047 
f 1206/1641/1044 1079/1685/1053 1013/1639/1044 
f 1229/1683/1044 1081/1686/1044 1075/1682/1054 
f 1210/1649/1046 1231/1687/1045 1083/1645/1046 
f 1135/1688/1048 1232/1689/1048 1136/1690/1047 
f 1207/1643/1045 1138/1691/1050 1017/1644/1045 
f 1233/1692/1050 1141/1693/1055 1138/1691/1050 
f 1234/1694/1044 1145/1695/1054 1202/1696/1055 
f 1235/1697/1044 1147/1698/1044 1145/1695/1054 
f 1236/1699/1044 1151/1700/1054 1155/1701/1051 
f 1155/1701/1051 1237/1702/1050 1236/1699/1044 
f 1238/1703/1050 1157/1704/1050 1161/1705/1050 
f 1161/1705/1050 1239/1706/1050 1238/1703/1050 
f 1240/1707/1045 1163/1708/1050 1166/1709/1045 
f 1165/1710/1045 1240/1707/1045 1166/1709/1045 
f 1241/1711/1045 1168/1712/1045 1242/1713/1045 
f 1172/1714/1049 1242/1713/1045 1168/1712/1045 
f 1174/1715/1053 1243/1716/1053 1244/1717/1052 
f 1174/1715/1053 1245/1718/1052 1180/1719/1052 
f 1246/1720/1044 1183/1721/1044 1198/1722/1044 
f 1184/1723/1048 1247/1724/1044 1248/1725/1048 
f 1184/1723/1048 1249/1726/1048 1190/1727/1048 
f 1250/1728/1045 1192/1729/1049 1251/1730/1048 
f 1197/1731/1047 1251/1730/1048 1192/1729/1049 
f 1198/1722/1044 1252/1732/1044 1246/1720/1044 
f 1180/1719/1052 1253/1733/1048 1135/1688/1048 
f 1190/1727/1048 1254/1734/1048 1197/1731/1047 
f 1202/1696/1055 1255/1735/1050 1234/1694/1044 
f 670/1055/546 717/1102/593 671/1056/547 
f 673/1058/549 683/1068/559 674/1059/550 
f 676/1061/552 684/1069/560 677/1062/553 
f 679/1064/555 685/1070/561 680/1065/556 
f 682/1067/558 711/1096/587 683/1068/559 
f 675/1060/551 674/1059/550 684/1069/560 
f 685/1070/561 678/1063/554 677/1062/553 
f 686/1071/562 704/1089/580 687/1072/563 
f 689/1074/565 706/1091/582 690/1075/566 
f 692/1077/568 709/1094/585 693/1078/569 
f 695/1080/571 705/1090/581 696/1081/572 
f 698/1083/574 712/1097/588 699/1084/575 
f 701/1086/577 710/1095/586 702/1087/578 
f 686/1071/562 698/1083/574 700/1085/576 
f 688/1073/564 687/1072/563 705/1090/581 
f 689/1074/565 701/1086/577 703/1088/579 
f 691/1076/567 690/1075/566 707/1092/583 
f 709/1094/585 679/1064/555 681/1066/557 
f 710/1095/586 692/1077/568 694/1079/570 
f 697/1082/573 696/1081/572 711/1096/587 
f 712/1097/588 793/1202/651 713/1098/589 
f 714/1099/590 718/1103/594 715/1100/591 
f 716/1101/592 715/1100/591 717/1102/593 
f 708/1093/584 707/1092/583 718/1103/594 
f 699/1104/575 713/1736/589 719/1105/595 
f 721/1107/1056 789/1196/642 722/1108/643 
f 717/1110/593 728/1117/595 724/1111/595 
f 725/1113/598 794/1203/721 726/1114/599 
f 715/1116/591 792/1201/595 728/1117/595 
f 729/1118/601 725/1113/598 727/1115/600 
f 707/1120/583 732/1124/595 731/1121/595 
f 690/1123/566 775/1180/595 732/1124/595 
f 733/1125/603 791/1200/645 734/1126/604 
f 735/1127/605 734/1126/604 736/1128/606 
f 696/1130/572 788/1195/595 738/1131/595 
f 739/1133/608 744/1139/612 740/1134/609 
f 711/1132/587 738/1131/595 742/1136/595 
f 743/1138/611 746/1141/614 744/1139/612 
f 745/1140/613 750/1147/616 746/1141/614 
f 747/1142/595 674/1143/550 683/1137/559 
f 674/1143/550 747/1142/595 748/1144/595 
f 749/1146/615 752/1149/618 750/1147/616 
f 751/1148/617 755/1154/621 752/1149/618 
f 753/1150/619 677/1152/553 684/1145/560 
f 753/1150/619 758/1158/619 680/1151/556 
f 751/1148/617 756/1155/622 754/1153/620 
f 756/1155/622 760/1161/624 757/1156/623 
f 681/1157/557 680/1151/556 758/1158/619 
f 759/1159/595 782/1188/595 693/1160/569 
f 760/1161/624 780/1185/637 761/1162/625 
f 762/1163/626 772/1176/632 763/1164/627 
f 704/1166/580 767/1170/595 765/1167/595 
f 704/1166/580 700/1197/576 766/1169/595 
f 768/1171/629 764/1165/628 763/1164/627 
f 687/1168/563 765/1167/595 770/1173/595 
f 771/1175/631 787/1194/641 772/1176/632 
f 737/1129/607 736/1128/606 773/1177/633 
f 706/1179/582 777/1182/595 775/1180/595 
f 706/1179/582 703/1199/579 776/1181/595 
f 778/1183/635 774/1178/634 773/1177/633 
f 780/1185/637 785/1192/639 781/1186/638 
f 694/1187/570 693/1160/569 782/1188/595 
f 702/1190/578 694/1187/570 783/1189/595 
f 785/1192/639 790/1198/644 786/1193/640 
f 741/1135/610 740/1134/609 787/1194/641 
f 705/1174/581 770/1173/595 788/1195/595 
f 789/1196/642 768/1171/629 769/1172/630 
f 720/1106/595 766/1169/595 700/1197/576 
f 790/1198/644 778/1183/635 779/1184/636 
f 784/1191/595 776/1181/595 703/1199/579 
f 733/1125/603 729/1118/601 730/1119/602 
f 718/1122/594 731/1121/595 792/1201/595 
f 735/1127/646 708/1093/584 714/1099/590 
f 729/1118/648 716/1101/592 670/1055/546 
f 733/1125/647 714/1099/590 716/1101/592 
f 789/1196/650 721/1107/1057 793/1202/651 
f 741/1135/652 697/1082/573 682/1067/558 
f 790/1198/654 785/1192/663 692/1077/568 
f 780/1185/655 760/1161/668 679/1064/555 
f 737/1129/656 691/1076/567 708/1093/584 
f 774/1178/657 778/1183/661 701/1086/577 
f 762/1163/658 688/1073/564 695/1080/571 
f 764/1165/660 768/1171/662 698/1083/574 
f 778/1183/661 790/1198/654 710/1095/586 
f 768/1171/662 789/1196/650 712/1097/588 
f 771/1175/659 695/1080/571 697/1082/573 
f 785/1192/663 780/1185/655 709/1094/585 
f 774/1178/657 689/1074/565 691/1076/567 
f 764/1165/660 686/1071/562 688/1073/564 
f 756/1155/664 751/1148/669 678/1063/554 
f 745/1140/665 675/1060/551 676/1061/552 
f 739/1133/653 682/1067/558 673/1058/549 
f 760/1161/668 756/1155/664 685/1070/561 
f 749/1146/666 676/1061/552 678/1063/554 
f 743/1138/667 673/1058/549 675/1060/551 
f 725/1113/649 670/1055/546 672/1057/548 
f 671/1204/547 839/1250/715 795/1205/671 
f 796/1207/672 805/1216/681 797/1208/673 
f 799/1210/675 807/1218/683 800/1211/676 
f 802/1213/678 831/1242/707 803/1214/679 
f 805/1216/681 833/1244/709 806/1217/682 
f 807/1218/683 796/1207/672 798/1209/674 
f 804/1215/680 803/1214/679 799/1210/675 
f 808/1219/684 883/1737/749 809/1220/685 
f 811/1222/687 893/1738/755 812/1223/688 
f 814/1225/690 832/1243/708 815/1226/691 
f 817/1228/693 827/1238/703 818/1229/694 
f 820/1231/696 826/1237/702 821/1232/697 
f 823/1234/699 828/1239/704 824/1235/700 
f 809/1220/685 883/1737/749 826/1237/702 
f 827/1238/703 808/1219/684 810/1221/686 
f 812/1223/688 893/1738/755 828/1239/704 
f 829/1240/705 811/1222/687 813/1224/689 
f 816/1227/692 815/1226/691 831/1242/707 
f 825/1236/701 824/1235/700 832/1243/708 
f 833/1244/709 817/1228/693 819/1230/695 
f 822/1233/698 821/1232/697 834/1245/710 
f 836/1247/712 840/1251/716 837/1248/713 
f 839/1250/715 836/1247/712 838/1249/714 
f 840/1251/716 829/1240/705 830/1241/706 
f 821/1252/697 907/1342/595 841/1253/595 
f 842/1255/717 1256/1739/717 843/1256/718 
f 724/1111/595 846/1262/595 839/1258/715 
f 845/1259/720 848/1265/723 726/1260/599 
f 846/1262/595 911/1346/595 836/1263/712 
f 847/1264/722 910/1345/764 848/1265/723 
f 849/1266/595 850/1269/595 829/1267/705 
f 850/1269/595 894/1326/595 811/1270/687 
f 851/1271/724 941/1740/1058 852/1272/725 
f 854/1274/727 851/1271/724 853/1273/726 
f 856/1276/595 905/1340/595 817/1277/693 
f 857/1279/729 861/1283/732 858/1280/730 
f 833/1278/709 805/1288/681 860/1282/595 
f 861/1283/732 863/1285/734 862/1284/733 
f 863/1285/734 867/1291/736 864/1286/735 
f 865/1287/595 860/1282/595 805/1288/681 
f 796/1289/672 807/1296/683 866/1290/595 
f 867/1291/736 869/1293/738 868/1292/737 
f 869/1293/738 948/1741/1059 870/1294/739 
f 871/1295/595 866/1290/595 807/1296/683 
f 803/1298/679 876/1303/595 871/1295/595 
f 870/1294/739 948/1741/1059 872/1299/740 
f 873/1300/741 872/1299/740 874/1301/742 
f 876/1303/595 803/1298/679 831/1304/707 
f 815/1306/691 900/1333/595 877/1305/595 
f 875/1302/743 874/1301/742 878/1307/744 
f 880/1309/746 889/1321/751 881/1310/747 
f 883/1312/749 808/1319/684 884/1313/595 
f 883/1312/749 885/1314/595 886/1315/595 
f 887/1317/750 906/1341/762 880/1309/746 
f 888/1318/595 884/1313/595 808/1319/684 
f 889/1321/751 904/1339/761 890/1322/752 
f 891/1323/753 854/1274/727 855/1275/728 
f 893/1325/755 811/1270/687 894/1326/595 
f 893/1325/755 895/1327/595 896/1328/595 
f 897/1330/756 908/1343/763 891/1323/753 
f 879/1308/745 878/1307/744 898/1331/757 
f 900/1333/595 815/1306/691 832/1334/708 
f 824/1336/700 909/1344/595 901/1335/595 
f 899/1332/758 898/1331/757 902/1337/759 
f 904/1339/761 857/1279/729 859/1281/731 
f 827/1320/703 817/1277/693 905/1340/595 
f 844/1257/719 843/1256/718 906/1341/762 
f 826/1316/702 886/1315/595 907/1342/595 
f 903/1338/760 902/1337/759 908/1343/763 
f 828/1329/704 896/1328/595 909/1344/595 
f 852/1272/725 941/1740/1058 910/1345/764 
f 840/1268/716 836/1263/712 911/1346/595 
f 837/1248/713 830/1241/706 853/1273/765 
f 795/1205/671 838/1249/714 847/1264/767 
f 838/1249/714 837/1248/713 852/1272/766 
f 844/1257/769 822/1233/698 835/1246/711 
f 806/1217/682 819/1230/695 859/1281/771 
f 903/1338/773 825/1236/701 814/1225/690 
f 879/1308/775 816/1227/692 802/1213/678 
f 830/1241/706 813/1224/689 855/1275/777 
f 892/1324/778 812/1223/688 823/1234/699 
f 818/1229/694 810/1221/686 881/1310/780 
f 882/1311/782 809/1220/685 820/1231/696 
f 897/1330/779 823/1234/699 825/1236/701 
f 887/1317/783 820/1231/696 822/1233/698 
f 819/1230/695 818/1229/694 890/1322/781 
f 899/1332/774 814/1225/690 816/1227/692 
f 813/1224/689 812/1223/688 892/1324/778 
f 810/1221/686 809/1220/685 882/1311/782 
f 873/1300/784 804/1215/680 801/1212/677 
f 800/1211/676 798/1209/674 864/1286/786 
f 797/1208/673 806/1217/682 858/1280/772 
f 875/1302/776 802/1213/678 804/1215/680 
f 801/1212/677 800/1211/676 868/1292/787 
f 798/1209/674 797/1208/673 862/1284/788 
f 672/1206/548 795/1205/671 845/1259/768 
f 722/1347/789 934/1394/789 912/1348/789 
f 913/1350/791 914/1353/791 727/1351/791 
f 914/1353/791 936/1396/791 730/1354/792 
f 915/1355/793 916/1358/793 734/1356/794 
f 916/1358/793 928/1385/793 736/1359/793 
f 917/1360/793 933/1393/793 740/1361/794 
f 744/1362/795 746/1365/791 918/1363/791 
f 919/1364/791 918/1363/791 746/1365/791 
f 750/1366/791 752/1369/791 920/1367/791 
f 921/1368/796 920/1367/791 752/1369/791 
f 754/1371/796 922/1372/796 921/1368/796 
f 922/1372/796 754/1371/796 757/1373/796 
f 761/1375/797 931/1389/796 923/1374/796 
f 763/1376/798 772/1382/793 924/1377/798 
f 763/1376/798 925/1378/798 926/1379/799 
f 927/1381/793 924/1377/798 772/1382/793 
f 773/1384/789 736/1359/793 928/1385/793 
f 773/1384/789 929/1386/793 930/1387/789 
f 931/1389/796 761/1375/797 781/1390/797 
f 786/1392/790 935/1395/789 932/1391/789 
f 787/1383/793 740/1361/794 933/1393/793 
f 769/1380/799 926/1379/799 934/1394/789 
f 779/1388/789 930/1387/789 935/1395/789 
f 791/1357/792 730/1354/792 936/1396/791 
f 843/1397/793 1256/1742/794 937/1398/793 
f 848/1400/796 939/1402/796 913/1350/791 
f 910/1401/800 962/1443/796 939/1402/796 
f 851/1403/790 942/1407/789 940/1404/789 
f 854/1406/789 955/1432/789 942/1407/789 
f 857/1408/790 961/1440/789 943/1409/789 
f 861/1410/797 943/1409/789 944/1411/796 
f 945/1413/796 867/1414/796 863/1412/796 
f 867/1414/796 945/1413/796 946/1415/796 
f 947/1417/791 948/1419/791 869/1416/796 
f 947/1417/791 949/1421/791 872/1418/791 
f 874/1420/791 872/1418/791 949/1421/791 
f 950/1422/791 958/1436/791 878/1423/795 
f 880/1424/799 953/1428/798 951/1425/799 
f 880/1424/799 906/1441/798 952/1427/798 
f 889/1426/789 951/1425/799 954/1429/789 
f 891/1431/793 957/1434/793 955/1432/789 
f 891/1431/793 908/1442/793 956/1433/793 
f 898/1435/795 878/1423/795 958/1436/791 
f 902/1438/794 898/1435/795 959/1437/793 
f 904/1430/789 954/1429/789 961/1440/789 
f 938/1399/793 952/1427/798 906/1441/798 
f 960/1439/793 956/1433/793 908/1442/793 
f 941/1405/800 940/1404/789 962/1443/796 
f 963/1444/801 1009/1490/847 964/1445/802 
f 966/1447/804 975/1456/813 967/1448/805 
f 969/1450/807 977/1458/815 970/1451/808 
f 972/1453/810 1001/1482/839 973/1454/811 
f 975/1456/813 1003/1484/841 976/1457/814 
f 977/1458/815 966/1447/804 968/1449/806 
f 974/1455/812 973/1454/811 969/1450/807 
f 978/1459/816 1056/1743/884 979/1460/817 
f 981/1462/819 1066/1744/890 982/1463/820 
f 984/1465/822 1002/1483/840 985/1466/823 
f 987/1468/825 997/1478/835 988/1469/826 
f 990/1471/828 996/1477/834 991/1472/829 
f 993/1474/831 998/1479/836 994/1475/832 
f 979/1460/817 1056/1743/884 996/1477/834 
f 997/1478/835 978/1459/816 980/1461/818 
f 982/1463/820 1066/1744/890 998/1479/836 
f 999/1480/837 981/1462/819 983/1464/821 
f 986/1467/824 985/1466/823 1001/1482/839 
f 995/1476/833 994/1475/832 1002/1483/840 
f 1003/1484/841 987/1468/825 989/1470/827 
f 992/1473/830 991/1472/829 1004/1485/842 
f 1006/1487/844 1010/1491/848 1007/1488/845 
f 1009/1490/847 1006/1487/844 1008/1489/846 
f 1010/1491/848 999/1480/837 1000/1481/838 
f 991/1347/829 1080/1394/849 1011/1348/849 
f 1012/1492/850 1257/1745/850 1013/1493/851 
f 1015/1350/849 1019/1353/849 1009/1351/847 
f 1016/1495/853 1021/1499/857 1017/1496/854 
f 1019/1353/849 1084/1396/849 1006/1354/844 
f 1020/1498/856 1083/1538/899 1021/1499/857 
f 1022/1355/849 1023/1358/849 999/1356/837 
f 1023/1358/849 1067/1385/849 981/1359/819 
f 1024/1500/858 1210/1746/1060 1025/1501/859 
f 1027/1503/861 1024/1500/858 1026/1502/860 
f 1029/1360/849 1078/1393/849 987/1361/825 
f 1030/1505/863 1034/1508/866 1031/1506/864 
f 1003/1362/841 975/1365/813 1033/1363/849 
f 1034/1508/866 1036/1510/868 1035/1509/867 
f 1036/1510/868 1040/1512/870 1037/1511/869 
f 1038/1364/849 1033/1363/849 975/1365/813 
f 966/1366/804 977/1369/815 1039/1367/849 
f 1040/1512/870 1042/1514/872 1041/1513/871 
f 1042/1514/872 1217/1747/1061 1043/1515/873 
f 1044/1368/849 1039/1367/849 977/1369/815 
f 973/1371/811 1049/1372/878 1044/1368/849 
f 1043/1515/873 1217/1747/1061 1045/1516/874 
f 1046/1517/875 1045/1516/874 1047/1518/876 
f 1049/1372/878 973/1371/811 1001/1373/839 
f 985/1375/823 1073/1389/849 1050/1374/849 
f 1048/1519/877 1047/1518/876 1051/1520/879 
f 1053/1522/881 1062/1526/886 1054/1523/882 
f 1056/1376/884 978/1382/816 1057/1377/849 
f 1056/1376/884 1058/1378/849 1059/1379/849 
f 1060/1525/885 1079/1536/897 1053/1522/881 
f 1061/1381/849 1057/1377/849 978/1382/816 
f 1062/1526/886 1077/1535/896 1063/1527/887 
f 1064/1528/888 1027/1503/861 1028/1504/862 
f 1066/1384/890 981/1359/819 1067/1385/849 
f 1066/1384/890 1068/1386/849 1069/1387/849 
f 1070/1530/891 1081/1537/898 1064/1528/888 
f 1052/1521/880 1051/1520/879 1071/1531/892 
f 1073/1389/849 985/1375/823 1002/1390/840 
f 994/1392/832 1082/1395/849 1074/1391/849 
f 1072/1532/893 1071/1531/892 1075/1533/894 
f 1077/1535/896 1030/1505/863 1032/1507/865 
f 997/1383/835 987/1361/825 1078/1393/849 
f 1014/1494/852 1013/1493/851 1079/1536/897 
f 996/1380/834 1059/1379/849 1080/1394/849 
f 1076/1534/895 1075/1533/894 1081/1537/898 
f 998/1388/836 1069/1387/849 1082/1395/849 
f 1025/1501/859 1210/1746/1060 1083/1538/899 
f 1010/1357/848 1006/1354/844 1084/1396/849 
f 1007/1488/845 1000/1481/838 1026/1502/900 
f 964/1445/802 1008/1489/846 1020/1498/902 
f 1008/1489/846 1007/1488/845 1025/1501/901 
f 1014/1494/904 992/1473/830 1005/1486/843 
f 976/1457/814 989/1470/827 1032/1507/906 
f 1076/1534/908 995/1476/833 984/1465/822 
f 1052/1521/910 986/1467/824 972/1453/810 
f 1000/1481/838 983/1464/821 1028/1504/912 
f 1065/1529/913 982/1463/820 993/1474/831 
f 988/1469/826 980/1461/818 1054/1523/915 
f 1055/1524/917 979/1460/817 990/1471/828 
f 1070/1530/914 993/1474/831 995/1476/833 
f 1060/1525/918 990/1471/828 992/1473/830 
f 989/1470/827 988/1469/826 1063/1527/916 
f 1072/1532/909 984/1465/822 986/1467/824 
f 983/1464/821 982/1463/820 1065/1529/913 
f 980/1461/818 979/1460/817 1055/1524/917 
f 1046/1517/919 974/1455/812 971/1452/809 
f 970/1451/808 968/1449/806 1037/1511/921 
f 967/1448/805 976/1457/814 1031/1506/907 
f 1048/1519/911 972/1453/810 974/1455/812 
f 971/1452/809 970/1451/808 1041/1513/922 
f 968/1449/806 967/1448/805 1035/1509/923 
f 965/1446/803 964/1445/802 1016/1495/903 
f 1085/1539/925 1130/1586/970 963/1540/801 
f 1086/1542/926 1096/1552/936 1087/1543/927 
f 1089/1545/929 1097/1553/937 1090/1546/930 
f 1092/1548/932 1098/1554/938 1093/1549/933 
f 1095/1551/935 1124/1580/964 1096/1552/936 
f 1088/1544/928 1087/1543/927 1097/1553/937 
f 1098/1554/938 1091/1547/931 1090/1546/930 
f 1099/1555/939 1117/1573/957 1100/1556/940 
f 1102/1558/942 1119/1575/959 1103/1559/943 
f 1105/1561/945 1122/1578/962 1106/1562/946 
f 1108/1564/948 1118/1574/958 1109/1565/949 
f 1111/1567/951 1125/1581/965 1112/1568/952 
f 1114/1570/954 1123/1579/963 1115/1571/955 
f 1099/1555/939 1111/1567/951 1113/1569/953 
f 1101/1557/941 1100/1556/940 1118/1574/958 
f 1102/1558/942 1114/1570/954 1116/1572/956 
f 1104/1560/944 1103/1559/943 1120/1576/960 
f 1122/1578/962 1092/1548/932 1094/1550/934 
f 1123/1579/963 1105/1561/945 1107/1563/947 
f 1110/1566/950 1109/1565/949 1124/1580/964 
f 1125/1581/965 1204/1637/1025 1126/1582/966 
f 1127/1583/967 1131/1587/971 1128/1584/968 
f 1129/1585/969 1128/1584/968 1130/1586/970 
f 1121/1577/961 1120/1576/960 1131/1587/971 
f 1112/1397/952 1126/1742/966 1132/1398/849 
f 1134/1588/1062 1200/1634/1016 1135/1589/1017 
f 1130/1400/970 1139/1402/849 1015/1350/849 
f 1137/1591/974 1018/1638/855 1017/1592/854 
f 1128/1401/968 1203/1443/849 1139/1402/849 
f 1140/1594/976 1137/1591/974 1138/1593/975 
f 1120/1403/960 1143/1407/849 1142/1404/849 
f 1103/1406/943 1186/1432/849 1143/1407/849 
f 1144/1596/978 1202/1636/1019 1145/1597/979 
f 1146/1598/980 1145/1597/979 1147/1599/981 
f 1109/1408/949 1199/1440/849 1149/1409/849 
f 1150/1601/983 1155/1605/987 1151/1602/984 
f 1124/1410/964 1149/1409/849 1153/1411/849 
f 1154/1604/986 1157/1607/989 1155/1605/987 
f 1156/1606/988 1161/1609/991 1157/1607/989 
f 1158/1413/849 1087/1414/927 1096/1412/936 
f 1087/1414/927 1158/1413/849 1159/1415/849 
f 1160/1608/990 1163/1611/993 1161/1609/991 
f 1162/1610/992 1166/1613/995 1163/1611/993 
f 1164/1417/849 1090/1419/930 1097/1416/937 
f 1164/1417/849 1169/1421/849 1093/1418/933 
f 1162/1610/992 1167/1614/996 1165/1612/994 
f 1167/1614/996 1171/1616/998 1168/1615/997 
f 1094/1420/934 1093/1418/933 1169/1421/849 
f 1170/1422/849 1193/1436/849 1106/1423/946 
f 1171/1616/998 1191/1629/1011 1172/1617/999 
f 1173/1618/1000 1183/1624/1006 1174/1619/1001 
f 1117/1424/957 1178/1428/849 1176/1425/849 
f 1117/1424/957 1113/1441/953 1177/1427/849 
f 1179/1621/1003 1175/1620/1002 1174/1619/1001 
f 1100/1426/940 1176/1425/849 1181/1429/849 
f 1182/1623/1005 1198/1633/1015 1183/1624/1006 
f 1148/1600/982 1147/1599/981 1184/1625/1007 
f 1119/1431/959 1188/1434/849 1186/1432/849 
f 1119/1431/959 1116/1442/956 1187/1433/849 
f 1189/1627/1009 1185/1626/1008 1184/1625/1007 
f 1191/1629/1011 1196/1631/1013 1192/1630/1012 
f 1107/1435/947 1106/1423/946 1193/1436/849 
f 1115/1438/955 1107/1435/947 1194/1437/849 
f 1196/1631/1013 1201/1635/1018 1197/1632/1014 
f 1152/1603/985 1151/1602/984 1198/1633/1015 
f 1118/1430/958 1181/1429/849 1199/1440/849 
f 1200/1634/1016 1179/1621/1003 1180/1622/1004 
f 1133/1399/849 1177/1427/849 1113/1441/953 
f 1201/1635/1018 1189/1627/1009 1190/1628/1010 
f 1195/1439/849 1187/1433/849 1116/1442/956 
f 1144/1596/978 1140/1594/976 1141/1595/977 
f 1131/1405/971 1142/1404/849 1203/1443/849 
f 1146/1598/1020 1121/1577/961 1127/1583/967 
f 1140/1594/1022 1129/1585/969 1085/1539/925 
f 1144/1596/1021 1127/1583/967 1129/1585/969 
f 1200/1634/1024 1134/1588/1063 1204/1637/1025 
f 1152/1603/1026 1110/1566/950 1095/1551/935 
f 1201/1635/1028 1196/1631/1037 1105/1561/945 
f 1191/1629/1029 1171/1616/1042 1092/1548/932 
f 1148/1600/1030 1104/1560/944 1121/1577/961 
f 1185/1626/1031 1189/1627/1035 1114/1570/954 
f 1173/1618/1032 1101/1557/941 1108/1564/948 
f 1175/1620/1034 1179/1621/1036 1111/1567/951 
f 1189/1627/1035 1201/1635/1028 1123/1579/963 
f 1179/1621/1036 1200/1634/1024 1125/1581/965 
f 1182/1623/1033 1108/1564/948 1110/1566/950 
f 1196/1631/1037 1191/1629/1029 1122/1578/962 
f 1185/1626/1031 1102/1558/942 1104/1560/944 
f 1175/1620/1034 1099/1555/939 1101/1557/941 
f 1167/1614/1038 1162/1610/1043 1091/1547/931 
f 1156/1606/1039 1088/1544/928 1089/1545/929 
f 1150/1601/1027 1095/1551/935 1086/1542/926 
f 1171/1616/1042 1167/1614/1038 1098/1554/938 
f 1160/1608/1040 1089/1545/929 1091/1547/931 
f 1154/1604/1041 1086/1542/926 1088/1544/928 
f 1137/1591/1023 1085/1539/925 965/1541/803 
f 1013/1639/1044 1257/1748/1054 1205/1640/1044 
f 1021/1642/1045 1208/1646/1045 1207/1643/1045 
f 1083/1645/1046 1231/1687/1045 1208/1646/1045 
f 1024/1647/1047 1211/1651/1048 1209/1648/1048 
f 1027/1650/1048 1224/1676/1048 1211/1651/1048 
f 1030/1652/1047 1230/1684/1048 1212/1653/1048 
f 1034/1654/1049 1212/1653/1048 1213/1655/1045 
f 1214/1657/1045 1040/1658/1045 1036/1656/1045 
f 1040/1658/1045 1214/1657/1045 1215/1659/1045 
f 1216/1661/1050 1217/1663/1050 1042/1660/1045 
f 1216/1661/1050 1218/1665/1050 1045/1662/1050 
f 1047/1664/1050 1045/1662/1050 1218/1665/1050 
f 1219/1666/1050 1227/1680/1050 1051/1667/1051 
f 1053/1668/1052 1222/1672/1052 1220/1669/1052 
f 1053/1668/1052 1079/1685/1053 1221/1671/1053 
f 1062/1670/1048 1220/1669/1052 1223/1673/1048 
f 1064/1675/1044 1226/1678/1048 1224/1676/1048 
f 1064/1675/1044 1081/1686/1044 1225/1677/1044 
f 1071/1679/1051 1051/1667/1051 1227/1680/1050 
f 1075/1682/1054 1071/1679/1051 1228/1681/1044 
f 1077/1674/1048 1223/1673/1048 1230/1684/1048 
f 1206/1641/1044 1221/1671/1053 1079/1685/1053 
f 1229/1683/1044 1225/1677/1044 1081/1686/1044 
f 1210/1649/1046 1209/1648/1048 1231/1687/1045 
f 1135/1688/1048 1253/1733/1048 1232/1689/1048 
f 1207/1643/1045 1233/1692/1050 1138/1691/1050 
f 1233/1692/1050 1255/1735/1050 1141/1693/1055 
f 1234/1694/1044 1235/1697/1044 1145/1695/1054 
f 1235/1697/1044 1247/1724/1044 1147/1698/1044 
f 1236/1699/1044 1252/1732/1044 1151/1700/1054 
f 1155/1701/1051 1157/1704/1050 1237/1702/1050 
f 1238/1703/1050 1237/1702/1050 1157/1704/1050 
f 1161/1705/1050 1163/1708/1050 1239/1706/1050 
f 1240/1707/1045 1239/1706/1050 1163/1708/1050 
f 1165/1710/1045 1241/1711/1045 1240/1707/1045 
f 1241/1711/1045 1165/1710/1045 1168/1712/1045 
f 1172/1714/1049 1250/1728/1045 1242/1713/1045 
f 1174/1715/1053 1183/1721/1044 1243/1716/1053 
f 1174/1715/1053 1244/1717/1052 1245/1718/1052 
f 1246/1720/1044 1243/1716/1053 1183/1721/1044 
f 1184/1723/1048 1147/1698/1044 1247/1724/1044 
f 1184/1723/1048 1248/1725/1048 1249/1726/1048 
f 1250/1728/1045 1172/1714/1049 1192/1729/1049 
f 1197/1731/1047 1254/1734/1048 1251/1730/1048 
f 1198/1722/1044 1151/1700/1054 1252/1732/1044 
f 1180/1719/1052 1245/1718/1052 1253/1733/1048 
f 1190/1727/1048 1249/1726/1048 1254/1734/1048 
f 1202/1696/1055 1141/1693/1055 1255/1735/1050 
f 1258/1749/109 1259/1750/109 1260/1751/109 
f 1261/1752/109 1262/1753/109 1263/1754/109 
f 1263/1754/109 1264/1755/110 1265/1756/110 
f 1265/1756/110 1266/1757/110 1267/1758/109 
f 1267/1758/109 1268/1759/109 1269/1760/109 
f 1269/1760/109 1270/1761/109 1271/1762/109 
f 1272/1763/110 1273/1764/110 1274/1765/110 
f 1274/1765/110 1275/1766/109 1258/1749/109 
f 1276/1767/109 1271/1762/109 1270/1761/109 
f 1277/1768/109 1259/1750/109 1278/1769/109 
f 1279/1770/110 1280/1771/110 1281/1772/109 
f 1282/1773/109 1283/1774/110 1284/1775/109 
f 1284/1775/109 1285/1776/109 1282/1773/109 
f 1286/1777/109 1287/1778/109 1288/1779/109 
f 1288/1779/109 1289/1780/109 1286/1777/109 
f 1290/1781/109 1291/1782/109 1292/1783/110 
f 1293/1784/109 1278/1769/109 1291/1782/109 
f 1292/1783/110 1294/1785/110 1290/1781/109 
f 1295/1786/116 1296/1787/116 1297/1788/116 
f 1298/1789/116 1299/1790/116 1300/1791/116 
f 1301/1792/115 1302/1793/116 1303/1794/115 
f 1303/1794/115 1304/1795/115 1301/1792/115 
f 1305/1796/116 1306/1797/116 1307/1798/116 
f 1307/1798/116 1308/1799/116 1305/1796/116 
f 1309/1800/115 1310/1801/115 1311/1802/116 
f 1312/1803/115 1297/1788/116 1310/1801/115 
f 1311/1802/116 1313/1804/116 1309/1800/115 
f 1314/1805/116 1296/1787/116 1315/1806/116 
f 1316/1807/115 1317/1808/115 1318/1809/116 
f 1318/1809/116 1319/1810/116 1320/1811/116 
f 1320/1811/116 1321/1812/116 1322/1813/116 
f 1322/1813/116 1323/1814/116 1324/1815/116 
f 1324/1815/116 1325/1816/116 1326/1817/115 
f 1327/1818/116 1328/1819/116 1329/1820/116 
f 1329/1820/116 1330/1821/116 1314/1805/116 
f 1331/1822/115 1326/1817/115 1325/1816/116 
f 1258/1749/109 1275/1766/109 1259/1750/109 
f 1261/1752/109 1332/1823/109 1262/1753/109 
f 1263/1754/109 1262/1753/109 1264/1755/110 
f 1265/1756/110 1264/1755/110 1266/1757/110 
f 1267/1758/109 1266/1757/110 1268/1759/109 
f 1269/1760/109 1268/1759/109 1270/1761/109 
f 1272/1763/110 1276/1767/109 1273/1764/110 
f 1274/1765/110 1273/1764/110 1275/1766/109 
f 1276/1767/109 1272/1763/110 1271/1762/109 
f 1277/1768/109 1260/1751/109 1259/1750/109 
f 1279/1770/110 1283/1774/110 1280/1771/110 
f 1282/1773/109 1280/1771/110 1283/1774/110 
f 1284/1775/109 1287/1778/109 1285/1776/109 
f 1286/1777/109 1285/1776/109 1287/1778/109 
f 1288/1779/109 1294/1785/110 1289/1780/109 
f 1290/1781/109 1293/1784/109 1291/1782/109 
f 1293/1784/109 1277/1768/109 1278/1769/109 
f 1292/1783/110 1289/1780/109 1294/1785/110 
f 1295/1786/116 1315/1806/116 1296/1787/116 
f 1298/1789/116 1302/1793/116 1299/1790/116 
f 1301/1792/115 1299/1790/116 1302/1793/116 
f 1303/1794/115 1306/1797/116 1304/1795/115 
f 1305/1796/116 1304/1795/115 1306/1797/116 
f 1307/1798/116 1313/1804/116 1308/1799/116 
f 1309/1800/115 1312/1803/115 1310/1801/115 
f 1312/1803/115 1295/1786/116 1297/1788/116 
f 1311/1802/116 1308/1799/116 1313/1804/116 
f 1314/1805/116 1330/1821/116 1296/1787/116 
f 1316/1807/115 1333/1824/116 1317/1808/115 
f 1318/1809/116 1317/1808/115 1319/1810/116 
f 1320/1811/116 1319/1810/116 1321/1812/116 
f 1322/1813/116 1321/1812/116 1323/1814/116 
f 1324/1815/116 1323/1814/116 1325/1816/116 
f 1327/1818/116 1331/1822/115 1328/1819/116 
f 1329/1820/116 1328/1819/116 1330/1821/116 
f 1331/1822/115 1327/1818/116 1326/1817/115 
f 1334/1825/1064 1263/1826/1065 1335/1827/1066 
f 1336/1828/1067 1267/1829/1068 1337/1830/1069 
f 1335/1827/1066 1265/1831/1070 1336/1828/1067 
f 1337/1830/1069 1269/1832/1071 1338/1833/1072 
f 1339/1834/1073 1258/1835/1074 1340/1836/1075 
f 1340/1836/1075 1260/1837/1076 1341/1838/1077 
f 1342/1839/1078 1272/1840/1079 1343/1841/1080 
f 1338/1833/1072 1271/1842/1081 1342/1839/1078 
f 1343/1841/1080 1274/1843/1082 1339/1834/1073 
f 1344/1844/1083 1345/1845/1084 1346/1846/1085 
f 1347/1847/1086 1348/1848/1087 1349/1849/1088 
f 1350/1850/1089 1346/1846/1085 1348/1848/1087 
f 1351/1851/1090 1349/1849/1088 1352/1852/1091 
f 1353/1853/1092 1354/1854/1093 1355/1855/1094 
f 1356/1856/1095 1355/1855/1094 1357/1857/1096 
f 1358/1858/1097 1359/1859/1098 1360/1860/1099 
f 1361/1861/1100 1352/1852/1091 1359/1859/1098 
f 1362/1862/1101 1360/1860/1099 1354/1854/1093 
f 1363/1863/1102 1355/1855/1094 1364/1864/1103 
f 1365/1865/1104 1345/1845/1084 1366/1866/1105 
f 1367/1867/1106 1346/1846/1085 1365/1865/1104 
f 1367/1867/1106 1349/1849/1088 1348/1848/1087 
f 1368/1868/1107 1349/1849/1088 1369/1869/1108 
f 1370/1870/1109 1352/1852/1091 1368/1868/1107 
f 1371/1871/1110 1360/1860/1099 1372/1872/1111 
f 1371/1871/1110 1355/1855/1094 1354/1854/1093 
f 1372/1872/1111 1359/1859/1098 1370/1870/1109 
f 1372/1872/1111 1339/1834/1073 1371/1871/1110 
f 1368/1868/1107 1342/1839/1078 1370/1870/1109 
f 1370/1870/1109 1343/1841/1080 1372/1872/1111 
f 1364/1864/1103 1341/1838/1077 1363/1863/1102 
f 1371/1871/1110 1340/1836/1075 1364/1864/1103 
f 1369/1869/1108 1338/1833/1072 1368/1868/1107 
f 1365/1865/1104 1336/1828/1067 1367/1867/1106 
f 1367/1867/1106 1337/1830/1069 1369/1869/1108 
f 1366/1866/1105 1335/1827/1066 1365/1865/1104 
f 1353/1873/1092 1373/1874/1112 1374/1875/1113 
f 1375/1876/1114 1376/1877/1115 1377/1878/1116 
f 1378/1879/1117 1344/1880/1083 1350/1881/1089 
f 1350/1881/1089 1379/1882/1118 1378/1879/1117 
f 1380/1883/1119 1347/1884/1086 1351/1885/1090 
f 1351/1885/1090 1381/1886/1120 1380/1883/1119 
f 1358/1887/1097 1382/1888/1113 1383/1889/1113 
f 1362/1890/1101 1374/1875/1113 1382/1888/1113 
f 1383/1889/1113 1361/1891/1100 1358/1887/1097 
f 1302/1892/1121 1384/1893/1122 1385/1894/1123 
f 1306/1895/1124 1386/1896/1125 1387/1897/1126 
f 1303/1898/1127 1385/1894/1123 1386/1896/1125 
f 1307/1899/1128 1387/1897/1126 1388/1900/1129 
f 1295/1901/1130 1389/1902/1131 1390/1903/1132 
f 1315/1904/1133 1390/1903/1132 1391/1905/1134 
f 1309/1906/1135 1392/1907/1136 1393/1908/1137 
f 1313/1909/1138 1388/1900/1129 1392/1907/1136 
f 1312/1910/1139 1393/1908/1137 1389/1902/1131 
f 1394/1911/1140 1395/1912/1141 1396/1913/1142 
f 1397/1914/1143 1398/1915/1144 1399/1916/1145 
f 1399/1916/1145 1400/1917/1146 1394/1911/1140 
f 1401/1918/1147 1402/1919/1148 1397/1914/1143 
f 1403/1920/1149 1404/1921/1150 1405/1922/1151 
f 1406/1923/1152 1407/1924/1153 1403/1920/1149 
f 1408/1925/1154 1409/1926/1155 1410/1927/1156 
f 1410/1927/1156 1411/1928/1157 1401/1918/1147 
f 1405/1922/1151 1412/1929/1158 1408/1925/1154 
f 1407/1924/1153 1413/1930/1159 1414/1931/1160 
f 1395/1912/1141 1415/1932/1161 1416/1933/1162 
f 1400/1917/1146 1417/1934/1163 1415/1932/1161 
f 1417/1934/1163 1402/1919/1148 1418/1935/1164 
f 1402/1919/1148 1419/1936/1165 1418/1935/1164 
f 1411/1928/1157 1420/1937/1166 1419/1936/1165 
f 1412/1929/1158 1421/1938/1167 1422/1939/1168 
f 1421/1938/1167 1407/1924/1153 1414/1931/1160 
f 1409/1926/1155 1422/1939/1168 1420/1937/1166 
f 1389/1902/1131 1422/1939/1168 1421/1938/1167 
f 1392/1907/1136 1419/1936/1165 1420/1937/1166 
f 1393/1908/1137 1420/1937/1166 1422/1939/1168 
f 1391/1905/1134 1414/1931/1160 1413/1930/1159 
f 1390/1903/1132 1421/1938/1167 1414/1931/1160 
f 1388/1900/1129 1418/1935/1164 1419/1936/1165 
f 1386/1896/1125 1415/1932/1161 1417/1934/1163 
f 1387/1897/1126 1417/1934/1163 1418/1935/1164 
f 1385/1894/1123 1416/1933/1162 1415/1932/1161 
f 1403/1940/1149 1423/1941/1169 1406/1942/1152 
f 1396/1943/1142 1424/1944/1170 1394/1945/1140 
f 1394/1945/1140 1425/1946/1171 1399/1947/1145 
f 1399/1947/1145 1426/1948/1172 1397/1949/1143 
f 1397/1949/1143 1427/1950/1173 1401/1951/1147 
f 1401/1951/1147 1428/1952/1174 1410/1953/1156 
f 1408/1954/1154 1429/1955/1175 1405/1956/1151 
f 1405/1956/1151 1430/1957/1175 1403/1940/1149 
f 1431/1958/1175 1410/1953/1156 1428/1952/1174 
f 1283/1892/1176 1432/1893/1177 1433/1894/1178 
f 1287/1895/1179 1434/1896/1180 1435/1897/1181 
f 1284/1898/1182 1433/1894/1178 1434/1896/1180 
f 1288/1899/1183 1435/1897/1181 1436/1900/1184 
f 1277/1901/1185 1437/1902/1186 1438/1903/1187 
f 1260/1904/1076 1438/1903/1187 1341/1905/1077 
f 1290/1906/1188 1439/1907/1189 1440/1908/1190 
f 1294/1909/1191 1436/1900/1184 1439/1907/1189 
f 1293/1910/1192 1440/1908/1190 1437/1902/1186 
f 1441/1911/1193 1442/1912/1194 1443/1913/1195 
f 1444/1914/1196 1445/1915/1197 1446/1916/1198 
f 1446/1916/1198 1447/1917/1199 1441/1911/1193 
f 1448/1918/1200 1449/1919/1201 1444/1914/1196 
f 1450/1920/1202 1451/1921/1203 1452/1922/1204 
f 1356/1923/1095 1453/1924/1205 1450/1920/1202 
f 1454/1925/1206 1455/1926/1207 1456/1927/1208 
f 1456/1927/1208 1457/1928/1209 1448/1918/1200 
f 1452/1922/1204 1458/1929/1210 1454/1925/1206 
f 1453/1924/1205 1363/1930/1102 1459/1931/1211 
f 1442/1912/1194 1460/1932/1212 1461/1933/1213 
f 1447/1917/1199 1462/1934/1214 1460/1932/1212 
f 1462/1934/1214 1449/1919/1201 1463/1935/1215 
f 1449/1919/1201 1464/1936/1216 1463/1935/1215 
f 1457/1928/1209 1465/1937/1217 1464/1936/1216 
f 1458/1929/1210 1466/1938/1218 1467/1939/1219 
f 1466/1938/1218 1453/1924/1205 1459/1931/1211 
f 1455/1926/1207 1467/1939/1219 1465/1937/1217 
f 1437/1902/1186 1467/1939/1219 1466/1938/1218 
f 1439/1907/1189 1464/1936/1216 1465/1937/1217 
f 1440/1908/1190 1465/1937/1217 1467/1939/1219 
f 1341/1905/1077 1459/1931/1211 1363/1930/1102 
f 1438/1903/1187 1466/1938/1218 1459/1931/1211 
f 1436/1900/1184 1463/1935/1215 1464/1936/1216 
f 1434/1896/1180 1460/1932/1212 1462/1934/1214 
f 1435/1897/1181 1462/1934/1214 1463/1935/1215 
f 1433/1894/1178 1461/1933/1213 1460/1932/1212 
f 1450/1940/1202 1373/1941/1112 1356/1942/1095 
f 1443/1943/1195 1468/1944/1116 1441/1945/1193 
f 1441/1945/1193 1469/1946/1220 1446/1947/1198 
f 1446/1947/1198 1470/1948/1221 1444/1949/1196 
f 1444/1949/1196 1471/1950/1222 1448/1951/1200 
f 1448/1951/1200 1472/1952/1223 1456/1953/1208 
f 1454/1954/1206 1473/1955/1112 1452/1956/1204 
f 1452/1956/1204 1474/1957/1112 1450/1940/1202 
f 1475/1958/1112 1456/1953/1208 1472/1952/1223 
f 1476/1959/1224 1318/1960/1225 1477/1961/1226 
f 1478/1962/1227 1322/1963/1228 1479/1964/1229 
f 1477/1961/1226 1320/1965/1230 1478/1962/1227 
f 1479/1964/1229 1324/1966/1231 1480/1967/1232 
f 1481/1968/1233 1314/1969/1234 1482/1970/1235 
f 1482/1970/1235 1315/1971/1133 1391/1972/1134 
f 1483/1973/1236 1327/1974/1237 1484/1975/1238 
f 1480/1967/1232 1326/1976/1239 1483/1973/1236 
f 1484/1975/1238 1329/1977/1240 1481/1968/1233 
f 1485/1978/1241 1486/1979/1242 1487/1980/1243 
f 1488/1981/1244 1489/1982/1245 1490/1983/1246 
f 1491/1984/1247 1487/1980/1243 1489/1982/1245 
f 1492/1985/1248 1490/1983/1246 1493/1986/1249 
f 1494/1987/1250 1495/1988/1251 1496/1989/1252 
f 1406/1990/1152 1496/1989/1252 1497/1991/1253 
f 1498/1992/1254 1499/1993/1255 1500/1994/1256 
f 1501/1995/1257 1493/1986/1249 1499/1993/1255 
f 1502/1996/1258 1500/1994/1256 1495/1988/1251 
f 1413/1997/1159 1496/1989/1252 1503/1998/1259 
f 1504/1999/1260 1486/1979/1242 1505/2000/1261 
f 1506/2001/1262 1487/1980/1243 1504/1999/1260 
f 1506/2001/1262 1490/1983/1246 1489/1982/1245 
f 1507/2002/1263 1490/1983/1246 1508/2003/1264 
f 1509/2004/1265 1493/1986/1249 1507/2002/1263 
f 1510/2005/1266 1500/1994/1256 1511/2006/1267 
f 1510/2005/1266 1496/1989/1252 1495/1988/1251 
f 1511/2006/1267 1499/1993/1255 1509/2004/1265 
f 1511/2006/1267 1481/1968/1233 1510/2005/1266 
f 1507/2002/1263 1483/1973/1236 1509/2004/1265 
f 1509/2004/1265 1484/1975/1238 1511/2006/1267 
f 1503/1998/1259 1391/1972/1134 1413/1997/1159 
f 1510/2005/1266 1482/1970/1235 1503/1998/1259 
f 1508/2003/1264 1480/1967/1232 1507/2002/1263 
f 1504/1999/1260 1478/1962/1227 1506/2001/1262 
f 1506/2001/1262 1479/1964/1229 1508/2003/1264 
f 1505/2000/1261 1477/1961/1226 1504/1999/1260 
f 1494/2007/1250 1423/2008/1169 1512/2009/1169 
f 1513/2010/1268 1514/2011/1269 1515/2012/1269 
f 1516/2013/1270 1485/2014/1241 1491/2015/1247 
f 1491/2015/1247 1517/2016/1271 1516/2013/1270 
f 1518/2017/1272 1488/2018/1244 1492/2019/1248 
f 1492/2019/1248 1519/2020/1273 1518/2017/1272 
f 1498/2021/1254 1520/2022/1169 1521/2023/1169 
f 1502/2024/1258 1512/2009/1169 1520/2022/1169 
f 1521/2023/1169 1501/2025/1257 1498/2021/1254 
f 1334/1825/1064 1261/2026/1274 1263/1826/1065 
f 1336/1828/1067 1265/1831/1070 1267/1829/1068 
f 1335/1827/1066 1263/1826/1065 1265/1831/1070 
f 1337/1830/1069 1267/1829/1068 1269/1832/1071 
f 1339/1834/1073 1274/1843/1082 1258/1835/1074 
f 1340/1836/1075 1258/1835/1074 1260/1837/1076 
f 1342/1839/1078 1271/1842/1081 1272/1840/1079 
f 1338/1833/1072 1269/1832/1071 1271/1842/1081 
f 1343/1841/1080 1272/1840/1079 1274/1843/1082 
f 1344/1844/1083 1375/2027/1114 1345/1845/1084 
f 1347/1847/1086 1350/1850/1089 1348/1848/1087 
f 1350/1850/1089 1344/1844/1083 1346/1846/1085 
f 1351/1851/1090 1347/1847/1086 1349/1849/1088 
f 1353/1853/1092 1362/1862/1101 1354/1854/1093 
f 1356/1856/1095 1353/1853/1092 1355/1855/1094 
f 1358/1858/1097 1361/1861/1100 1359/1859/1098 
f 1361/1861/1100 1351/1851/1090 1352/1852/1091 
f 1362/1862/1101 1358/1858/1097 1360/1860/1099 
f 1363/1863/1102 1357/1857/1096 1355/1855/1094 
f 1365/1865/1104 1346/1846/1085 1345/1845/1084 
f 1367/1867/1106 1348/1848/1087 1346/1846/1085 
f 1367/1867/1106 1369/1869/1108 1349/1849/1088 
f 1368/1868/1107 1352/1852/1091 1349/1849/1088 
f 1370/1870/1109 1359/1859/1098 1352/1852/1091 
f 1371/1871/1110 1354/1854/1093 1360/1860/1099 
f 1371/1871/1110 1364/1864/1103 1355/1855/1094 
f 1372/1872/1111 1360/1860/1099 1359/1859/1098 
f 1372/1872/1111 1343/1841/1080 1339/1834/1073 
f 1368/1868/1107 1338/1833/1072 1342/1839/1078 
f 1370/1870/1109 1342/1839/1078 1343/1841/1080 
f 1364/1864/1103 1340/1836/1075 1341/1838/1077 
f 1371/1871/1110 1339/1834/1073 1340/1836/1075 
f 1369/1869/1108 1337/1830/1069 1338/1833/1072 
f 1365/1865/1104 1335/1827/1066 1336/1828/1067 
f 1367/1867/1106 1336/1828/1067 1337/1830/1069 
f 1366/1866/1105 1334/1825/1064 1335/1827/1066 
f 1353/1873/1092 1356/2028/1095 1373/1874/1112 
f 1375/1876/1114 1344/1880/1083 1376/1877/1115 
f 1378/1879/1117 1376/1877/1115 1344/1880/1083 
f 1350/1881/1089 1347/1884/1086 1379/1882/1118 
f 1380/1883/1119 1379/1882/1118 1347/1884/1086 
f 1351/1885/1090 1361/1891/1100 1381/1886/1120 
f 1358/1887/1097 1362/1890/1101 1382/1888/1113 
f 1362/1890/1101 1353/1873/1092 1374/1875/1113 
f 1383/1889/1113 1381/1886/1120 1361/1891/1100 
f 1302/1892/1121 1298/2029/1275 1384/1893/1122 
f 1306/1895/1124 1303/1898/1127 1386/1896/1125 
f 1303/1898/1127 1302/1892/1121 1385/1894/1123 
f 1307/1899/1128 1306/1895/1124 1387/1897/1126 
f 1295/1901/1130 1312/1910/1139 1389/1902/1131 
f 1315/1904/1133 1295/1901/1130 1390/1903/1132 
f 1309/1906/1135 1313/1909/1138 1392/1907/1136 
f 1313/1909/1138 1307/1899/1128 1388/1900/1129 
f 1312/1910/1139 1309/1906/1135 1393/1908/1137 
f 1394/1911/1140 1400/1917/1146 1395/1912/1141 
f 1397/1914/1143 1402/1919/1148 1398/1915/1144 
f 1399/1916/1145 1398/1915/1144 1400/1917/1146 
f 1401/1918/1147 1411/1928/1157 1402/1919/1148 
f 1403/1920/1149 1407/1924/1153 1404/1921/1150 
f 1406/1923/1152 1497/2030/1253 1407/1924/1153 
f 1408/1925/1154 1412/1929/1158 1409/1926/1155 
f 1410/1927/1156 1409/1926/1155 1411/1928/1157 
f 1405/1922/1151 1404/1921/1150 1412/1929/1158 
f 1407/1924/1153 1497/2030/1253 1413/1930/1159 
f 1395/1912/1141 1400/1917/1146 1415/1932/1161 
f 1400/1917/1146 1398/1915/1144 1417/1934/1163 
f 1417/1934/1163 1398/1915/1144 1402/1919/1148 
f 1402/1919/1148 1411/1928/1157 1419/1936/1165 
f 1411/1928/1157 1409/1926/1155 1420/1937/1166 
f 1412/1929/1158 1404/1921/1150 1421/1938/1167 
f 1421/1938/1167 1404/1921/1150 1407/1924/1153 
f 1409/1926/1155 1412/1929/1158 1422/1939/1168 
f 1389/1902/1131 1393/1908/1137 1422/1939/1168 
f 1392/1907/1136 1388/1900/1129 1419/1936/1165 
f 1393/1908/1137 1392/1907/1136 1420/1937/1166 
f 1391/1905/1134 1390/1903/1132 1414/1931/1160 
f 1390/1903/1132 1389/1902/1131 1421/1938/1167 
f 1388/1900/1129 1387/1897/1126 1418/1935/1164 
f 1386/1896/1125 1385/1894/1123 1415/1932/1161 
f 1387/1897/1126 1386/1896/1125 1417/1934/1163 
f 1385/1894/1123 1384/1893/1122 1416/1933/1162 
f 1403/1940/1149 1430/1957/1175 1423/1941/1169 
f 1396/1943/1142 1522/2031/1269 1424/1944/1170 
f 1394/1945/1140 1424/1944/1170 1425/1946/1171 
f 1399/1947/1145 1425/1946/1171 1426/1948/1172 
f 1397/1949/1143 1426/1948/1172 1427/1950/1173 
f 1401/1951/1147 1427/1950/1173 1428/1952/1174 
f 1408/1954/1154 1431/1958/1175 1429/1955/1175 
f 1405/1956/1151 1429/1955/1175 1430/1957/1175 
f 1431/1958/1175 1408/1954/1154 1410/1953/1156 
f 1283/1892/1176 1279/2029/1276 1432/1893/1177 
f 1287/1895/1179 1284/1898/1182 1434/1896/1180 
f 1284/1898/1182 1283/1892/1176 1433/1894/1178 
f 1288/1899/1183 1287/1895/1179 1435/1897/1181 
f 1277/1901/1185 1293/1910/1192 1437/1902/1186 
f 1260/1904/1076 1277/1901/1185 1438/1903/1187 
f 1290/1906/1188 1294/1909/1191 1439/1907/1189 
f 1294/1909/1191 1288/1899/1183 1436/1900/1184 
f 1293/1910/1192 1290/1906/1188 1440/1908/1190 
f 1441/1911/1193 1447/1917/1199 1442/1912/1194 
f 1444/1914/1196 1449/1919/1201 1445/1915/1197 
f 1446/1916/1198 1445/1915/1197 1447/1917/1199 
f 1448/1918/1200 1457/1928/1209 1449/1919/1201 
f 1450/1920/1202 1453/1924/1205 1451/1921/1203 
f 1356/1923/1095 1357/2030/1096 1453/1924/1205 
f 1454/1925/1206 1458/1929/1210 1455/1926/1207 
f 1456/1927/1208 1455/1926/1207 1457/1928/1209 
f 1452/1922/1204 1451/1921/1203 1458/1929/1210 
f 1453/1924/1205 1357/2030/1096 1363/1930/1102 
f 1442/1912/1194 1447/1917/1199 1460/1932/1212 
f 1447/1917/1199 1445/1915/1197 1462/1934/1214 
f 1462/1934/1214 1445/1915/1197 1449/1919/1201 
f 1449/1919/1201 1457/1928/1209 1464/1936/1216 
f 1457/1928/1209 1455/1926/1207 1465/1937/1217 
f 1458/1929/1210 1451/1921/1203 1466/1938/1218 
f 1466/1938/1218 1451/1921/1203 1453/1924/1205 
f 1455/1926/1207 1458/1929/1210 1467/1939/1219 
f 1437/1902/1186 1440/1908/1190 1467/1939/1219 
f 1439/1907/1189 1436/1900/1184 1464/1936/1216 
f 1440/1908/1190 1439/1907/1189 1465/1937/1217 
f 1341/1905/1077 1438/1903/1187 1459/1931/1211 
f 1438/1903/1187 1437/1902/1186 1466/1938/1218 
f 1436/1900/1184 1435/1897/1181 1463/1935/1215 
f 1434/1896/1180 1433/1894/1178 1460/1932/1212 
f 1435/1897/1181 1434/1896/1180 1462/1934/1214 
f 1433/1894/1178 1432/1893/1177 1461/1933/1213 
f 1450/1940/1202 1474/1957/1112 1373/1941/1112 
f 1443/1943/1195 1523/2031/1116 1468/1944/1116 
f 1441/1945/1193 1468/1944/1116 1469/1946/1220 
f 1446/1947/1198 1469/1946/1220 1470/1948/1221 
f 1444/1949/1196 1470/1948/1221 1471/1950/1222 
f 1448/1951/1200 1471/1950/1222 1472/1952/1223 
f 1454/1954/1206 1475/1958/1112 1473/1955/1112 
f 1452/1956/1204 1473/1955/1112 1474/1957/1112 
f 1475/1958/1112 1454/1954/1206 1456/1953/1208 
f 1476/1959/1224 1316/2032/1277 1318/1960/1225 
f 1478/1962/1227 1320/1965/1230 1322/1963/1228 
f 1477/1961/1226 1318/1960/1225 1320/1965/1230 
f 1479/1964/1229 1322/1963/1228 1324/1966/1231 
f 1481/1968/1233 1329/1977/1240 1314/1969/1234 
f 1482/1970/1235 1314/1969/1234 1315/1971/1133 
f 1483/1973/1236 1326/1976/1239 1327/1974/1237 
f 1480/1967/1232 1324/1966/1231 1326/1976/1239 
f 1484/1975/1238 1327/1974/1237 1329/1977/1240 
f 1485/1978/1241 1513/2033/1268 1486/1979/1242 
f 1488/1981/1244 1491/1984/1247 1489/1982/1245 
f 1491/1984/1247 1485/1978/1241 1487/1980/1243 
f 1492/1985/1248 1488/1981/1244 1490/1983/1246 
f 1494/1987/1250 1502/1996/1258 1495/1988/1251 
f 1406/1990/1152 1494/1987/1250 1496/1989/1252 
f 1498/1992/1254 1501/1995/1257 1499/1993/1255 
f 1501/1995/1257 1492/1985/1248 1493/1986/1249 
f 1502/1996/1258 1498/1992/1254 1500/1994/1256 
f 1413/1997/1159 1497/1991/1253 1496/1989/1252 
f 1504/1999/1260 1487/1980/1243 1486/1979/1242 
f 1506/2001/1262 1489/1982/1245 1487/1980/1243 
f 1506/2001/1262 1508/2003/1264 1490/1983/1246 
f 1507/2002/1263 1493/1986/1249 1490/1983/1246 
f 1509/2004/1265 1499/1993/1255 1493/1986/1249 
f 1510/2005/1266 1495/1988/1251 1500/1994/1256 
f 1510/2005/1266 1503/1998/1259 1496/1989/1252 
f 1511/2006/1267 1500/1994/1256 1499/1993/1255 
f 1511/2006/1267 1484/1975/1238 1481/1968/1233 
f 1507/2002/1263 1480/1967/1232 1483/1973/1236 
f 1509/2004/1265 1483/1973/1236 1484/1975/1238 
f 1503/1998/1259 1482/1970/1235 1391/1972/1134 
f 1510/2005/1266 1481/1968/1233 1482/1970/1235 
f 1508/2003/1264 1479/1964/1229 1480/1967/1232 
f 1504/1999/1260 1477/1961/1226 1478/1962/1227 
f 1506/2001/1262 1478/1962/1227 1479/1964/1229 
f 1505/2000/1261 1476/1959/1224 1477/1961/1226 
f 1494/2007/1250 1406/2034/1152 1423/2008/1169 
f 1513/2010/1268 1485/2014/1241 1514/2011/1269 
f 1516/2013/1270 1514/2011/1269 1485/2014/1241 
f 1491/2015/1247 1488/2018/1244 1517/2016/1271 
f 1518/2017/1272 1517/2016/1271 1488/2018/1244 
f 1492/2019/1248 1501/2025/1257 1519/2020/1273 
f 1498/2021/1254 1502/2024/1258 1520/2022/1169 
f 1502/2024/1258 1494/2007/1250 1512/2009/1169 
f 1521/2023/1169 1519/2020/1273 1501/2025/1257 
f 619/2035/1278 1524/2036/1278 620/2037/1278 
f 1525/2038/111 1526/2039/111 1527/2040/111 
f 1527/2040/1279 1528/2041/1279 619/2035/1279 
f 1529/2042/261 1524/2036/261 1530/2043/261 
f 1524/2044/1278 1531/2045/1278 1532/2046/1278 
f 1533/2047/111 1526/2048/111 1534/2049/111 
f 1528/2050/1279 1535/2051/1279 1531/2045/1279 
f 1532/2046/1280 1536/2052/1280 607/2053/1280 
f 1537/2054/261 607/2053/372 1538/2055/372 
f 1531/2045/1281 1539/2056/1281 1536/2052/1281 
f 1539/2056/111 1533/2047/111 1540/2057/111 
f 1524/2044/261 1537/2054/261 1530/2058/261 
f 619/2035/1278 1528/2041/1278 1524/2036/1278 
f 1525/2038/111 1534/2059/111 1526/2039/111 
f 1527/2040/1279 1526/2039/1279 1528/2041/1279 
f 1529/2042/261 620/2037/261 1524/2036/261 
f 1524/2044/1278 1528/2050/1278 1531/2045/1278 
f 1533/2047/111 1535/2051/111 1526/2048/111 
f 1528/2050/1279 1526/2048/1279 1535/2051/1279 
f 1532/2046/1280 1531/2045/1280 1536/2052/1280 
f 1537/2054/261 1532/2046/261 607/2053/372 
f 1531/2045/1281 1535/2051/1281 1539/2056/1281 
f 1539/2056/111 1535/2051/111 1533/2047/111 
f 1524/2044/261 1532/2046/261 1537/2054/261 
f 1541/2060/1282 1542/2061/1283 1543/2062/1284 
f 1544/2063/1285 1545/2064/1286 1546/2065/1287 
f 1547/2066/1288 1548/2067/1289 1549/2068/1290 
f 1550/2069/1291 1551/2070/1292 1545/2064/1286 
f 1552/2071/1293 1542/2061/1283 1553/2072/1294 
f 1554/2073/1295 1555/2074/1296 1556/2075/1297 
f 1557/2076/1298 1546/2065/1287 1558/2077/1299 
f 1541/2060/1282 1549/2068/1290 1559/2078/1300 
f 1560/2079/1301 1553/2072/1294 1561/2080/1302 
f 1562/2081/1303 1556/2075/1297 1551/2070/1292 
f 1563/2082/1304 1564/2083/1305 1565/2084/1306 
f 1566/2085/1307 1567/2086/1308 1568/2087/1309 
f 1565/2084/1306 1569/2088/1310 1570/2089/1311 
f 1568/2087/1309 1571/2090/1312 1563/2082/1304 
f 1570/2089/1311 1572/2091/1313 1573/2092/1314 
f 1574/2093/1315 1575/2094/1316 1576/2095/1317 
f 1577/2096/1318 1578/2097/1319 1579/2098/1320 
f 1576/2095/1317 1580/2099/1321 1581/2100/1322 
f 1582/2101/1323 1583/2102/1324 1577/2096/1318 
f 1584/2103/1325 1585/2104/1326 1586/2105/1327 
f 1587/2106/1328 1588/2107/1329 1585/2104/1326 
f 1580/2099/1321 1589/2108/1330 1581/2100/1322 
f 1590/2109/1331 1591/2110/1332 1582/2101/1323 
f 1592/2111/1333 1584/2103/1325 1586/2105/1327 
f 1593/2112/1334 1594/2113/1335 1595/2114/1336 
f 1596/2115/1337 1597/2116/1338 1598/2117/1339 
f 1599/2118/1340 1600/2119/1341 1601/2120/1342 
f 1558/2077/1299 1593/2112/1334 1557/2076/1298 
f 1602/2121/1343 1595/2114/1336 1594/2113/1335 
f 1598/2117/1339 1548/2067/1289 1603/2122/1344 
f 1579/2098/1320 1604/2123/1345 1596/2115/1337 
f 1600/2119/1341 1605/2124/1346 1566/2085/1307 
f 1601/2120/1342 1606/2125/1347 1599/2118/1340 
f 1607/2126/1348 1608/2127/1349 1609/2128/1350 
f 1610/2129/1351 1611/2130/1352 1612/2131/1353 
f 1609/2128/1350 1613/2132/1354 1614/2133/1355 
f 1615/2134/1356 1616/2135/1357 1611/2130/1352 
f 1614/2133/1355 1617/2136/1358 1618/2137/1359 
f 1619/2138/1360 1620/2139/1361 1616/2135/1357 
f 1621/2140/1362 1622/2141/1363 1623/2142/1364 
f 1624/2143/1365 1625/2144/1366 1622/2141/1363 
f 1626/2145/1367 1627/2146/1368 1625/2144/1366 
f 1628/2147/1369 1612/2131/1353 1629/2148/1370 
f 1630/2149/1371 1631/2150/1372 1607/2126/1348 
f 1632/2151/1373 1620/2139/1361 1633/2152/1374 
f 1618/2137/1359 1634/2153/1375 1635/2154/1376 
f 1636/2155/1377 1637/2156/1378 1638/2157/1379 
f 1623/2142/1364 1639/2158/1380 1621/2140/1362 
f 1640/2159/1381 1641/2160/1382 1642/2161/1383 
f 1643/2162/1384 1644/2163/1385 1645/2164/1386 
f 1646/2165/1387 1647/2166/1388 1648/2167/1389 
f 1560/2079/1301 1645/2164/1386 1644/2163/1385 
f 1649/2168/1390 1555/2074/1296 1650/2169/1391 
f 1643/2162/1384 1632/2151/1373 1651/2170/1392 
f 1652/2171/1393 1648/2167/1389 1639/2158/1380 
f 1653/2172/1394 1572/2091/1313 1647/2166/1388 
f 1635/2154/1376 1642/2161/1383 1641/2160/1382 
f 1654/2173/1395 1580/2099/1321 1591/2110/1332 
f 1581/2100/1322 1655/2174/116 1656/2175/1396 
f 1550/2069/1291 1657/2176/1397 1658/2177/1398 
f 1546/2065/1287 1559/2078/1300 1549/2068/1290 
f 1545/2064/1286 1542/2061/1283 1559/2078/1300 
f 1562/2081/1303 1658/2177/1398 1659/2178/1399 
f 1543/2062/1284 1571/2090/1312 1541/2060/1282 
f 1541/2060/1282 1567/2086/1308 1547/2066/1288 
f 1582/2101/1323 1660/2179/1400 1590/2109/1331 
f 1547/2066/1288 1605/2124/1346 1603/2122/1344 
f 1558/2077/1299 1549/2068/1290 1548/2067/1289 
f 1603/2122/1344 1661/2180/1401 1598/2117/1339 
f 1662/2181/1402 1548/2067/1289 1597/2116/1338 
f 1544/2063/1285 1663/2182/1403 1657/2176/1397 
f 1557/2076/1298 1664/2183/1404 1663/2182/1403 
f 1551/2070/1292 1553/2072/1294 1542/2061/1283 
f 1554/2073/1295 1659/2178/1399 1665/2184/1405 
f 1552/2071/1293 1564/2083/1305 1543/2062/1284 
f 1561/2080/1302 1640/2159/1381 1645/2164/1386 
f 1556/2075/1297 1561/2080/1302 1553/2072/1294 
f 1650/2169/1391 1665/2184/1405 1666/2185/1406 
f 1650/2169/1391 1667/2186/1407 1649/2168/1390 
f 1560/2079/1301 1569/2088/1310 1552/2071/1293 
f 1560/2079/1301 1647/2166/1388 1572/2091/1313 
f 1668/2187/1408 1617/2136/1358 1620/2139/1361 
f 1641/2160/1382 1669/2188/1409 1635/2154/1376 
f 1643/2162/1384 1634/2153/1375 1668/2187/1408 
f 1635/2154/1376 1670/2189/1410 1618/2137/1359 
f 1651/2170/1392 1639/2158/1380 1648/2167/1389 
f 1632/2151/1373 1621/2140/1362 1639/2158/1380 
f 1612/2131/1353 1671/2190/1411 1629/2148/1370 
f 1630/2191/1371 1672/2192/261 1636/2193/1377 
f 1607/2126/1348 1672/2194/1412 1630/2149/1371 
f 1610/2129/1351 1638/2157/1379 1637/2156/1378 
f 1565/2084/1306 1658/2195/1413 1563/2082/1304 
f 1563/2082/1304 1657/2196/1414 1568/2087/1309 
f 1586/2105/1327 1655/2197/1415 1592/2111/1333 
f 1568/2087/1309 1663/2198/1416 1566/2085/1307 
f 1566/2085/1307 1664/2199/1417 1600/2119/1341 
f 1570/2089/1311 1659/2200/1418 1565/2084/1306 
f 1573/2092/1314 1667/2201/1419 1666/2202/1420 
f 1573/2092/1314 1665/2203/1421 1570/2089/1311 
f 1652/2171/1393 1670/2204/1422 1669/2205/1423 
f 1646/2165/1387 1669/2205/1423 1673/2206/1424 
f 1627/2146/1368 1672/2207/1425 1674/2208/1426 
f 1581/2100/1322 1675/2209/1427 1576/2095/1317 
f 1575/2094/1316 1591/2110/1332 1580/2099/1321 
f 1576/2095/1317 1676/2210/1428 1574/2093/1315 
f 1602/2121/1343 1583/2102/1324 1575/2094/1316 
f 1574/2093/1315 1677/2211/1429 1595/2114/1336 
f 1578/2097/1319 1594/2113/1335 1604/2123/1345 
f 1606/2125/1347 1577/2096/1318 1579/2098/1320 
f 1579/2098/1320 1599/2118/1340 1606/2125/1347 
f 1587/2106/1328 1582/2101/1323 1577/2096/1318 
f 1586/2105/1327 1675/2212/1430 1656/2213/1431 
f 1585/2104/1326 1676/2214/1432 1675/2212/1430 
f 1588/2107/1329 1677/2215/1433 1676/2214/1432 
f 1595/2114/1336 1664/2183/1404 1593/2112/1334 
f 1662/2181/1402 1604/2123/1345 1594/2113/1335 
f 1661/2180/1401 1596/2115/1337 1598/2117/1339 
f 1601/2120/1342 1664/2199/1417 1677/2215/1433 
f 1618/2137/1359 1678/2216/1434 1614/2133/1355 
f 1613/2132/1354 1620/2139/1361 1617/2136/1358 
f 1609/2128/1350 1674/2217/1435 1607/2126/1348 
f 1631/2150/1372 1611/2130/1352 1608/2127/1349 
f 1614/2133/1355 1679/2218/1436 1609/2128/1350 
f 1608/2127/1349 1616/2135/1357 1613/2132/1354 
f 1637/2156/1378 1615/2134/1356 1610/2129/1351 
f 1624/2143/1365 1633/2152/1374 1619/2138/1360 
f 1626/2145/1367 1619/2138/1360 1615/2134/1356 
f 1623/2142/1364 1678/2219/1437 1670/2204/1422 
f 1625/2144/1366 1674/2208/1426 1679/2220/1438 
f 1622/2141/1363 1679/2220/1438 1678/2219/1437 
f 1642/2161/1383 1645/2164/1386 1640/2159/1381 
f 1648/2167/1389 1644/2163/1385 1651/2170/1392 
f 1649/2168/1390 1673/2221/1439 1641/2160/1382 
f 1673/2206/1424 1653/2172/1394 1646/2165/1387 
f 1680/2222/1440 1681/2223/1441 1682/2224/1442 
f 1683/2225/1443 1684/2226/1444 1685/2227/1445 
f 1686/2228/1446 1687/2229/1447 1688/2230/1448 
f 1685/2227/1445 1689/2231/1449 1690/2232/1450 
f 1691/2233/1451 1680/2222/1440 1682/2224/1442 
f 1692/2234/1452 1693/2235/1453 1694/2236/1454 
f 1695/2237/1455 1696/2238/1456 1683/2225/1443 
f 1681/2223/1441 1697/2239/1457 1686/2228/1446 
f 1698/2240/1458 1699/2241/1459 1691/2233/1451 
f 1690/2232/1450 1700/2242/1460 1692/2234/1452 
f 1701/2243/1461 1702/2244/1462 1703/2245/1463 
f 1704/2246/1464 1705/2247/1465 1706/2248/1466 
f 1707/2249/1467 1703/2245/1463 1708/2250/1468 
f 1709/2251/1469 1706/2248/1466 1702/2244/1462 
f 1710/2252/1470 1708/2250/1468 1711/2253/1471 
f 1712/2254/1472 1713/2255/1473 1714/2256/1474 
f 1715/2257/1475 1716/2258/1476 1717/2259/1477 
f 1718/2260/1478 1714/2256/1474 1719/2261/1479 
f 1720/2262/1480 1721/2263/1481 1716/2258/1476 
f 1722/2264/1482 1723/2265/1483 1724/2266/1484 
f 1724/2266/1484 1725/2267/1485 1726/2268/1486 
f 1718/2260/1478 1727/2269/1487 1728/2270/1488 
f 1729/2271/1489 1730/2272/1490 1721/2263/1481 
f 1722/2264/1482 1731/2273/1491 1732/2274/1492 
f 1733/2275/1493 1734/2276/1494 1735/2277/1495 
f 1736/2278/1496 1737/2279/1497 1738/2280/1498 
f 1739/2281/1499 1740/2282/1500 1741/2283/1501 
f 1742/2284/1502 1734/2276/1494 1743/2285/1503 
f 1735/2277/1495 1744/2286/1504 1733/2275/1493 
f 1687/2229/1447 1738/2280/1498 1688/2230/1448 
f 1745/2287/1505 1717/2259/1477 1737/2279/1497 
f 1746/2288/1506 1740/2282/1500 1705/2247/1465 
f 1747/2289/1507 1726/2268/1486 1725/2267/1485 
f 1748/2290/1508 1749/2291/1509 1750/2292/1510 
f 1751/2293/1511 1752/2294/1512 1753/2295/1513 
f 1754/2296/1514 1750/2292/1510 1755/2297/1515 
f 1753/2295/1513 1756/2298/1516 1757/2299/1517 
f 1758/2300/1518 1755/2297/1515 1759/2301/1519 
f 1757/2299/1517 1760/2302/1520 1761/2303/1521 
f 1762/2304/1522 1763/2305/1523 1764/2306/1524 
f 1764/2306/1524 1765/2307/1525 1766/2308/1526 
f 1766/2308/1526 1767/2309/1527 1768/2310/1528 
f 1769/2311/1529 1770/2312/1530 1751/2293/1511 
f 1771/2313/1531 1772/2314/1532 1749/2291/1509 
f 1760/2302/1520 1773/2315/1533 1761/2303/1521 
f 1774/2316/1534 1759/2301/1519 1775/2317/1535 
f 1776/2318/1536 1768/2310/1528 1767/2309/1527 
f 1777/2319/1537 1778/2320/1538 1779/2321/1539 
f 1780/2322/1540 1781/2323/1541 1782/2324/1542 
f 1783/2325/1543 1784/2326/1544 1785/2327/1545 
f 1786/2328/1546 1787/2329/1547 1788/2330/1548 
f 1785/2327/1545 1698/2240/1458 1783/2325/1543 
f 1693/2235/1453 1789/2331/1549 1694/2236/1454 
f 1784/2326/1544 1773/2315/1533 1790/2332/1550 
f 1779/2321/1539 1791/2333/1551 1786/2328/1546 
f 1788/2330/1548 1710/2252/1470 1711/2253/1471 
f 1782/2324/1542 1775/2317/1535 1780/2322/1540 
f 1718/2260/1478 1792/2334/1552 1729/2271/1489 
f 1719/2261/1479 1793/2335/109 1727/2269/1487 
f 1685/2227/1445 1794/2336/1553 1683/2225/1443 
f 1795/2337/1554 1696/2238/1456 1697/2239/1457 
f 1680/2222/1440 1684/2226/1444 1795/2337/1554 
f 1690/2232/1450 1796/2338/1555 1685/2227/1445 
f 1709/2251/1469 1682/2224/1442 1681/2223/1441 
f 1704/2246/1464 1681/2223/1441 1686/2228/1446 
f 1797/2339/1556 1721/2263/1481 1730/2272/1490 
f 1746/2288/1506 1686/2228/1446 1688/2230/1448 
f 1697/2239/1457 1742/2284/1502 1687/2229/1447 
f 1741/2283/1501 1688/2230/1448 1738/2280/1498 
f 1687/2229/1447 1743/2285/1503 1736/2278/1496 
f 1683/2225/1443 1798/2340/1557 1695/2237/1455 
f 1695/2237/1455 1799/2341/1558 1734/2276/1494 
f 1699/2241/1459 1689/2231/1449 1680/2222/1440 
f 1692/2234/1452 1800/2342/1559 1690/2232/1450 
f 1701/2243/1461 1691/2233/1451 1682/2224/1442 
f 1801/2343/1560 1781/2323/1541 1693/2235/1453 
f 1801/2343/1560 1700/2242/1460 1699/2241/1459 
f 1694/2236/1454 1802/2344/1561 1692/2234/1452 
f 1803/2345/1562 1694/2236/1454 1789/2331/1549 
f 1707/2249/1467 1698/2240/1458 1691/2233/1451 
f 1698/2240/1458 1787/2329/1547 1783/2325/1543 
f 1790/2332/1550 1758/2300/1518 1774/2316/1534 
f 1804/2346/1563 1780/2322/1540 1775/2317/1535 
f 1784/2326/1544 1774/2316/1534 1782/2324/1542 
f 1805/2347/1564 1775/2317/1535 1759/2301/1519 
f 1806/2348/1565 1778/2320/1538 1773/2315/1533 
f 1773/2315/1533 1762/2304/1522 1761/2303/1521 
f 1770/2312/1530 1807/2349/1566 1771/2313/1531 
f 1772/2350/1532 1807/2351/1566 1808/2352/1567 
f 1809/2353/1568 1749/2291/1509 1772/2314/1532 
f 1751/2293/1511 1810/2354/1569 1769/2311/1529 
f 1796/2355/1570 1703/2245/1463 1702/2244/1462 
f 1794/2356/1414 1702/2244/1462 1706/2248/1466 
f 1732/2274/1492 1793/2357/1415 1811/2358/1571 
f 1798/2359/1572 1706/2248/1466 1705/2247/1465 
f 1799/2360/1573 1705/2247/1465 1740/2282/1500 
f 1800/2361/1574 1708/2250/1468 1703/2245/1463 
f 1711/2253/1471 1803/2362/1575 1788/2330/1548 
f 1802/2363/1576 1711/2253/1471 1708/2250/1468 
f 1779/2321/1539 1805/2364/1577 1777/2319/1537 
f 1786/2328/1546 1804/2365/1578 1779/2321/1539 
f 1767/2309/1527 1809/2366/1579 1776/2318/1536 
f 1719/2261/1479 1812/2367/1580 1811/2368/1581 
f 1712/2254/1472 1729/2271/1489 1720/2262/1480 
f 1714/2256/1474 1813/2369/1582 1812/2367/1580 
f 1744/2286/1504 1720/2262/1480 1715/2257/1475 
f 1814/2370/1583 1713/2255/1473 1735/2277/1495 
f 1715/2257/1475 1733/2275/1493 1744/2286/1504 
f 1716/2258/1476 1726/2268/1486 1717/2259/1477 
f 1717/2259/1477 1739/2281/1499 1737/2279/1497 
f 1721/2263/1481 1724/2266/1484 1716/2258/1476 
f 1812/2371/1584 1732/2274/1492 1811/2358/1571 
f 1813/2372/1585 1723/2265/1483 1812/2371/1584 
f 1725/2267/1485 1814/2373/1586 1747/2289/1507 
f 1735/2277/1495 1799/2341/1558 1814/2370/1583 
f 1743/2285/1503 1745/2287/1505 1736/2278/1496 
f 1737/2279/1497 1741/2283/1501 1738/2280/1498 
f 1799/2360/1573 1747/2289/1507 1814/2373/1586 
f 1759/2301/1519 1815/2374/1587 1805/2347/1564 
f 1754/2296/1514 1760/2302/1520 1756/2298/1516 
f 1750/2292/1510 1816/2375/1588 1817/2376/1589 
f 1771/2313/1531 1752/2294/1512 1770/2312/1530 
f 1755/2297/1515 1817/2376/1589 1815/2374/1587 
f 1748/2290/1508 1756/2298/1516 1752/2294/1512 
f 1753/2295/1513 1768/2310/1528 1751/2293/1511 
f 1761/2303/1521 1764/2306/1524 1757/2299/1517 
f 1757/2299/1517 1766/2308/1526 1753/2295/1513 
f 1815/2377/1590 1777/2319/1537 1805/2364/1577 
f 1816/2378/1591 1765/2307/1525 1817/2379/1592 
f 1817/2379/1592 1763/2305/1523 1815/2377/1590 
f 1782/2324/1542 1785/2327/1545 1784/2326/1544 
f 1783/2325/1543 1791/2333/1551 1806/2348/1565 
f 1789/2331/1549 1818/2380/1593 1803/2345/1562 
f 1788/2330/1548 1818/2381/1594 1786/2328/1546 
f 1819/2222/1595 1820/2223/1596 1821/2224/1597 
f 1822/2225/1598 1823/2226/1599 1824/2227/1600 
f 1825/2228/1601 1826/2229/1602 1827/2230/1603 
f 1824/2227/1600 1828/2231/1604 1829/2232/1605 
f 1830/2233/1606 1819/2222/1595 1821/2224/1597 
f 1831/2234/1607 1832/2235/1608 1833/2236/1609 
f 1834/2237/1610 1835/2238/1611 1822/2225/1598 
f 1820/2223/1596 1836/2239/1612 1825/2228/1601 
f 1837/2240/1613 1838/2241/1614 1830/2233/1606 
f 1829/2232/1605 1839/2242/1615 1831/2234/1607 
f 1840/2243/1616 1841/2244/1617 1842/2245/1618 
f 1843/2246/1619 1844/2247/1620 1845/2248/1621 
f 1846/2249/1622 1842/2245/1618 1847/2250/1623 
f 1848/2251/1624 1845/2248/1621 1841/2244/1617 
f 1849/2252/1625 1847/2250/1623 1850/2253/1626 
f 1851/2254/1627 1852/2255/1628 1853/2256/1629 
f 1854/2257/1630 1855/2258/1631 1856/2259/1632 
f 1857/2260/1633 1853/2256/1629 1858/2261/1634 
f 1859/2262/1635 1860/2263/1636 1855/2258/1631 
f 1861/2264/1637 1862/2265/1638 1863/2266/1639 
f 1863/2266/1639 1864/2267/1640 1865/2268/1641 
f 1857/2260/1633 1866/2269/1642 1867/2270/1643 
f 1868/2271/1644 1869/2272/1645 1860/2263/1636 
f 1861/2264/1637 1870/2273/1646 1871/2274/1647 
f 1872/2275/1648 1873/2276/1649 1874/2277/1650 
f 1875/2278/1651 1876/2279/1652 1877/2280/1653 
f 1878/2281/1654 1879/2282/1655 1880/2283/1656 
f 1881/2284/1657 1873/2276/1649 1882/2285/1658 
f 1874/2277/1650 1883/2286/1659 1872/2275/1648 
f 1826/2229/1602 1877/2280/1653 1827/2230/1603 
f 1884/2287/1660 1856/2259/1632 1876/2279/1652 
f 1885/2288/1661 1879/2282/1655 1844/2247/1620 
f 1886/2289/1662 1865/2268/1641 1864/2267/1640 
f 1887/2290/1663 1888/2291/1664 1889/2292/1665 
f 1890/2293/1666 1891/2294/1667 1892/2295/1668 
f 1893/2296/1669 1889/2292/1665 1894/2297/1670 
f 1892/2295/1668 1895/2298/1671 1896/2299/1672 
f 1897/2300/1673 1894/2297/1670 1898/2301/1674 
f 1896/2299/1672 1899/2302/1675 1900/2303/1676 
f 1901/2304/1677 1902/2305/1678 1903/2306/1679 
f 1903/2306/1679 1904/2307/1680 1905/2308/1681 
f 1905/2308/1681 1906/2309/1682 1907/2310/1683 
f 1908/2311/1684 1909/2312/1685 1890/2293/1666 
f 1910/2313/1686 1911/2314/1687 1888/2291/1664 
f 1899/2302/1675 1912/2315/1688 1900/2303/1676 
f 1913/2316/1689 1898/2301/1674 1914/2317/1690 
f 1915/2318/1691 1907/2310/1683 1906/2309/1682 
f 1916/2319/1692 1917/2320/1693 1918/2321/1694 
f 1919/2322/1695 1920/2323/1696 1921/2324/1697 
f 1922/2325/1698 1923/2326/1699 1924/2327/1700 
f 1925/2328/1701 1926/2329/1702 1927/2330/1703 
f 1924/2327/1700 1837/2240/1613 1922/2325/1698 
f 1832/2235/1608 1928/2331/1704 1833/2236/1609 
f 1923/2326/1699 1912/2315/1688 1929/2332/1705 
f 1918/2321/1694 1930/2333/1706 1925/2328/1701 
f 1927/2330/1703 1849/2252/1625 1850/2253/1626 
f 1921/2324/1697 1914/2317/1690 1919/2322/1695 
f 1857/2260/1633 1931/2334/1707 1868/2271/1644 
f 1858/2261/1634 1932/2335/115 1866/2269/1642 
f 1824/2227/1600 1933/2336/1708 1822/2225/1598 
f 1934/2337/1709 1835/2238/1611 1836/2239/1612 
f 1819/2222/1595 1823/2226/1599 1934/2337/1709 
f 1829/2232/1605 1935/2338/1398 1824/2227/1600 
f 1848/2251/1624 1821/2224/1597 1820/2223/1596 
f 1843/2246/1619 1820/2223/1596 1825/2228/1601 
f 1936/2339/1710 1860/2263/1636 1869/2272/1645 
f 1885/2288/1661 1825/2228/1601 1827/2230/1603 
f 1836/2239/1612 1881/2284/1657 1826/2229/1602 
f 1880/2283/1656 1827/2230/1603 1877/2280/1653 
f 1826/2229/1602 1882/2285/1658 1875/2278/1651 
f 1822/2225/1598 1937/2340/1403 1834/2237/1610 
f 1834/2237/1610 1938/2341/1711 1873/2276/1649 
f 1838/2241/1614 1828/2231/1604 1819/2222/1595 
f 1831/2234/1607 1939/2342/1712 1829/2232/1605 
f 1840/2243/1616 1830/2233/1606 1821/2224/1597 
f 1940/2343/1713 1920/2323/1696 1832/2235/1608 
f 1940/2343/1713 1839/2242/1615 1838/2241/1614 
f 1833/2236/1609 1941/2344/1714 1831/2234/1607 
f 1942/2345/1715 1833/2236/1609 1928/2331/1704 
f 1846/2249/1622 1837/2240/1613 1830/2233/1606 
f 1837/2240/1613 1926/2329/1702 1922/2325/1698 
f 1929/2332/1705 1897/2300/1673 1913/2316/1689 
f 1943/2346/1716 1919/2322/1695 1914/2317/1690 
f 1923/2326/1699 1913/2316/1689 1921/2324/1697 
f 1944/2347/1717 1914/2317/1690 1898/2301/1674 
f 1945/2348/1718 1917/2320/1693 1912/2315/1688 
f 1912/2315/1688 1901/2304/1677 1900/2303/1676 
f 1909/2312/1685 1946/2349/1719 1910/2313/1686 
f 1911/2350/1687 1946/2351/1719 1947/2352/1720 
f 1948/2353/1412 1888/2291/1664 1911/2314/1687 
f 1890/2293/1666 1949/2354/1721 1908/2311/1684 
f 1935/2355/1722 1842/2245/1618 1841/2244/1617 
f 1933/2356/1723 1841/2244/1617 1845/2248/1621 
f 1871/2274/1647 1932/2357/1724 1950/2358/1725 
f 1937/2359/1726 1845/2248/1621 1844/2247/1620 
f 1938/2360/1727 1844/2247/1620 1879/2282/1655 
f 1939/2361/1728 1847/2250/1623 1842/2245/1618 
f 1850/2253/1626 1942/2362/1729 1927/2330/1703 
f 1941/2363/1730 1850/2253/1626 1847/2250/1623 
f 1918/2321/1694 1944/2364/1731 1916/2319/1692 
f 1925/2328/1701 1943/2365/1732 1918/2321/1694 
f 1906/2309/1682 1948/2366/1733 1915/2318/1691 
f 1858/2261/1634 1951/2367/1734 1950/2368/1396 
f 1851/2254/1627 1868/2271/1644 1859/2262/1635 
f 1853/2256/1629 1952/2369/1735 1951/2367/1734 
f 1883/2286/1659 1859/2262/1635 1854/2257/1630 
f 1953/2370/1736 1852/2255/1628 1874/2277/1650 
f 1854/2257/1630 1872/2275/1648 1883/2286/1659 
f 1855/2258/1631 1865/2268/1641 1856/2259/1632 
f 1856/2259/1632 1878/2281/1654 1876/2279/1652 
f 1860/2263/1636 1863/2266/1639 1855/2258/1631 
f 1951/2371/1737 1871/2274/1647 1950/2358/1725 
f 1952/2372/1738 1862/2265/1638 1951/2371/1737 
f 1864/2267/1640 1953/2373/1739 1886/2289/1662 
f 1874/2277/1650 1938/2341/1711 1953/2370/1736 
f 1882/2285/1658 1884/2287/1660 1875/2278/1651 
f 1876/2279/1652 1880/2283/1656 1877/2280/1653 
f 1938/2360/1727 1886/2289/1662 1953/2373/1739 
f 1898/2301/1674 1954/2374/1740 1944/2347/1717 
f 1893/2296/1669 1899/2302/1675 1895/2298/1671 
f 1889/2292/1665 1955/2375/1741 1956/2376/1742 
f 1910/2313/1686 1891/2294/1667 1909/2312/1685 
f 1894/2297/1670 1956/2376/1742 1954/2374/1740 
f 1887/2290/1663 1895/2298/1671 1891/2294/1667 
f 1892/2295/1668 1907/2310/1683 1890/2293/1666 
f 1900/2303/1676 1903/2306/1679 1896/2299/1672 
f 1896/2299/1672 1905/2308/1681 1892/2295/1668 
f 1954/2377/1743 1916/2319/1692 1944/2364/1731 
f 1955/2378/1744 1904/2307/1680 1956/2379/1745 
f 1956/2379/1745 1902/2305/1678 1954/2377/1743 
f 1921/2324/1697 1924/2327/1700 1923/2326/1699 
f 1922/2325/1698 1930/2333/1706 1945/2348/1718 
f 1928/2331/1704 1957/2380/1746 1942/2345/1715 
f 1927/2330/1703 1957/2381/1747 1925/2328/1701 
f 1958/2382/1748 1959/2383/1749 1960/2384/1750 
f 1961/2385/1751 1962/2386/1752 1963/2387/1753 
f 1964/2388/1754 1965/2389/1755 1966/2390/1756 
f 1967/2391/1757 1968/2392/1758 1962/2386/1752 
f 1969/2393/1759 1959/2383/1749 1970/2394/1760 
f 1971/2395/1761 1972/2396/1762 1973/2397/1763 
f 1974/2398/1764 1963/2387/1753 1975/2399/1765 
f 1958/2382/1748 1966/2390/1756 1976/2400/1766 
f 1977/2401/1767 1970/2394/1760 1978/2402/1768 
f 1979/2403/1769 1973/2397/1763 1968/2392/1758 
f 1980/2404/1770 1981/2405/1771 1982/2406/1772 
f 1983/2407/1773 1984/2408/1774 1985/2409/1775 
f 1982/2406/1772 1986/2410/1776 1987/2411/1777 
f 1985/2409/1775 1988/2412/1778 1980/2404/1770 
f 1987/2411/1777 1989/2413/1779 1990/2414/1780 
f 1991/2415/1781 1992/2416/1782 1993/2417/1783 
f 1994/2418/1784 1995/2419/1785 1996/2420/1786 
f 1993/2417/1783 1997/2421/1787 1998/2422/1788 
f 1999/2423/1789 2000/2424/1790 1994/2418/1784 
f 2001/2425/1791 2002/2426/1792 2003/2427/1793 
f 2004/2428/1794 2005/2429/1795 2002/2426/1792 
f 1997/2421/1787 2006/2430/1796 1998/2422/1788 
f 2007/2431/1797 2008/2432/1798 1999/2423/1789 
f 2009/2433/1799 2001/2425/1791 2003/2427/1793 
f 2010/2434/1800 2011/2435/1801 2012/2436/1802 
f 2013/2437/1803 2014/2438/1804 2015/2439/1805 
f 2016/2440/1806 2017/2441/1807 2018/2442/1808 
f 1975/2399/1765 2010/2434/1800 1974/2398/1764 
f 2019/2443/1809 2012/2436/1802 2011/2435/1801 
f 2015/2439/1805 1965/2389/1755 2020/2444/1810 
f 1996/2420/1786 2021/2445/1811 2013/2437/1803 
f 2017/2441/1807 2022/2446/1812 1983/2407/1773 
f 2018/2442/1808 2023/2447/1813 2016/2440/1806 
f 2024/2448/1814 2025/2449/1815 2026/2450/1816 
f 2027/2451/1817 2028/2452/1818 2029/2453/1819 
f 2026/2450/1816 2030/2454/1820 2031/2455/1821 
f 2032/2456/1822 2033/2457/1823 2028/2452/1818 
f 2031/2455/1821 2034/2458/1824 2035/2459/1825 
f 2036/2460/1826 2037/2461/1827 2033/2457/1823 
f 2038/2462/1828 2039/2463/1829 2040/2464/1830 
f 2041/2465/1831 2042/2466/1832 2039/2463/1829 
f 2043/2467/1833 2044/2468/1834 2042/2466/1832 
f 2045/2469/1835 2029/2453/1819 2046/2470/1836 
f 2047/2471/1837 2048/2472/1838 2024/2448/1814 
f 2049/2473/1839 2037/2461/1827 2050/2474/1840 
f 2035/2459/1825 2051/2475/1841 2052/2476/1842 
f 2053/2477/1843 2054/2478/1844 2055/2479/1845 
f 2040/2464/1830 2056/2480/1846 2038/2462/1828 
f 2057/2481/1847 2058/2482/1848 2059/2483/1849 
f 2060/2484/1850 2061/2485/1851 2062/2486/1852 
f 2063/2487/1853 2064/2488/1854 2065/2489/1855 
f 1977/2401/1767 2062/2486/1852 2061/2485/1851 
f 2066/2490/1856 1972/2396/1762 2067/2491/1857 
f 2060/2484/1850 2049/2473/1839 2068/2492/1858 
f 2069/2493/1859 2065/2489/1855 2056/2480/1846 
f 2070/2494/1860 1989/2413/1779 2064/2488/1854 
f 2052/2476/1842 2059/2483/1849 2058/2482/1848 
f 2071/2495/1861 1997/2421/1787 2008/2432/1798 
f 1998/2422/1788 2072/2496/109 2073/2497/1862 
f 1967/2391/1757 2074/2498/1863 2075/2499/1864 
f 1963/2387/1753 1976/2400/1766 1966/2390/1756 
f 1962/2386/1752 1959/2383/1749 1976/2400/1766 
f 1979/2403/1769 2075/2499/1864 2076/2500/1865 
f 1960/2384/1750 1988/2412/1778 1958/2382/1748 
f 1958/2382/1748 1984/2408/1774 1964/2388/1754 
f 1999/2423/1789 2077/2501/1866 2007/2431/1797 
f 1964/2388/1754 2022/2446/1812 2020/2444/1810 
f 1975/2399/1765 1966/2390/1756 1965/2389/1755 
f 2020/2444/1810 2078/2502/1867 2015/2439/1805 
f 2079/2503/1868 1965/2389/1755 2014/2438/1804 
f 1961/2385/1751 2080/2504/1869 2074/2498/1863 
f 1974/2398/1764 2081/2505/1870 2080/2504/1869 
f 1968/2392/1758 1970/2394/1760 1959/2383/1749 
f 1971/2395/1761 2076/2500/1865 2082/2506/1871 
f 1969/2393/1759 1981/2405/1771 1960/2384/1750 
f 1978/2402/1768 2057/2481/1847 2062/2486/1852 
f 1973/2397/1763 1978/2402/1768 1970/2394/1760 
f 2067/2491/1857 2082/2506/1871 2083/2507/1872 
f 2067/2491/1857 2084/2508/1873 2066/2490/1856 
f 1977/2401/1767 1986/2410/1776 1969/2393/1759 
f 1977/2401/1767 2064/2488/1854 1989/2413/1779 
f 2085/2509/1874 2034/2458/1824 2037/2461/1827 
f 2058/2482/1848 2086/2510/1875 2052/2476/1842 
f 2060/2484/1850 2051/2475/1841 2085/2509/1874 
f 2052/2476/1842 2087/2511/1876 2035/2459/1825 
f 2068/2492/1858 2056/2480/1846 2065/2489/1855 
f 2049/2473/1839 2038/2462/1828 2056/2480/1846 
f 2029/2453/1819 2088/2512/1877 2046/2470/1836 
f 2047/2513/1837 2089/2514/261 2053/2515/1843 
f 2024/2448/1814 2089/2516/1878 2047/2471/1837 
f 2027/2451/1817 2055/2479/1845 2054/2478/1844 
f 1982/2406/1772 2075/2517/1879 1980/2404/1770 
f 1980/2404/1770 2074/2518/1880 1985/2409/1775 
f 2003/2427/1793 2072/2519/1724 2009/2433/1799 
f 1985/2409/1775 2080/2520/1881 1983/2407/1773 
f 1983/2407/1773 2081/2521/1882 2017/2441/1807 
f 1987/2411/1777 2076/2522/1728 1982/2406/1772 
f 1990/2414/1780 2084/2523/1883 2083/2524/1884 
f 1990/2414/1780 2082/2525/1885 1987/2411/1777 
f 2069/2493/1859 2087/2526/1886 2086/2527/1887 
f 2063/2487/1853 2086/2527/1887 2090/2528/1888 
f 2044/2468/1834 2089/2529/1889 2091/2530/1890 
f 1998/2422/1788 2092/2531/1891 1993/2417/1783 
f 1992/2416/1782 2008/2432/1798 1997/2421/1787 
f 1993/2417/1783 2093/2532/1892 1991/2415/1781 
f 2019/2443/1809 2000/2424/1790 1992/2416/1782 
f 1991/2415/1781 2094/2533/1893 2012/2436/1802 
f 1995/2419/1785 2011/2435/1801 2021/2445/1811 
f 2023/2447/1813 1994/2418/1784 1996/2420/1786 
f 1996/2420/1786 2016/2440/1806 2023/2447/1813 
f 2004/2428/1794 1999/2423/1789 1994/2418/1784 
f 2003/2427/1793 2092/2534/1894 2073/2535/1725 
f 2002/2426/1792 2093/2536/1895 2092/2534/1894 
f 2005/2429/1795 2094/2537/1896 2093/2536/1895 
f 2012/2436/1802 2081/2505/1870 2010/2434/1800 
f 2079/2503/1868 2021/2445/1811 2011/2435/1801 
f 2078/2502/1867 2013/2437/1803 2015/2439/1805 
f 2018/2442/1808 2081/2521/1882 2094/2537/1896 
f 2035/2459/1825 2095/2538/1897 2031/2455/1821 
f 2030/2454/1820 2037/2461/1827 2034/2458/1824 
f 2026/2450/1816 2091/2539/1898 2024/2448/1814 
f 2048/2472/1838 2028/2452/1818 2025/2449/1815 
f 2031/2455/1821 2096/2540/1899 2026/2450/1816 
f 2025/2449/1815 2033/2457/1823 2030/2454/1820 
f 2054/2478/1844 2032/2456/1822 2027/2451/1817 
f 2041/2465/1831 2050/2474/1840 2036/2460/1826 
f 2043/2467/1833 2036/2460/1826 2032/2456/1822 
f 2040/2464/1830 2095/2541/1900 2087/2526/1886 
f 2042/2466/1832 2091/2530/1890 2096/2542/1901 
f 2039/2463/1829 2096/2542/1901 2095/2541/1900 
f 2059/2483/1849 2062/2486/1852 2057/2481/1847 
f 2065/2489/1855 2061/2485/1851 2068/2492/1858 
f 2066/2490/1856 2090/2543/1902 2058/2482/1848 
f 2090/2528/1888 2070/2494/1860 2063/2487/1853 
f 1541/2060/1282 1559/2078/1300 1542/2061/1283 
f 1544/2063/1285 1550/2069/1291 1545/2064/1286 
f 1547/2066/1288 1603/2122/1344 1548/2067/1289 
f 1550/2069/1291 1562/2081/1303 1551/2070/1292 
f 1552/2071/1293 1543/2062/1284 1542/2061/1283 
f 1554/2073/1295 1650/2169/1391 1555/2074/1296 
f 1557/2076/1298 1544/2063/1285 1546/2065/1287 
f 1541/2060/1282 1547/2066/1288 1549/2068/1290 
f 1560/2079/1301 1552/2071/1293 1553/2072/1294 
f 1562/2081/1303 1554/2073/1295 1556/2075/1297 
f 1563/2082/1304 1571/2090/1312 1564/2083/1305 
f 1566/2085/1307 1605/2124/1346 1567/2086/1308 
f 1565/2084/1306 1564/2083/1305 1569/2088/1310 
f 1568/2087/1309 1567/2086/1308 1571/2090/1312 
f 1570/2089/1311 1569/2088/1310 1572/2091/1313 
f 1574/2093/1315 1602/2121/1343 1575/2094/1316 
f 1577/2096/1318 1583/2102/1324 1578/2097/1319 
f 1576/2095/1317 1575/2094/1316 1580/2099/1321 
f 1582/2101/1323 1591/2110/1332 1583/2102/1324 
f 1584/2103/1325 1587/2106/1328 1585/2104/1326 
f 1587/2106/1328 1606/2125/1347 1588/2107/1329 
f 1580/2099/1321 2097/2544/1903 1589/2108/1330 
f 1590/2109/1331 1654/2173/1395 1591/2110/1332 
f 1592/2111/1333 1660/2179/1400 1584/2103/1325 
f 1593/2112/1334 1662/2181/1402 1594/2113/1335 
f 1596/2115/1337 1604/2123/1345 1597/2116/1338 
f 1599/2118/1340 1661/2180/1401 1600/2119/1341 
f 1558/2077/1299 1662/2181/1402 1593/2112/1334 
f 1602/2121/1343 1574/2093/1315 1595/2114/1336 
f 1598/2117/1339 1597/2116/1338 1548/2067/1289 
f 1579/2098/1320 1578/2097/1319 1604/2123/1345 
f 1600/2119/1341 1661/2180/1401 1605/2124/1346 
f 1601/2120/1342 1588/2107/1329 1606/2125/1347 
f 1607/2126/1348 1631/2150/1372 1608/2127/1349 
f 1610/2129/1351 1615/2134/1356 1611/2130/1352 
f 1609/2128/1350 1608/2127/1349 1613/2132/1354 
f 1615/2134/1356 1619/2138/1360 1616/2135/1357 
f 1614/2133/1355 1613/2132/1354 1617/2136/1358 
f 1619/2138/1360 1633/2152/1374 1620/2139/1361 
f 1621/2140/1362 1624/2143/1365 1622/2141/1363 
f 1624/2143/1365 1626/2145/1367 1625/2144/1366 
f 1626/2145/1367 1637/2156/1378 1627/2146/1368 
f 1628/2147/1369 1610/2129/1351 1612/2131/1353 
f 1630/2149/1371 1671/2190/1411 1631/2150/1372 
f 1632/2151/1373 1668/2187/1408 1620/2139/1361 
f 1618/2137/1359 1617/2136/1358 1634/2153/1375 
f 1636/2155/1377 1627/2146/1368 1637/2156/1378 
f 1623/2142/1364 1652/2171/1393 1639/2158/1380 
f 1640/2159/1381 1649/2168/1390 1641/2160/1382 
f 1643/2162/1384 1651/2170/1392 1644/2163/1385 
f 1646/2165/1387 1653/2172/1394 1647/2166/1388 
f 1560/2079/1301 1561/2080/1302 1645/2164/1386 
f 1649/2168/1390 1640/2159/1381 1555/2074/1296 
f 1643/2162/1384 1668/2187/1408 1632/2151/1373 
f 1652/2171/1393 1646/2165/1387 1648/2167/1389 
f 1653/2172/1394 1573/2092/1314 1572/2091/1313 
f 1635/2154/1376 1634/2153/1375 1642/2161/1383 
f 1654/2173/1395 2097/2544/1903 1580/2099/1321 
f 1581/2100/1322 1589/2108/1330 1655/2174/116 
f 1550/2069/1291 1544/2063/1285 1657/2176/1397 
f 1546/2065/1287 1545/2064/1286 1559/2078/1300 
f 1545/2064/1286 1551/2070/1292 1542/2061/1283 
f 1562/2081/1303 1550/2069/1291 1658/2177/1398 
f 1543/2062/1284 1564/2083/1305 1571/2090/1312 
f 1541/2060/1282 1571/2090/1312 1567/2086/1308 
f 1582/2101/1323 1584/2103/1325 1660/2179/1400 
f 1547/2066/1288 1567/2086/1308 1605/2124/1346 
f 1558/2077/1299 1546/2065/1287 1549/2068/1290 
f 1603/2122/1344 1605/2124/1346 1661/2180/1401 
f 1662/2181/1402 1558/2077/1299 1548/2067/1289 
f 1544/2063/1285 1557/2076/1298 1663/2182/1403 
f 1557/2076/1298 1593/2112/1334 1664/2183/1404 
f 1551/2070/1292 1556/2075/1297 1553/2072/1294 
f 1554/2073/1295 1562/2081/1303 1659/2178/1399 
f 1552/2071/1293 1569/2088/1310 1564/2083/1305 
f 1561/2080/1302 1555/2074/1296 1640/2159/1381 
f 1556/2075/1297 1555/2074/1296 1561/2080/1302 
f 1650/2169/1391 1554/2073/1295 1665/2184/1405 
f 1650/2169/1391 1666/2185/1406 1667/2186/1407 
f 1560/2079/1301 1572/2091/1313 1569/2088/1310 
f 1560/2079/1301 1644/2163/1385 1647/2166/1388 
f 1668/2187/1408 1634/2153/1375 1617/2136/1358 
f 1641/2160/1382 1673/2221/1439 1669/2188/1409 
f 1643/2162/1384 1642/2161/1383 1634/2153/1375 
f 1635/2154/1376 1669/2188/1409 1670/2189/1410 
f 1651/2170/1392 1632/2151/1373 1639/2158/1380 
f 1632/2151/1373 1633/2152/1374 1621/2140/1362 
f 1612/2131/1353 1631/2150/1372 1671/2190/1411 
f 1638/2545/1379 1628/2546/1369 1636/2193/1377 
f 1628/2546/1369 1629/2547/1370 1630/2191/1371 
f 1636/2193/1377 1628/2546/1369 1630/2191/1371 
f 1629/2547/1370 1671/2548/1411 1630/2191/1371 
f 1607/2126/1348 1674/2217/1435 1672/2194/1412 
f 1610/2129/1351 1628/2147/1369 1638/2157/1379 
f 1565/2084/1306 1659/2200/1418 1658/2195/1413 
f 1563/2082/1304 1658/2195/1413 1657/2196/1414 
f 1586/2105/1327 1656/2213/1431 1655/2197/1415 
f 1568/2087/1309 1657/2196/1414 1663/2198/1416 
f 1566/2085/1307 1663/2198/1416 1664/2199/1417 
f 1570/2089/1311 1665/2203/1421 1659/2200/1418 
f 1573/2092/1314 1653/2172/1394 1667/2201/1419 
f 1573/2092/1314 1666/2202/1420 1665/2203/1421 
f 1652/2171/1393 1623/2142/1364 1670/2204/1422 
f 1646/2165/1387 1652/2171/1393 1669/2205/1423 
f 1627/2146/1368 1636/2155/1377 1672/2207/1425 
f 1581/2100/1322 1656/2175/1396 1675/2209/1427 
f 1575/2094/1316 1583/2102/1324 1591/2110/1332 
f 1576/2095/1317 1675/2209/1427 1676/2210/1428 
f 1602/2121/1343 1578/2097/1319 1583/2102/1324 
f 1574/2093/1315 1676/2210/1428 1677/2211/1429 
f 1578/2097/1319 1602/2121/1343 1594/2113/1335 
f 1606/2125/1347 1587/2106/1328 1577/2096/1318 
f 1579/2098/1320 1596/2115/1337 1599/2118/1340 
f 1587/2106/1328 1584/2103/1325 1582/2101/1323 
f 1586/2105/1327 1585/2104/1326 1675/2212/1430 
f 1585/2104/1326 1588/2107/1329 1676/2214/1432 
f 1588/2107/1329 1601/2120/1342 1677/2215/1433 
f 1595/2114/1336 1677/2211/1429 1664/2183/1404 
f 1662/2181/1402 1597/2116/1338 1604/2123/1345 
f 1661/2180/1401 1599/2118/1340 1596/2115/1337 
f 1601/2120/1342 1600/2119/1341 1664/2199/1417 
f 1618/2137/1359 1670/2189/1410 1678/2216/1434 
f 1613/2132/1354 1616/2135/1357 1620/2139/1361 
f 1609/2128/1350 1679/2218/1436 1674/2217/1435 
f 1631/2150/1372 1612/2131/1353 1611/2130/1352 
f 1614/2133/1355 1678/2216/1434 1679/2218/1436 
f 1608/2127/1349 1611/2130/1352 1616/2135/1357 
f 1637/2156/1378 1626/2145/1367 1615/2134/1356 
f 1624/2143/1365 1621/2140/1362 1633/2152/1374 
f 1626/2145/1367 1624/2143/1365 1619/2138/1360 
f 1623/2142/1364 1622/2141/1363 1678/2219/1437 
f 1625/2144/1366 1627/2146/1368 1674/2208/1426 
f 1622/2141/1363 1625/2144/1366 1679/2220/1438 
f 1642/2161/1383 1643/2162/1384 1645/2164/1386 
f 1648/2167/1389 1647/2166/1388 1644/2163/1385 
f 1649/2168/1390 1667/2186/1407 1673/2221/1439 
f 1673/2206/1424 1667/2201/1419 1653/2172/1394 
f 1680/2222/1440 1795/2337/1554 1681/2223/1441 
f 1683/2225/1443 1696/2238/1456 1684/2226/1444 
f 1686/2228/1446 1697/2239/1457 1687/2229/1447 
f 1685/2227/1445 1684/2226/1444 1689/2231/1449 
f 1691/2233/1451 1699/2241/1459 1680/2222/1440 
f 1692/2234/1452 1700/2242/1460 1693/2235/1453 
f 1695/2237/1455 1742/2284/1502 1696/2238/1456 
f 1681/2223/1441 1795/2337/1554 1697/2239/1457 
f 1698/2240/1458 1801/2343/1560 1699/2241/1459 
f 1690/2232/1450 1689/2231/1449 1700/2242/1460 
f 1701/2243/1461 1709/2251/1469 1702/2244/1462 
f 1704/2246/1464 1746/2288/1506 1705/2247/1465 
f 1707/2249/1467 1701/2243/1461 1703/2245/1463 
f 1709/2251/1469 1704/2246/1464 1706/2248/1466 
f 1710/2252/1470 1707/2249/1467 1708/2250/1468 
f 1712/2254/1472 1744/2286/1504 1713/2255/1473 
f 1715/2257/1475 1720/2262/1480 1716/2258/1476 
f 1718/2260/1478 1712/2254/1472 1714/2256/1474 
f 1720/2262/1480 1729/2271/1489 1721/2263/1481 
f 1722/2264/1482 1732/2274/1492 1723/2265/1483 
f 1724/2266/1484 1723/2265/1483 1725/2267/1485 
f 1718/2260/1478 1719/2261/1479 1727/2269/1487 
f 1729/2271/1489 1792/2334/1552 1730/2272/1490 
f 1722/2264/1482 1797/2339/1556 1731/2273/1491 
f 1733/2275/1493 1743/2285/1503 1734/2276/1494 
f 1736/2278/1496 1745/2287/1505 1737/2279/1497 
f 1739/2281/1499 1747/2289/1507 1740/2282/1500 
f 1742/2284/1502 1695/2237/1455 1734/2276/1494 
f 1735/2277/1495 1713/2255/1473 1744/2286/1504 
f 1687/2229/1447 1736/2278/1496 1738/2280/1498 
f 1745/2287/1505 1715/2257/1475 1717/2259/1477 
f 1746/2288/1506 1741/2283/1501 1740/2282/1500 
f 1747/2289/1507 1739/2281/1499 1726/2268/1486 
f 1748/2290/1508 1771/2313/1531 1749/2291/1509 
f 1751/2293/1511 1770/2312/1530 1752/2294/1512 
f 1754/2296/1514 1748/2290/1508 1750/2292/1510 
f 1753/2295/1513 1752/2294/1512 1756/2298/1516 
f 1758/2300/1518 1754/2296/1514 1755/2297/1515 
f 1757/2299/1517 1756/2298/1516 1760/2302/1520 
f 1762/2304/1522 1777/2319/1537 1763/2305/1523 
f 1764/2306/1524 1763/2305/1523 1765/2307/1525 
f 1766/2308/1526 1765/2307/1525 1767/2309/1527 
f 1769/2311/1529 1808/2549/1567 1770/2312/1530 
f 1771/2313/1531 1807/2349/1566 1772/2314/1532 
f 1760/2302/1520 1790/2332/1550 1773/2315/1533 
f 1774/2316/1534 1758/2300/1518 1759/2301/1519 
f 1776/2318/1536 1810/2354/1569 1768/2310/1528 
f 1777/2319/1537 1762/2304/1522 1778/2320/1538 
f 1780/2322/1540 1789/2331/1549 1781/2323/1541 
f 1783/2325/1543 1806/2348/1565 1784/2326/1544 
f 1786/2328/1546 1791/2333/1551 1787/2329/1547 
f 1785/2327/1545 1801/2343/1560 1698/2240/1458 
f 1693/2235/1453 1781/2323/1541 1789/2331/1549 
f 1784/2326/1544 1806/2348/1565 1773/2315/1533 
f 1779/2321/1539 1778/2320/1538 1791/2333/1551 
f 1788/2330/1548 1787/2329/1547 1710/2252/1470 
f 1782/2324/1542 1774/2316/1534 1775/2317/1535 
f 1718/2260/1478 1728/2270/1488 1792/2334/1552 
f 1719/2261/1479 1811/2368/1581 1793/2335/109 
f 1685/2227/1445 1796/2338/1555 1794/2336/1553 
f 1795/2337/1554 1684/2226/1444 1696/2238/1456 
f 1680/2222/1440 1689/2231/1449 1684/2226/1444 
f 1690/2232/1450 1800/2342/1559 1796/2338/1555 
f 1709/2251/1469 1701/2243/1461 1682/2224/1442 
f 1704/2246/1464 1709/2251/1469 1681/2223/1441 
f 1797/2339/1556 1722/2264/1482 1721/2263/1481 
f 1746/2288/1506 1704/2246/1464 1686/2228/1446 
f 1697/2239/1457 1696/2238/1456 1742/2284/1502 
f 1741/2283/1501 1746/2288/1506 1688/2230/1448 
f 1687/2229/1447 1742/2284/1502 1743/2285/1503 
f 1683/2225/1443 1794/2336/1553 1798/2340/1557 
f 1695/2237/1455 1798/2340/1557 1799/2341/1558 
f 1699/2241/1459 1700/2242/1460 1689/2231/1449 
f 1692/2234/1452 1802/2344/1561 1800/2342/1559 
f 1701/2243/1461 1707/2249/1467 1691/2233/1451 
f 1801/2343/1560 1785/2327/1545 1781/2323/1541 
f 1801/2343/1560 1693/2235/1453 1700/2242/1460 
f 1694/2236/1454 2098/2550/1904 1802/2344/1561 
f 1803/2345/1562 2098/2550/1904 1694/2236/1454 
f 1707/2249/1467 1710/2252/1470 1698/2240/1458 
f 1698/2240/1458 1710/2252/1470 1787/2329/1547 
f 1790/2332/1550 1760/2302/1520 1758/2300/1518 
f 1804/2346/1563 1818/2380/1593 1780/2322/1540 
f 1784/2326/1544 1790/2332/1550 1774/2316/1534 
f 1805/2347/1564 1804/2346/1563 1775/2317/1535 
f 1806/2348/1565 1791/2333/1551 1778/2320/1538 
f 1773/2315/1533 1778/2320/1538 1762/2304/1522 
f 1770/2312/1530 1808/2549/1567 1807/2349/1566 
f 1808/2352/1567 1769/2551/1529 1772/2350/1532 
f 1769/2551/1529 1810/2552/1569 1776/2553/1536 
f 1772/2350/1532 1769/2551/1529 1776/2553/1536 
f 1776/2553/1536 1809/2554/261 1772/2350/1532 
f 1809/2353/1568 1816/2375/1588 1749/2291/1509 
f 1751/2293/1511 1768/2310/1528 1810/2354/1569 
f 1796/2355/1570 1800/2361/1574 1703/2245/1463 
f 1794/2356/1414 1796/2355/1570 1702/2244/1462 
f 1732/2274/1492 1731/2273/1491 1793/2357/1415 
f 1798/2359/1572 1794/2356/1414 1706/2248/1466 
f 1799/2360/1573 1798/2359/1572 1705/2247/1465 
f 1800/2361/1574 1802/2363/1576 1708/2250/1468 
f 1711/2253/1471 2098/2555/1905 1803/2362/1575 
f 1802/2363/1576 2098/2555/1905 1711/2253/1471 
f 1779/2321/1539 1804/2365/1578 1805/2364/1577 
f 1786/2328/1546 1818/2381/1594 1804/2365/1578 
f 1767/2309/1527 1816/2378/1591 1809/2366/1579 
f 1719/2261/1479 1714/2256/1474 1812/2367/1580 
f 1712/2254/1472 1718/2260/1478 1729/2271/1489 
f 1714/2256/1474 1713/2255/1473 1813/2369/1582 
f 1744/2286/1504 1712/2254/1472 1720/2262/1480 
f 1814/2370/1583 1813/2369/1582 1713/2255/1473 
f 1715/2257/1475 1745/2287/1505 1733/2275/1493 
f 1716/2258/1476 1724/2266/1484 1726/2268/1486 
f 1717/2259/1477 1726/2268/1486 1739/2281/1499 
f 1721/2263/1481 1722/2264/1482 1724/2266/1484 
f 1812/2371/1584 1723/2265/1483 1732/2274/1492 
f 1813/2372/1585 1725/2267/1485 1723/2265/1483 
f 1725/2267/1485 1813/2372/1585 1814/2373/1586 
f 1735/2277/1495 1734/2276/1494 1799/2341/1558 
f 1743/2285/1503 1733/2275/1493 1745/2287/1505 
f 1737/2279/1497 1739/2281/1499 1741/2283/1501 
f 1799/2360/1573 1740/2282/1500 1747/2289/1507 
f 1759/2301/1519 1755/2297/1515 1815/2374/1587 
f 1754/2296/1514 1758/2300/1518 1760/2302/1520 
f 1750/2292/1510 1749/2291/1509 1816/2375/1588 
f 1771/2313/1531 1748/2290/1508 1752/2294/1512 
f 1755/2297/1515 1750/2292/1510 1817/2376/1589 
f 1748/2290/1508 1754/2296/1514 1756/2298/1516 
f 1753/2295/1513 1766/2308/1526 1768/2310/1528 
f 1761/2303/1521 1762/2304/1522 1764/2306/1524 
f 1757/2299/1517 1764/2306/1524 1766/2308/1526 
f 1815/2377/1590 1763/2305/1523 1777/2319/1537 
f 1816/2378/1591 1767/2309/1527 1765/2307/1525 
f 1817/2379/1592 1765/2307/1525 1763/2305/1523 
f 1782/2324/1542 1781/2323/1541 1785/2327/1545 
f 1783/2325/1543 1787/2329/1547 1791/2333/1551 
f 1789/2331/1549 1780/2322/1540 1818/2380/1593 
f 1788/2330/1548 1803/2362/1575 1818/2381/1594 
f 1819/2222/1595 1934/2337/1709 1820/2223/1596 
f 1822/2225/1598 1835/2238/1611 1823/2226/1599 
f 1825/2228/1601 1836/2239/1612 1826/2229/1602 
f 1824/2227/1600 1823/2226/1599 1828/2231/1604 
f 1830/2233/1606 1838/2241/1614 1819/2222/1595 
f 1831/2234/1607 1839/2242/1615 1832/2235/1608 
f 1834/2237/1610 1881/2284/1657 1835/2238/1611 
f 1820/2223/1596 1934/2337/1709 1836/2239/1612 
f 1837/2240/1613 1940/2343/1713 1838/2241/1614 
f 1829/2232/1605 1828/2231/1604 1839/2242/1615 
f 1840/2243/1616 1848/2251/1624 1841/2244/1617 
f 1843/2246/1619 1885/2288/1661 1844/2247/1620 
f 1846/2249/1622 1840/2243/1616 1842/2245/1618 
f 1848/2251/1624 1843/2246/1619 1845/2248/1621 
f 1849/2252/1625 1846/2249/1622 1847/2250/1623 
f 1851/2254/1627 1883/2286/1659 1852/2255/1628 
f 1854/2257/1630 1859/2262/1635 1855/2258/1631 
f 1857/2260/1633 1851/2254/1627 1853/2256/1629 
f 1859/2262/1635 1868/2271/1644 1860/2263/1636 
f 1861/2264/1637 1871/2274/1647 1862/2265/1638 
f 1863/2266/1639 1862/2265/1638 1864/2267/1640 
f 1857/2260/1633 1858/2261/1634 1866/2269/1642 
f 1868/2271/1644 1931/2334/1707 1869/2272/1645 
f 1861/2264/1637 1936/2339/1710 1870/2273/1646 
f 1872/2275/1648 1882/2285/1658 1873/2276/1649 
f 1875/2278/1651 1884/2287/1660 1876/2279/1652 
f 1878/2281/1654 1886/2289/1662 1879/2282/1655 
f 1881/2284/1657 1834/2237/1610 1873/2276/1649 
f 1874/2277/1650 1852/2255/1628 1883/2286/1659 
f 1826/2229/1602 1875/2278/1651 1877/2280/1653 
f 1884/2287/1660 1854/2257/1630 1856/2259/1632 
f 1885/2288/1661 1880/2283/1656 1879/2282/1655 
f 1886/2289/1662 1878/2281/1654 1865/2268/1641 
f 1887/2290/1663 1910/2313/1686 1888/2291/1664 
f 1890/2293/1666 1909/2312/1685 1891/2294/1667 
f 1893/2296/1669 1887/2290/1663 1889/2292/1665 
f 1892/2295/1668 1891/2294/1667 1895/2298/1671 
f 1897/2300/1673 1893/2296/1669 1894/2297/1670 
f 1896/2299/1672 1895/2298/1671 1899/2302/1675 
f 1901/2304/1677 1916/2319/1692 1902/2305/1678 
f 1903/2306/1679 1902/2305/1678 1904/2307/1680 
f 1905/2308/1681 1904/2307/1680 1906/2309/1682 
f 1908/2311/1684 1947/2549/1720 1909/2312/1685 
f 1910/2313/1686 1946/2349/1719 1911/2314/1687 
f 1899/2302/1675 1929/2332/1705 1912/2315/1688 
f 1913/2316/1689 1897/2300/1673 1898/2301/1674 
f 1915/2318/1691 1949/2354/1721 1907/2310/1683 
f 1916/2319/1692 1901/2304/1677 1917/2320/1693 
f 1919/2322/1695 1928/2331/1704 1920/2323/1696 
f 1922/2325/1698 1945/2348/1718 1923/2326/1699 
f 1925/2328/1701 1930/2333/1706 1926/2329/1702 
f 1924/2327/1700 1940/2343/1713 1837/2240/1613 
f 1832/2235/1608 1920/2323/1696 1928/2331/1704 
f 1923/2326/1699 1945/2348/1718 1912/2315/1688 
f 1918/2321/1694 1917/2320/1693 1930/2333/1706 
f 1927/2330/1703 1926/2329/1702 1849/2252/1625 
f 1921/2324/1697 1913/2316/1689 1914/2317/1690 
f 1857/2260/1633 1867/2270/1643 1931/2334/1707 
f 1858/2261/1634 1950/2368/1396 1932/2335/115 
f 1824/2227/1600 1935/2338/1398 1933/2336/1708 
f 1934/2337/1709 1823/2226/1599 1835/2238/1611 
f 1819/2222/1595 1828/2231/1604 1823/2226/1599 
f 1829/2232/1605 1939/2342/1712 1935/2338/1398 
f 1848/2251/1624 1840/2243/1616 1821/2224/1597 
f 1843/2246/1619 1848/2251/1624 1820/2223/1596 
f 1936/2339/1710 1861/2264/1637 1860/2263/1636 
f 1885/2288/1661 1843/2246/1619 1825/2228/1601 
f 1836/2239/1612 1835/2238/1611 1881/2284/1657 
f 1880/2283/1656 1885/2288/1661 1827/2230/1603 
f 1826/2229/1602 1881/2284/1657 1882/2285/1658 
f 1822/2225/1598 1933/2336/1708 1937/2340/1403 
f 1834/2237/1610 1937/2340/1403 1938/2341/1711 
f 1838/2241/1614 1839/2242/1615 1828/2231/1604 
f 1831/2234/1607 1941/2344/1714 1939/2342/1712 
f 1840/2243/1616 1846/2249/1622 1830/2233/1606 
f 1940/2343/1713 1924/2327/1700 1920/2323/1696 
f 1940/2343/1713 1832/2235/1608 1839/2242/1615 
f 1833/2236/1609 2099/2550/1906 1941/2344/1714 
f 1942/2345/1715 2099/2550/1906 1833/2236/1609 
f 1846/2249/1622 1849/2252/1625 1837/2240/1613 
f 1837/2240/1613 1849/2252/1625 1926/2329/1702 
f 1929/2332/1705 1899/2302/1675 1897/2300/1673 
f 1943/2346/1716 1957/2380/1746 1919/2322/1695 
f 1923/2326/1699 1929/2332/1705 1913/2316/1689 
f 1944/2347/1717 1943/2346/1716 1914/2317/1690 
f 1945/2348/1718 1930/2333/1706 1917/2320/1693 
f 1912/2315/1688 1917/2320/1693 1901/2304/1677 
f 1909/2312/1685 1947/2549/1720 1946/2349/1719 
f 1947/2352/1720 1908/2551/1684 1911/2350/1687 
f 1908/2551/1684 1949/2552/1721 1915/2553/1691 
f 1911/2350/1687 1908/2551/1684 1915/2553/1691 
f 1915/2553/1691 1948/2554/261 1911/2350/1687 
f 1948/2353/1412 1955/2375/1741 1888/2291/1664 
f 1890/2293/1666 1907/2310/1683 1949/2354/1721 
f 1935/2355/1722 1939/2361/1728 1842/2245/1618 
f 1933/2356/1723 1935/2355/1722 1841/2244/1617 
f 1871/2274/1647 1870/2273/1646 1932/2357/1724 
f 1937/2359/1726 1933/2356/1723 1845/2248/1621 
f 1938/2360/1727 1937/2359/1726 1844/2247/1620 
f 1939/2361/1728 1941/2363/1730 1847/2250/1623 
f 1850/2253/1626 2099/2555/1907 1942/2362/1729 
f 1941/2363/1730 2099/2555/1907 1850/2253/1626 
f 1918/2321/1694 1943/2365/1732 1944/2364/1731 
f 1925/2328/1701 1957/2381/1747 1943/2365/1732 
f 1906/2309/1682 1955/2378/1744 1948/2366/1733 
f 1858/2261/1634 1853/2256/1629 1951/2367/1734 
f 1851/2254/1627 1857/2260/1633 1868/2271/1644 
f 1853/2256/1629 1852/2255/1628 1952/2369/1735 
f 1883/2286/1659 1851/2254/1627 1859/2262/1635 
f 1953/2370/1736 1952/2369/1735 1852/2255/1628 
f 1854/2257/1630 1884/2287/1660 1872/2275/1648 
f 1855/2258/1631 1863/2266/1639 1865/2268/1641 
f 1856/2259/1632 1865/2268/1641 1878/2281/1654 
f 1860/2263/1636 1861/2264/1637 1863/2266/1639 
f 1951/2371/1737 1862/2265/1638 1871/2274/1647 
f 1952/2372/1738 1864/2267/1640 1862/2265/1638 
f 1864/2267/1640 1952/2372/1738 1953/2373/1739 
f 1874/2277/1650 1873/2276/1649 1938/2341/1711 
f 1882/2285/1658 1872/2275/1648 1884/2287/1660 
f 1876/2279/1652 1878/2281/1654 1880/2283/1656 
f 1938/2360/1727 1879/2282/1655 1886/2289/1662 
f 1898/2301/1674 1894/2297/1670 1954/2374/1740 
f 1893/2296/1669 1897/2300/1673 1899/2302/1675 
f 1889/2292/1665 1888/2291/1664 1955/2375/1741 
f 1910/2313/1686 1887/2290/1663 1891/2294/1667 
f 1894/2297/1670 1889/2292/1665 1956/2376/1742 
f 1887/2290/1663 1893/2296/1669 1895/2298/1671 
f 1892/2295/1668 1905/2308/1681 1907/2310/1683 
f 1900/2303/1676 1901/2304/1677 1903/2306/1679 
f 1896/2299/1672 1903/2306/1679 1905/2308/1681 
f 1954/2377/1743 1902/2305/1678 1916/2319/1692 
f 1955/2378/1744 1906/2309/1682 1904/2307/1680 
f 1956/2379/1745 1904/2307/1680 1902/2305/1678 
f 1921/2324/1697 1920/2323/1696 1924/2327/1700 
f 1922/2325/1698 1926/2329/1702 1930/2333/1706 
f 1928/2331/1704 1919/2322/1695 1957/2380/1746 
f 1927/2330/1703 1942/2362/1729 1957/2381/1747 
f 1958/2382/1748 1976/2400/1766 1959/2383/1749 
f 1961/2385/1751 1967/2391/1757 1962/2386/1752 
f 1964/2388/1754 2020/2444/1810 1965/2389/1755 
f 1967/2391/1757 1979/2403/1769 1968/2392/1758 
f 1969/2393/1759 1960/2384/1750 1959/2383/1749 
f 1971/2395/1761 2067/2491/1857 1972/2396/1762 
f 1974/2398/1764 1961/2385/1751 1963/2387/1753 
f 1958/2382/1748 1964/2388/1754 1966/2390/1756 
f 1977/2401/1767 1969/2393/1759 1970/2394/1760 
f 1979/2403/1769 1971/2395/1761 1973/2397/1763 
f 1980/2404/1770 1988/2412/1778 1981/2405/1771 
f 1983/2407/1773 2022/2446/1812 1984/2408/1774 
f 1982/2406/1772 1981/2405/1771 1986/2410/1776 
f 1985/2409/1775 1984/2408/1774 1988/2412/1778 
f 1987/2411/1777 1986/2410/1776 1989/2413/1779 
f 1991/2415/1781 2019/2443/1809 1992/2416/1782 
f 1994/2418/1784 2000/2424/1790 1995/2419/1785 
f 1993/2417/1783 1992/2416/1782 1997/2421/1787 
f 1999/2423/1789 2008/2432/1798 2000/2424/1790 
f 2001/2425/1791 2004/2428/1794 2002/2426/1792 
f 2004/2428/1794 2023/2447/1813 2005/2429/1795 
f 1997/2421/1787 2100/2556/1908 2006/2430/1796 
f 2007/2431/1797 2071/2495/1861 2008/2432/1798 
f 2009/2433/1799 2077/2501/1866 2001/2425/1791 
f 2010/2434/1800 2079/2503/1868 2011/2435/1801 
f 2013/2437/1803 2021/2445/1811 2014/2438/1804 
f 2016/2440/1806 2078/2502/1867 2017/2441/1807 
f 1975/2399/1765 2079/2503/1868 2010/2434/1800 
f 2019/2443/1809 1991/2415/1781 2012/2436/1802 
f 2015/2439/1805 2014/2438/1804 1965/2389/1755 
f 1996/2420/1786 1995/2419/1785 2021/2445/1811 
f 2017/2441/1807 2078/2502/1867 2022/2446/1812 
f 2018/2442/1808 2005/2429/1795 2023/2447/1813 
f 2024/2448/1814 2048/2472/1838 2025/2449/1815 
f 2027/2451/1817 2032/2456/1822 2028/2452/1818 
f 2026/2450/1816 2025/2449/1815 2030/2454/1820 
f 2032/2456/1822 2036/2460/1826 2033/2457/1823 
f 2031/2455/1821 2030/2454/1820 2034/2458/1824 
f 2036/2460/1826 2050/2474/1840 2037/2461/1827 
f 2038/2462/1828 2041/2465/1831 2039/2463/1829 
f 2041/2465/1831 2043/2467/1833 2042/2466/1832 
f 2043/2467/1833 2054/2478/1844 2044/2468/1834 
f 2045/2469/1835 2027/2451/1817 2029/2453/1819 
f 2047/2471/1837 2088/2512/1877 2048/2472/1838 
f 2049/2473/1839 2085/2509/1874 2037/2461/1827 
f 2035/2459/1825 2034/2458/1824 2051/2475/1841 
f 2053/2477/1843 2044/2468/1834 2054/2478/1844 
f 2040/2464/1830 2069/2493/1859 2056/2480/1846 
f 2057/2481/1847 2066/2490/1856 2058/2482/1848 
f 2060/2484/1850 2068/2492/1858 2061/2485/1851 
f 2063/2487/1853 2070/2494/1860 2064/2488/1854 
f 1977/2401/1767 1978/2402/1768 2062/2486/1852 
f 2066/2490/1856 2057/2481/1847 1972/2396/1762 
f 2060/2484/1850 2085/2509/1874 2049/2473/1839 
f 2069/2493/1859 2063/2487/1853 2065/2489/1855 
f 2070/2494/1860 1990/2414/1780 1989/2413/1779 
f 2052/2476/1842 2051/2475/1841 2059/2483/1849 
f 2071/2495/1861 2100/2556/1908 1997/2421/1787 
f 1998/2422/1788 2006/2430/1796 2072/2496/110 
f 1967/2391/1757 1961/2385/1751 2074/2498/1863 
f 1963/2387/1753 1962/2386/1752 1976/2400/1766 
f 1962/2386/1752 1968/2392/1758 1959/2383/1749 
f 1979/2403/1769 1967/2391/1757 2075/2499/1864 
f 1960/2384/1750 1981/2405/1771 1988/2412/1778 
f 1958/2382/1748 1988/2412/1778 1984/2408/1774 
f 1999/2423/1789 2001/2425/1791 2077/2501/1866 
f 1964/2388/1754 1984/2408/1774 2022/2446/1812 
f 1975/2399/1765 1963/2387/1753 1966/2390/1756 
f 2020/2444/1810 2022/2446/1812 2078/2502/1867 
f 2079/2503/1868 1975/2399/1765 1965/2389/1755 
f 1961/2385/1751 1974/2398/1764 2080/2504/1869 
f 1974/2398/1764 2010/2434/1800 2081/2505/1870 
f 1968/2392/1758 1973/2397/1763 1970/2394/1760 
f 1971/2395/1761 1979/2403/1769 2076/2500/1865 
f 1969/2393/1759 1986/2410/1776 1981/2405/1771 
f 1978/2402/1768 1972/2396/1762 2057/2481/1847 
f 1973/2397/1763 1972/2396/1762 1978/2402/1768 
f 2067/2491/1857 1971/2395/1761 2082/2506/1871 
f 2067/2491/1857 2083/2507/1872 2084/2508/1873 
f 1977/2401/1767 1989/2413/1779 1986/2410/1776 
f 1977/2401/1767 2061/2485/1851 2064/2488/1854 
f 2085/2509/1874 2051/2475/1841 2034/2458/1824 
f 2058/2482/1848 2090/2543/1902 2086/2510/1875 
f 2060/2484/1850 2059/2483/1849 2051/2475/1841 
f 2052/2476/1842 2086/2510/1875 2087/2511/1876 
f 2068/2492/1858 2049/2473/1839 2056/2480/1846 
f 2049/2473/1839 2050/2474/1840 2038/2462/1828 
f 2029/2453/1819 2048/2472/1838 2088/2512/1877 
f 2055/2557/1845 2045/2558/1835 2053/2515/1843 
f 2045/2558/1835 2046/2559/1836 2047/2513/1837 
f 2053/2515/1843 2045/2558/1835 2047/2513/1837 
f 2046/2559/1836 2088/2560/1877 2047/2513/1837 
f 2024/2448/1814 2091/2539/1898 2089/2516/1878 
f 2027/2451/1817 2045/2469/1835 2055/2479/1845 
f 1982/2406/1772 2076/2522/1728 2075/2517/1879 
f 1980/2404/1770 2075/2517/1879 2074/2518/1880 
f 2003/2427/1793 2073/2535/1725 2072/2519/1724 
f 1985/2409/1775 2074/2518/1880 2080/2520/1881 
f 1983/2407/1773 2080/2520/1881 2081/2521/1882 
f 1987/2411/1777 2082/2525/1885 2076/2522/1728 
f 1990/2414/1780 2070/2494/1860 2084/2523/1883 
f 1990/2414/1780 2083/2524/1884 2082/2525/1885 
f 2069/2493/1859 2040/2464/1830 2087/2526/1886 
f 2063/2487/1853 2069/2493/1859 2086/2527/1887 
f 2044/2468/1834 2053/2477/1843 2089/2529/1889 
f 1998/2422/1788 2073/2497/1862 2092/2531/1891 
f 1992/2416/1782 2000/2424/1790 2008/2432/1798 
f 1993/2417/1783 2092/2531/1891 2093/2532/1892 
f 2019/2443/1809 1995/2419/1785 2000/2424/1790 
f 1991/2415/1781 2093/2532/1892 2094/2533/1893 
f 1995/2419/1785 2019/2443/1809 2011/2435/1801 
f 2023/2447/1813 2004/2428/1794 1994/2418/1784 
f 1996/2420/1786 2013/2437/1803 2016/2440/1806 
f 2004/2428/1794 2001/2425/1791 1999/2423/1789 
f 2003/2427/1793 2002/2426/1792 2092/2534/1894 
f 2002/2426/1792 2005/2429/1795 2093/2536/1895 
f 2005/2429/1795 2018/2442/1808 2094/2537/1896 
f 2012/2436/1802 2094/2533/1893 2081/2505/1870 
f 2079/2503/1868 2014/2438/1804 2021/2445/1811 
f 2078/2502/1867 2016/2440/1806 2013/2437/1803 
f 2018/2442/1808 2017/2441/1807 2081/2521/1882 
f 2035/2459/1825 2087/2511/1876 2095/2538/1897 
f 2030/2454/1820 2033/2457/1823 2037/2461/1827 
f 2026/2450/1816 2096/2540/1899 2091/2539/1898 
f 2048/2472/1838 2029/2453/1819 2028/2452/1818 
f 2031/2455/1821 2095/2538/1897 2096/2540/1899 
f 2025/2449/1815 2028/2452/1818 2033/2457/1823 
f 2054/2478/1844 2043/2467/1833 2032/2456/1822 
f 2041/2465/1831 2038/2462/1828 2050/2474/1840 
f 2043/2467/1833 2041/2465/1831 2036/2460/1826 
f 2040/2464/1830 2039/2463/1829 2095/2541/1900 
f 2042/2466/1832 2044/2468/1834 2091/2530/1890 
f 2039/2463/1829 2042/2466/1832 2096/2542/1901 
f 2059/2483/1849 2060/2484/1850 2062/2486/1852 
f 2065/2489/1855 2064/2488/1854 2061/2485/1851 
f 2066/2490/1856 2084/2508/1873 2090/2543/1902 
f 2090/2528/1888 2084/2523/1883 2070/2494/1860 
f 2101/2561/1909 2102/2562/1910 2103/2563/1911 
f 2103/2563/1911 2104/2564/373 2105/2565/237 
f 2105/2565/237 2106/2566/1912 2107/2567/1913 
f 2108/2568/1914 2106/2566/1912 2109/2569/1915 
f 2110/2570/1916 2111/2571/1911 2112/2572/1911 
f 2112/2572/1911 2113/2573/373 2114/2574/237 
f 2114/2574/237 2115/2575/1917 2116/2576/1913 
f 2117/2577/1918 2115/2575/1917 2118/2578/1918 
f 2119/2579/1916 2120/2580/1911 2121/2581/1911 
f 2121/2581/1911 2122/2582/373 2123/2583/237 
f 2123/2583/237 2124/2584/1917 2125/2585/1913 
f 2126/2586/1918 2124/2584/1917 2127/2587/1918 
f 2128/2588/1916 2129/2589/1910 2130/2590/1911 
f 2130/2590/1911 2131/2591/373 2132/2592/237 
f 2132/2592/237 2133/2593/1919 2134/2594/1913 
f 2135/2595/1918 2133/2593/1919 2136/2596/1918 
f 2137/2597/1909 2138/2598/1920 2139/2599/1910 
f 2139/2599/1910 2140/2600/373 2141/2601/237 
f 2141/2601/237 2142/2602/1917 2143/2603/1913 
f 2144/2604/1918 2142/2602/1917 2145/2605/1918 
f 2146/2606/1916 2147/2607/1921 2148/2608/1911 
f 2148/2608/1911 2149/2609/373 2150/2610/237 
f 2150/2610/237 2151/2611/1917 2152/2612/1913 
f 2153/2613/1918 2151/2611/1917 2154/2614/1918 
f 2155/2615/237 2156/2616/1919 2157/2617/1913 
f 2158/2618/1918 2156/2616/1919 2159/2619/1918 
f 2160/2620/1910 2161/2621/373 2155/2615/237 
f 2162/2622/1922 2163/2623/1923 2160/2620/1910 
f 2164/2624/1924 2165/2625/1925 2166/2626/1926 
f 2155/2627/595 2167/2628/1927 2160/2629/1928 
f 2168/2630/595 2169/2631/595 2155/2627/595 
f 2170/2632/1929 2168/2630/595 2157/2633/1930 
f 2171/2634/595 2170/2632/1929 2150/2635/1929 
f 2172/2636/595 2173/2637/1929 2141/2638/1929 
f 2174/2639/1929 2172/2636/595 2143/2640/1930 
f 2175/2641/595 2174/2639/1929 2132/2642/595 
f 2176/2643/1929 2175/2641/595 2134/2644/1930 
f 2177/2645/595 2176/2643/1929 2123/2646/595 
f 2178/2647/1929 2177/2645/595 2125/2648/1930 
f 2134/2644/1930 2175/2641/595 2132/2642/595 
f 2170/2632/1929 2148/2649/1931 2150/2635/1929 
f 2173/2637/1929 2139/2650/1930 2141/2638/1929 
f 2174/2639/1929 2130/2651/1931 2132/2642/595 
f 2176/2643/1929 2121/2652/1931 2123/2646/595 
f 2103/2653/1931 2105/2654/1929 2179/2655/1929 
f 2105/2654/1929 2107/2656/1932 2180/2657/1933 
f 2143/2640/1930 2172/2636/595 2141/2638/1929 
f 2181/2658/595 2116/2659/1930 2179/2655/1929 
f 2157/2633/1930 2148/2649/1931 2170/2632/1929 
f 2125/2648/1930 2177/2645/595 2123/2646/595 
f 2152/2660/1931 2139/2650/1930 2171/2634/595 
f 2152/2660/1931 2171/2634/595 2150/2635/1929 
f 2143/2640/1930 2130/2651/1931 2174/2639/1929 
f 2171/2634/595 2139/2650/1930 2173/2637/1929 
f 2157/2633/1930 2168/2630/595 2155/2627/595 
f 2134/2644/1930 2121/2652/1931 2176/2643/1929 
f 2181/2658/595 2178/2647/1929 2114/2661/595 
f 2125/2648/1930 2112/2662/1931 2178/2647/1929 
f 2114/2661/595 2116/2659/1930 2181/2658/595 
f 2116/2659/1930 2103/2653/1931 2179/2655/1929 
f 2179/2655/1929 2105/2654/1929 2180/2657/1933 
f 2182/2663/849 2115/2664/1934 2102/2665/849 
f 2125/2648/1930 2110/2666/1935 2112/2662/1931 
f 2134/2644/1930 2119/2667/1935 2121/2652/1931 
f 2139/2650/1930 2153/2668/1936 2137/2669/1935 
f 2130/2651/1931 2144/2670/1936 2128/2671/1935 
f 2148/2649/1931 2158/2672/1936 2146/2673/1935 
f 2114/2661/595 2178/2647/1929 2112/2662/1931 
f 2183/2674/261 2170/2675/261 2184/2676/261 
f 2185/2677/261 2173/2678/261 2186/2679/261 
f 2187/2680/261 2174/2681/261 2188/2682/261 
f 2189/2683/261 2176/2684/261 2190/2685/261 
f 2191/2686/261 2178/2687/261 2192/2688/261 
f 2193/2689/261 2179/2690/261 2194/2691/261 
f 2184/2676/261 2171/2692/261 2185/2677/261 
f 2186/2679/261 2172/2693/261 2187/2680/261 
f 2188/2682/261 2175/2694/261 2189/2683/261 
f 2190/2685/261 2177/2695/261 2191/2686/261 
f 2192/2688/261 2181/2696/261 2193/2689/261 
f 2194/2691/261 2180/2697/261 2195/2698/261 
f 2196/2699/1934 2197/2700/849 2163/2701/878 
f 2161/2702/1937 2163/2701/878 2198/2703/878 
f 2183/2704/1937 2161/2702/1937 2199/2705/878 
f 2184/2706/878 2156/2707/1934 2183/2704/1937 
f 2185/2708/1937 2149/2709/878 2184/2706/878 
f 2187/2710/1937 2140/2711/849 2186/2712/878 
f 2188/2713/878 2142/2714/1934 2187/2710/1937 
f 2189/2715/1937 2131/2716/1937 2188/2713/878 
f 2190/2717/878 2133/2718/1934 2189/2715/1937 
f 2191/2719/1937 2122/2720/1937 2190/2717/878 
f 2192/2721/878 2124/2722/1934 2191/2719/1937 
f 2133/2718/1934 2131/2716/1937 2189/2715/1937 
f 2184/2706/878 2149/2709/878 2147/2723/849 
f 2186/2712/878 2140/2711/849 2138/2724/849 
f 2188/2713/878 2131/2716/1937 2129/2725/878 
f 2190/2717/878 2122/2720/1937 2120/2726/878 
f 2109/2727/849 2200/2728/878 2201/2729/849 
f 2102/2665/849 2194/2730/878 2104/2731/878 
f 2104/2731/878 2195/2732/1937 2106/2733/1937 
f 2142/2714/1934 2140/2711/849 2187/2710/1937 
f 2193/2734/1937 2194/2730/878 2115/2664/1934 
f 2156/2707/1934 2184/2706/878 2147/2723/849 
f 2124/2722/1934 2122/2720/1937 2191/2719/1937 
f 2151/2735/1937 2185/2708/1937 2138/2724/849 
f 2151/2735/1937 2149/2709/878 2185/2708/1937 
f 2142/2714/1934 2188/2713/878 2129/2725/878 
f 2185/2708/1937 2186/2712/878 2138/2724/849 
f 2156/2707/1934 2161/2702/1937 2183/2704/1937 
f 2133/2718/1934 2190/2717/878 2120/2726/878 
f 2193/2734/1937 2113/2736/1937 2192/2721/878 
f 2124/2722/1934 2192/2721/878 2111/2737/878 
f 2113/2736/1937 2193/2734/1937 2115/2664/1934 
f 2115/2664/1934 2194/2730/878 2102/2665/849 
f 2194/2730/878 2195/2732/1937 2104/2731/878 
f 2202/2738/849 2124/2722/1934 2111/2737/878 
f 2203/2739/849 2133/2718/1934 2120/2726/878 
f 2138/2724/849 2154/2740/878 2151/2735/1937 
f 2129/2725/878 2145/2741/849 2142/2714/1934 
f 2159/2742/849 2147/2723/849 2204/2743/849 
f 2197/2700/849 2198/2703/878 2163/2701/878 
f 2113/2736/1937 2111/2737/878 2192/2721/878 
f 2195/2732/1937 2200/2728/878 2106/2733/1937 
f 2116/2659/1930 2101/2744/1935 2103/2653/1931 
f 2205/2745/1938 2206/2746/1939 2207/2747/1940 
f 2208/2748/1941 2209/2749/1940 2210/2750/1938 
f 2211/2751/1941 2212/2752/1940 2213/2753/1938 
f 2214/2754/1941 2215/2755/1940 2216/2756/1938 
f 2217/2757/1941 2218/2758/1940 2219/2759/1938 
f 2165/2760/1938 2220/2761/1939 2221/2762/1940 
f 2222/2763/1942 2223/2764/1943 2224/2765/1942 
f 2225/2766/1944 2219/2767/1945 2226/2768/1946 
f 2227/2769/1947 2221/2770/1948 2220/2771/1947 
f 2228/2772/1944 2216/2773/1946 2229/2774/1946 
f 2230/2775/1947 2218/2776/1949 2231/2777/1947 
f 2232/2778/1944 2213/2779/1950 2233/2780/1946 
f 2234/2781/1947 2215/2782/1951 2235/2783/1947 
f 2236/2784/1944 2210/2785/1950 2237/2786/1946 
f 2238/2787/1952 2212/2788/1951 2239/2789/1947 
f 2240/2790/1944 2205/2791/1950 2241/2792/1946 
f 2242/2793/1947 2209/2794/1949 2243/2795/1947 
f 2244/2796/1952 2207/2797/1951 2206/2798/1947 
f 2245/2799/1953 2246/2800/1954 2247/2801/1954 
f 2241/2802/849 2244/2803/849 2240/2804/849 
f 2237/2805/878 2242/2806/849 2236/2807/849 
f 2233/2808/878 2238/2809/849 2232/2810/849 
f 2229/2811/878 2234/2812/849 2228/2813/878 
f 2226/2814/849 2230/2815/849 2225/2816/849 
f 2166/2817/849 2227/2818/878 2164/2819/849 
f 2248/2820/878 2249/2821/849 2250/2822/849 
f 2251/2823/1944 2182/2824/1909 2101/2561/1909 
f 2252/2825/1934 2247/2826/849 2253/2827/849 
f 2101/2744/1935 2220/2761/1939 2251/2828/1941 
f 2224/2765/1942 2109/2569/1915 2222/2763/1942 
f 2217/2829/1944 2202/2830/1916 2110/2570/1916 
f 2126/2831/1936 2217/2757/1941 2110/2666/1935 
f 2220/2771/1947 2118/2578/1918 2227/2769/1947 
f 2214/2832/1944 2203/2833/1916 2119/2579/1916 
f 2135/2834/1936 2214/2754/1941 2119/2667/1935 
f 2231/2777/1947 2127/2587/1918 2230/2775/1947 
f 2211/2835/1944 2254/2836/1909 2128/2588/1916 
f 2144/2670/1936 2211/2751/1941 2128/2671/1935 
f 2235/2783/1947 2136/2596/1918 2234/2781/1947 
f 2208/2837/1944 2255/2838/1916 2137/2597/1909 
f 2137/2669/1935 2243/2839/1939 2208/2748/1941 
f 2239/2789/1947 2145/2605/1918 2238/2787/1952 
f 2256/2840/1944 2204/2841/1916 2146/2606/1916 
f 2158/2672/1936 2256/2842/1941 2146/2673/1935 
f 2243/2795/1947 2154/2614/1918 2242/2793/1947 
f 2206/2798/1947 2159/2619/1918 2244/2796/1952 
f 2257/2843/1953 2196/2844/1955 2162/2622/1922 
f 2227/2818/878 2182/2663/849 2164/2819/849 
f 2258/2845/849 2259/2846/878 2166/2817/849 
f 2109/2727/849 2249/2821/849 2222/2847/849 
f 2260/2848/878 2250/2822/849 2261/2849/878 
f 2262/2850/849 2263/2851/849 2264/2852/849 
f 2127/2853/849 2225/2816/849 2230/2815/849 
f 2265/2854/849 2266/2855/849 2267/2856/849 
f 2228/2813/878 2136/2857/849 2203/2739/849 
f 2268/2858/849 2269/2859/878 2270/2860/849 
f 2145/2741/849 2232/2810/849 2238/2809/849 
f 2271/2861/878 2237/2805/878 2272/2862/878 
f 2154/2740/878 2236/2807/849 2242/2806/849 
f 2273/2863/849 2274/2864/849 2275/2865/849 
f 2159/2742/849 2240/2804/849 2244/2803/849 
f 2252/2825/1934 2196/2699/1934 2245/2866/1934 
f 2276/2867/878 2253/2827/849 2247/2826/849 
f 2277/2868/1956 2278/2869/1957 2279/2870/1958 
f 2280/2871/1959 2281/2872/1960 2278/2869/1957 
f 2282/2873/1961 2283/2874/1962 2284/2875/1963 
f 2285/2876/1964 2286/2877/1965 2282/2873/1961 
f 2287/2878/1966 2277/2868/1956 2288/2879/1967 
f 2287/2878/1966 2289/2880/1968 2280/2871/1959 
f 2290/2881/1969 2284/2875/1963 2291/2882/1970 
f 2290/2881/1969 2285/2876/1964 2282/2873/1961 
f 2292/2883/1971 2293/2884/1972 2294/2885/1973 
f 2292/2883/1971 2295/2886/1974 2296/2887/1975 
f 2297/2888/1976 2298/2889/1977 2299/2890/1978 
f 2300/2891/1979 2298/2889/1977 2301/2892/1980 
f 2302/2893/1981 2296/2887/1975 2295/2886/1974 
f 2288/2879/1967 2296/2887/1975 2287/2878/1966 
f 2301/2892/1980 2291/2882/1970 2300/2891/1979 
f 2301/2892/1980 2303/2894/1982 2290/2881/1969 
f 2277/2868/1956 2180/2657/1933 2107/2656/1932 
f 2279/2895/372 2278/2896/1983 2281/2897/372 
f 2289/2898/1984 2304/2899/1985 2281/2900/1985 
f 2284/2875/1963 2305/2901/109 2197/2902/1986 
f 2167/2628/1927 2285/2876/1964 2160/2629/1928 
f 2306/2903/372 2167/2904/261 2198/2905/261 
f 2201/2906/1987 2295/2907/1988 2249/2908/1989 
f 2277/2868/1956 2108/2909/1990 2288/2879/1967 
f 2200/2910/1984 2302/2911/1991 2201/2906/1987 
f 2288/2879/1967 2224/2912/1992 2293/2884/1972 
f 2300/2891/1979 2307/2913/1993 2252/2914/1994 
f 2197/2902/1986 2291/2882/1970 2284/2875/1963 
f 2303/2894/1982 2257/2915/1995 2162/2916/1996 
f 2285/2876/1964 2162/2916/1996 2160/2629/1928 
f 2223/2917/1997 2293/2884/1972 2224/2912/1992 
f 2308/2918/1998 2249/2908/1989 2295/2907/1988 
f 2252/2914/1994 2309/2919/1999 2300/2891/1979 
f 2246/2920/2000 2297/2888/1976 2299/2890/1978 
f 2310/2921/2001 2311/2922/2002 2312/2923/2002 
f 2310/2921/2001 2313/2924/2003 2314/2925/2001 
f 2315/2926/2004 2316/2927/2005 2313/2924/2003 
f 2317/2928/2006 2318/2929/2002 2319/2930/2002 
f 2320/2931/2004 2321/2932/2001 2317/2928/2006 
f 2322/2933/2007 2323/2934/2008 2320/2931/2004 
f 2324/2935/2001 2325/2936/2002 2326/2937/2002 
f 2327/2938/2004 2328/2939/2001 2324/2935/2001 
f 2327/2938/2004 2329/2940/2005 2330/2941/2003 
f 2331/2942/2006 2332/2943/2002 2333/2944/2002 
f 2331/2942/2006 2334/2945/2003 2335/2946/2001 
f 2336/2947/2007 2334/2945/2003 2337/2948/2004 
f 2338/2949/2006 2339/2950/2002 2340/2951/2002 
f 2338/2949/2006 2341/2952/2003 2342/2953/2006 
f 2343/2954/2009 2341/2952/2003 2344/2955/2004 
f 2345/2956/2006 2346/2957/2002 2347/2958/2002 
f 2348/2959/2004 2349/2960/2001 2345/2956/2006 
f 2350/2961/2007 2351/2962/2003 2348/2959/2004 
f 2352/2963/2010 2353/2964/2011 2354/2965/2012 
f 2355/2966/2013 2356/2967/2014 2352/2963/2010 
f 2357/2968/2015 2358/2969/2016 2355/2966/2013 
f 2353/2964/2011 2359/2970/2017 2360/2971/2018 
f 2356/2967/2014 2361/2972/2019 2359/2970/2017 
f 2358/2969/2016 2362/2973/2020 2361/2972/2019 
f 2363/2974/2021 2364/2975/2022 2365/2976/2023 
f 2366/2977/2024 2367/2978/2025 2364/2975/2022 
f 2368/2979/2026 2369/2980/2027 2367/2978/2025 
f 2370/2981/2028 2366/2977/2024 2363/2974/2021 
f 2371/2982/2029 2368/2979/2026 2366/2977/2024 
f 2372/2983/2030 2368/2979/2026 2373/2984/2031 
f 2360/2971/2018 2374/2985/2032 2375/2986/2033 
f 2359/2970/2017 2376/2987/2034 2374/2985/2032 
f 2361/2972/2019 2377/2988/2035 2376/2987/2034 
f 2378/2989/2036 2370/2981/2028 2379/2990/2037 
f 2380/2991/2038 2371/2982/2029 2378/2989/2036 
f 2381/2992/2039 2373/2984/2031 2380/2991/2038 
f 2221/2762/1940 2382/2993/2009 2165/2760/1938 
f 2311/2994/111 2258/2995/111 2312/2996/111 
f 2312/2997/2040 2258/2998/2040 2166/2626/1926 
f 2354/2999/111 2360/3000/111 2260/3001/111 
f 2248/3002/2041 2260/3003/2042 2375/3004/2042 
f 2377/2988/2035 2294/2885/1973 2223/2917/1997 
f 2218/2758/1940 2322/2933/2007 2219/2759/1938 
f 2318/3005/111 2263/3006/111 2319/3007/111 
f 2319/3008/2043 2263/3009/2040 2226/2768/1946 
f 2259/3010/1949 2383/3011/2042 2311/3012/2044 
f 2215/2755/1940 2384/3013/2007 2216/2756/1938 
f 2325/3014/111 2266/3015/111 2326/3016/111 
f 2326/3017/2040 2266/3018/2040 2229/2774/1946 
f 2262/3019/1949 2264/3020/2042 2318/3021/2042 
f 2212/2752/1940 2336/2947/2007 2213/2753/1938 
f 2332/3022/111 2269/3023/111 2333/3024/111 
f 2333/3025/2040 2269/3026/2040 2233/2780/1946 
f 2265/3027/1951 2267/3028/2042 2325/3029/2042 
f 2209/2749/1940 2350/2961/2007 2210/2750/1938 
f 2346/3030/111 2272/3031/111 2347/3032/111 
f 2347/3033/2040 2272/3034/2040 2237/2786/1946 
f 2268/3035/1949 2270/3036/2042 2332/3037/2042 
f 2205/2745/1938 2385/3038/2005 2343/2954/2009 
f 2339/3039/111 2274/3040/111 2340/3041/111 
f 2340/3042/2040 2274/3043/2040 2241/2792/1946 
f 2386/3044/1949 2271/3045/2042 2346/3046/2044 
f 2273/3047/1949 2275/3048/2042 2339/3049/2042 
f 2370/3050/439 2363/3051/111 2365/3052/111 
f 2379/3053/2040 2276/3054/2040 2247/2801/1954 
f 2299/2890/1978 2381/2992/2039 2246/2920/2000 
f 2294/2885/1973 2387/3055/2045 2292/2883/1971 
f 2355/3056/2046 2352/3057/2046 2308/2918/1998 
f 2308/3058/2047 2387/3055/2045 2357/2968/2015 
f 2388/3059/2048 2309/2919/1999 2369/2980/2027 
f 2364/2975/2022 2367/2978/2025 2309/2919/1999 
f 2388/3059/2048 2299/2890/1978 2298/2889/1977 
f 2198/2905/261 2169/3060/261 2199/3061/261 
f 2169/2631/595 2167/2628/1927 2155/2627/595 
f 2161/2702/1937 2198/2703/878 2199/2705/878 
f 2199/3061/261 2168/3062/261 2183/2674/261 
f 2389/3063/2049 2390/3064/1916 2391/3065/2050 
f 2392/3066/439 2391/3065/2050 2393/3067/111 
f 2394/3068/2051 2393/3067/111 2395/3069/2051 
f 2396/3070/2052 2394/3068/2051 2395/3069/2051 
f 2397/3071/2053 2398/3072/1909 2399/3073/2050 
f 2400/3074/439 2399/3073/2050 2401/3075/111 
f 2402/3076/2051 2401/3075/111 2403/3077/2051 
f 2404/3078/1918 2402/3076/2051 2403/3077/2051 
f 2405/3079/2049 2406/3080/1909 2407/3081/2050 
f 2408/3082/439 2407/3081/2050 2409/3083/111 
f 2410/3084/2051 2409/3083/111 2411/3085/2051 
f 2412/3086/2054 2410/3084/2051 2411/3085/2051 
f 2413/3087/2049 2414/3088/1916 2415/3089/2050 
f 2416/3090/439 2415/3089/2050 2417/3091/111 
f 2418/3092/2055 2417/3091/111 2419/3093/2051 
f 2420/3094/2054 2418/3092/2055 2419/3093/2051 
f 2421/3095/2053 2422/3096/1909 2423/3097/2050 
f 2424/3098/439 2423/3097/2050 2425/3099/111 
f 2426/3100/2055 2425/3099/111 2427/3101/2051 
f 2428/3102/2054 2426/3100/2055 2427/3101/2051 
f 2429/3103/2053 2430/3104/1909 2431/3105/2053 
f 2432/3106/439 2431/3105/2053 2433/3107/111 
f 2434/3108/2055 2433/3107/111 2435/3109/2051 
f 2436/3110/2054 2434/3108/2055 2435/3109/2051 
f 2437/3111/2055 2438/3112/111 2439/3113/2051 
f 2440/3114/2054 2437/3111/2055 2439/3113/2051 
f 2441/3115/439 2442/3116/2049 2438/3112/111 
f 2443/3117/2056 2444/3118/2057 2442/3116/2049 
f 2445/3119/2058 2446/3120/2059 2447/3121/2060 
f 2438/3122/1937 2442/3123/2061 2448/3124/2062 
f 2449/3125/1937 2438/3122/1937 2450/3126/878 
f 2451/3127/878 2439/3128/2063 2449/3125/1937 
f 2452/3129/1937 2433/3130/849 2451/3127/878 
f 2453/3131/1937 2425/3132/878 2454/3133/878 
f 2455/3134/878 2427/3135/2063 2453/3131/1937 
f 2456/3136/1937 2417/3137/1937 2455/3134/878 
f 2457/3138/878 2419/3139/2063 2456/3136/1937 
f 2458/3140/1937 2409/3141/1937 2457/3138/878 
f 2459/3142/878 2411/3143/2063 2458/3140/1937 
f 2419/3139/2063 2417/3137/1937 2456/3136/1937 
f 2451/3127/878 2433/3130/849 2431/3144/2064 
f 2454/3133/878 2425/3132/878 2423/3145/2063 
f 2455/3134/878 2417/3137/1937 2415/3146/2064 
f 2457/3138/878 2409/3141/1937 2407/3147/2064 
f 2391/3148/2064 2460/3149/878 2393/3150/849 
f 2393/3150/849 2461/3151/2065 2395/3152/2066 
f 2427/3135/2063 2425/3132/878 2453/3131/1937 
f 2462/3153/1937 2460/3149/878 2403/3154/2063 
f 2439/3128/2063 2451/3127/878 2431/3144/2064 
f 2411/3143/2063 2409/3141/1937 2458/3140/1937 
f 2435/3155/2064 2452/3129/1937 2423/3145/2063 
f 2435/3155/2064 2433/3130/849 2452/3129/1937 
f 2427/3135/2063 2455/3134/878 2415/3146/2064 
f 2452/3129/1937 2454/3133/878 2423/3145/2063 
f 2439/3128/2063 2438/3122/1937 2449/3125/1937 
f 2419/3139/2063 2457/3138/878 2407/3147/2064 
f 2462/3153/1937 2401/3156/1937 2459/3142/878 
f 2411/3143/2063 2459/3142/878 2399/3157/2064 
f 2401/3156/1937 2462/3153/1937 2403/3154/2063 
f 2403/3154/2063 2460/3149/878 2391/3148/2064 
f 2460/3149/878 2461/3151/2065 2393/3150/849 
f 2402/3158/1929 2463/3159/619 2389/3160/595 
f 2398/3161/2067 2411/3143/2063 2399/3157/2064 
f 2406/3162/2067 2419/3139/2063 2407/3147/2064 
f 2436/3163/2068 2423/3145/2063 2422/3164/2067 
f 2428/3165/2068 2415/3146/2064 2414/3166/2067 
f 2431/3144/2064 2440/3167/2068 2439/3128/2063 
f 2401/3156/1937 2399/3157/2064 2459/3142/878 
f 2451/3168/261 2464/3169/261 2465/3170/261 
f 2454/3171/261 2466/3172/261 2467/3173/261 
f 2455/3174/261 2468/3175/261 2469/3176/261 
f 2457/3177/261 2470/3178/261 2471/3179/261 
f 2459/3180/261 2472/3181/261 2473/3182/261 
f 2460/3183/261 2474/3184/261 2475/3185/261 
f 2452/3186/261 2465/3170/261 2466/3172/261 
f 2453/3187/261 2467/3173/261 2468/3175/261 
f 2456/3188/261 2469/3176/261 2470/3178/261 
f 2458/3189/261 2471/3179/261 2472/3181/261 
f 2462/3190/261 2473/3182/261 2474/3184/261 
f 2461/3191/261 2475/3185/261 2476/3192/261 
f 2477/3193/619 2478/3194/2069 2479/3195/1929 
f 2441/3196/1929 2480/3197/595 2443/3198/595 
f 2464/3199/1929 2481/3200/595 2441/3196/1929 
f 2465/3201/595 2464/3199/1929 2437/3202/1929 
f 2466/3203/1929 2465/3201/595 2432/3204/595 
f 2468/3205/1929 2467/3206/595 2424/3207/595 
f 2469/3208/595 2468/3205/1929 2426/3209/1929 
f 2470/3210/1929 2469/3208/595 2416/3211/1929 
f 2471/3212/595 2470/3210/1929 2418/3213/1929 
f 2472/3214/1929 2471/3212/595 2408/3215/1929 
f 2473/3216/595 2472/3214/1929 2410/3217/1929 
f 2418/3213/1929 2470/3210/1929 2416/3211/1929 
f 2465/3201/595 2429/3218/595 2432/3204/595 
f 2467/3206/595 2421/3219/595 2424/3207/595 
f 2469/3208/595 2413/3220/595 2416/3211/1929 
f 2471/3212/595 2405/3221/595 2408/3215/1929 
f 2482/3222/2069 2483/3223/1929 2394/3224/1929 
f 2389/3160/595 2392/3225/595 2475/3226/595 
f 2392/3225/595 2394/3224/1929 2476/3227/1929 
f 2426/3209/1929 2468/3205/1929 2424/3207/595 
f 2474/3228/1929 2402/3158/1929 2475/3226/595 
f 2437/3202/1929 2429/3218/595 2465/3201/595 
f 2410/3217/1929 2472/3214/1929 2408/3215/1929 
f 2434/3229/1929 2421/3219/595 2466/3203/1929 
f 2434/3229/1929 2466/3203/1929 2432/3204/595 
f 2426/3209/1929 2413/3220/595 2469/3208/595 
f 2466/3203/1929 2421/3219/595 2467/3206/595 
f 2437/3202/1929 2464/3199/1929 2441/3196/1929 
f 2418/3213/1929 2405/3221/595 2471/3212/595 
f 2474/3228/1929 2473/3216/595 2400/3230/1929 
f 2410/3217/1929 2397/3231/595 2473/3216/595 
f 2400/3230/1929 2402/3158/1929 2474/3228/1929 
f 2402/3158/1929 2389/3160/595 2475/3226/595 
f 2475/3226/595 2392/3225/595 2476/3227/1929 
f 2410/3217/1929 2484/3232/595 2397/3231/595 
f 2418/3213/1929 2485/3233/619 2405/3221/595 
f 2486/3234/619 2421/3219/595 2434/3229/1929 
f 2487/3235/619 2413/3220/595 2426/3209/1929 
f 2488/3236/619 2429/3218/595 2437/3202/1929 
f 2478/3194/2069 2480/3197/595 2489/3237/595 
f 2400/3230/1929 2473/3216/595 2397/3231/595 
f 2483/3223/1929 2476/3227/1929 2394/3224/1929 
f 2390/3238/2067 2403/3154/2063 2391/3148/2064 
f 2490/3239/2070 2491/3240/2071 2492/3241/2072 
f 2493/3242/2073 2494/3243/2072 2495/3244/2070 
f 2496/3245/2073 2497/3246/2072 2498/3247/2070 
f 2499/3248/2073 2500/3249/2072 2501/3250/2070 
f 2502/3251/2073 2503/3252/2072 2504/3253/2070 
f 2445/3254/2070 2505/3255/2071 2506/3256/2072 
f 2507/3257/2074 2508/3258/2075 2509/3259/2075 
f 2504/3260/2076 2510/3261/2077 2511/3262/2060 
f 2512/3263/2078 2513/3264/2079 2514/3265/2080 
f 2501/3266/2081 2515/3267/2077 2516/3268/2060 
f 2517/3269/2078 2502/3270/2082 2518/3271/2080 
f 2498/3272/2083 2519/3273/2077 2520/3274/2060 
f 2521/3275/2078 2499/3276/2084 2522/3277/2084 
f 2495/3278/2060 2523/3279/2077 2524/3280/2060 
f 2525/3281/2078 2496/3282/2084 2526/3283/2080 
f 2490/3284/2083 2527/3285/2077 2528/3286/2060 
f 2529/3287/2078 2493/3288/2080 2530/3289/2080 
f 2531/3290/2078 2532/3291/2084 2533/3292/2080 
f 2534/3293/2085 2535/3294/2086 2536/3295/2087 
f 2531/3296/619 2528/3297/619 2527/3298/619 
f 2529/3299/619 2524/3300/595 2523/3301/619 
f 2525/3302/619 2520/3303/619 2519/3304/619 
f 2521/3305/619 2516/3306/619 2515/3307/619 
f 2517/3308/619 2511/3309/619 2510/3310/619 
f 2512/3311/595 2447/3312/619 2446/3313/619 
f 2509/3314/595 2537/3315/2069 2507/3316/2069 
f 2463/3317/2088 2506/3318/2077 2390/3064/1916 
f 2536/3319/619 2538/3320/595 2539/3321/595 
f 2390/3238/2067 2505/3255/2071 2404/3322/2068 
f 2540/3323/2089 2482/3324/1915 2396/3070/2052 
f 2484/3325/2088 2503/3326/2077 2398/3072/1909 
f 2503/3252/2072 2412/3327/2068 2398/3161/2067 
f 2505/3328/2078 2541/3329/2090 2404/3078/1918 
f 2485/3330/2088 2500/3331/2077 2406/3080/1909 
f 2500/3249/2072 2420/3332/2068 2406/3162/2067 
f 2542/3333/2078 2543/3334/2090 2412/3086/2054 
f 2544/3335/2088 2497/3336/2077 2414/3088/1916 
f 2497/3246/2072 2428/3165/2068 2414/3166/2067 
f 2545/3337/2078 2546/3338/2090 2420/3094/2054 
f 2547/3339/2088 2494/3340/2077 2422/3096/1909 
f 2548/3341/2071 2422/3164/2067 2494/3243/2072 
f 2549/3342/2078 2487/3343/2090 2428/3102/2054 
f 2550/3344/2088 2492/3345/2077 2430/3104/1909 
f 2492/3241/2072 2440/3167/2068 2430/3346/2067 
f 2548/3347/2091 2486/3348/2092 2436/3110/2054 
f 2491/3349/2078 2488/3350/2090 2440/3114/2054 
f 2477/3351/1922 2551/3352/2086 2444/3118/2057 
f 2512/3311/595 2463/3159/619 2541/3353/595 
f 2514/3354/595 2552/3355/595 2447/3312/619 
f 2537/3315/2069 2482/3222/2069 2507/3316/2069 
f 2553/3356/619 2554/3357/619 2555/3358/619 
f 2556/3359/595 2518/3360/595 2557/3361/595 
f 2510/3310/619 2543/3362/619 2517/3308/619 
f 2558/3363/619 2522/3364/595 2559/3365/595 
f 2546/3366/619 2515/3307/619 2485/3233/619 
f 2560/3367/619 2526/3368/595 2561/3369/595 
f 2519/3304/619 2487/3235/619 2525/3302/619 
f 2562/3370/619 2524/3300/595 2530/3371/619 
f 2486/3234/619 2523/3301/619 2547/3372/595 
f 2563/3373/619 2533/3374/595 2564/3375/595 
f 2527/3298/619 2488/3236/619 2531/3296/619 
f 2538/3320/595 2477/3193/619 2479/3195/1929 
f 2539/3321/595 2565/3376/595 2536/3319/619 
f 2566/3377/2093 2567/3378/2094 2568/3379/2095 
f 2568/3379/2095 2569/3380/2096 2570/3381/2097 
f 2571/3382/2098 2572/3383/2099 2573/3384/2100 
f 2574/3385/2101 2575/3386/2102 2572/3383/2099 
f 2566/3377/2093 2576/3387/2103 2577/3388/2104 
f 2576/3387/2103 2570/3381/2097 2578/3389/2105 
f 2573/3384/2100 2579/3390/2106 2580/3391/2107 
f 2579/3390/2106 2575/3386/2102 2581/3392/2108 
f 2582/3393/2109 2583/3394/2110 2584/3395/2111 
f 2583/3394/2110 2585/3396/2112 2586/3397/2113 
f 2587/3398/2114 2588/3399/2115 2589/3400/2116 
f 2588/3399/2115 2590/3401/2117 2589/3400/2116 
f 2578/3389/2105 2591/3402/2118 2576/3387/2103 
f 2591/3402/2118 2577/3388/2104 2576/3387/2103 
f 2580/3391/2107 2589/3400/2116 2590/3401/2117 
f 2589/3400/2116 2581/3392/2108 2587/3398/2114 
f 2566/3377/2093 2461/3151/2065 2592/3403/2119 
f 2592/3404/372 2461/3191/261 2476/3192/261 
f 2593/3405/1985 2570/3406/2120 2569/3407/1985 
f 2489/3408/109 2573/3384/2100 2478/3409/2121 
f 2448/3124/2062 2575/3386/2102 2594/3410/2122 
f 2594/3411/372 2574/3412/1983 2571/3413/372 
f 2595/3414/2123 2585/3415/2124 2578/3416/2125 
f 2396/3417/2126 2566/3377/2093 2577/3388/2104 
f 2578/3416/2125 2483/3418/2120 2595/3414/2123 
f 2540/3419/2127 2577/3388/2104 2582/3393/2109 
f 2479/3420/2128 2590/3401/2117 2538/3421/2129 
f 2478/3409/2121 2580/3391/2107 2479/3420/2128 
f 2581/3392/2108 2551/3422/2130 2587/3398/2114 
f 2575/3386/2102 2444/3423/2131 2581/3392/2108 
f 2582/3393/2109 2508/3424/2132 2540/3419/2127 
f 2537/3425/2124 2586/3426/2133 2585/3415/2124 
f 2538/3421/2129 2596/3427/2134 2539/3428/2135 
f 2534/3429/2136 2587/3398/2114 2551/3422/2130 
f 2597/3430/2137 2598/3431/2138 2599/3432/2137 
f 2598/3431/2138 2600/3433/2139 2601/3434/2140 
f 2601/3434/2140 2602/3435/2141 2603/3436/2142 
f 2604/3437/2137 2605/3438/2143 2606/3439/2137 
f 2607/3440/2143 2608/3441/2140 2605/3438/2143 
f 2609/3442/2144 2610/3443/2145 2608/3441/2140 
f 2611/3444/2137 2612/3445/2143 2613/3446/2137 
f 2614/3447/2138 2615/3448/2140 2612/3445/2143 
f 2615/3448/2140 2616/3449/2141 2617/3450/2142 
f 2618/3451/2137 2619/3452/2146 2620/3453/2137 
f 2619/3452/2146 2621/3454/2139 2622/3455/2140 
f 2621/3454/2139 2623/3456/2145 2622/3455/2140 
f 2624/3457/2137 2625/3458/2143 2626/3459/2137 
f 2625/3458/2143 2627/3460/2139 2628/3461/2140 
f 2627/3460/2139 2629/3462/2142 2628/3461/2140 
f 2630/3463/2137 2631/3464/2143 2632/3465/2137 
f 2633/3466/2147 2634/3467/2140 2631/3464/2143 
f 2635/3468/2144 2636/3469/2142 2634/3467/2140 
f 2637/3470/2148 2638/3471/2149 2639/3472/2150 
f 2640/3473/2151 2641/3474/2152 2638/3471/2149 
f 2642/3475/2153 2643/3476/2154 2641/3474/2152 
f 2637/3470/2148 2644/3477/2155 2640/3473/2151 
f 2640/3473/2151 2645/3478/2156 2642/3475/2153 
f 2642/3475/2153 2646/3479/2157 2647/3480/2158 
f 2648/3481/2159 2649/3482/2160 2650/3483/2161 
f 2650/3483/2161 2651/3484/2162 2652/3485/2163 
f 2652/3485/2163 2653/3486/2164 2654/3487/2165 
f 2655/3488/2166 2650/3483/2161 2656/3489/2167 
f 2656/3489/2167 2652/3485/2163 2657/3490/2168 
f 2652/3485/2163 2658/3491/2169 2657/3490/2168 
f 2659/3492/2170 2660/3493/2171 2644/3477/2155 
f 2644/3477/2155 2661/3494/2172 2645/3478/2156 
f 2645/3478/2156 2662/3495/2173 2646/3479/2157 
f 2655/3488/2166 2663/3496/2174 2664/3497/2175 
f 2656/3489/2167 2665/3498/2176 2663/3496/2174 
f 2657/3490/2168 2666/3499/2177 2665/3498/2176 
f 2603/3436/2142 2513/3500/2073 2445/3254/2070 
f 2552/3501/111 2597/3502/111 2599/3503/111 
f 2601/3504/2040 2603/3505/2040 2599/3506/2040 
f 2554/3507/111 2659/3508/111 2639/3509/111 
f 2509/3259/2075 2508/3258/2075 2667/3510/2044 
f 2584/3395/2111 2662/3495/2173 2508/3424/2132 
f 2610/3443/2145 2502/3251/2073 2504/3253/2070 
f 2556/3511/111 2604/3512/111 2606/3513/111 
f 2608/3514/2043 2610/3515/2040 2606/3516/2040 
f 2514/3265/2080 2513/3264/2079 2597/3517/2044 
f 2617/3450/2142 2499/3248/2073 2501/3250/2070 
f 2558/3518/111 2611/3519/111 2613/3520/111 
f 2615/3521/2043 2617/3522/2040 2613/3523/2043 
f 2518/3271/2080 2502/3270/2082 2604/3524/2044 
f 2623/3456/2145 2496/3245/2073 2498/3247/2070 
f 2560/3525/111 2618/3526/111 2620/3527/111 
f 2622/3528/2043 2623/3529/2040 2620/3530/2043 
f 2522/3277/2084 2499/3276/2084 2611/3531/2044 
f 2636/3469/2142 2493/3242/2073 2495/3244/2070 
f 2668/3532/111 2630/3533/111 2632/3534/111 
f 2634/3535/2043 2636/3536/2043 2632/3537/2043 
f 2526/3283/2080 2496/3282/2084 2618/3538/2044 
f 2490/3239/2070 2669/3539/2141 2532/3540/2073 
f 2563/3541/111 2624/3542/111 2626/3543/111 
f 2628/3544/2040 2629/3545/2043 2626/3546/2043 
f 2530/3289/2080 2493/3288/2080 2630/3547/2042 
f 2533/3292/2080 2532/3291/2084 2624/3548/2044 
f 2655/3549/439 2664/3550/439 2565/3551/439 
f 2665/3552/2043 2666/3553/2043 2664/3554/2043 
f 2670/3555/2178 2666/3499/2177 2658/3491/2169 
f 2647/3480/2158 2584/3395/2111 2583/3394/2110 
f 2641/3556/2179 2643/3557/2180 2586/3426/2133 
f 2586/3397/2113 2647/3480/2158 2583/3394/2110 
f 2596/3427/2134 2654/3487/2165 2653/3486/2164 
f 2539/3428/2135 2596/3427/2134 2649/3482/2160 
f 2654/3487/2165 2670/3555/2178 2658/3491/2169 
f 2480/3558/261 2450/3559/261 2448/3560/261 
f 2450/3126/878 2438/3122/1937 2448/3124/2062 
f 2441/3196/1929 2481/3200/595 2480/3197/595 
f 2449/3561/261 2481/3562/261 2464/3169/261 
f 2101/2561/1909 2182/2824/1909 2102/2562/1910 
f 2103/2563/1911 2102/2562/1910 2104/2564/373 
f 2105/2565/237 2104/2564/373 2106/2566/1912 
f 2108/2568/1914 2107/2567/1913 2106/2566/1912 
f 2110/2570/1916 2202/2830/1916 2111/2571/1911 
f 2112/2572/1911 2111/2571/1911 2113/2573/373 
f 2114/2574/237 2113/2573/373 2115/2575/1917 
f 2117/2577/1918 2116/2576/1913 2115/2575/1917 
f 2119/2579/1916 2203/2833/1916 2120/2580/1911 
f 2121/2581/1911 2120/2580/1911 2122/2582/373 
f 2123/2583/237 2122/2582/373 2124/2584/1917 
f 2126/2586/1918 2125/2585/1913 2124/2584/1917 
f 2128/2588/1916 2254/2836/1909 2129/2589/1910 
f 2130/2590/1911 2129/2589/1910 2131/2591/373 
f 2132/2592/237 2131/2591/373 2133/2593/1919 
f 2135/2595/1918 2134/2594/1913 2133/2593/1919 
f 2137/2597/1909 2255/2838/1916 2138/2598/1920 
f 2139/2599/1910 2138/2598/1920 2140/2600/373 
f 2141/2601/237 2140/2600/373 2142/2602/1917 
f 2144/2604/1918 2143/2603/1913 2142/2602/1917 
f 2146/2606/1916 2204/2841/1916 2147/2607/1921 
f 2148/2608/1911 2147/2607/1921 2149/2609/373 
f 2150/2610/237 2149/2609/373 2151/2611/1917 
f 2153/2613/1918 2152/2612/1913 2151/2611/1917 
f 2155/2615/237 2161/2621/373 2156/2616/1919 
f 2158/2618/1918 2157/2617/1913 2156/2616/1919 
f 2160/2620/1910 2163/2623/1923 2161/2621/373 
f 2162/2622/1922 2196/2844/1955 2163/2623/1923 
f 2164/2624/1924 2251/2823/1944 2165/2625/1925 
f 2182/2663/849 2118/3563/849 2115/2664/1934 
f 2125/2648/1930 2126/2831/1936 2110/2666/1935 
f 2134/2644/1930 2135/2834/1936 2119/2667/1935 
f 2139/2650/1930 2152/2660/1931 2153/2668/1936 
f 2130/2651/1931 2143/2640/1930 2144/2670/1936 
f 2148/2649/1931 2157/2633/1930 2158/2672/1936 
f 2183/2674/261 2168/3062/261 2170/2675/261 
f 2185/2677/261 2171/2692/261 2173/2678/261 
f 2187/2680/261 2172/2693/261 2174/2681/261 
f 2189/2683/261 2175/2694/261 2176/2684/261 
f 2191/2686/261 2177/2695/261 2178/2687/261 
f 2193/2689/261 2181/2696/261 2179/2690/261 
f 2184/2676/261 2170/2675/261 2171/2692/261 
f 2186/2679/261 2173/2678/261 2172/2693/261 
f 2188/2682/261 2174/2681/261 2175/2694/261 
f 2190/2685/261 2176/2684/261 2177/2695/261 
f 2192/2688/261 2178/2687/261 2181/2696/261 
f 2194/2691/261 2179/2690/261 2180/2697/261 
f 2196/2699/1934 2307/3564/849 2197/2700/849 
f 2109/2727/849 2106/2733/1937 2200/2728/878 
f 2202/2738/849 2127/2853/849 2124/2722/1934 
f 2203/2739/849 2136/2857/849 2133/2718/1934 
f 2138/2724/849 2255/3565/849 2154/2740/878 
f 2129/2725/878 2254/3566/849 2145/2741/849 
f 2159/2742/849 2156/2707/1934 2147/2723/849 
f 2197/2700/849 2305/3567/878 2198/2703/878 
f 2195/2732/1937 2304/3568/878 2200/2728/878 
f 2116/2659/1930 2117/3569/1936 2101/2744/1935 
f 2205/2745/1938 2256/2842/1941 2206/2746/1939 
f 2208/2748/1941 2243/2839/1939 2209/2749/1940 
f 2211/2751/1941 2239/3570/1939 2212/2752/1940 
f 2214/2754/1941 2235/3571/1939 2215/2755/1940 
f 2217/2757/1941 2231/3572/1939 2218/2758/1940 
f 2165/2760/1938 2251/2828/1941 2220/2761/1939 
f 2222/2763/1942 2248/3002/2041 2223/2764/1943 
f 2225/2766/1944 2217/2829/1944 2219/2767/1945 
f 2227/2769/1947 2259/3010/1949 2221/2770/1948 
f 2228/2772/1944 2214/2832/1944 2216/2773/1946 
f 2230/2775/1947 2262/3019/1949 2218/2776/1949 
f 2232/2778/1944 2211/2835/1944 2213/2779/1950 
f 2234/2781/1947 2265/3027/1951 2215/2782/1951 
f 2236/2784/1944 2208/2837/1944 2210/2785/1950 
f 2238/2787/1952 2268/3035/1949 2212/2788/1951 
f 2240/2790/1944 2256/2840/1944 2205/2791/1950 
f 2242/2793/1947 2386/3044/1949 2209/2794/1949 
f 2244/2796/1952 2273/3047/1949 2207/2797/1951 
f 2245/2799/1953 2257/2843/1953 2246/2800/1954 
f 2241/2802/849 2273/2863/849 2244/2803/849 
f 2237/2805/878 2386/3573/849 2242/2806/849 
f 2233/2808/878 2268/2858/849 2238/2809/849 
f 2229/2811/878 2265/2854/849 2234/2812/849 
f 2226/2814/849 2262/2850/849 2230/2815/849 
f 2166/2817/849 2259/2846/878 2227/2818/878 
f 2248/2820/878 2222/2847/849 2249/2821/849 
f 2251/2823/1944 2164/2624/1924 2182/2824/1909 
f 2252/2825/1934 2245/2866/1934 2247/2826/849 
f 2101/2744/1935 2117/3569/1936 2220/2761/1939 
f 2224/2765/1942 2108/2568/1914 2109/2569/1915 
f 2217/2829/1944 2225/2766/1944 2202/2830/1916 
f 2126/2831/1936 2231/3572/1939 2217/2757/1941 
f 2220/2771/1947 2117/2577/1918 2118/2578/1918 
f 2214/2832/1944 2228/2772/1944 2203/2833/1916 
f 2135/2834/1936 2235/3571/1939 2214/2754/1941 
f 2231/2777/1947 2126/2586/1918 2127/2587/1918 
f 2211/2835/1944 2232/2778/1944 2254/2836/1909 
f 2144/2670/1936 2239/3570/1939 2211/2751/1941 
f 2235/2783/1947 2135/2595/1918 2136/2596/1918 
f 2208/2837/1944 2236/2784/1944 2255/2838/1916 
f 2137/2669/1935 2153/2668/1936 2243/2839/1939 
f 2239/2789/1947 2144/2604/1918 2145/2605/1918 
f 2256/2840/1944 2240/2790/1944 2204/2841/1916 
f 2158/2672/1936 2206/2746/1939 2256/2842/1941 
f 2243/2795/1947 2153/2613/1918 2154/2614/1918 
f 2206/2798/1947 2158/2618/1918 2159/2619/1918 
f 2257/2843/1953 2245/2799/1953 2196/2844/1955 
f 2227/2818/878 2118/3563/849 2182/2663/849 
f 2258/2845/849 2383/3574/878 2259/2846/878 
f 2109/2727/849 2201/2729/849 2249/2821/849 
f 2260/2848/878 2248/2820/878 2250/2822/849 
f 2262/2850/849 2226/2814/849 2263/2851/849 
f 2127/2853/849 2202/2738/849 2225/2816/849 
f 2265/2854/849 2229/2811/878 2266/2855/849 
f 2228/2813/878 2234/2812/849 2136/2857/849 
f 2268/2858/849 2233/2808/878 2269/2859/878 
f 2145/2741/849 2254/3566/849 2232/2810/849 
f 2271/2861/878 2386/3573/849 2237/2805/878 
f 2154/2740/878 2255/3565/849 2236/2807/849 
f 2273/2863/849 2241/2802/849 2274/2864/849 
f 2159/2742/849 2204/2743/849 2240/2804/849 
f 2252/2825/1934 2307/3564/849 2196/2699/1934 
f 2276/2867/878 2671/3575/878 2253/2827/849 
f 2277/2868/1956 2280/2871/1959 2278/2869/1957 
f 2280/2871/1959 2289/2880/1968 2281/2872/1960 
f 2282/2873/1961 2286/2877/1965 2283/2874/1962 
f 2285/2876/1964 2306/3576/2181 2286/2877/1965 
f 2287/2878/1966 2280/2871/1959 2277/2868/1956 
f 2287/2878/1966 2302/2893/1981 2289/2880/1968 
f 2290/2881/1969 2282/2873/1961 2284/2875/1963 
f 2290/2881/1969 2303/2894/1982 2285/2876/1964 
f 2292/2883/1971 2296/2887/1975 2293/2884/1972 
f 2292/2883/1971 2308/3058/2047 2295/2886/1974 
f 2297/2888/1976 2301/2892/1980 2298/2889/1977 
f 2300/2891/1979 2309/2919/1999 2298/2889/1977 
f 2302/2893/1981 2287/2878/1966 2296/2887/1975 
f 2288/2879/1967 2293/2884/1972 2296/2887/1975 
f 2301/2892/1980 2290/2881/1969 2291/2882/1970 
f 2301/2892/1980 2297/2888/1976 2303/2894/1982 
f 2277/2868/1956 2279/2870/1958 2180/2657/1933 
f 2281/2897/372 2304/3577/261 2279/2895/372 
f 2304/3577/261 2195/2698/261 2279/2895/372 
f 2195/2698/261 2180/2697/261 2279/2895/372 
f 2289/2898/1984 2200/2910/1984 2304/2899/1985 
f 2284/2875/1963 2283/2874/1962 2305/2901/109 
f 2167/2628/1927 2306/3576/2181 2285/2876/1964 
f 2198/2905/261 2305/3578/261 2306/2903/372 
f 2305/3578/261 2283/3579/372 2306/2903/372 
f 2283/3579/372 2286/3580/1983 2306/2903/372 
f 2201/2906/1987 2302/2911/1991 2295/2907/1988 
f 2277/2868/1956 2107/2656/1932 2108/2909/1990 
f 2200/2910/1984 2289/2898/1984 2302/2911/1991 
f 2288/2879/1967 2108/2909/1990 2224/2912/1992 
f 2300/2891/1979 2291/2882/1970 2307/2913/1993 
f 2197/2902/1986 2307/2913/1993 2291/2882/1970 
f 2303/2894/1982 2297/2888/1976 2257/2915/1995 
f 2285/2876/1964 2303/2894/1982 2162/2916/1996 
f 2223/2917/1997 2294/2885/1973 2293/2884/1972 
f 2308/2918/1998 2250/3581/1998 2249/2908/1989 
f 2252/2914/1994 2253/3582/2182 2309/2919/1999 
f 2246/2920/2000 2257/2915/1995 2297/2888/1976 
f 2310/2921/2001 2314/2925/2001 2311/2922/2002 
f 2310/2921/2001 2315/2926/2004 2313/2924/2003 
f 2315/2926/2004 2382/2993/2009 2316/2927/2005 
f 2317/2928/2006 2321/2932/2001 2318/2929/2002 
f 2320/2931/2004 2323/2934/2008 2321/2932/2001 
f 2322/2933/2007 2672/3583/2005 2323/2934/2008 
f 2324/2935/2001 2328/2939/2001 2325/2936/2002 
f 2327/2938/2004 2330/2941/2003 2328/2939/2001 
f 2327/2938/2004 2384/3013/2007 2329/2940/2005 
f 2331/2942/2006 2335/2946/2001 2332/2943/2002 
f 2331/2942/2006 2337/2948/2004 2334/2945/2003 
f 2336/2947/2007 2673/3584/2005 2334/2945/2003 
f 2338/2949/2006 2342/2953/2006 2339/2950/2002 
f 2338/2949/2006 2344/2955/2004 2341/2952/2003 
f 2343/2954/2009 2385/3038/2005 2341/2952/2003 
f 2345/2956/2006 2349/2960/2001 2346/2957/2002 
f 2348/2959/2004 2351/2962/2003 2349/2960/2001 
f 2350/2961/2007 2674/3585/2005 2351/2962/2003 
f 2352/2963/2010 2356/2967/2014 2353/2964/2011 
f 2355/2966/2013 2358/2969/2016 2356/2967/2014 
f 2357/2968/2015 2387/3055/2045 2358/2969/2016 
f 2353/2964/2011 2356/2967/2014 2359/2970/2017 
f 2356/2967/2014 2358/2969/2016 2361/2972/2019 
f 2358/2969/2016 2387/3055/2045 2362/2973/2020 
f 2363/2974/2021 2366/2977/2024 2364/2975/2022 
f 2366/2977/2024 2368/2979/2026 2367/2978/2025 
f 2368/2979/2026 2388/3059/2048 2369/2980/2027 
f 2370/2981/2028 2371/2982/2029 2366/2977/2024 
f 2371/2982/2029 2373/2984/2031 2368/2979/2026 
f 2372/2983/2030 2388/3059/2048 2368/2979/2026 
f 2360/2971/2018 2359/2970/2017 2374/2985/2032 
f 2359/2970/2017 2361/2972/2019 2376/2987/2034 
f 2361/2972/2019 2362/2973/2020 2377/2988/2035 
f 2378/2989/2036 2371/2982/2029 2370/2981/2028 
f 2380/2991/2038 2373/2984/2031 2371/2982/2029 
f 2381/2992/2039 2372/2983/2030 2373/2984/2031 
f 2221/2762/1940 2316/2927/2005 2382/2993/2009 
f 2311/2994/111 2383/3586/111 2258/2995/111 
f 2166/2626/1926 2165/2625/1925 2312/2997/2040 
f 2165/2625/1925 2382/3587/2040 2312/2997/2040 
f 2382/3587/2040 2315/3588/2040 2312/2997/2040 
f 2315/3588/2040 2310/3589/2183 2312/2997/2040 
f 2260/3001/111 2261/3590/111 2354/2999/111 
f 2354/2999/111 2353/3591/2184 2360/3000/111 
f 2360/3000/111 2375/3592/111 2260/3001/111 
f 2376/3593/2042 2377/3594/2042 2375/3004/2042 
f 2377/3594/2042 2223/2764/1943 2375/3004/2042 
f 2376/3593/2042 2375/3004/2042 2374/3595/2042 
f 2223/2764/1943 2248/3002/2041 2375/3004/2042 
f 2377/2988/2035 2362/2973/2020 2294/2885/1973 
f 2218/2758/1940 2672/3583/2005 2322/2933/2007 
f 2318/3005/111 2264/3596/111 2263/3006/111 
f 2226/2768/1946 2219/2767/1945 2319/3008/2043 
f 2219/2767/1945 2322/3597/2043 2319/3008/2043 
f 2322/3597/2043 2320/3598/2040 2319/3008/2043 
f 2320/3598/2040 2317/3599/2043 2319/3008/2043 
f 2313/3600/2042 2316/3601/2042 2311/3012/2044 
f 2316/3601/2042 2221/2770/1948 2311/3012/2044 
f 2313/3600/2042 2311/3012/2044 2314/3602/2042 
f 2221/2770/1948 2259/3010/1949 2311/3012/2044 
f 2215/2755/1940 2329/2940/2005 2384/3013/2007 
f 2325/3014/111 2267/3603/111 2266/3015/111 
f 2229/2774/1946 2216/2773/1946 2326/3017/2040 
f 2216/2773/1946 2384/3604/2043 2326/3017/2040 
f 2384/3604/2043 2327/3605/2040 2326/3017/2040 
f 2327/3605/2040 2324/3606/2040 2326/3017/2040 
f 2323/3607/2042 2672/3608/2042 2318/3021/2042 
f 2672/3608/2042 2218/2776/1949 2318/3021/2042 
f 2323/3607/2042 2318/3021/2042 2321/3609/2042 
f 2218/2776/1949 2262/3019/1949 2318/3021/2042 
f 2212/2752/1940 2673/3584/2005 2336/2947/2007 
f 2332/3022/111 2270/3610/111 2269/3023/111 
f 2233/2780/1946 2213/2779/1950 2333/3025/2040 
f 2213/2779/1950 2336/3611/2043 2333/3025/2040 
f 2336/3611/2043 2337/3612/2040 2333/3025/2040 
f 2337/3612/2040 2331/3613/2043 2333/3025/2040 
f 2330/3614/2042 2329/3615/2044 2325/3029/2042 
f 2329/3615/2044 2215/2782/1951 2325/3029/2042 
f 2330/3614/2042 2325/3029/2042 2328/3616/2044 
f 2215/2782/1951 2265/3027/1951 2325/3029/2042 
f 2209/2749/1940 2674/3585/2005 2350/2961/2007 
f 2346/3030/111 2271/3617/111 2272/3031/111 
f 2237/2786/1946 2210/2785/1950 2347/3033/2040 
f 2210/2785/1950 2350/3618/2040 2347/3033/2040 
f 2350/3618/2040 2348/3619/2040 2347/3033/2040 
f 2348/3619/2040 2345/3620/2043 2347/3033/2040 
f 2334/3621/2042 2673/3622/2044 2332/3037/2042 
f 2673/3622/2044 2212/2788/1951 2332/3037/2042 
f 2334/3621/2042 2332/3037/2042 2335/3623/2044 
f 2212/2788/1951 2268/3035/1949 2332/3037/2042 
f 2205/2745/1938 2207/2747/1940 2385/3038/2005 
f 2339/3039/111 2275/3624/111 2274/3040/111 
f 2241/2792/1946 2205/2791/1950 2340/3042/2040 
f 2205/2791/1950 2343/3625/2040 2340/3042/2040 
f 2343/3625/2040 2344/3626/2040 2340/3042/2040 
f 2344/3626/2040 2338/3627/2040 2340/3042/2040 
f 2351/3628/2044 2674/3629/2042 2346/3046/2044 
f 2674/3629/2042 2209/2794/1949 2346/3046/2044 
f 2351/3628/2044 2346/3046/2044 2349/3630/2044 
f 2209/2794/1949 2386/3044/1949 2346/3046/2044 
f 2341/3631/2042 2385/3632/2042 2339/3049/2042 
f 2385/3632/2042 2207/2797/1951 2339/3049/2042 
f 2341/3631/2042 2339/3049/2042 2342/3633/2042 
f 2207/2797/1951 2273/3047/1949 2339/3049/2042 
f 2365/3052/111 2671/3634/111 2370/3050/439 
f 2671/3634/111 2276/3635/439 2370/3050/439 
f 2276/3635/439 2379/3636/439 2370/3050/439 
f 2247/2801/1954 2246/2800/1954 2379/3053/2040 
f 2246/2800/1954 2381/3637/2040 2379/3053/2040 
f 2381/3637/2040 2380/3638/2040 2379/3053/2040 
f 2380/3638/2040 2378/3639/2040 2379/3053/2040 
f 2299/2890/1978 2372/2983/2030 2381/2992/2039 
f 2294/2885/1973 2362/2973/2020 2387/3055/2045 
f 2261/3640/2179 2250/3581/1998 2354/3641/2046 
f 2250/3581/1998 2308/2918/1998 2352/3057/2046 
f 2354/3641/2046 2250/3581/1998 2352/3057/2046 
f 2308/2918/1998 2357/3642/2046 2355/3056/2046 
f 2308/3058/2047 2292/2883/1971 2387/3055/2045 
f 2388/3059/2048 2298/2889/1977 2309/2919/1999 
f 2367/2978/2025 2369/2980/2027 2309/2919/1999 
f 2309/2919/1999 2253/3582/2182 2364/2975/2022 
f 2253/3582/2182 2671/3643/2185 2365/2976/2023 
f 2364/2975/2022 2253/3582/2182 2365/2976/2023 
f 2388/3059/2048 2372/2983/2030 2299/2890/1978 
f 2198/2905/261 2167/2904/261 2169/3060/261 
f 2199/3061/261 2169/3060/261 2168/3062/261 
f 2389/3063/2049 2463/3317/2088 2390/3064/1916 
f 2392/3066/439 2389/3063/2049 2391/3065/2050 
f 2394/3068/2051 2392/3066/439 2393/3067/111 
f 2396/3070/2052 2482/3324/1915 2394/3068/2051 
f 2397/3071/2053 2484/3325/2088 2398/3072/1909 
f 2400/3074/439 2397/3071/2053 2399/3073/2050 
f 2402/3076/2051 2400/3074/439 2401/3075/111 
f 2404/3078/1918 2541/3329/2090 2402/3076/2051 
f 2405/3079/2049 2485/3330/2088 2406/3080/1909 
f 2408/3082/439 2405/3079/2049 2407/3081/2050 
f 2410/3084/2051 2408/3082/439 2409/3083/111 
f 2412/3086/2054 2543/3334/2090 2410/3084/2051 
f 2413/3087/2049 2544/3335/2088 2414/3088/1916 
f 2416/3090/439 2413/3087/2049 2415/3089/2050 
f 2418/3092/2055 2416/3090/439 2417/3091/111 
f 2420/3094/2054 2546/3338/2090 2418/3092/2055 
f 2421/3095/2053 2547/3339/2088 2422/3096/1909 
f 2424/3098/439 2421/3095/2053 2423/3097/2050 
f 2426/3100/2055 2424/3098/439 2425/3099/111 
f 2428/3102/2054 2487/3343/2090 2426/3100/2055 
f 2429/3103/2053 2550/3344/2088 2430/3104/1909 
f 2432/3106/439 2429/3103/2053 2431/3105/2053 
f 2434/3108/2055 2432/3106/439 2433/3107/111 
f 2436/3110/2054 2486/3348/2092 2434/3108/2055 
f 2437/3111/2055 2441/3115/439 2438/3112/111 
f 2440/3114/2054 2488/3350/2090 2437/3111/2055 
f 2441/3115/439 2443/3117/2056 2442/3116/2049 
f 2443/3117/2056 2477/3351/1922 2444/3118/2057 
f 2445/3119/2058 2506/3318/2077 2446/3120/2059 
f 2402/3158/1929 2541/3353/595 2463/3159/619 
f 2398/3161/2067 2412/3327/2068 2411/3143/2063 
f 2406/3162/2067 2420/3332/2068 2419/3139/2063 
f 2436/3163/2068 2435/3155/2064 2423/3145/2063 
f 2428/3165/2068 2427/3135/2063 2415/3146/2064 
f 2431/3144/2064 2430/3346/2067 2440/3167/2068 
f 2451/3168/261 2449/3561/261 2464/3169/261 
f 2454/3171/261 2452/3186/261 2466/3172/261 
f 2455/3174/261 2453/3187/261 2468/3175/261 
f 2457/3177/261 2456/3188/261 2470/3178/261 
f 2459/3180/261 2458/3189/261 2472/3181/261 
f 2460/3183/261 2462/3190/261 2474/3184/261 
f 2452/3186/261 2451/3168/261 2465/3170/261 
f 2453/3187/261 2454/3171/261 2467/3173/261 
f 2456/3188/261 2455/3174/261 2469/3176/261 
f 2458/3189/261 2457/3177/261 2471/3179/261 
f 2462/3190/261 2459/3180/261 2473/3182/261 
f 2461/3191/261 2460/3183/261 2475/3185/261 
f 2477/3193/619 2443/3198/595 2478/3194/2069 
f 2482/3222/2069 2595/3644/1929 2483/3223/1929 
f 2410/3217/1929 2543/3362/619 2484/3232/595 
f 2418/3213/1929 2546/3366/619 2485/3233/619 
f 2486/3234/619 2547/3372/595 2421/3219/595 
f 2487/3235/619 2544/3645/595 2413/3220/595 
f 2488/3236/619 2550/3646/619 2429/3218/595 
f 2478/3194/2069 2443/3198/595 2480/3197/595 
f 2483/3223/1929 2593/3647/595 2476/3227/1929 
f 2390/3238/2067 2404/3322/2068 2403/3154/2063 
f 2490/3239/2070 2532/3540/2073 2491/3240/2071 
f 2493/3242/2073 2548/3341/2071 2494/3243/2072 
f 2496/3245/2073 2549/3648/2071 2497/3246/2072 
f 2499/3248/2073 2545/3649/2071 2500/3249/2072 
f 2502/3251/2073 2542/3650/2071 2503/3252/2072 
f 2445/3254/2070 2513/3500/2073 2505/3255/2071 
f 2507/3257/2074 2540/3323/2089 2508/3258/2075 
f 2504/3260/2076 2503/3326/2077 2510/3261/2077 
f 2512/3263/2078 2505/3328/2078 2513/3264/2079 
f 2501/3266/2081 2500/3331/2077 2515/3267/2077 
f 2517/3269/2078 2542/3333/2078 2502/3270/2082 
f 2498/3272/2083 2497/3336/2077 2519/3273/2077 
f 2521/3275/2078 2545/3337/2078 2499/3276/2084 
f 2495/3278/2060 2494/3340/2077 2523/3279/2077 
f 2525/3281/2078 2549/3342/2078 2496/3282/2084 
f 2490/3284/2083 2492/3345/2077 2527/3285/2077 
f 2529/3287/2078 2548/3347/2091 2493/3288/2080 
f 2531/3290/2078 2491/3349/2078 2532/3291/2084 
f 2534/3293/2085 2551/3352/2086 2535/3294/2086 
f 2531/3296/619 2533/3374/595 2528/3297/619 
f 2529/3299/619 2530/3371/619 2524/3300/595 
f 2525/3302/619 2526/3368/595 2520/3303/619 
f 2521/3305/619 2522/3364/595 2516/3306/619 
f 2517/3308/619 2518/3360/595 2511/3309/619 
f 2512/3311/595 2514/3354/595 2447/3312/619 
f 2509/3314/595 2553/3356/619 2537/3315/2069 
f 2463/3317/2088 2446/3120/2059 2506/3318/2077 
f 2536/3319/619 2535/3651/619 2538/3320/595 
f 2390/3238/2067 2506/3256/2072 2505/3255/2071 
f 2540/3323/2089 2507/3257/2074 2482/3324/1915 
f 2484/3325/2088 2510/3261/2077 2503/3326/2077 
f 2503/3252/2072 2542/3650/2071 2412/3327/2068 
f 2505/3328/2078 2512/3263/2078 2541/3329/2090 
f 2485/3330/2088 2515/3267/2077 2500/3331/2077 
f 2500/3249/2072 2545/3649/2071 2420/3332/2068 
f 2542/3333/2078 2517/3269/2078 2543/3334/2090 
f 2544/3335/2088 2519/3273/2077 2497/3336/2077 
f 2497/3246/2072 2549/3648/2071 2428/3165/2068 
f 2545/3337/2078 2521/3275/2078 2546/3338/2090 
f 2547/3339/2088 2523/3279/2077 2494/3340/2077 
f 2548/3341/2071 2436/3163/2068 2422/3164/2067 
f 2549/3342/2078 2525/3281/2078 2487/3343/2090 
f 2550/3344/2088 2527/3285/2077 2492/3345/2077 
f 2492/3241/2072 2491/3240/2071 2440/3167/2068 
f 2548/3347/2091 2529/3287/2078 2486/3348/2092 
f 2491/3349/2078 2531/3290/2078 2488/3350/2090 
f 2477/3351/1922 2535/3294/2086 2551/3352/2086 
f 2512/3311/595 2446/3313/619 2463/3159/619 
f 2514/3354/595 2675/3652/595 2552/3355/595 
f 2537/3315/2069 2595/3644/1929 2482/3222/2069 
f 2553/3356/619 2509/3314/595 2554/3357/619 
f 2556/3359/595 2511/3309/619 2518/3360/595 
f 2510/3310/619 2484/3232/595 2543/3362/619 
f 2558/3363/619 2516/3306/619 2522/3364/595 
f 2546/3366/619 2521/3305/619 2515/3307/619 
f 2560/3367/619 2520/3303/619 2526/3368/595 
f 2519/3304/619 2544/3645/595 2487/3235/619 
f 2562/3370/619 2668/3653/619 2524/3300/595 
f 2486/3234/619 2529/3299/619 2523/3301/619 
f 2563/3373/619 2528/3297/619 2533/3374/595 
f 2527/3298/619 2550/3646/619 2488/3236/619 
f 2538/3320/595 2535/3651/619 2477/3193/619 
f 2539/3321/595 2676/3654/595 2565/3376/595 
f 2566/3377/2093 2592/3403/2119 2567/3378/2094 
f 2568/3379/2095 2567/3378/2094 2569/3380/2096 
f 2571/3382/2098 2574/3385/2101 2572/3383/2099 
f 2574/3385/2101 2594/3410/2122 2575/3386/2102 
f 2566/3377/2093 2568/3379/2095 2576/3387/2103 
f 2576/3387/2103 2568/3379/2095 2570/3381/2097 
f 2573/3384/2100 2572/3383/2099 2579/3390/2106 
f 2579/3390/2106 2572/3383/2099 2575/3386/2102 
f 2582/3393/2109 2591/3402/2118 2583/3394/2110 
f 2583/3394/2110 2591/3402/2118 2585/3396/2112 
f 2587/3398/2114 2670/3555/2178 2588/3399/2115 
f 2588/3399/2115 2596/3427/2134 2590/3401/2117 
f 2578/3389/2105 2585/3396/2112 2591/3402/2118 
f 2591/3402/2118 2582/3393/2109 2577/3388/2104 
f 2580/3391/2107 2579/3390/2106 2589/3400/2116 
f 2589/3400/2116 2579/3390/2106 2581/3392/2108 
f 2566/3377/2093 2395/3152/2066 2461/3151/2065 
f 2476/3192/261 2593/3655/261 2592/3404/372 
f 2593/3655/261 2569/3656/372 2592/3404/372 
f 2569/3656/372 2567/3657/1983 2592/3404/372 
f 2593/3405/1985 2483/3418/2120 2570/3406/2120 
f 2489/3408/109 2571/3382/2098 2573/3384/2100 
f 2448/3124/2062 2442/3123/2061 2575/3386/2102 
f 2571/3413/372 2489/3658/261 2594/3411/372 
f 2489/3658/261 2480/3558/261 2594/3411/372 
f 2480/3558/261 2448/3560/261 2594/3411/372 
f 2595/3414/2123 2537/3425/2124 2585/3415/2124 
f 2396/3417/2126 2395/3152/2066 2566/3377/2093 
f 2578/3416/2125 2570/3406/2120 2483/3418/2120 
f 2540/3419/2127 2396/3417/2126 2577/3388/2104 
f 2479/3420/2128 2580/3391/2107 2590/3401/2117 
f 2478/3409/2121 2573/3384/2100 2580/3391/2107 
f 2581/3392/2108 2444/3423/2131 2551/3422/2130 
f 2575/3386/2102 2442/3123/2061 2444/3423/2131 
f 2582/3393/2109 2584/3395/2111 2508/3424/2132 
f 2537/3425/2124 2553/3659/2186 2586/3426/2133 
f 2538/3421/2129 2590/3401/2117 2596/3427/2134 
f 2534/3429/2136 2670/3555/2178 2587/3398/2114 
f 2597/3430/2137 2677/3660/2147 2598/3431/2138 
f 2598/3431/2138 2677/3660/2147 2600/3433/2139 
f 2601/3434/2140 2600/3433/2139 2602/3435/2141 
f 2604/3437/2137 2607/3440/2143 2605/3438/2143 
f 2607/3440/2143 2609/3442/2144 2608/3441/2140 
f 2609/3442/2144 2678/3661/2141 2610/3443/2145 
f 2611/3444/2137 2614/3447/2138 2612/3445/2143 
f 2614/3447/2138 2679/3662/2139 2615/3448/2140 
f 2615/3448/2140 2679/3662/2139 2616/3449/2141 
f 2618/3451/2137 2680/3663/2143 2619/3452/2146 
f 2619/3452/2146 2680/3663/2143 2621/3454/2139 
f 2621/3454/2139 2681/3664/2141 2623/3456/2145 
f 2624/3457/2137 2682/3665/2146 2625/3458/2143 
f 2625/3458/2143 2682/3665/2146 2627/3460/2139 
f 2627/3460/2139 2669/3539/2141 2629/3462/2142 
f 2630/3463/2137 2633/3466/2147 2631/3464/2143 
f 2633/3466/2147 2635/3468/2144 2634/3467/2140 
f 2635/3468/2144 2683/3666/2141 2636/3469/2142 
f 2637/3470/2148 2640/3473/2151 2638/3471/2149 
f 2640/3473/2151 2642/3475/2153 2641/3474/2152 
f 2642/3475/2153 2647/3480/2158 2643/3476/2154 
f 2637/3470/2148 2659/3492/2170 2644/3477/2155 
f 2640/3473/2151 2644/3477/2155 2645/3478/2156 
f 2642/3475/2153 2645/3478/2156 2646/3479/2157 
f 2648/3481/2159 2684/3667/2187 2649/3482/2160 
f 2650/3483/2161 2649/3482/2160 2651/3484/2162 
f 2652/3485/2163 2651/3484/2162 2653/3486/2164 
f 2655/3488/2166 2648/3481/2159 2650/3483/2161 
f 2656/3489/2167 2650/3483/2161 2652/3485/2163 
f 2652/3485/2163 2654/3487/2165 2658/3491/2169 
f 2659/3492/2170 2667/3668/2188 2660/3493/2171 
f 2644/3477/2155 2660/3493/2171 2661/3494/2172 
f 2645/3478/2156 2661/3494/2172 2662/3495/2173 
f 2655/3488/2166 2656/3489/2167 2663/3496/2174 
f 2656/3489/2167 2657/3490/2168 2665/3498/2176 
f 2657/3490/2168 2658/3491/2169 2666/3499/2177 
f 2603/3436/2142 2602/3435/2141 2513/3500/2073 
f 2552/3501/111 2675/3669/111 2597/3502/111 
f 2603/3505/2040 2445/3119/2058 2599/3506/2040 
f 2445/3119/2058 2447/3121/2060 2599/3506/2040 
f 2447/3121/2060 2552/3670/2040 2599/3506/2040 
f 2599/3506/2040 2598/3671/2040 2601/3504/2040 
f 2639/3509/111 2555/3672/111 2554/3507/111 
f 2554/3507/111 2667/3673/111 2659/3508/111 
f 2659/3508/111 2637/3674/111 2639/3509/111 
f 2508/3258/2075 2662/3675/2044 2667/3510/2044 
f 2662/3675/2044 2661/3676/2044 2667/3510/2044 
f 2661/3676/2044 2660/3677/2044 2667/3510/2044 
f 2667/3510/2044 2554/3678/2042 2509/3259/2075 
f 2584/3395/2111 2646/3479/2157 2662/3495/2173 
f 2610/3443/2145 2678/3661/2141 2502/3251/2073 
f 2556/3511/111 2557/3679/111 2604/3512/111 
f 2610/3515/2040 2504/3260/2076 2606/3516/2040 
f 2504/3260/2076 2511/3262/2060 2606/3516/2040 
f 2511/3262/2060 2556/3680/2040 2606/3516/2040 
f 2606/3516/2040 2605/3681/2189 2608/3514/2043 
f 2513/3264/2079 2602/3682/2044 2597/3517/2044 
f 2602/3682/2044 2600/3683/2044 2597/3517/2044 
f 2600/3683/2044 2677/3684/2190 2597/3517/2044 
f 2597/3517/2044 2675/3685/2042 2514/3265/2080 
f 2617/3450/2142 2616/3449/2141 2499/3248/2073 
f 2558/3518/111 2559/3686/111 2611/3519/111 
f 2617/3522/2040 2501/3266/2081 2613/3523/2043 
f 2501/3266/2081 2516/3268/2060 2613/3523/2043 
f 2516/3268/2060 2558/3687/2040 2613/3523/2043 
f 2613/3523/2043 2612/3688/2189 2615/3521/2043 
f 2502/3270/2082 2678/3689/2042 2604/3524/2044 
f 2678/3689/2042 2609/3690/2044 2604/3524/2044 
f 2609/3690/2044 2607/3691/2190 2604/3524/2044 
f 2604/3524/2044 2557/3692/2042 2518/3271/2080 
f 2623/3456/2145 2681/3664/2141 2496/3245/2073 
f 2560/3525/111 2561/3693/111 2618/3526/111 
f 2623/3529/2040 2498/3272/2083 2620/3530/2043 
f 2498/3272/2083 2520/3274/2060 2620/3530/2043 
f 2520/3274/2060 2560/3694/2040 2620/3530/2043 
f 2620/3530/2043 2619/3695/2189 2622/3528/2043 
f 2499/3276/2084 2616/3696/2042 2611/3531/2044 
f 2616/3696/2042 2679/3697/2044 2611/3531/2044 
f 2679/3697/2044 2614/3698/2191 2611/3531/2044 
f 2611/3531/2044 2559/3699/2042 2522/3277/2084 
f 2636/3469/2142 2683/3666/2141 2493/3242/2073 
f 2668/3532/111 2562/3700/111 2630/3533/111 
f 2636/3536/2043 2495/3278/2060 2632/3537/2043 
f 2495/3278/2060 2524/3280/2060 2632/3537/2043 
f 2524/3280/2060 2668/3701/2040 2632/3537/2043 
f 2632/3537/2043 2631/3702/2189 2634/3535/2043 
f 2496/3282/2084 2681/3703/2042 2618/3538/2044 
f 2681/3703/2042 2621/3704/2044 2618/3538/2044 
f 2621/3704/2044 2680/3705/2191 2618/3538/2044 
f 2618/3538/2044 2561/3706/2042 2526/3283/2080 
f 2490/3239/2070 2629/3462/2142 2669/3539/2141 
f 2563/3541/111 2564/3707/111 2624/3542/111 
f 2629/3545/2043 2490/3284/2083 2626/3546/2043 
f 2490/3284/2083 2528/3286/2060 2626/3546/2043 
f 2528/3286/2060 2563/3708/2040 2626/3546/2043 
f 2626/3546/2043 2625/3709/2189 2628/3544/2040 
f 2493/3288/2080 2683/3710/2044 2630/3547/2042 
f 2683/3710/2044 2635/3711/2042 2630/3547/2042 
f 2635/3711/2042 2633/3712/2042 2630/3547/2042 
f 2630/3547/2042 2562/3713/2042 2530/3289/2080 
f 2532/3291/2084 2669/3714/2044 2624/3548/2044 
f 2669/3714/2044 2627/3715/2044 2624/3548/2044 
f 2627/3715/2044 2682/3716/2190 2624/3548/2044 
f 2624/3548/2044 2564/3717/2042 2533/3292/2080 
f 2565/3551/439 2676/3718/111 2655/3549/439 
f 2676/3718/111 2684/3719/439 2655/3549/439 
f 2684/3719/439 2648/3720/2192 2655/3549/439 
f 2666/3553/2043 2534/3293/2085 2664/3554/2043 
f 2534/3293/2085 2536/3295/2087 2664/3554/2043 
f 2536/3295/2087 2565/3721/2040 2664/3554/2043 
f 2664/3554/2043 2663/3722/2189 2665/3552/2043 
f 2670/3555/2178 2534/3429/2136 2666/3499/2177 
f 2647/3480/2158 2646/3479/2157 2584/3395/2111 
f 2586/3426/2133 2553/3659/2186 2638/3723/2179 
f 2553/3659/2186 2555/3724/2179 2639/3725/2179 
f 2639/3725/2179 2638/3723/2179 2553/3659/2186 
f 2586/3426/2133 2638/3723/2179 2641/3556/2179 
f 2586/3397/2113 2643/3476/2154 2647/3480/2158 
f 2596/3427/2134 2588/3399/2115 2654/3487/2165 
f 2596/3427/2134 2653/3486/2164 2651/3484/2162 
f 2651/3484/2162 2649/3482/2160 2596/3427/2134 
f 2649/3482/2160 2684/3667/2187 2539/3428/2135 
f 2684/3667/2187 2676/3726/2185 2539/3428/2135 
f 2654/3487/2165 2588/3399/2115 2670/3555/2178 
f 2480/3558/261 2481/3562/261 2450/3559/261 
f 2449/3561/261 2450/3559/261 2481/3562/261 
f 2685/3727/1909 2686/3728/2049 2687/3729/1911 
f 2687/3729/1911 2688/3730/111 2689/3731/439 
f 2689/3731/439 2690/3732/2193 2691/3733/2194 
f 2692/3734/2052 2690/3732/2193 2693/3735/2195 
f 2694/3736/1909 2695/3737/2053 2696/3738/1911 
f 2696/3738/1911 2697/3739/111 2698/3740/439 
f 2698/3740/439 2699/3741/2055 2700/3742/2051 
f 2701/3743/2054 2699/3741/2055 2702/3744/1918 
f 2703/3745/1909 2704/3746/2049 2705/3747/1911 
f 2705/3747/1911 2706/3748/111 2707/3749/439 
f 2707/3749/439 2708/3750/2051 2709/3751/2051 
f 2710/3752/2054 2708/3750/2051 2711/3753/2054 
f 2712/3754/1909 2713/3755/2049 2714/3756/1911 
f 2714/3756/1911 2715/3757/111 2716/3758/439 
f 2716/3758/439 2717/3759/2055 2718/3760/2051 
f 2719/3761/2054 2717/3759/2055 2720/3762/1918 
f 2721/3763/1909 2722/3764/2196 2723/3765/1911 
f 2723/3765/1911 2724/3766/111 2725/3767/439 
f 2725/3767/439 2726/3768/2051 2727/3769/2051 
f 2728/3770/2054 2726/3768/2051 2729/3771/2054 
f 2730/3772/1909 2731/3773/1911 2732/3774/1911 
f 2732/3774/1911 2733/3775/111 2734/3776/439 
f 2734/3776/439 2735/3777/2055 2736/3778/2051 
f 2737/3779/2054 2735/3777/2055 2738/3780/1918 
f 2739/3781/1909 2740/3782/2050 2741/3783/1921 
f 2741/3783/1921 2742/3784/111 2743/3785/439 
f 2743/3785/439 2744/3786/2051 2745/3787/2051 
f 2746/3788/2054 2744/3786/2051 2747/3789/1918 
f 2748/3790/439 2749/3791/2055 2750/3792/2051 
f 2751/3793/2054 2749/3791/2055 2752/3794/1918 
f 2753/3795/261 2754/3796/261 2755/3797/261 
f 2755/3797/261 2756/3798/261 2757/3799/261 
f 2758/3800/2054 2759/3801/2051 2760/3802/2054 
f 2761/3803/439 2759/3801/2051 2762/3804/2051 
f 2763/3805/1910 2764/3806/111 2761/3803/439 
f 2765/3807/1922 2766/3808/1921 2763/3805/1910 
f 2767/3809/2054 2768/3810/2051 2769/3811/2054 
f 2770/3812/439 2768/3810/2051 2771/3813/2051 
f 2772/3814/1911 2773/3815/111 2770/3812/439 
f 2774/3816/1909 2775/3817/2049 2772/3814/1911 
f 2776/3818/2054 2777/3819/2055 2778/3820/1918 
f 2779/3821/439 2777/3819/2055 2780/3822/2051 
f 2781/3823/1911 2782/3824/111 2779/3821/439 
f 2783/3825/1909 2784/3826/2049 2781/3823/1911 
f 2785/3827/2054 2786/3828/2051 2787/3829/2054 
f 2788/3830/439 2786/3828/2051 2789/3831/2051 
f 2790/3832/1911 2791/3833/111 2788/3830/439 
f 2792/3834/1909 2793/3835/2049 2790/3832/1911 
f 2794/3836/2054 2795/3837/2055 2796/3838/1918 
f 2797/3839/439 2795/3837/2055 2798/3840/2051 
f 2799/3841/1911 2800/3842/111 2797/3839/439 
f 2801/3843/1909 2802/3844/2053 2799/3841/1911 
f 2803/3845/2054 2804/3846/2051 2805/3847/1918 
f 2806/3848/439 2804/3846/2051 2807/3849/2051 
f 2808/3850/1911 2809/3851/111 2806/3848/439 
f 2810/3852/1909 2811/3853/1921 2808/3850/1911 
f 2812/3854/2054 2813/3855/2051 2814/3856/1918 
f 2815/3857/439 2813/3855/2051 2816/3858/2051 
f 2817/3859/1921 2818/3860/111 2815/3857/439 
f 2819/3861/1909 2820/3862/1910 2817/3859/1921 
f 2821/3863/1911 2822/3864/111 2748/3790/439 
f 2823/3865/1944 2824/3866/1950 2825/3867/1946 
f 2826/3868/1909 2827/3869/2049 2821/3863/1911 
f 2828/3870/261 2753/3795/261 2829/3871/261 
f 2830/3872/619 2831/3873/1927 2761/3874/595 
f 2832/3875/595 2781/3876/1930 2833/3877/595 
f 2830/3872/619 2772/3878/1930 2834/3879/619 
f 2770/3880/595 2834/3879/619 2772/3878/1930 
f 2770/3880/595 2771/3881/1931 2832/3875/595 
f 2761/3874/595 2831/3873/1927 2763/3882/2197 
f 2762/3883/1931 2830/3872/619 2761/3874/595 
f 2788/3884/619 2835/3885/595 2790/3886/1930 
f 2836/3887/595 2797/3888/595 2837/3889/619 
f 2779/3890/619 2833/3877/595 2781/3876/1930 
f 2779/3890/619 2780/3891/1931 2838/3892/619 
f 2839/3893/595 2799/3894/1930 2836/3887/595 
f 2837/3889/619 2798/3895/1930 2840/3896/619 
f 2841/3897/619 2842/3898/595 2815/3899/595 
f 2828/3900/595 2841/3897/619 2816/3901/2198 
f 2748/3902/595 2843/3903/595 2821/3904/2199 
f 2754/3905/619 2843/3903/595 2750/3906/2199 
f 2844/3907/595 2756/3908/619 2743/3909/619 
f 2845/3910/595 2844/3907/595 2745/3911/1930 
f 2846/3912/595 2845/3910/595 2734/3913/595 
f 2838/3892/619 2790/3886/1930 2835/3885/595 
f 2847/3914/595 2848/3915/595 2725/3916/595 
f 2849/3917/619 2847/3914/595 2727/3918/1930 
f 2850/3919/595 2849/3917/619 2716/3920/619 
f 2851/3921/595 2850/3919/595 2718/3922/1930 
f 2852/3923/595 2851/3921/595 2707/3924/619 
f 2853/3925/595 2852/3923/595 2709/3926/1930 
f 2718/3922/1930 2850/3919/595 2716/3920/619 
f 2756/3908/619 2741/3927/1930 2743/3909/619 
f 2854/3928/595 2817/3929/1930 2842/3898/595 
f 2845/3910/595 2732/3930/1931 2734/3913/595 
f 2799/3894/1930 2797/3888/595 2836/3887/595 
f 2808/3931/1931 2806/3932/619 2840/3896/619 
f 2842/3898/595 2817/3929/1930 2815/3899/595 
f 2750/3906/2199 2843/3903/595 2748/3902/595 
f 2848/3915/595 2723/3933/1930 2725/3916/595 
f 2849/3917/619 2714/3934/1931 2716/3920/619 
f 2851/3921/595 2705/3935/1931 2707/3924/619 
f 2687/3936/1931 2689/3937/595 2855/3938/595 
f 2689/3937/595 2691/3939/2200 2856/3940/1933 
f 2832/3875/595 2834/3879/619 2770/3880/595 
f 2754/3905/619 2741/3927/1930 2756/3908/619 
f 2762/3883/1931 2772/3878/1930 2830/3872/619 
f 2838/3892/619 2833/3877/595 2779/3890/619 
f 2821/3904/2199 2843/3903/595 2828/3900/595 
f 2771/3881/1931 2781/3876/1930 2832/3875/595 
f 2839/3893/595 2835/3885/595 2788/3884/619 
f 2780/3891/1931 2790/3886/1930 2838/3892/619 
f 2788/3884/619 2789/3941/1931 2839/3893/595 
f 2789/3941/1931 2799/3894/1930 2839/3893/595 
f 2797/3888/595 2798/3895/1930 2837/3889/619 
f 2798/3895/1930 2808/3931/1931 2840/3896/619 
f 2806/3932/619 2807/3942/1931 2854/3928/595 
f 2807/3942/1931 2817/3929/1930 2854/3928/595 
f 2727/3918/1930 2847/3914/595 2725/3916/595 
f 2816/3901/2198 2821/3904/2199 2828/3900/595 
f 2816/3901/2198 2841/3897/619 2815/3899/595 
f 2750/3906/2199 2741/3927/1930 2754/3905/619 
f 2857/3943/595 2700/3944/1930 2855/3938/595 
f 2745/3911/1930 2732/3930/1931 2845/3910/595 
f 2709/3926/1930 2852/3923/595 2707/3924/619 
f 2736/3945/1931 2723/3933/1930 2846/3912/595 
f 2840/3896/619 2806/3932/619 2854/3928/595 
f 2736/3945/1931 2846/3912/595 2734/3913/595 
f 2727/3918/1930 2714/3934/1931 2849/3917/619 
f 2846/3912/595 2723/3933/1930 2848/3915/595 
f 2745/3911/1930 2844/3907/595 2743/3909/619 
f 2718/3922/1930 2705/3935/1931 2851/3921/595 
f 2857/3943/595 2853/3925/595 2698/3946/595 
f 2709/3926/1930 2696/3947/1931 2853/3925/595 
f 2698/3946/595 2700/3944/1930 2857/3943/595 
f 2700/3944/1930 2687/3936/1931 2855/3938/595 
f 2855/3938/595 2689/3937/595 2856/3940/1933 
f 2858/3948/878 2699/3949/849 2686/3950/878 
f 2709/3926/1930 2694/3951/1935 2696/3947/1931 
f 2718/3922/1930 2703/3952/1935 2705/3935/1931 
f 2807/3942/1931 2819/3953/1935 2817/3929/1930 
f 2741/3927/1930 2751/3954/1936 2739/3955/1935 
f 2781/3876/1930 2767/3956/1936 2783/3957/1935 
f 2723/3933/1930 2737/3958/1936 2721/3959/1935 
f 2714/3934/1931 2728/3960/1936 2712/3961/1935 
f 2790/3886/1930 2776/3962/1936 2792/3963/1935 
f 2854/3964/261 2859/3965/261 2860/3966/261 
f 2799/3894/1930 2785/3967/1936 2801/3968/1935 
f 2732/3930/1931 2746/3969/1936 2730/3970/1935 
f 2826/3971/1935 2816/3901/2198 2812/3972/1936 
f 2808/3931/1931 2794/3973/1936 2810/3974/1935 
f 2772/3878/1930 2758/3975/1936 2774/3976/1935 
f 2698/3946/595 2853/3925/595 2696/3947/1931 
f 2837/3977/261 2861/3978/261 2862/3979/261 
f 2839/3980/261 2863/3981/261 2864/3982/261 
f 2838/3983/261 2865/3984/261 2866/3985/261 
f 2832/3986/261 2867/3987/261 2868/3988/261 
f 2830/3989/261 2869/3990/261 2870/3991/261 
f 2840/3992/261 2860/3966/261 2861/3978/261 
f 2836/3993/261 2862/3979/261 2863/3981/261 
f 2835/3994/261 2864/3982/261 2865/3984/261 
f 2833/3995/261 2866/3985/261 2867/3987/261 
f 2834/3996/261 2868/3988/261 2869/3990/261 
f 2831/3997/261 2870/3991/261 2871/3998/261 
f 2842/3999/261 2872/4000/261 2859/3965/261 
f 2873/4001/261 2845/4002/261 2874/4003/261 
f 2875/4004/261 2848/4005/261 2876/4006/261 
f 2877/4007/261 2849/4008/261 2878/4009/261 
f 2879/4010/261 2851/4011/261 2880/4012/261 
f 2881/4013/261 2853/4014/261 2882/4015/261 
f 2883/4016/261 2855/4017/261 2884/4018/261 
f 2874/4003/261 2846/4019/261 2875/4004/261 
f 2876/4006/261 2847/4020/261 2877/4007/261 
f 2878/4009/261 2850/4021/261 2879/4010/261 
f 2880/4012/261 2852/4022/261 2881/4013/261 
f 2882/4015/261 2857/4023/261 2883/4016/261 
f 2884/4018/261 2856/4024/261 2885/4025/261 
f 2757/3799/261 2844/4026/261 2873/4001/261 
f 2886/4027/878 2887/4028/849 2766/4029/878 
f 2870/4030/849 2764/4031/849 2871/4032/849 
f 2868/4033/849 2867/4034/849 2784/4035/849 
f 2870/4030/849 2869/4036/878 2775/4037/849 
f 2773/4038/849 2775/4037/849 2869/4036/878 
f 2773/4038/849 2868/4033/849 2768/4039/849 
f 2764/4031/849 2766/4029/878 2871/4032/849 
f 2759/4040/878 2764/4031/849 2870/4030/849 
f 2791/4041/849 2793/4042/849 2865/4043/849 
f 2863/4044/849 2862/4045/849 2800/4046/849 
f 2782/4047/849 2784/4035/849 2867/4034/849 
f 2782/4047/849 2866/4048/849 2777/4049/878 
f 2864/4050/849 2863/4044/849 2802/4051/849 
f 2862/4045/849 2861/4052/878 2795/4053/878 
f 2872/4054/849 2818/4055/878 2859/4056/878 
f 2829/4057/878 2813/4058/878 2872/4054/849 
f 2822/4059/849 2827/4060/878 2753/4061/878 
f 2755/4062/849 2749/4063/849 2753/4061/878 
f 2873/4064/878 2742/4065/878 2757/4066/849 
f 2874/4067/878 2744/4068/878 2873/4064/878 
f 2875/4069/878 2733/4070/878 2874/4067/878 
f 2866/4048/849 2865/4043/849 2793/4042/849 
f 2877/4071/849 2724/4072/849 2876/4073/849 
f 2878/4074/849 2726/4075/878 2877/4071/849 
f 2879/4076/849 2715/4077/849 2878/4074/849 
f 2880/4078/849 2717/4079/849 2879/4076/849 
f 2881/4080/849 2706/4081/849 2880/4078/849 
f 2882/4082/849 2708/4083/849 2881/4080/849 
f 2717/4079/849 2715/4077/849 2879/4076/849 
f 2757/4066/849 2742/4065/878 2740/4084/849 
f 2860/4085/878 2859/4056/878 2820/4086/878 
f 2874/4067/878 2733/4070/878 2731/4087/849 
f 2802/4051/849 2863/4044/849 2800/4046/849 
f 2811/4088/878 2861/4052/878 2809/4089/878 
f 2859/4056/878 2818/4055/878 2820/4086/878 
f 2749/4063/849 2822/4059/849 2753/4061/878 
f 2876/4073/849 2724/4072/849 2722/4090/849 
f 2878/4074/849 2715/4077/849 2713/4091/849 
f 2880/4078/849 2706/4081/849 2704/4092/849 
f 2693/4093/849 2888/4094/849 2889/4095/878 
f 2686/3950/878 2884/4096/849 2688/4097/849 
f 2688/4097/849 2885/4098/849 2690/4099/849 
f 2868/4033/849 2773/4038/849 2869/4036/878 
f 2755/4062/849 2757/4066/849 2740/4084/849 
f 2759/4040/878 2870/4030/849 2775/4037/849 
f 2866/4048/849 2782/4047/849 2867/4034/849 
f 2827/4060/878 2829/4057/878 2753/4061/878 
f 2768/4039/849 2868/4033/849 2784/4035/849 
f 2864/4050/849 2791/4041/849 2865/4043/849 
f 2777/4049/878 2866/4048/849 2793/4042/849 
f 2791/4041/849 2864/4050/849 2786/4100/878 
f 2786/4100/878 2864/4050/849 2802/4051/849 
f 2800/4046/849 2862/4045/849 2795/4053/878 
f 2795/4053/878 2861/4052/878 2811/4088/878 
f 2809/4089/878 2860/4085/878 2804/4101/849 
f 2804/4101/849 2860/4085/878 2820/4086/878 
f 2726/4075/878 2724/4072/849 2877/4071/849 
f 2813/4058/878 2829/4057/878 2827/4060/878 
f 2813/4058/878 2818/4055/878 2872/4054/849 
f 2749/4063/849 2755/4062/849 2740/4084/849 
f 2883/4102/849 2884/4096/849 2699/3949/849 
f 2744/4068/878 2874/4067/878 2731/4087/849 
f 2708/4083/849 2706/4081/849 2881/4080/849 
f 2735/4103/878 2875/4069/878 2722/4090/849 
f 2861/4052/878 2860/4085/878 2809/4089/878 
f 2735/4103/878 2733/4070/878 2875/4069/878 
f 2726/4075/878 2878/4074/849 2713/4091/849 
f 2875/4069/878 2876/4073/849 2722/4090/849 
f 2744/4068/878 2742/4065/878 2873/4064/878 
f 2717/4079/849 2880/4078/849 2704/4092/849 
f 2883/4102/849 2697/4104/849 2882/4082/849 
f 2708/4083/849 2882/4082/849 2695/4105/878 
f 2697/4104/849 2883/4102/849 2699/3949/849 
f 2699/3949/849 2884/4096/849 2686/3950/878 
f 2884/4096/849 2885/4098/849 2688/4097/849 
f 2890/4106/878 2708/4083/849 2695/4105/878 
f 2891/4107/849 2717/4079/849 2704/4092/849 
f 2892/4108/878 2804/4101/849 2820/4086/878 
f 2752/4109/849 2740/4084/849 2893/4110/878 
f 2784/4035/849 2769/4111/878 2768/4039/849 
f 2722/4090/849 2738/4112/878 2735/4103/878 
f 2713/4091/849 2729/4113/878 2726/4075/878 
f 2793/4042/849 2778/4114/878 2777/4049/878 
f 2802/4051/849 2787/4115/878 2786/4100/878 
f 2747/4116/849 2731/4087/849 2894/4117/849 
f 2813/4058/878 2895/4118/849 2814/4119/849 
f 2811/4088/878 2796/4120/878 2795/4053/878 
f 2775/4037/849 2760/4121/878 2759/4040/878 
f 2887/4028/849 2871/4032/849 2766/4029/878 
f 2697/4104/849 2695/4105/878 2882/4082/849 
f 2885/4098/849 2888/4094/849 2690/4099/849 
f 2700/3944/1930 2685/4122/1935 2687/3936/1931 
f 2896/4123/1941 2897/4124/1940 2898/4125/1938 
f 2899/4126/1941 2900/4127/1940 2901/4128/1938 
f 2902/4129/1941 2903/4130/1940 2904/4131/1938 
f 2905/4132/1941 2906/4133/1940 2907/4134/1938 
f 2908/4135/1941 2909/4136/1940 2910/4137/1938 
f 2911/4138/1941 2912/4139/1940 2913/4140/1938 
f 2914/4141/1941 2915/4142/1940 2916/4143/1938 
f 2917/4144/1938 2918/4145/1939 2919/4146/1940 
f 2920/4147/1941 2921/4148/1940 2922/4149/1938 
f 2923/4150/1941 2924/4151/1940 2925/4152/1938 
f 2926/4153/1941 2927/4154/1940 2928/4155/1938 
f 2929/4156/1941 2930/4157/1940 2931/4158/1938 
f 2932/4159/1941 2933/4160/1940 2934/4161/1938 
f 2824/4162/1938 2935/4163/1939 2936/4164/1940 
f 2937/4165/2201 2938/4166/2202 2939/4167/1942 
f 2940/4168/2203 2934/4169/1950 2941/4170/1925 
f 2942/4171/1947 2936/4172/1948 2935/4173/1947 
f 2943/4174/1944 2931/4175/1946 2944/4176/1946 
f 2945/4177/1952 2933/4178/1951 2946/4179/1952 
f 2947/4180/1944 2928/4181/1950 2948/4182/1925 
f 2949/4183/1952 2930/4184/1951 2950/4185/1952 
f 2951/4186/1944 2925/4187/1950 2952/4188/1946 
f 2953/4189/1947 2927/4190/1949 2954/4191/1952 
f 2955/4192/1924 2922/4193/1946 2956/4194/1925 
f 2957/4195/1947 2924/4196/1951 2958/4197/1952 
f 2959/4198/1944 2917/4199/1950 2960/4200/1946 
f 2961/4201/2204 2921/4202/1951 2962/4203/1952 
f 2963/4204/1947 2919/4205/1949 2918/4206/1947 
f 2964/4207/1947 2897/4208/1949 2965/4209/1952 
f 2966/4210/1953 2967/4211/1954 2968/4212/1954 
f 2969/4213/1952 2900/4214/1951 2970/4215/1952 
f 2971/4216/1944 2898/4217/1946 2972/4218/1925 
f 2973/4219/1947 2903/4220/1951 2974/4221/1952 
f 2975/4222/2203 2901/4223/1950 2976/4224/1925 
f 2977/4225/1947 2906/4226/1951 2978/4227/1952 
f 2979/4228/2203 2904/4229/1946 2980/4230/1925 
f 2981/4231/1947 2909/4232/1951 2982/4233/1952 
f 2983/4234/2203 2907/4235/1945 2984/4236/1925 
f 2985/4237/1952 2912/4238/1949 2986/4239/1952 
f 2987/4240/1944 2910/4241/1925 2988/4242/1946 
f 2989/4243/1947 2915/4244/1951 2990/4245/1952 
f 2991/4246/1924 2913/4247/1946 2992/4248/1925 
f 2993/4249/1944 2916/4250/1946 2994/4251/1946 
f 2971/4252/849 2995/4253/849 2964/4254/849 
f 2976/4255/849 2969/4256/849 2975/4257/849 
f 2980/4258/849 2973/4259/849 2979/4260/849 
f 2984/4261/849 2977/4262/878 2983/4263/849 
f 2988/4264/849 2981/4265/878 2987/4266/878 
f 2992/4267/878 2985/4268/849 2991/4269/878 
f 2993/4270/849 2996/4271/878 2989/4272/878 
f 2960/4273/878 2963/4274/849 2959/4275/878 
f 2956/4276/849 2961/4277/849 2955/4278/878 
f 2952/4279/849 2957/4280/849 2951/4281/849 
f 2948/4282/849 2953/4283/849 2947/4284/849 
f 2944/4285/849 2949/4286/849 2943/4287/849 
f 2941/4288/849 2945/4289/849 2940/4290/849 
f 2825/4291/849 2942/4292/849 2823/4293/849 
f 2997/4294/878 2998/4295/878 2999/4296/849 
f 3000/4297/2203 2858/4298/1916 2685/3727/1909 
f 3001/4299/849 2968/4300/878 3002/4301/878 
f 2685/4122/1935 2935/4163/1939 3000/4302/1941 
f 2939/4167/1942 2693/3735/2195 2937/4165/2201 
f 2932/4303/2203 2890/4304/1916 2694/3736/1909 
f 2710/4305/1936 2932/4159/1941 2694/3951/1935 
f 2935/4173/1947 2702/3744/1918 2942/4171/1947 
f 2929/4306/2203 2891/4307/2205 2703/3745/1909 
f 2719/4308/1936 2929/4156/1941 2703/3952/1935 
f 2946/4179/1952 2711/3753/2054 2945/4177/1952 
f 2926/4309/2203 3003/4310/1909 2712/3754/1909 
f 2728/3960/1936 2926/4153/1941 2712/3961/1935 
f 2950/4185/1952 2720/3762/1918 2949/4183/1952 
f 2923/4311/2203 3004/4312/1909 2721/3763/1909 
f 2721/3959/1935 2958/4313/2206 2923/4150/1941 
f 2954/4191/1952 2729/3771/2054 2953/4189/1947 
f 2920/4314/2203 2894/4315/1909 2730/3772/1909 
f 2746/3969/1936 2920/4147/1941 2730/3970/1935 
f 2958/4197/1952 2738/3780/1918 2957/4195/1947 
f 3005/4316/1944 2893/4317/1916 2739/3781/1909 
f 2739/3955/1935 2918/4145/1939 3005/4318/1941 
f 2962/4203/1952 2747/3789/1918 2961/4201/2204 
f 2918/4206/1947 2752/3794/1918 2963/4204/1947 
f 2965/4209/1952 2760/3802/2054 2964/4207/1947 
f 3006/4319/1953 2886/4320/1922 2765/3807/1922 
f 2896/4123/1941 2758/3975/1936 2965/4321/1941 
f 2970/4215/1952 2769/3811/2054 2969/4213/1952 
f 2767/3956/1936 2899/4126/1941 2783/3957/1935 
f 2896/4322/1944 3007/4323/2205 2774/3816/1909 
f 2974/4221/1952 2778/3820/1918 2973/4219/1947 
f 2792/3963/1935 2974/4324/2206 2902/4129/1941 
f 2899/4325/2203 3008/4326/1916 2783/3825/1909 
f 2978/4227/1952 2787/3829/2054 2977/4225/1947 
f 2785/3967/1936 2905/4132/1941 2801/3968/1935 
f 2902/4327/2203 3009/4328/1909 2792/3834/1909 
f 2982/4233/1952 2796/3838/1918 2981/4231/1947 
f 2908/4135/1941 2794/3973/1936 2982/4329/1939 
f 2905/4330/2203 3010/4331/1909 2801/3843/1909 
f 2986/4239/1952 2805/3847/1918 2985/4237/1952 
f 2803/4332/1936 2911/4138/1941 2819/3953/1935 
f 2908/4333/2203 3011/4334/1916 2810/3852/1909 
f 2990/4245/1952 2814/3856/1918 2989/4243/1947 
f 2812/3972/1936 2914/4141/1941 2826/3971/1935 
f 2911/4335/2203 2892/4336/1916 2819/3861/1909 
f 2914/4337/1944 2895/4338/1916 2826/3868/1909 
f 2942/4292/849 2858/3948/878 2823/4293/849 
f 3012/4339/878 3013/4340/878 2825/4291/849 
f 2693/4093/849 2998/4295/878 2937/4341/849 
f 3014/4342/849 2999/4296/849 3015/4343/849 
f 3016/4344/878 3017/4345/878 3018/4346/878 
f 2711/4347/849 2940/4290/849 2945/4289/849 
f 3019/4348/878 3020/4349/849 3021/4350/849 
f 2943/4287/849 2720/4351/849 2891/4107/849 
f 3022/4352/878 3023/4353/878 3024/4354/849 
f 2729/4113/878 2947/4284/849 2953/4283/849 
f 3025/4355/878 2952/4279/849 3026/4356/878 
f 2738/4112/878 2951/4281/849 2957/4280/849 
f 3027/4357/878 3028/4358/849 3029/4359/849 
f 2747/4116/849 2955/4278/878 2961/4277/849 
f 3030/4360/849 3031/4361/878 3032/4362/849 
f 2963/4274/849 2893/4110/878 2959/4275/878 
f 3033/4363/878 2972/4364/878 3034/4365/878 
f 2760/4121/878 2971/4252/849 2964/4254/849 
f 3001/4299/849 2886/4027/878 2966/4366/849 
f 3035/4367/878 3002/4301/878 2968/4300/878 
f 3036/4368/878 3037/4369/878 3038/4370/878 
f 2769/4111/878 2975/4257/849 2969/4256/849 
f 3039/4371/849 3040/4372/878 3041/4373/849 
f 2973/4259/849 3009/4374/849 2979/4260/849 
f 3042/4375/878 3043/4376/849 3044/4377/849 
f 2787/4115/878 2983/4263/849 2977/4262/878 
f 3045/4378/849 3046/4379/878 2988/4264/849 
f 2981/4265/878 3011/4380/878 2987/4266/878 
f 3047/4381/849 3048/4382/878 3049/4383/849 
f 2805/4384/849 2991/4269/878 2985/4268/849 
f 3050/4385/878 2994/4386/878 3051/4387/878 
f 2993/4270/849 2814/4119/849 2895/4118/849 
f 2841/4388/261 2829/3871/261 2872/4000/261 
f 3052/4389/1956 3053/4390/1957 3054/4391/1958 
f 3055/4392/1959 3056/4393/2207 3053/4390/1957 
f 3057/4394/2208 3058/4395/2209 3059/4396/1963 
f 3060/4397/1964 3061/4398/2210 3057/4394/2208 
f 3062/4399/1966 3052/4389/1956 3063/4400/2211 
f 3062/4399/1966 3064/4401/2212 3055/4392/1959 
f 3065/4402/2213 3059/4396/1963 3066/4403/2214 
f 3065/4402/2213 3060/4397/1964 3057/4394/2208 
f 3067/4404/1971 3068/4405/1972 3069/4406/2215 
f 3067/4404/1971 3070/4407/2216 3071/4408/2217 
f 3072/4409/2218 3073/4410/1977 3074/4411/2219 
f 3075/4412/2220 3073/4410/1977 3076/4413/2221 
f 3077/4414/2222 3071/4408/2217 3070/4407/2216 
f 3063/4400/2211 3071/4408/2217 3062/4399/1966 
f 3076/4413/2221 3066/4403/2214 3075/4412/2220 
f 3076/4413/2221 3078/4415/2223 3065/4402/2213 
f 3052/4389/1956 2856/3940/1933 2691/3939/2200 
f 3054/4416/261 3053/4417/261 3056/4418/261 
f 3064/4419/2224 3079/4420/1985 3056/4421/1985 
f 3059/4396/1963 3080/4422/109 2887/4423/1986 
f 2831/3873/1927 3060/4397/1964 2763/3882/2197 
f 3081/4424/372 2831/3997/261 2871/3998/261 
f 2889/4425/1987 3070/4426/1988 2998/4427/1989 
f 3052/4389/1956 2692/4428/1990 3063/4400/2211 
f 2888/4429/2120 3077/4430/1991 2889/4425/1987 
f 3063/4400/2211 2939/4431/1992 3068/4405/1972 
f 3075/4412/2220 3082/4432/1993 3001/4433/1994 
f 2887/4423/1986 3066/4403/2214 3059/4396/1963 
f 3078/4415/2223 3006/4434/1995 2765/4435/1996 
f 3060/4397/1964 2765/4435/1996 2763/3882/2197 
f 2938/4436/1997 3068/4405/1972 2939/4431/1992 
f 3083/4437/1998 2998/4427/1989 3070/4426/1988 
f 3001/4433/1994 3084/4438/2225 3075/4412/2220 
f 2967/4439/2000 3072/4409/2218 3074/4411/2219 
f 3085/4440/2226 3086/4441/2002 3087/4442/2002 
f 3085/4440/2226 3088/4443/2003 3089/4444/2227 
f 3090/4445/2004 3091/4446/2005 3088/4443/2003 
f 3092/4447/2001 3093/4448/2002 3094/4449/2002 
f 3095/4450/2004 3096/4451/2006 3092/4447/2001 
f 3097/4452/2009 3098/4453/2003 3095/4450/2004 
f 3099/4454/2001 3100/4455/2002 3101/4456/2002 
f 3102/4457/2004 3103/4458/2006 3099/4454/2001 
f 3102/4457/2004 3104/4459/2005 3105/4460/2003 
f 3106/4461/2001 3107/4462/2002 3108/4463/2002 
f 3106/4461/2001 3109/4464/2003 3110/4465/2001 
f 3111/4466/2009 3109/4464/2003 3112/4467/2004 
f 3113/4468/2226 3114/4469/2002 3115/4470/2002 
f 3116/4471/2004 3117/4472/2006 3113/4468/2226 
f 3118/4473/2009 3119/4474/2003 3116/4471/2004 
f 3120/4475/2006 3121/4476/2002 3122/4477/2002 
f 3123/4478/2004 3124/4479/2006 3120/4475/2006 
f 3125/4480/2009 3126/4481/2008 3123/4478/2004 
f 3127/4482/2002 3128/4483/2006 3129/4484/2002 
f 3130/4485/2006 3131/4486/2003 3128/4483/2006 
f 3132/4487/2004 3133/4488/2005 3131/4486/2003 
f 3134/4489/2003 3135/4490/2009 3136/4491/2005 
f 3137/4492/2006 3138/4493/2004 3134/4489/2003 
f 3137/4492/2006 3139/4494/2002 3140/4495/2006 
f 3141/4496/2003 3142/4497/2009 3143/4498/2005 
f 3144/4499/2006 3145/4500/2004 3141/4496/2003 
f 3146/4501/2002 3147/4502/2006 3144/4499/2006 
f 3148/4503/2003 3149/4504/2009 3150/4505/2005 
f 3148/4503/2003 3151/4506/2001 3152/4507/2004 
f 3153/4508/2002 3151/4506/2001 3154/4509/2001 
f 3155/4510/2003 3156/4511/2009 3157/4512/2005 
f 3155/4510/2003 3158/4513/2001 3159/4514/2004 
f 3160/4515/2002 3158/4513/2001 3161/4516/2001 
f 3162/4517/2003 3163/4518/2009 3164/4519/2005 
f 3165/4520/2006 3166/4521/2004 3162/4517/2003 
f 3167/4522/2002 3168/4523/2006 3165/4520/2006 
f 3169/4524/2005 3170/4525/2004 3171/4526/2009 
f 3172/4527/2006 3170/4525/2004 3173/4528/2003 
f 3174/4529/2002 3175/4530/2001 3172/4527/2006 
f 3176/4531/2003 3177/4532/2009 3178/4533/2005 
f 3179/4534/2006 3180/4535/2004 3176/4531/2003 
f 3181/4536/2002 3182/4537/2226 3179/4534/2006 
f 3183/4538/2010 3184/4539/2011 3185/4540/2228 
f 3186/4541/2229 3187/4542/2014 3183/4538/2010 
f 3188/4543/2015 3189/4544/2016 3186/4541/2229 
f 3184/4539/2011 3190/4545/2017 3191/4546/2018 
f 3187/4542/2014 3192/4547/2230 3190/4545/2017 
f 3189/4544/2016 3193/4548/2020 3192/4547/2230 
f 3194/4549/2021 3195/4550/2231 3196/4551/2023 
f 3197/4552/2024 3198/4553/2025 3195/4550/2231 
f 3199/4554/2026 3200/4555/2027 3198/4553/2025 
f 3201/4556/2232 3197/4552/2024 3194/4549/2021 
f 3202/4557/2029 3199/4554/2026 3197/4552/2024 
f 3203/4558/2030 3199/4554/2026 3204/4559/2031 
f 3191/4546/2018 3205/4560/2233 3206/4561/2234 
f 3190/4545/2017 3207/4562/2235 3205/4560/2233 
f 3192/4547/2230 3208/4563/2035 3207/4562/2235 
f 3209/4564/2236 3201/4556/2232 3210/4565/2037 
f 3211/4566/2038 3202/4557/2029 3209/4564/2236 
f 3212/4567/2039 3204/4559/2031 3211/4566/2038 
f 2936/4164/1940 3213/4568/2009 2824/4162/1938 
f 3086/4569/111 3012/4570/111 3087/4571/111 
f 3087/4572/2040 3012/4573/2040 2825/3867/1946 
f 3185/4574/439 3191/4575/439 3014/4576/439 
f 2997/4577/2041 3014/4578/2042 3206/4579/2042 
f 3208/4563/2035 3069/4406/2215 2938/4436/1997 
f 2933/4160/1940 3097/4452/2009 2934/4161/1938 
f 3093/4580/111 3017/4581/111 3094/4582/111 
f 3094/4583/2040 3017/4584/2040 2941/4170/1925 
f 3013/4585/1949 3214/4586/2042 3086/4587/2044 
f 2930/4157/1940 3215/4588/2009 2931/4158/1938 
f 3100/4589/111 3020/4590/111 3101/4591/111 
f 3101/4592/2040 3020/4593/2040 2944/4176/1946 
f 3016/4594/1949 3018/4595/2042 3093/4596/2042 
f 2927/4154/1940 3111/4466/2009 2928/4155/1938 
f 3107/4597/111 3023/4598/111 3108/4599/111 
f 3108/4600/2043 3023/4601/2040 2948/4182/1925 
f 3019/4602/1949 3021/4603/2042 3100/4604/2042 
f 2924/4151/1940 3125/4480/2009 2925/4152/1938 
f 3121/4605/111 3026/4606/111 3122/4607/111 
f 3122/4608/2040 3026/4609/2040 2952/4188/1946 
f 3022/4610/1949 3024/4611/2042 3107/4612/2044 
f 2921/4148/1940 3118/4473/2009 2922/4149/1938 
f 3114/4613/111 3028/4614/111 3115/4615/111 
f 3115/4616/2043 3028/4617/2040 2956/4194/1925 
f 3216/4618/1949 3025/4619/2042 3121/4620/2044 
f 3217/4621/2009 2919/4146/1940 3133/4488/2005 
f 3129/4622/111 3031/4623/111 3127/4624/111 
f 3127/4625/2043 3031/4626/2040 2960/4200/1946 
f 3027/4627/1949 3029/4628/2042 3114/4629/2044 
f 3030/4630/1949 3032/4631/2042 3129/4632/2044 
f 2898/4125/1938 3136/4491/2005 3135/4490/2009 
f 3218/4633/111 3034/4634/111 3139/4635/111 
f 2995/4636/1949 3033/4637/2042 3218/4638/2042 
f 3201/4639/439 3194/4640/111 3196/4641/2192 
f 3210/4642/2040 3035/4643/2040 2968/4212/1954 
f 3074/4411/2219 3212/4567/2039 2967/4439/2000 
f 2900/4127/1940 3142/4497/2009 2901/4128/1938 
f 3146/4644/111 3037/4645/111 3219/4646/111 
f 3036/4647/1949 3038/4648/2042 3146/4649/2042 
f 3139/4650/2040 3034/4651/2040 2972/4218/1925 
f 2903/4130/1940 3149/4504/2009 2904/4131/1938 
f 3153/4652/111 3040/4653/111 3220/4654/111 
f 3039/4655/1949 3041/4656/2042 3153/4657/2042 
f 3219/4658/2040 3037/4659/2040 2976/4224/1925 
f 2906/4133/1940 3156/4511/2009 2907/4134/1938 
f 3160/4660/111 3043/4661/111 3221/4662/111 
f 3042/4663/1949 3044/4664/2042 3160/4665/2044 
f 3220/4666/2040 3040/4667/2040 2980/4230/1925 
f 2909/4136/1940 3171/4526/2009 2910/4137/1938 
f 3174/4668/111 3045/4669/111 3222/4670/111 
f 3046/4671/1951 3223/4672/2042 3174/4673/2044 
f 3221/4674/2043 3043/4675/2040 2984/4236/1925 
f 2912/4139/1940 3163/4518/2009 2913/4140/1938 
f 3167/4676/111 3048/4677/111 3224/4678/111 
f 3047/4679/1949 3049/4680/2042 3167/4681/2044 
f 3222/4682/2043 3045/4683/2040 2988/4242/1946 
f 2916/4143/1938 3178/4533/2005 3177/4532/2009 
f 3181/4684/111 3051/4685/111 3225/4686/111 
f 2996/4687/1949 3050/4688/2042 3181/4689/2044 
f 3224/4690/2043 3048/4691/2040 2992/4248/1925 
f 3225/4692/2043 3051/4693/2040 2994/4251/1946 
f 3069/4406/2215 3226/4694/2237 3067/4404/1971 
f 3186/4695/2179 3183/4696/2046 3083/4437/1998 
f 3083/4697/2238 3226/4694/2237 3188/4543/2015 
f 3227/4698/2239 3084/4438/2225 3200/4555/2027 
f 3195/4550/2231 3198/4553/2025 3084/4438/2225 
f 3227/4698/2239 3074/4411/2219 3073/4410/1977 
f 3228/4699/2050 3229/4700/1916 3230/4701/2049 
f 3231/4702/111 3230/4701/2049 3232/4703/439 
f 3233/4704/1912 3232/4703/439 3234/4705/2055 
f 3235/4706/1914 3233/4704/1912 3234/4705/2055 
f 3236/4707/2050 3237/4708/1916 3238/4709/2049 
f 3239/4710/111 3238/4709/2049 3240/4711/439 
f 3241/4712/1917 3240/4711/439 3242/4713/2051 
f 3243/4714/1918 3241/4712/1917 3242/4713/2051 
f 3244/4715/2053 3245/4716/1916 3246/4717/2049 
f 3247/4718/111 3246/4717/2049 3248/4719/439 
f 3249/4720/1913 3248/4719/439 3250/4721/2051 
f 3251/4722/1918 3249/4720/1913 3250/4721/2051 
f 3252/4723/2049 3253/4724/1916 3254/4725/2049 
f 3255/4726/111 3254/4725/2049 3256/4727/439 
f 3257/4728/2055 3256/4727/439 3258/4729/2055 
f 3259/4730/1918 3257/4728/2055 3258/4729/2055 
f 3260/4731/2053 3261/4732/1916 3262/4733/2049 
f 3263/4734/111 3262/4733/2049 3264/4735/439 
f 3265/4736/1913 3264/4735/439 3266/4737/2051 
f 3267/4738/1918 3265/4736/1913 3266/4737/2051 
f 3268/4739/2196 3269/4740/1916 3270/4741/2049 
f 3271/4742/111 3270/4741/2049 3272/4743/439 
f 3273/4744/1917 3272/4743/439 3274/4745/2051 
f 3275/4746/1918 3273/4744/1917 3274/4745/2051 
f 3276/4747/2196 3277/4748/1916 3278/4749/2049 
f 3279/4750/111 3278/4749/2049 3280/4751/439 
f 3281/4752/1912 3280/4751/439 3282/4753/2051 
f 3283/4754/1918 3281/4752/1912 3282/4753/2051 
f 3284/4755/1917 3285/4756/439 3286/4757/2051 
f 3287/4758/1918 3284/4755/1917 3286/4757/2051 
f 3288/4759/261 3289/4760/261 3290/4761/261 
f 3291/4762/261 3290/4761/261 3292/4763/261 
f 3293/4764/1918 3294/4765/1913 3295/4766/2051 
f 3294/4765/1913 3296/4767/439 3295/4766/2051 
f 3297/4768/111 3298/4769/2049 3296/4767/439 
f 3299/4770/2053 3300/4771/2057 3298/4769/2049 
f 3301/4772/1918 3302/4773/1913 3303/4774/2051 
f 3302/4773/1913 3304/4775/439 3303/4774/2051 
f 3305/4776/111 3306/4777/2049 3304/4775/439 
f 3307/4778/2049 3308/4779/1916 3306/4777/2049 
f 3309/4780/1918 3310/4781/2055 3311/4782/2055 
f 3310/4781/2055 3312/4783/439 3311/4782/2055 
f 3313/4784/111 3314/4785/2049 3312/4783/439 
f 3315/4786/2049 3316/4787/1916 3314/4785/2049 
f 3317/4788/1918 3318/4789/1913 3319/4790/2051 
f 3318/4789/1913 3320/4791/439 3319/4790/2051 
f 3321/4792/111 3322/4793/2049 3320/4791/439 
f 3323/4794/2053 3324/4795/1916 3322/4793/2049 
f 3325/4796/1918 3326/4797/2055 3327/4798/2055 
f 3326/4797/2055 3328/4799/439 3327/4798/2055 
f 3329/4800/111 3330/4801/2049 3328/4799/439 
f 3331/4802/2196 3332/4803/1916 3330/4801/2049 
f 3333/4804/1918 3334/4805/1917 3335/4806/2051 
f 3334/4805/1917 3336/4807/439 3335/4806/2051 
f 3337/4808/111 3338/4809/2050 3336/4807/439 
f 3339/4810/2053 3340/4811/1916 3338/4809/2050 
f 3341/4812/1918 3342/4813/2055 3343/4814/2051 
f 3342/4813/2055 3344/4815/439 3343/4814/2051 
f 3345/4816/111 3346/4817/2049 3344/4815/439 
f 3347/4818/2196 3348/4819/1916 3346/4817/2049 
f 3349/4820/111 3350/4821/2049 3285/4756/439 
f 3351/4822/2060 3352/4823/2077 3353/4824/2060 
f 3354/4825/2196 3355/4826/1916 3350/4821/2049 
f 3289/4760/261 3356/4827/261 3357/4828/261 
f 3358/4829/878 3296/4830/849 3359/4831/2062 
f 3360/4832/878 3361/4833/878 3314/4834/2063 
f 3358/4829/878 3362/4835/878 3306/4836/2063 
f 3304/4837/878 3306/4836/2063 3362/4835/878 
f 3304/4837/878 3360/4832/878 3303/4838/2064 
f 3296/4830/849 3298/4839/2240 3359/4831/2062 
f 3295/4840/2064 3296/4830/849 3358/4829/878 
f 3320/4841/878 3322/4842/2063 3363/4843/878 
f 3364/4844/878 3365/4845/878 3328/4846/878 
f 3312/4847/878 3314/4834/2063 3361/4833/878 
f 3312/4847/878 3366/4848/878 3311/4849/2064 
f 3367/4850/849 3364/4844/878 3330/4851/2063 
f 3365/4845/878 3368/4852/878 3327/4853/2063 
f 3369/4854/849 3344/4855/878 3370/4856/878 
f 3356/4857/849 3343/4858/2241 3369/4854/849 
f 3285/4859/849 3350/4860/2242 3371/4861/849 
f 3288/4862/849 3286/4863/2242 3371/4861/849 
f 3372/4864/878 3280/4865/849 3291/4866/849 
f 3373/4867/878 3282/4868/2063 3372/4864/878 
f 3374/4869/878 3272/4870/878 3373/4867/878 
f 3366/4848/878 3363/4843/878 3322/4842/2063 
f 3375/4871/878 3264/4872/849 3376/4873/878 
f 3377/4874/849 3266/4875/2063 3375/4871/878 
f 3378/4876/878 3256/4877/878 3377/4874/849 
f 3379/4878/878 3258/4879/2063 3378/4876/878 
f 3380/4880/878 3248/4881/878 3379/4878/878 
f 3381/4882/878 3250/4883/2063 3380/4880/878 
f 3258/4879/2063 3256/4877/878 3378/4876/878 
f 3291/4866/849 3280/4865/849 3278/4884/2063 
f 3382/4885/878 3370/4856/878 3346/4886/2063 
f 3373/4867/878 3272/4870/878 3270/4887/2064 
f 3330/4851/2063 3364/4844/878 3328/4846/878 
f 3338/4888/2064 3368/4852/878 3336/4889/878 
f 3370/4856/878 3344/4855/878 3346/4886/2063 
f 3286/4863/2242 3285/4859/849 3371/4861/849 
f 3376/4873/878 3264/4872/849 3262/4890/2063 
f 3377/4874/849 3256/4877/878 3254/4891/2064 
f 3379/4878/878 3248/4881/878 3246/4892/2064 
f 3230/4893/2064 3383/4894/878 3232/4895/849 
f 3232/4895/849 3384/4896/2065 3234/4897/2066 
f 3360/4832/878 3304/4837/878 3362/4835/878 
f 3288/4862/849 3291/4866/849 3278/4884/2063 
f 3295/4840/2064 3358/4829/878 3306/4836/2063 
f 3366/4848/878 3312/4847/878 3361/4833/878 
f 3350/4860/2242 3356/4857/849 3371/4861/849 
f 3303/4838/2064 3360/4832/878 3314/4834/2063 
f 3367/4850/849 3320/4841/878 3363/4843/878 
f 3311/4849/2064 3366/4848/878 3322/4842/2063 
f 3320/4841/878 3367/4850/849 3319/4898/2064 
f 3319/4898/2064 3367/4850/849 3330/4851/2063 
f 3328/4846/878 3365/4845/878 3327/4853/2063 
f 3327/4853/2063 3368/4852/878 3338/4888/2064 
f 3336/4889/878 3382/4885/878 3335/4899/2243 
f 3335/4899/2243 3382/4885/878 3346/4886/2063 
f 3266/4875/2063 3264/4872/849 3375/4871/878 
f 3343/4858/2241 3356/4857/849 3350/4860/2242 
f 3343/4858/2241 3344/4855/878 3369/4854/849 
f 3286/4863/2242 3288/4862/849 3278/4884/2063 
f 3385/4900/878 3383/4894/878 3242/4901/2063 
f 3282/4868/2063 3373/4867/878 3270/4887/2064 
f 3250/4883/2063 3248/4881/878 3380/4880/878 
f 3274/4902/2064 3374/4869/878 3262/4890/2063 
f 3368/4852/878 3382/4885/878 3336/4889/878 
f 3274/4902/2064 3272/4870/878 3374/4869/878 
f 3266/4875/2063 3377/4874/849 3254/4891/2064 
f 3374/4869/878 3376/4873/878 3262/4890/2063 
f 3282/4868/2063 3280/4865/849 3372/4864/878 
f 3258/4879/2063 3379/4878/878 3246/4892/2064 
f 3385/4900/878 3240/4903/878 3381/4882/878 
f 3250/4883/2063 3381/4882/878 3238/4904/2064 
f 3240/4903/878 3385/4900/878 3242/4901/2063 
f 3242/4901/2063 3383/4894/878 3230/4893/2064 
f 3383/4894/878 3384/4896/2065 3232/4895/849 
f 3241/4905/595 3386/4906/619 3228/4907/619 
f 3237/4908/2067 3250/4883/2063 3238/4904/2064 
f 3245/4909/2067 3258/4879/2063 3246/4892/2064 
f 3348/4910/2067 3335/4899/2243 3346/4886/2063 
f 3278/4884/2063 3287/4911/2068 3286/4863/2242 
f 3301/4912/2068 3314/4834/2063 3316/4913/2067 
f 3275/4914/2068 3262/4890/2063 3261/4915/2067 
f 3267/4916/2068 3254/4891/2064 3253/4917/2067 
f 3309/4918/2068 3322/4842/2063 3324/4919/2067 
f 3387/4920/261 3382/4921/261 3388/4922/261 
f 3317/4923/2068 3330/4851/2063 3332/4924/2067 
f 3270/4887/2064 3283/4925/2068 3282/4868/2063 
f 3355/4926/2067 3343/4858/2241 3350/4860/2242 
f 3325/4927/2068 3338/4888/2064 3340/4928/2067 
f 3293/4929/2068 3306/4836/2063 3308/4930/2067 
f 3240/4903/878 3238/4904/2064 3381/4882/878 
f 3389/4931/261 3365/4932/261 3390/4933/261 
f 3391/4934/261 3367/4935/261 3392/4936/261 
f 3393/4937/261 3366/4938/261 3394/4939/261 
f 3395/4940/261 3360/4941/261 3396/4942/261 
f 3397/4943/261 3358/4944/261 3398/4945/261 
f 3388/4922/261 3368/4946/261 3389/4931/261 
f 3390/4933/261 3364/4947/261 3391/4934/261 
f 3392/4936/261 3363/4948/261 3393/4937/261 
f 3394/4939/261 3361/4949/261 3395/4940/261 
f 3396/4942/261 3362/4950/261 3397/4943/261 
f 3398/4945/261 3359/4951/261 3399/4952/261 
f 3400/4953/261 3370/4954/261 3387/4920/261 
f 3373/4955/261 3401/4956/261 3402/4957/261 
f 3376/4958/261 3403/4959/261 3404/4960/261 
f 3377/4961/261 3405/4962/261 3406/4963/261 
f 3379/4964/261 3407/4965/261 3408/4966/261 
f 3381/4967/261 3409/4968/261 3410/4969/261 
f 3383/4970/261 3411/4971/261 3412/4972/261 
f 3374/4973/261 3402/4957/261 3403/4959/261 
f 3375/4974/261 3404/4960/261 3405/4962/261 
f 3378/4975/261 3406/4963/261 3407/4965/261 
f 3380/4976/261 3408/4966/261 3409/4968/261 
f 3385/4977/261 3410/4969/261 3411/4971/261 
f 3384/4978/261 3412/4972/261 3413/4979/261 
f 3372/4980/261 3292/4763/261 3401/4956/261 
f 3414/4981/619 3415/4982/595 3416/4983/595 
f 3398/4984/595 3399/4985/595 3297/4986/595 
f 3396/4987/595 3315/4988/595 3395/4989/595 
f 3398/4984/595 3307/4990/595 3397/4991/619 
f 3305/4992/595 3397/4991/619 3307/4990/595 
f 3305/4992/595 3302/4993/595 3396/4987/595 
f 3297/4986/595 3399/4985/595 3299/4994/619 
f 3294/4995/595 3398/4984/595 3297/4986/595 
f 3321/4996/595 3393/4997/595 3323/4998/595 
f 3391/4999/595 3329/5000/595 3390/5001/595 
f 3313/5002/595 3395/4989/595 3315/4988/595 
f 3313/5002/595 3310/5003/595 3394/5004/595 
f 3392/5005/595 3331/5006/595 3391/4999/595 
f 3390/5001/595 3326/5007/619 3389/5008/619 
f 3400/5009/595 3387/5010/619 3345/5011/619 
f 3357/5012/619 3400/5009/595 3342/5013/619 
f 3349/5014/595 3289/5015/619 3354/5016/619 
f 3290/5017/595 3289/5015/619 3284/5018/595 
f 3401/5019/619 3292/5020/595 3279/5021/619 
f 3402/5022/619 3401/5019/619 3281/5023/619 
f 3403/5024/619 3402/5022/619 3271/5025/619 
f 3394/5004/595 3323/4998/595 3393/4997/595 
f 3405/5026/595 3404/5027/595 3263/5028/595 
f 3406/5029/595 3405/5026/595 3265/5030/619 
f 3407/5031/595 3406/5029/595 3255/5032/595 
f 3408/5033/595 3407/5031/595 3257/5034/595 
f 3409/5035/595 3408/5033/595 3247/5036/595 
f 3410/5037/595 3409/5035/595 3249/5038/595 
f 3257/5034/595 3407/5031/595 3255/5032/595 
f 3292/5020/595 3276/5039/595 3279/5021/619 
f 3388/5040/619 3347/5041/619 3387/5010/619 
f 3402/5022/619 3268/5042/595 3271/5025/619 
f 3331/5006/595 3329/5000/595 3391/4999/595 
f 3339/5043/595 3337/5044/619 3389/5008/619 
f 3387/5010/619 3347/5041/619 3345/5011/619 
f 3284/5018/595 3289/5015/619 3349/5014/595 
f 3404/5027/595 3260/5045/595 3263/5028/595 
f 3406/5029/595 3252/5046/595 3255/5032/595 
f 3408/5033/595 3244/5047/619 3247/5036/595 
f 3417/5048/595 3418/5049/595 3233/5050/595 
f 3228/4907/619 3231/5051/595 3412/5052/595 
f 3231/5051/595 3233/5050/595 3413/5053/595 
f 3396/4987/595 3397/4991/619 3305/4992/595 
f 3290/5017/595 3276/5039/595 3292/5020/595 
f 3294/4995/595 3307/4990/595 3398/4984/595 
f 3394/5004/595 3395/4989/595 3313/5002/595 
f 3354/5016/619 3289/5015/619 3357/5012/619 
f 3302/4993/595 3315/4988/595 3396/4987/595 
f 3392/5005/595 3393/4997/595 3321/4996/595 
f 3310/5003/595 3323/4998/595 3394/5004/595 
f 3321/4996/595 3318/5054/619 3392/5005/595 
f 3318/5054/619 3331/5006/595 3392/5005/595 
f 3329/5000/595 3326/5007/619 3390/5001/595 
f 3326/5007/619 3339/5043/595 3389/5008/619 
f 3337/5044/619 3334/5055/619 3388/5040/619 
f 3334/5055/619 3347/5041/619 3388/5040/619 
f 3265/5030/619 3405/5026/595 3263/5028/595 
f 3342/5013/619 3354/5016/619 3357/5012/619 
f 3342/5013/619 3400/5009/595 3345/5011/619 
f 3284/5018/595 3276/5039/595 3290/5017/595 
f 3411/5056/595 3241/4905/595 3412/5052/595 
f 3281/5023/619 3268/5042/595 3402/5022/619 
f 3249/5038/595 3409/5035/595 3247/5036/595 
f 3273/5057/619 3260/5045/595 3403/5024/619 
f 3389/5008/619 3337/5044/619 3388/5040/619 
f 3273/5057/619 3403/5024/619 3271/5025/619 
f 3265/5030/619 3252/5046/595 3406/5029/595 
f 3403/5024/619 3260/5045/595 3404/5027/595 
f 3281/5023/619 3401/5019/619 3279/5021/619 
f 3257/5034/595 3244/5047/619 3408/5033/595 
f 3411/5056/595 3410/5037/595 3239/5058/595 
f 3249/5038/595 3236/5059/619 3410/5037/595 
f 3239/5058/595 3241/4905/595 3411/5056/595 
f 3241/4905/595 3228/4907/619 3412/5052/595 
f 3412/5052/595 3231/5051/595 3413/5053/595 
f 3249/5038/595 3419/5060/619 3236/5059/619 
f 3257/5034/595 3420/5061/619 3244/5047/619 
f 3334/5055/619 3421/5062/595 3347/5041/619 
f 3422/5063/595 3276/5039/595 3284/5018/595 
f 3423/5064/595 3315/4988/595 3302/4993/595 
f 3424/5065/619 3260/5045/595 3273/5057/619 
f 3425/5066/619 3252/5046/595 3265/5030/619 
f 3426/5067/595 3323/4998/595 3310/5003/595 
f 3427/5068/619 3331/5006/595 3318/5054/619 
f 3428/5069/595 3268/5042/595 3281/5023/619 
f 3342/5013/619 3429/5070/595 3354/5016/619 
f 3430/5071/619 3339/5043/595 3326/5007/619 
f 3431/5072/595 3307/4990/595 3294/4995/595 
f 3415/4982/595 3399/4985/595 3432/5073/595 
f 3239/5058/595 3410/5037/595 3236/5059/619 
f 3418/5049/595 3413/5053/595 3233/5050/595 
f 3229/5074/2067 3242/4901/2063 3230/4893/2064 
f 3433/5075/2073 3434/5076/2072 3435/5077/2070 
f 3436/5078/2073 3437/5079/2072 3438/5080/2070 
f 3439/5081/2073 3440/5082/2072 3441/5083/2070 
f 3442/5084/2073 3443/5085/2072 3444/5086/2070 
f 3445/5087/2073 3446/5088/2072 3447/5089/2070 
f 3448/5090/2073 3449/5091/2072 3450/5092/2070 
f 3451/5093/2073 3452/5094/2072 3453/5095/2070 
f 3454/5096/2070 3455/5097/2071 3456/5098/2072 
f 3457/5099/2073 3458/5100/2072 3459/5101/2070 
f 3460/5102/2073 3461/5103/2072 3462/5104/2070 
f 3463/5105/2073 3464/5106/2072 3465/5107/2070 
f 3466/5108/2073 3467/5109/2072 3468/5110/2070 
f 3469/5111/2073 3470/5112/2072 3471/5113/2070 
f 3351/5114/2070 3472/5115/2071 3473/5116/2072 
f 3474/5117/2074 3475/5118/2244 3476/5119/2075 
f 3471/5120/2245 3477/5121/2077 3478/5122/2060 
f 3479/5123/2078 3480/5124/2079 3481/5125/2080 
f 3468/5126/2245 3482/5127/2059 3483/5128/2060 
f 3484/5129/2246 3469/5130/2247 3485/5131/2080 
f 3465/5132/2245 3486/5133/2059 3487/5134/2060 
f 3488/5135/2246 3466/5136/2084 3489/5137/2080 
f 3462/5138/2245 3490/5139/2059 3491/5140/2060 
f 3492/5141/2246 3463/5142/2084 3493/5143/2080 
f 3459/5144/2245 3494/5145/2059 3495/5146/2245 
f 3496/5147/2246 3460/5148/2080 3497/5149/2080 
f 3454/5150/2083 3498/5151/2077 3499/5152/2060 
f 3500/5153/2248 3457/5154/2249 3501/5155/2080 
f 3502/5156/2246 3503/5157/2080 3504/5158/2080 
f 3505/5159/2078 3433/5160/2084 3506/5161/2080 
f 3507/5162/2085 3508/5163/2086 3509/5164/2087 
f 3510/5165/2246 3436/5166/2247 3511/5167/2080 
f 3435/5168/2250 3512/5169/2077 3513/5170/2245 
f 3514/5171/2246 3439/5172/2084 3515/5173/2080 
f 3438/5174/2245 3516/5175/2077 3517/5176/2060 
f 3518/5177/2246 3442/5178/2084 3519/5179/2080 
f 3441/5180/2245 3520/5181/2251 3521/5182/2060 
f 3522/5183/2246 3445/5184/2084 3523/5185/2084 
f 3444/5186/2245 3524/5187/2059 3525/5188/2060 
f 3526/5189/2248 3448/5190/2249 3527/5191/2080 
f 3447/5192/2060 3528/5193/2077 3529/5194/2060 
f 3530/5195/2246 3451/5196/2084 3531/5197/2080 
f 3450/5198/2245 3532/5199/2059 3533/5200/2245 
f 3453/5201/2083 3534/5202/2059 3535/5203/2060 
f 3512/5204/595 3506/5205/595 3513/5206/619 
f 3510/5207/595 3517/5208/595 3516/5209/595 
f 3514/5210/595 3521/5211/619 3520/5212/619 
f 3518/5213/619 3525/5214/595 3524/5215/595 
f 3522/5216/595 3529/5217/595 3528/5218/619 
f 3526/5219/595 3533/5220/619 3532/5221/619 
f 3534/5222/595 3531/5223/619 3535/5224/619 
f 3502/5225/595 3499/5226/619 3498/5227/619 
f 3500/5228/595 3495/5229/595 3494/5230/619 
f 3496/5231/595 3491/5232/595 3490/5233/595 
f 3492/5234/619 3487/5235/595 3486/5236/595 
f 3488/5237/595 3483/5238/595 3482/5239/619 
f 3484/5240/595 3478/5241/595 3477/5242/595 
f 3479/5243/595 3353/5244/595 3352/5245/595 
f 3476/5246/619 3536/5247/619 3474/5248/595 
f 3386/5249/2088 3473/5250/2059 3229/4700/1916 
f 3509/5251/619 3537/5252/595 3538/5253/619 
f 3229/5074/2067 3472/5115/2071 3243/5254/2068 
f 3539/5255/2089 3417/5256/1915 3235/4706/1914 
f 3419/5257/2088 3470/5258/2077 3237/4708/1916 
f 3470/5112/2072 3251/5259/2068 3237/4908/2067 
f 3472/5260/2091 3540/5261/2090 3243/4714/1918 
f 3420/5262/2088 3467/5263/2059 3245/4716/1916 
f 3467/5109/2072 3259/5264/2068 3245/4909/2067 
f 3541/5265/2252 3542/5266/2092 3251/4722/1918 
f 3543/5267/2088 3464/5268/2059 3253/4724/1916 
f 3464/5106/2072 3267/4916/2068 3253/4917/2067 
f 3544/5269/2252 3545/5270/2090 3259/4730/1918 
f 3546/5271/2088 3461/5272/2059 3261/4732/1916 
f 3547/5273/2071 3261/4915/2067 3461/5103/2072 
f 3548/5274/2252 3425/5275/2092 3267/4738/1918 
f 3549/5276/2088 3458/5277/2077 3269/4740/1916 
f 3458/5100/2072 3283/4925/2068 3269/5278/2067 
f 3547/5279/2252 3424/5280/2092 3275/4746/1918 
f 3550/5281/2088 3456/5282/2077 3277/4748/1916 
f 3277/5283/2067 3455/5097/2071 3287/4911/2068 
f 3551/5284/2252 3428/5285/2092 3283/4754/1918 
f 3455/5286/2091 3422/5287/2090 3287/4758/1918 
f 3552/5288/2246 3431/5289/2092 3293/4764/1918 
f 3414/5290/1922 3553/5291/2086 3300/4771/2057 
f 3434/5076/2072 3293/4929/2068 3308/4930/2067 
f 3554/5292/2252 3423/5293/2092 3301/4772/1918 
f 3437/5079/2072 3301/4912/2068 3316/4913/2067 
f 3555/5294/2088 3434/5295/2077 3308/4779/1916 
f 3556/5296/2252 3426/5297/2092 3309/4780/1918 
f 3324/4919/2067 3556/5298/2071 3309/4918/2068 
f 3557/5299/2088 3437/5300/2077 3316/4787/1916 
f 3558/5301/2252 3427/5302/2092 3317/4788/1918 
f 3443/5085/2072 3317/4923/2068 3332/4924/2067 
f 3559/5303/2088 3440/5304/2077 3324/4795/1916 
f 3560/5305/2252 3430/5306/2092 3325/4796/1918 
f 3325/4927/2068 3446/5088/2072 3560/5307/2071 
f 3561/5308/2088 3443/5309/2059 3332/4803/1916 
f 3562/5310/2252 3563/5311/2090 3333/4804/1918 
f 3449/5091/2072 3333/5312/2068 3348/4910/2067 
f 3564/5313/2088 3446/5314/2077 3340/4811/1916 
f 3565/5315/2252 3566/5316/2092 3341/4812/1918 
f 3452/5094/2072 3341/5317/2068 3355/4926/2067 
f 3421/5318/2088 3449/5319/2077 3348/4819/1916 
f 3429/5320/2088 3452/5321/2077 3355/4826/1916 
f 3479/5243/595 3386/4906/619 3540/5322/595 
f 3481/5323/595 3567/5324/595 3353/5244/595 
f 3536/5247/619 3417/5048/595 3474/5248/595 
f 3568/5325/595 3569/5326/619 3570/5327/595 
f 3571/5328/619 3485/5329/619 3572/5330/619 
f 3477/5242/595 3542/5331/595 3484/5240/595 
f 3573/5332/595 3489/5333/595 3574/5334/619 
f 3545/5335/595 3482/5239/619 3420/5061/619 
f 3575/5336/619 3493/5337/619 3576/5338/619 
f 3486/5236/595 3425/5066/619 3492/5234/619 
f 3577/5339/619 3491/5232/595 3497/5340/595 
f 3424/5065/619 3490/5233/595 3546/5341/595 
f 3578/5342/595 3501/5343/595 3579/5344/619 
f 3494/5230/619 3428/5069/595 3500/5228/595 
f 3504/5345/595 3580/5346/619 3499/5226/619 
f 3502/5225/595 3550/5347/619 3422/5063/595 
f 3581/5348/619 3513/5206/619 3506/5205/595 
f 3431/5072/595 3512/5204/595 3555/5349/595 
f 3537/5252/595 3414/4981/619 3416/4983/595 
f 3538/5253/619 3582/5350/619 3509/5251/619 
f 3583/5351/619 3511/5352/619 3584/5353/619 
f 3516/5209/595 3423/5064/595 3510/5207/595 
f 3585/5354/619 3515/5355/595 3586/5356/619 
f 3514/5210/595 3559/5357/595 3426/5067/595 
f 3587/5358/619 3519/5359/619 3588/5360/619 
f 3524/5215/595 3427/5068/619 3518/5213/619 
f 3523/5361/595 3589/5362/595 3529/5217/595 
f 3522/5216/595 3564/5363/595 3430/5071/619 
f 3590/5364/619 3527/5365/619 3591/5366/619 
f 3532/5221/619 3563/5367/595 3526/5219/595 
f 3592/5368/619 3535/5224/619 3531/5223/619 
f 3566/5369/595 3534/5222/595 3429/5070/595 
f 3357/4828/261 3369/5370/261 3400/4953/261 
f 3593/5371/2093 3594/5372/2253 3595/5373/2095 
f 3595/5373/2095 3596/5374/2254 3597/5375/2255 
f 3598/5376/2256 3599/5377/2099 3600/5378/2100 
f 3601/5379/2257 3602/5380/2102 3599/5377/2099 
f 3593/5371/2093 3603/5381/2103 3604/5382/2104 
f 3603/5381/2103 3597/5375/2255 3605/5383/2258 
f 3600/5378/2100 3606/5384/2259 3607/5385/2107 
f 3606/5384/2259 3602/5380/2102 3608/5386/2108 
f 3609/5387/2109 3610/5388/2110 3611/5389/2111 
f 3610/5388/2110 3612/5390/2260 3613/5391/2113 
f 3614/5392/2114 3615/5393/2115 3616/5394/2261 
f 3615/5393/2115 3617/5395/2117 3616/5394/2261 
f 3605/5383/2258 3618/5396/2118 3603/5381/2103 
f 3618/5396/2118 3604/5382/2104 3603/5381/2103 
f 3607/5385/2107 3616/5394/2261 3617/5395/2117 
f 3616/5394/2261 3608/5386/2108 3614/5392/2114 
f 3593/5371/2093 3384/4896/2065 3619/5397/2262 
f 3619/5398/261 3384/4978/261 3413/4979/261 
f 3620/5399/1985 3597/5400/2263 3596/5401/1985 
f 3432/5402/109 3600/5378/2100 3415/5403/1986 
f 3359/4831/2062 3602/5380/2102 3621/5404/2122 
f 3621/5405/372 3601/5406/261 3598/5407/1983 
f 3622/5408/2264 3612/5409/2124 3605/5410/2125 
f 3235/5411/2126 3593/5371/2093 3604/5382/2104 
f 3605/5410/2125 3418/5412/1984 3622/5408/2264 
f 3539/5413/2127 3604/5382/2104 3609/5387/2109 
f 3416/5414/2128 3617/5395/2117 3537/5415/2265 
f 3415/5403/1986 3607/5385/2107 3416/5414/2128 
f 3608/5386/2108 3553/5416/2130 3614/5392/2114 
f 3602/5380/2102 3300/5417/2131 3608/5386/2108 
f 3609/5387/2109 3475/5418/2132 3539/5413/2127 
f 3536/5419/2124 3613/5420/2133 3612/5409/2124 
f 3537/5415/2265 3623/5421/2266 3538/5422/2135 
f 3507/5423/2136 3614/5392/2114 3553/5416/2130 
f 3624/5424/2267 3625/5425/2143 3626/5426/2267 
f 3625/5425/2143 3627/5427/2139 3628/5428/2268 
f 3628/5428/2268 3629/5429/2141 3630/5430/2142 
f 3631/5431/2267 3632/5432/2146 3633/5433/2267 
f 3634/5434/2138 3635/5435/2140 3632/5432/2146 
f 3636/5436/2144 3637/5437/2142 3635/5435/2140 
f 3638/5438/2267 3639/5439/2146 3640/5440/2267 
f 3641/5441/2146 3642/5442/2140 3639/5439/2146 
f 3642/5442/2140 3643/5443/2141 3644/5444/2142 
f 3645/5445/2267 3646/5446/2143 3647/5447/2267 
f 3646/5446/2143 3648/5448/2139 3649/5449/2140 
f 3648/5448/2139 3650/5450/2142 3649/5449/2140 
f 3651/5451/2267 3652/5452/2143 3653/5453/2267 
f 3654/5454/2147 3655/5455/2140 3652/5452/2143 
f 3656/5456/2144 3657/5457/2142 3655/5455/2140 
f 3658/5458/2267 3659/5459/2146 3660/5460/2267 
f 3661/5461/2138 3662/5462/2140 3659/5459/2146 
f 3663/5463/2139 3664/5464/2142 3662/5462/2140 
f 3665/5465/2267 3666/5466/2138 3667/5467/2146 
f 3667/5467/2146 3668/5468/2139 3669/5469/2140 
f 3669/5469/2140 3670/5470/2141 3671/5471/2142 
f 3672/5472/2142 3673/5473/2144 3674/5474/2141 
f 3675/5475/2140 3676/5476/2147 3673/5473/2144 
f 3676/5476/2147 3677/5477/2267 3678/5478/2267 
f 3679/5479/2142 3680/5480/2144 3681/5481/2141 
f 3682/5482/2140 3683/5483/2143 3680/5480/2144 
f 3684/5484/2146 3685/5485/2267 3683/5483/2143 
f 3686/5486/2142 3687/5487/2139 3688/5488/2141 
f 3687/5487/2139 3689/5489/2143 3690/5490/2147 
f 3689/5489/2143 3691/5491/2267 3690/5490/2147 
f 3692/5492/2142 3693/5493/2139 3694/5494/2141 
f 3693/5493/2139 3695/5495/2143 3696/5496/2269 
f 3695/5495/2143 3697/5497/2267 3696/5496/2269 
f 3698/5498/2142 3699/5499/2144 3700/5500/2141 
f 3701/5501/2140 3702/5502/2138 3699/5499/2144 
f 3703/5503/2146 3704/5504/2267 3702/5502/2138 
f 3705/5505/2141 3706/5506/2140 3707/5507/2139 
f 3706/5506/2140 3708/5508/2143 3707/5507/2139 
f 3709/5509/2143 3710/5510/2267 3708/5508/2143 
f 3711/5511/2142 3712/5512/2144 3713/5513/2141 
f 3714/5514/2140 3715/5515/2146 3712/5512/2144 
f 3716/5516/2146 3717/5517/2267 3715/5515/2146 
f 3718/5518/2270 3719/5519/2149 3720/5520/2271 
f 3721/5521/2151 3722/5522/2272 3719/5519/2149 
f 3723/5523/2273 3724/5524/2154 3722/5522/2272 
f 3718/5518/2270 3725/5525/2274 3721/5521/2151 
f 3721/5521/2151 3726/5526/2275 3723/5523/2273 
f 3723/5523/2273 3727/5527/2157 3728/5528/2276 
f 3729/5529/2277 3730/5530/2160 3731/5531/2278 
f 3731/5531/2278 3732/5532/2162 3733/5533/2279 
f 3733/5533/2279 3734/5534/2280 3735/5535/2165 
f 3736/5536/2281 3731/5531/2278 3737/5537/2282 
f 3737/5537/2282 3733/5533/2279 3738/5538/2168 
f 3733/5533/2279 3739/5539/2283 3738/5538/2168 
f 3740/5540/2284 3741/5541/2171 3725/5525/2274 
f 3725/5525/2274 3742/5542/2285 3726/5526/2275 
f 3726/5526/2275 3743/5543/2173 3727/5527/2157 
f 3736/5536/2281 3744/5544/2174 3745/5545/2175 
f 3737/5537/2282 3746/5546/2176 3744/5544/2174 
f 3738/5538/2168 3747/5547/2177 3746/5546/2176 
f 3630/5430/2142 3480/5548/2073 3351/5114/2070 
f 3567/5549/111 3624/5550/111 3626/5551/111 
f 3628/5552/2040 3630/5553/2040 3626/5554/2040 
f 3569/5555/111 3740/5556/111 3720/5557/111 
f 3476/5119/2075 3475/5118/2244 3748/5558/2044 
f 3611/5389/2111 3743/5543/2173 3475/5418/2132 
f 3637/5437/2142 3469/5111/2073 3471/5113/2070 
f 3571/5559/111 3631/5560/111 3633/5561/111 
f 3635/5562/2043 3637/5563/2040 3633/5564/2043 
f 3481/5125/2080 3480/5124/2079 3624/5565/2042 
f 3644/5444/2142 3466/5108/2073 3468/5110/2070 
f 3573/5566/111 3638/5567/111 3640/5568/111 
f 3642/5569/2040 3644/5570/2286 3640/5571/2040 
f 3485/5131/2080 3469/5130/2247 3631/5572/2044 
f 3650/5450/2142 3463/5105/2073 3465/5107/2070 
f 3575/5573/111 3645/5574/111 3647/5575/111 
f 3649/5576/2040 3650/5577/2040 3647/5578/2040 
f 3489/5137/2080 3466/5136/2084 3638/5579/2042 
f 3664/5464/2142 3460/5102/2073 3462/5104/2070 
f 3749/5580/111 3658/5581/111 3660/5582/111 
f 3662/5583/2040 3664/5584/2043 3660/5585/2040 
f 3493/5143/2080 3463/5142/2084 3645/5586/2042 
f 3657/5457/2142 3457/5099/2073 3459/5101/2070 
f 3578/5587/111 3651/5588/111 3653/5589/111 
f 3655/5590/2040 3657/5591/2043 3653/5592/2040 
f 3497/5149/2080 3460/5148/2080 3658/5593/2042 
f 3671/5471/2142 3503/5594/2073 3454/5096/2070 
f 3580/5595/111 3750/5596/111 3665/5597/111 
f 3669/5598/2040 3671/5599/2043 3665/5600/2040 
f 3501/5155/2080 3457/5154/2249 3651/5601/2042 
f 3504/5158/2080 3503/5157/2080 3750/5602/2042 
f 3435/5077/2070 3674/5474/2141 3433/5075/2073 
f 3751/5603/111 3678/5604/111 3677/5605/111 
f 3506/5161/2080 3433/5160/2084 3678/5606/2044 
f 3736/5607/439 3745/5608/111 3582/5609/111 
f 3746/5610/2040 3747/5611/2040 3745/5612/2043 
f 3752/5613/2287 3747/5547/2177 3739/5539/2283 
f 3679/5479/2142 3436/5078/2073 3438/5080/2070 
f 3583/5614/111 3685/5615/111 3753/5616/111 
f 3511/5167/2080 3436/5166/2247 3685/5617/2044 
f 3675/5618/2043 3672/5619/2040 3677/5620/2043 
f 3686/5486/2142 3439/5081/2073 3441/5083/2070 
f 3585/5621/111 3691/5622/111 3754/5623/111 
f 3515/5173/2080 3439/5172/2084 3691/5624/2042 
f 3682/5625/2040 3679/5626/2040 3753/5627/2040 
f 3692/5492/2142 3442/5084/2073 3444/5086/2070 
f 3587/5628/111 3697/5629/111 3755/5630/111 
f 3519/5179/2080 3442/5178/2084 3697/5631/2042 
f 3756/5632/2040 3686/5633/2040 3754/5634/2040 
f 3757/5635/2142 3445/5087/2073 3447/5089/2070 
f 3589/5636/111 3710/5637/111 3758/5638/111 
f 3523/5185/2084 3445/5184/2084 3710/5639/2042 
f 3759/5640/2043 3692/5641/2040 3755/5642/2040 
f 3698/5498/2142 3448/5090/2073 3450/5092/2070 
f 3590/5643/111 3704/5644/111 3760/5645/111 
f 3527/5191/2080 3448/5190/2249 3704/5646/2042 
f 3706/5647/2040 3757/5648/2043 3758/5649/2040 
f 3453/5095/2070 3713/5513/2141 3451/5093/2073 
f 3761/5650/111 3717/5651/111 3762/5652/111 
f 3531/5197/2080 3451/5196/2084 3717/5653/2042 
f 3701/5654/2040 3698/5655/2043 3760/5656/2040 
f 3714/5657/2040 3711/5658/2043 3762/5659/2040 
f 3728/5528/2276 3611/5389/2111 3610/5388/2110 
f 3722/5660/2179 3724/5661/2046 3613/5420/2133 
f 3613/5391/2113 3728/5528/2276 3610/5388/2110 
f 3623/5421/2266 3735/5535/2165 3734/5534/2280 
f 3538/5422/2135 3623/5421/2266 3730/5530/2160 
f 3735/5535/2165 3752/5613/2287 3739/5539/2283 
f 2685/3727/1909 2858/4298/1916 2686/3728/2049 
f 2687/3729/1911 2686/3728/2049 2688/3730/111 
f 2689/3731/439 2688/3730/111 2690/3732/2193 
f 2692/3734/2052 2691/3733/2194 2690/3732/2193 
f 2694/3736/1909 2890/4304/1916 2695/3737/2053 
f 2696/3738/1911 2695/3737/2053 2697/3739/111 
f 2698/3740/439 2697/3739/111 2699/3741/2055 
f 2701/3743/2054 2700/3742/2051 2699/3741/2055 
f 2703/3745/1909 2891/4307/2205 2704/3746/2049 
f 2705/3747/1911 2704/3746/2049 2706/3748/111 
f 2707/3749/439 2706/3748/111 2708/3750/2051 
f 2710/3752/2054 2709/3751/2051 2708/3750/2051 
f 2712/3754/1909 3003/4310/1909 2713/3755/2049 
f 2714/3756/1911 2713/3755/2049 2715/3757/111 
f 2716/3758/439 2715/3757/111 2717/3759/2055 
f 2719/3761/2054 2718/3760/2051 2717/3759/2055 
f 2721/3763/1909 3004/4312/1909 2722/3764/2196 
f 2723/3765/1911 2722/3764/2196 2724/3766/111 
f 2725/3767/439 2724/3766/111 2726/3768/2051 
f 2728/3770/2054 2727/3769/2051 2726/3768/2051 
f 2730/3772/1909 2894/4315/1909 2731/3773/1911 
f 2732/3774/1911 2731/3773/1911 2733/3775/111 
f 2734/3776/439 2733/3775/111 2735/3777/2055 
f 2737/3779/2054 2736/3778/2051 2735/3777/2055 
f 2739/3781/1909 2893/4317/1916 2740/3782/2050 
f 2741/3783/1921 2740/3782/2050 2742/3784/111 
f 2743/3785/439 2742/3784/111 2744/3786/2051 
f 2746/3788/2054 2745/3787/2051 2744/3786/2051 
f 2748/3790/439 2822/3864/111 2749/3791/2055 
f 2751/3793/2054 2750/3792/2051 2749/3791/2055 
f 2753/3795/261 2843/5662/261 2754/3796/261 
f 2755/3797/261 2754/3796/261 2756/3798/261 
f 2758/3800/2054 2762/3804/2051 2759/3801/2051 
f 2761/3803/439 2764/3806/111 2759/3801/2051 
f 2763/3805/1910 2766/3808/1921 2764/3806/111 
f 2765/3807/1922 2886/4320/1922 2766/3808/1921 
f 2767/3809/2054 2771/3813/2051 2768/3810/2051 
f 2770/3812/439 2773/3815/111 2768/3810/2051 
f 2772/3814/1911 2775/3817/2049 2773/3815/111 
f 2774/3816/1909 3007/4323/2205 2775/3817/2049 
f 2776/3818/2054 2780/3822/2051 2777/3819/2055 
f 2779/3821/439 2782/3824/111 2777/3819/2055 
f 2781/3823/1911 2784/3826/2049 2782/3824/111 
f 2783/3825/1909 3008/4326/1916 2784/3826/2049 
f 2785/3827/2054 2789/3831/2051 2786/3828/2051 
f 2788/3830/439 2791/3833/111 2786/3828/2051 
f 2790/3832/1911 2793/3835/2049 2791/3833/111 
f 2792/3834/1909 3009/4328/1909 2793/3835/2049 
f 2794/3836/2054 2798/3840/2051 2795/3837/2055 
f 2797/3839/439 2800/3842/111 2795/3837/2055 
f 2799/3841/1911 2802/3844/2053 2800/3842/111 
f 2801/3843/1909 3010/4331/1909 2802/3844/2053 
f 2803/3845/2054 2807/3849/2051 2804/3846/2051 
f 2806/3848/439 2809/3851/111 2804/3846/2051 
f 2808/3850/1911 2811/3853/1921 2809/3851/111 
f 2810/3852/1909 3011/4334/1916 2811/3853/1921 
f 2812/3854/2054 2816/3858/2051 2813/3855/2051 
f 2815/3857/439 2818/3860/111 2813/3855/2051 
f 2817/3859/1921 2820/3862/1910 2818/3860/111 
f 2819/3861/1909 2892/4336/1916 2820/3862/1910 
f 2821/3863/1911 2827/3869/2049 2822/3864/111 
f 2823/3865/1944 3000/4297/2203 2824/3866/1950 
f 2826/3868/1909 2895/4338/1916 2827/3869/2049 
f 2828/3870/261 2843/5662/261 2753/3795/261 
f 2858/3948/878 2702/5663/849 2699/3949/849 
f 2709/3926/1930 2710/4305/1936 2694/3951/1935 
f 2718/3922/1930 2719/4308/1936 2703/3952/1935 
f 2807/3942/1931 2803/4332/1936 2819/3953/1935 
f 2741/3927/1930 2750/3906/2199 2751/3954/1936 
f 2781/3876/1930 2771/3881/1931 2767/3956/1936 
f 2723/3933/1930 2736/3945/1931 2737/3958/1936 
f 2714/3934/1931 2727/3918/1930 2728/3960/1936 
f 2790/3886/1930 2780/3891/1931 2776/3962/1936 
f 2854/3964/261 2842/3999/261 2859/3965/261 
f 2799/3894/1930 2789/3941/1931 2785/3967/1936 
f 2732/3930/1931 2745/3911/1930 2746/3969/1936 
f 2826/3971/1935 2821/3904/2199 2816/3901/2198 
f 2808/3931/1931 2798/3895/1930 2794/3973/1936 
f 2772/3878/1930 2762/3883/1931 2758/3975/1936 
f 2837/3977/261 2840/3992/261 2861/3978/261 
f 2839/3980/261 2836/3993/261 2863/3981/261 
f 2838/3983/261 2835/3994/261 2865/3984/261 
f 2832/3986/261 2833/3995/261 2867/3987/261 
f 2830/3989/261 2834/3996/261 2869/3990/261 
f 2840/3992/261 2854/3964/261 2860/3966/261 
f 2836/3993/261 2837/3977/261 2862/3979/261 
f 2835/3994/261 2839/3980/261 2864/3982/261 
f 2833/3995/261 2838/3983/261 2866/3985/261 
f 2834/3996/261 2832/3986/261 2868/3988/261 
f 2831/3997/261 2830/3989/261 2870/3991/261 
f 2842/3999/261 2841/4388/261 2872/4000/261 
f 2873/4001/261 2844/4026/261 2845/4002/261 
f 2875/4004/261 2846/4019/261 2848/4005/261 
f 2877/4007/261 2847/4020/261 2849/4008/261 
f 2879/4010/261 2850/4021/261 2851/4011/261 
f 2881/4013/261 2852/4022/261 2853/4014/261 
f 2883/4016/261 2857/4023/261 2855/4017/261 
f 2874/4003/261 2845/4002/261 2846/4019/261 
f 2876/4006/261 2848/4005/261 2847/4020/261 
f 2878/4009/261 2849/4008/261 2850/4021/261 
f 2880/4012/261 2851/4011/261 2852/4022/261 
f 2882/4015/261 2853/4014/261 2857/4023/261 
f 2884/4018/261 2855/4017/261 2856/4024/261 
f 2757/3799/261 2756/3798/261 2844/4026/261 
f 2886/4027/878 3082/5664/849 2887/4028/849 
f 2693/4093/849 2690/4099/849 2888/4094/849 
f 2890/4106/878 2711/4347/849 2708/4083/849 
f 2891/4107/849 2720/4351/849 2717/4079/849 
f 2892/4108/878 2805/4384/849 2804/4101/849 
f 2752/4109/849 2749/4063/849 2740/4084/849 
f 2784/4035/849 3008/5665/849 2769/4111/878 
f 2722/4090/849 3004/5666/849 2738/4112/878 
f 2713/4091/849 3003/5667/849 2729/4113/878 
f 2793/4042/849 3009/4374/849 2778/4114/878 
f 2802/4051/849 3010/5668/849 2787/4115/878 
f 2747/4116/849 2744/4068/878 2731/4087/849 
f 2813/4058/878 2827/4060/878 2895/4118/849 
f 2811/4088/878 3011/4380/878 2796/4120/878 
f 2775/4037/849 3007/5669/849 2760/4121/878 
f 2887/4028/849 3080/5670/849 2871/4032/849 
f 2885/4098/849 3079/5671/878 2888/4094/849 
f 2700/3944/1930 2701/5672/1936 2685/4122/1935 
f 2896/4123/1941 2965/4321/1941 2897/4124/1940 
f 2899/4126/1941 2970/5673/1939 2900/4127/1940 
f 2902/4129/1941 2974/4324/2206 2903/4130/1940 
f 2905/4132/1941 2978/5674/1939 2906/4133/1940 
f 2908/4135/1941 2982/4329/1939 2909/4136/1940 
f 2911/4138/1941 2986/5675/1939 2912/4139/1940 
f 2914/4141/1941 2990/5676/1939 2915/4142/1940 
f 2917/4144/1938 3005/4318/1941 2918/4145/1939 
f 2920/4147/1941 2962/5677/1939 2921/4148/1940 
f 2923/4150/1941 2958/4313/2206 2924/4151/1940 
f 2926/4153/1941 2954/5678/1939 2927/4154/1940 
f 2929/4156/1941 2950/5679/1939 2930/4157/1940 
f 2932/4159/1941 2946/5680/1939 2933/4160/1940 
f 2824/4162/1938 3000/4302/1941 2935/4163/1939 
f 2937/4165/2201 2997/4577/2041 2938/4166/2202 
f 2940/4168/2203 2932/4303/2203 2934/4169/1950 
f 2942/4171/1947 3013/4585/1949 2936/4172/1948 
f 2943/4174/1944 2929/4306/2203 2931/4175/1946 
f 2945/4177/1952 3016/4594/1949 2933/4178/1951 
f 2947/4180/1944 2926/4309/2203 2928/4181/1950 
f 2949/4183/1952 3019/4602/1949 2930/4184/1951 
f 2951/4186/1944 2923/4311/2203 2925/4187/1950 
f 2953/4189/1947 3022/4610/1949 2927/4190/1949 
f 2955/4192/1924 2920/4314/2203 2922/4193/1946 
f 2957/4195/1947 3216/4618/1949 2924/4196/1951 
f 2959/4198/1944 3005/4316/1944 2917/4199/1950 
f 2961/4201/2204 3027/4627/1949 2921/4202/1951 
f 2963/4204/1947 3030/4630/1949 2919/4205/1949 
f 2964/4207/1947 2995/4636/1949 2897/4208/1949 
f 2966/4210/1953 3006/4319/1953 2967/4211/1954 
f 2969/4213/1952 3036/4647/1949 2900/4214/1951 
f 2971/4216/1944 2896/4322/1944 2898/4217/1946 
f 2973/4219/1947 3039/4655/1949 2903/4220/1951 
f 2975/4222/2203 2899/4325/2203 2901/4223/1950 
f 2977/4225/1947 3042/4663/1949 2906/4226/1951 
f 2979/4228/2203 2902/4327/2203 2904/4229/1946 
f 2981/4231/1947 3046/4671/1951 2909/4232/1951 
f 2983/4234/2203 2905/4330/2203 2907/4235/1945 
f 2985/4237/1952 3047/4679/1949 2912/4238/1949 
f 2987/4240/1944 2908/4333/2203 2910/4241/1925 
f 2989/4243/1947 2996/4687/1949 2915/4244/1951 
f 2991/4246/1924 2911/4335/2203 2913/4247/1946 
f 2993/4249/1944 2914/4337/1944 2916/4250/1946 
f 2971/4252/849 2972/4364/878 2995/4253/849 
f 2976/4255/849 3036/4368/878 2969/4256/849 
f 2980/4258/849 3039/4371/849 2973/4259/849 
f 2984/4261/849 3042/4375/878 2977/4262/878 
f 2988/4264/849 3046/4379/878 2981/4265/878 
f 2992/4267/878 3047/4381/849 2985/4268/849 
f 2993/4270/849 2994/4386/878 2996/4271/878 
f 2960/4273/878 3030/4360/849 2963/4274/849 
f 2956/4276/849 3027/4357/878 2961/4277/849 
f 2952/4279/849 3216/5681/849 2957/4280/849 
f 2948/4282/849 3022/4352/878 2953/4283/849 
f 2944/4285/849 3019/4348/878 2949/4286/849 
f 2941/4288/849 3016/4344/878 2945/4289/849 
f 2825/4291/849 3013/4340/878 2942/4292/849 
f 2997/4294/878 2937/4341/849 2998/4295/878 
f 3000/4297/2203 2823/3865/1944 2858/4298/1916 
f 3001/4299/849 2966/4366/849 2968/4300/878 
f 2685/4122/1935 2701/5672/1936 2935/4163/1939 
f 2939/4167/1942 2692/3734/2052 2693/3735/2195 
f 2932/4303/2203 2940/4168/2203 2890/4304/1916 
f 2710/4305/1936 2946/5680/1939 2932/4159/1941 
f 2935/4173/1947 2701/3743/2054 2702/3744/1918 
f 2929/4306/2203 2943/4174/1944 2891/4307/2205 
f 2719/4308/1936 2950/5679/1939 2929/4156/1941 
f 2946/4179/1952 2710/3752/2054 2711/3753/2054 
f 2926/4309/2203 2947/4180/1944 3003/4310/1909 
f 2728/3960/1936 2954/5678/1939 2926/4153/1941 
f 2950/4185/1952 2719/3761/2054 2720/3762/1918 
f 2923/4311/2203 2951/4186/1944 3004/4312/1909 
f 2721/3959/1935 2737/3958/1936 2958/4313/2206 
f 2954/4191/1952 2728/3770/2054 2729/3771/2054 
f 2920/4314/2203 2955/4192/1924 2894/4315/1909 
f 2746/3969/1936 2962/5677/1939 2920/4147/1941 
f 2958/4197/1952 2737/3779/2054 2738/3780/1918 
f 3005/4316/1944 2959/4198/1944 2893/4317/1916 
f 2739/3955/1935 2751/3954/1936 2918/4145/1939 
f 2962/4203/1952 2746/3788/2054 2747/3789/1918 
f 2918/4206/1947 2751/3793/2054 2752/3794/1918 
f 2965/4209/1952 2758/3800/2054 2760/3802/2054 
f 3006/4319/1953 2966/4210/1953 2886/4320/1922 
f 2896/4123/1941 2774/3976/1935 2758/3975/1936 
f 2970/4215/1952 2767/3809/2054 2769/3811/2054 
f 2767/3956/1936 2970/5673/1939 2899/4126/1941 
f 2896/4322/1944 2971/4216/1944 3007/4323/2205 
f 2974/4221/1952 2776/3818/2054 2778/3820/1918 
f 2792/3963/1935 2776/3962/1936 2974/4324/2206 
f 2899/4325/2203 2975/4222/2203 3008/4326/1916 
f 2978/4227/1952 2785/3827/2054 2787/3829/2054 
f 2785/3967/1936 2978/5674/1939 2905/4132/1941 
f 2902/4327/2203 2979/4228/2203 3009/4328/1909 
f 2982/4233/1952 2794/3836/2054 2796/3838/1918 
f 2908/4135/1941 2810/3974/1935 2794/3973/1936 
f 2905/4330/2203 2983/4234/2203 3010/4331/1909 
f 2986/4239/1952 2803/3845/2054 2805/3847/1918 
f 2803/4332/1936 2986/5675/1939 2911/4138/1941 
f 2908/4333/2203 2987/4240/1944 3011/4334/1916 
f 2990/4245/1952 2812/3854/2054 2814/3856/1918 
f 2812/3972/1936 2990/5676/1939 2914/4141/1941 
f 2911/4335/2203 2991/4246/1924 2892/4336/1916 
f 2914/4337/1944 2993/4249/1944 2895/4338/1916 
f 2942/4292/849 2702/5663/849 2858/3948/878 
f 3012/4339/878 3214/5682/878 3013/4340/878 
f 2693/4093/849 2889/4095/878 2998/4295/878 
f 3014/4342/849 2997/4294/878 2999/4296/849 
f 3016/4344/878 2941/4288/849 3017/4345/878 
f 2711/4347/849 2890/4106/878 2940/4290/849 
f 3019/4348/878 2944/4285/849 3020/4349/849 
f 2943/4287/849 2949/4286/849 2720/4351/849 
f 3022/4352/878 2948/4282/849 3023/4353/878 
f 2729/4113/878 3003/5667/849 2947/4284/849 
f 3025/4355/878 3216/5681/849 2952/4279/849 
f 2738/4112/878 3004/5666/849 2951/4281/849 
f 3027/4357/878 2956/4276/849 3028/4358/849 
f 2747/4116/849 2894/4117/849 2955/4278/878 
f 3030/4360/849 2960/4273/878 3031/4361/878 
f 2963/4274/849 2752/4109/849 2893/4110/878 
f 3033/4363/878 2995/4253/849 2972/4364/878 
f 2760/4121/878 3007/5669/849 2971/4252/849 
f 3001/4299/849 3082/5664/849 2886/4027/878 
f 3035/4367/878 3763/5683/878 3002/4301/878 
f 3036/4368/878 2976/4255/849 3037/4369/878 
f 2769/4111/878 3008/5665/849 2975/4257/849 
f 3039/4371/849 2980/4258/849 3040/4372/878 
f 2973/4259/849 2778/4114/878 3009/4374/849 
f 3042/4375/878 2984/4261/849 3043/4376/849 
f 2787/4115/878 3010/5668/849 2983/4263/849 
f 3045/4378/849 3223/5684/878 3046/4379/878 
f 2981/4265/878 2796/4120/878 3011/4380/878 
f 3047/4381/849 2992/4267/878 3048/4382/878 
f 2805/4384/849 2892/4108/878 2991/4269/878 
f 3050/4385/878 2996/4271/878 2994/4386/878 
f 2993/4270/849 2989/4272/878 2814/4119/849 
f 2841/4388/261 2828/3870/261 2829/3871/261 
f 3052/4389/1956 3055/4392/1959 3053/4390/1957 
f 3055/4392/1959 3064/4401/2212 3056/4393/2207 
f 3057/4394/2208 3061/4398/2210 3058/4395/2209 
f 3060/4397/1964 3081/5685/2181 3061/4398/2210 
f 3062/4399/1966 3055/4392/1959 3052/4389/1956 
f 3062/4399/1966 3077/4414/2222 3064/4401/2212 
f 3065/4402/2213 3057/4394/2208 3059/4396/1963 
f 3065/4402/2213 3078/4415/2223 3060/4397/1964 
f 3067/4404/1971 3071/4408/2217 3068/4405/1972 
f 3067/4404/1971 3083/4697/2238 3070/4407/2216 
f 3072/4409/2218 3076/4413/2221 3073/4410/1977 
f 3075/4412/2220 3084/4438/2225 3073/4410/1977 
f 3077/4414/2222 3062/4399/1966 3071/4408/2217 
f 3063/4400/2211 3068/4405/1972 3071/4408/2217 
f 3076/4413/2221 3065/4402/2213 3066/4403/2214 
f 3076/4413/2221 3072/4409/2218 3078/4415/2223 
f 3052/4389/1956 3054/4391/1958 2856/3940/1933 
f 3056/4418/261 3079/5686/261 3054/4416/261 
f 3079/5686/261 2885/4025/261 3054/4416/261 
f 2885/4025/261 2856/4024/261 3054/4416/261 
f 3064/4419/2224 2888/4429/2120 3079/4420/1985 
f 3059/4396/1963 3058/4395/2209 3080/4422/109 
f 2831/3873/1927 3081/5685/2181 3060/4397/1964 
f 2871/3998/261 3080/5687/261 3081/4424/372 
f 3080/5687/261 3058/5688/261 3081/4424/372 
f 3058/5688/261 3061/5689/1983 3081/4424/372 
f 2889/4425/1987 3077/4430/1991 3070/4426/1988 
f 3052/4389/1956 2691/3939/2200 2692/4428/1990 
f 2888/4429/2120 3064/4419/2224 3077/4430/1991 
f 3063/4400/2211 2692/4428/1990 2939/4431/1992 
f 3075/4412/2220 3066/4403/2214 3082/4432/1993 
f 2887/4423/1986 3082/4432/1993 3066/4403/2214 
f 3078/4415/2223 3072/4409/2218 3006/4434/1995 
f 3060/4397/1964 3078/4415/2223 2765/4435/1996 
f 2938/4436/1997 3069/4406/2215 3068/4405/1972 
f 3083/4437/1998 2999/5690/1998 2998/4427/1989 
f 3001/4433/1994 3002/5691/2288 3084/4438/2225 
f 2967/4439/2000 3006/4434/1995 3072/4409/2218 
f 3085/4440/2226 3089/4444/2227 3086/4441/2002 
f 3085/4440/2226 3090/4445/2004 3088/4443/2003 
f 3090/4445/2004 3213/4568/2009 3091/4446/2005 
f 3092/4447/2001 3096/4451/2006 3093/4448/2002 
f 3095/4450/2004 3098/4453/2003 3096/4451/2006 
f 3097/4452/2009 3764/5692/2005 3098/4453/2003 
f 3099/4454/2001 3103/4458/2006 3100/4455/2002 
f 3102/4457/2004 3105/4460/2003 3103/4458/2006 
f 3102/4457/2004 3215/4588/2009 3104/4459/2005 
f 3106/4461/2001 3110/4465/2001 3107/4462/2002 
f 3106/4461/2001 3112/4467/2004 3109/4464/2003 
f 3111/4466/2009 3765/5693/2005 3109/4464/2003 
f 3113/4468/2226 3117/4472/2006 3114/4469/2002 
f 3116/4471/2004 3119/4474/2003 3117/4472/2006 
f 3118/4473/2009 3766/5694/2005 3119/4474/2003 
f 3120/4475/2006 3124/4479/2006 3121/4476/2002 
f 3123/4478/2004 3126/4481/2008 3124/4479/2006 
f 3125/4480/2009 3767/5695/2005 3126/4481/2008 
f 3127/4482/2002 3130/4485/2006 3128/4483/2006 
f 3130/4485/2006 3132/4487/2004 3131/4486/2003 
f 3132/4487/2004 3217/4621/2009 3133/4488/2005 
f 3134/4489/2003 3138/4493/2004 3135/4490/2009 
f 3137/4492/2006 3140/4495/2006 3138/4493/2004 
f 3137/4492/2006 3218/5696/2002 3139/4494/2002 
f 3141/4496/2003 3145/4500/2004 3142/4497/2009 
f 3144/4499/2006 3147/4502/2006 3145/4500/2004 
f 3146/4501/2002 3219/5697/2002 3147/4502/2006 
f 3148/4503/2003 3152/4507/2004 3149/4504/2009 
f 3148/4503/2003 3154/4509/2001 3151/4506/2001 
f 3153/4508/2002 3220/5698/2002 3151/4506/2001 
f 3155/4510/2003 3159/4514/2004 3156/4511/2009 
f 3155/4510/2003 3161/4516/2001 3158/4513/2001 
f 3160/4515/2002 3221/5699/2002 3158/4513/2001 
f 3162/4517/2003 3166/4521/2004 3163/4518/2009 
f 3165/4520/2006 3168/4523/2006 3166/4521/2004 
f 3167/4522/2002 3224/5700/2002 3168/4523/2006 
f 3169/4524/2005 3173/4528/2003 3170/4525/2004 
f 3172/4527/2006 3175/4530/2001 3170/4525/2004 
f 3174/4529/2002 3222/5701/2002 3175/4530/2001 
f 3176/4531/2003 3180/4535/2004 3177/4532/2009 
f 3179/4534/2006 3182/4537/2226 3180/4535/2004 
f 3181/4536/2002 3225/5702/2002 3182/4537/2226 
f 3183/4538/2010 3187/4542/2014 3184/4539/2011 
f 3186/4541/2229 3189/4544/2016 3187/4542/2014 
f 3188/4543/2015 3226/4694/2237 3189/4544/2016 
f 3184/4539/2011 3187/4542/2014 3190/4545/2017 
f 3187/4542/2014 3189/4544/2016 3192/4547/2230 
f 3189/4544/2016 3226/4694/2237 3193/4548/2020 
f 3194/4549/2021 3197/4552/2024 3195/4550/2231 
f 3197/4552/2024 3199/4554/2026 3198/4553/2025 
f 3199/4554/2026 3227/4698/2239 3200/4555/2027 
f 3201/4556/2232 3202/4557/2029 3197/4552/2024 
f 3202/4557/2029 3204/4559/2031 3199/4554/2026 
f 3203/4558/2030 3227/4698/2239 3199/4554/2026 
f 3191/4546/2018 3190/4545/2017 3205/4560/2233 
f 3190/4545/2017 3192/4547/2230 3207/4562/2235 
f 3192/4547/2230 3193/4548/2020 3208/4563/2035 
f 3209/4564/2236 3202/4557/2029 3201/4556/2232 
f 3211/4566/2038 3204/4559/2031 3202/4557/2029 
f 3212/4567/2039 3203/4558/2030 3204/4559/2031 
f 2936/4164/1940 3091/4446/2005 3213/4568/2009 
f 3086/4569/111 3214/5703/111 3012/4570/111 
f 2825/3867/1946 2824/3866/1950 3087/4572/2040 
f 2824/3866/1950 3213/5704/2043 3087/4572/2040 
f 3213/5704/2043 3090/5705/2043 3087/4572/2040 
f 3090/5705/2043 3085/5706/2289 3087/4572/2040 
f 3014/4576/439 3015/5707/111 3185/4574/439 
f 3185/4574/439 3184/5708/2290 3191/4575/439 
f 3191/4575/439 3206/5709/111 3014/4576/439 
f 3207/5710/2042 3208/5711/2042 3206/4579/2042 
f 3208/5711/2042 2938/4166/2202 3206/4579/2042 
f 3207/5710/2042 3206/4579/2042 3205/5712/2042 
f 2938/4166/2202 2997/4577/2041 3206/4579/2042 
f 3208/4563/2035 3193/4548/2020 3069/4406/2215 
f 2933/4160/1940 3764/5692/2005 3097/4452/2009 
f 3093/4580/111 3018/5713/111 3017/4581/111 
f 2941/4170/1925 2934/4169/1950 3094/4583/2040 
f 2934/4169/1950 3097/5714/2040 3094/4583/2040 
f 3097/5714/2040 3095/5715/2040 3094/4583/2040 
f 3095/5715/2040 3092/5716/2289 3094/4583/2040 
f 3088/5717/2291 3091/5718/2292 3086/4587/2044 
f 3091/5718/2292 2936/4172/1948 3086/4587/2044 
f 3088/5717/2291 3086/4587/2044 3089/5719/2044 
f 2936/4172/1948 3013/4585/1949 3086/4587/2044 
f 2930/4157/1940 3104/4459/2005 3215/4588/2009 
f 3100/4589/111 3021/5720/111 3020/4590/111 
f 2944/4176/1946 2931/4175/1946 3101/4592/2040 
f 2931/4175/1946 3215/5721/2040 3101/4592/2040 
f 3215/5721/2040 3102/5722/2040 3101/4592/2040 
f 3102/5722/2040 3099/5723/2040 3101/4592/2040 
f 3098/5724/2042 3764/5725/2042 3093/4596/2042 
f 3764/5725/2042 2933/4178/1951 3093/4596/2042 
f 3098/5724/2042 3093/4596/2042 3096/5726/2042 
f 2933/4178/1951 3016/4594/1949 3093/4596/2042 
f 2927/4154/1940 3765/5693/2005 3111/4466/2009 
f 3107/4597/111 3024/5727/111 3023/4598/111 
f 2948/4182/1925 2928/4181/1950 3108/4600/2043 
f 2928/4181/1950 3111/5728/2043 3108/4600/2043 
f 3111/5728/2043 3112/5729/2043 3108/4600/2043 
f 3112/5729/2043 3106/5730/2040 3108/4600/2043 
f 3105/5731/2042 3104/5732/2042 3100/4604/2042 
f 3104/5732/2042 2930/4184/1951 3100/4604/2042 
f 3105/5731/2042 3100/4604/2042 3103/5733/2042 
f 2930/4184/1951 3019/4602/1949 3100/4604/2042 
f 2924/4151/1940 3767/5695/2005 3125/4480/2009 
f 3121/4605/111 3025/5734/111 3026/4606/111 
f 2952/4188/1946 2925/4187/1950 3122/4608/2040 
f 2925/4187/1950 3125/5735/2040 3122/4608/2040 
f 3125/5735/2040 3123/5736/2040 3122/4608/2040 
f 3123/5736/2040 3120/5737/2040 3122/4608/2040 
f 3109/5738/2044 3765/5739/2044 3107/4612/2044 
f 3765/5739/2044 2927/4190/1949 3107/4612/2044 
f 3109/5738/2044 3107/4612/2044 3110/5740/2044 
f 2927/4190/1949 3022/4610/1949 3107/4612/2044 
f 2921/4148/1940 3766/5694/2005 3118/4473/2009 
f 3114/4613/111 3029/5741/111 3028/4614/111 
f 2956/4194/1925 2922/4193/1946 3115/4616/2043 
f 2922/4193/1946 3118/5742/2043 3115/4616/2043 
f 3118/5742/2043 3116/5743/2043 3115/4616/2043 
f 3116/5743/2043 3113/5744/2040 3115/4616/2043 
f 3126/5745/2044 3767/5746/2042 3121/4620/2044 
f 3767/5746/2042 2924/4196/1951 3121/4620/2044 
f 3126/5745/2044 3121/4620/2044 3124/5747/2044 
f 2924/4196/1951 3216/4618/1949 3121/4620/2044 
f 3217/4621/2009 2917/4144/1938 2919/4146/1940 
f 3129/4622/111 3032/5748/111 3031/4623/111 
f 2960/4200/1946 2917/4199/1950 3127/4625/2043 
f 2917/4199/1950 3217/5749/2043 3127/4625/2043 
f 3217/5749/2043 3132/5750/2043 3127/4625/2043 
f 3132/5750/2043 3130/5751/2040 3127/4625/2043 
f 3119/5752/2044 3766/5753/2042 3114/4629/2044 
f 3766/5753/2042 2921/4202/1951 3114/4629/2044 
f 3119/5752/2044 3114/4629/2044 3117/5754/2044 
f 2921/4202/1951 3027/4627/1949 3114/4629/2044 
f 3131/5755/2044 3133/5756/2044 3129/4632/2044 
f 3133/5756/2044 2919/4205/1949 3129/4632/2044 
f 3131/5755/2044 3129/4632/2044 3128/5757/2042 
f 2919/4205/1949 3030/4630/1949 3129/4632/2044 
f 2898/4125/1938 2897/4124/1940 3136/4491/2005 
f 3218/4633/111 3033/5758/111 3034/4634/111 
f 3134/5759/2042 3136/5760/2042 3218/4638/2042 
f 3136/5760/2042 2897/4208/1949 3218/4638/2042 
f 3134/5759/2042 3218/4638/2042 3137/5761/2042 
f 2897/4208/1949 2995/4636/1949 3218/4638/2042 
f 3196/4641/2192 3763/5762/439 3201/4639/439 
f 3763/5762/439 3035/5763/111 3201/4639/439 
f 3035/5763/111 3210/5764/111 3201/4639/439 
f 2968/4212/1954 2967/4211/1954 3210/4642/2040 
f 2967/4211/1954 3212/5765/2040 3210/4642/2040 
f 3212/5765/2040 3211/5766/2043 3210/4642/2040 
f 3211/5766/2043 3209/5767/2043 3210/4642/2040 
f 3074/4411/2219 3203/4558/2030 3212/4567/2039 
f 2900/4127/1940 3143/4498/2005 3142/4497/2009 
f 3146/4644/111 3038/5768/111 3037/4645/111 
f 3141/5769/2042 3143/5770/2042 3146/4649/2042 
f 3143/5770/2042 2900/4214/1951 3146/4649/2042 
f 3141/5769/2042 3146/4649/2042 3144/5771/2291 
f 2900/4214/1951 3036/4647/1949 3146/4649/2042 
f 2972/4218/1925 2898/4217/1946 3139/4650/2040 
f 2898/4217/1946 3135/5772/2286 3139/4650/2040 
f 3135/5772/2286 3138/5773/2040 3139/4650/2040 
f 3138/5773/2040 3140/5774/2040 3139/4650/2040 
f 2903/4130/1940 3150/4505/2005 3149/4504/2009 
f 3153/4652/111 3041/5775/111 3040/4653/111 
f 3148/5776/2042 3150/5777/2042 3153/4657/2042 
f 3150/5777/2042 2903/4220/1951 3153/4657/2042 
f 3148/5776/2042 3153/4657/2042 3154/5778/2042 
f 2903/4220/1951 3039/4655/1949 3153/4657/2042 
f 2976/4224/1925 2901/4223/1950 3219/4658/2040 
f 2901/4223/1950 3142/5779/2043 3219/4658/2040 
f 3142/5779/2043 3145/5780/2043 3219/4658/2040 
f 3145/5780/2043 3147/5781/2289 3219/4658/2040 
f 2906/4133/1940 3157/4512/2005 3156/4511/2009 
f 3160/4660/111 3044/5782/111 3043/4661/111 
f 3155/5783/2044 3157/5784/2044 3160/4665/2044 
f 3157/5784/2044 2906/4226/1951 3160/4665/2044 
f 3155/5783/2044 3160/4665/2044 3161/5785/2044 
f 2906/4226/1951 3042/4663/1949 3160/4665/2044 
f 2980/4230/1925 2904/4229/1946 3220/4666/2040 
f 2904/4229/1946 3149/5786/2040 3220/4666/2040 
f 3149/5786/2040 3152/5787/2040 3220/4666/2040 
f 3152/5787/2040 3151/5788/2040 3220/4666/2040 
f 2909/4136/1940 3169/4524/2005 3171/4526/2009 
f 3174/4668/111 3223/5789/111 3045/4669/111 
f 3173/5790/2044 3169/5791/2042 3174/4673/2044 
f 3169/5791/2042 2909/4232/1951 3174/4673/2044 
f 3173/5790/2044 3174/4673/2044 3172/5792/2044 
f 2909/4232/1951 3046/4671/1951 3174/4673/2044 
f 2984/4236/1925 2907/4235/1945 3221/4674/2043 
f 2907/4235/1945 3156/5793/2286 3221/4674/2043 
f 3156/5793/2286 3159/5794/2040 3221/4674/2043 
f 3159/5794/2040 3158/5795/2043 3221/4674/2043 
f 2912/4139/1940 3164/4519/2005 3163/4518/2009 
f 3167/4676/111 3049/5796/111 3048/4677/111 
f 3162/5797/2044 3164/5798/2044 3167/4681/2044 
f 3164/5798/2044 2912/4238/1949 3167/4681/2044 
f 3162/5797/2044 3167/4681/2044 3165/5799/2044 
f 2912/4238/1949 3047/4679/1949 3167/4681/2044 
f 2988/4242/1946 2910/4241/1925 3222/4682/2043 
f 2910/4241/1925 3171/5800/2043 3222/4682/2043 
f 3171/5800/2043 3170/5801/2043 3222/4682/2043 
f 3170/5801/2043 3175/5802/2040 3222/4682/2043 
f 2916/4143/1938 2915/4142/1940 3178/4533/2005 
f 3181/4684/111 3050/5803/111 3051/4685/111 
f 3176/5804/2044 3178/5805/2044 3181/4689/2044 
f 3178/5805/2044 2915/4244/1951 3181/4689/2044 
f 3176/5804/2044 3181/4689/2044 3179/5806/2042 
f 2915/4244/1951 2996/4687/1949 3181/4689/2044 
f 2992/4248/1925 2913/4247/1946 3224/4690/2043 
f 2913/4247/1946 3163/5807/2040 3224/4690/2043 
f 3163/5807/2040 3166/5808/2043 3224/4690/2043 
f 3166/5808/2043 3168/5809/2040 3224/4690/2043 
f 2994/4251/1946 2916/4250/1946 3225/4692/2043 
f 2916/4250/1946 3177/5810/2040 3225/4692/2043 
f 3177/5810/2040 3180/5811/2043 3225/4692/2043 
f 3180/5811/2043 3182/5812/2040 3225/4692/2043 
f 3069/4406/2215 3193/4548/2020 3226/4694/2237 
f 3015/5813/2179 2999/5690/1998 3185/5814/2046 
f 2999/5690/1998 3083/4437/1998 3183/4696/2046 
f 3185/5814/2046 2999/5690/1998 3183/4696/2046 
f 3083/4437/1998 3188/5815/2293 3186/4695/2179 
f 3083/4697/2238 3067/4404/1971 3226/4694/2237 
f 3227/4698/2239 3073/4410/1977 3084/4438/2225 
f 3198/4553/2025 3200/4555/2027 3084/4438/2225 
f 3084/4438/2225 3002/5691/2288 3195/4550/2231 
f 3002/5691/2288 3763/5816/2185 3196/4551/2023 
f 3195/4550/2231 3002/5691/2288 3196/4551/2023 
f 3227/4698/2239 3203/4558/2030 3074/4411/2219 
f 3228/4699/2050 3386/5249/2088 3229/4700/1916 
f 3231/4702/111 3228/4699/2050 3230/4701/2049 
f 3233/4704/1912 3231/4702/111 3232/4703/439 
f 3235/4706/1914 3417/5256/1915 3233/4704/1912 
f 3236/4707/2050 3419/5257/2088 3237/4708/1916 
f 3239/4710/111 3236/4707/2050 3238/4709/2049 
f 3241/4712/1917 3239/4710/111 3240/4711/439 
f 3243/4714/1918 3540/5261/2090 3241/4712/1917 
f 3244/4715/2053 3420/5262/2088 3245/4716/1916 
f 3247/4718/111 3244/4715/2053 3246/4717/2049 
f 3249/4720/1913 3247/4718/111 3248/4719/439 
f 3251/4722/1918 3542/5266/2092 3249/4720/1913 
f 3252/4723/2049 3543/5267/2088 3253/4724/1916 
f 3255/4726/111 3252/4723/2049 3254/4725/2049 
f 3257/4728/2055 3255/4726/111 3256/4727/439 
f 3259/4730/1918 3545/5270/2090 3257/4728/2055 
f 3260/4731/2053 3546/5271/2088 3261/4732/1916 
f 3263/4734/111 3260/4731/2053 3262/4733/2049 
f 3265/4736/1913 3263/4734/111 3264/4735/439 
f 3267/4738/1918 3425/5275/2092 3265/4736/1913 
f 3268/4739/2196 3549/5276/2088 3269/4740/1916 
f 3271/4742/111 3268/4739/2196 3270/4741/2049 
f 3273/4744/1917 3271/4742/111 3272/4743/439 
f 3275/4746/1918 3424/5280/2092 3273/4744/1917 
f 3276/4747/2196 3550/5281/2088 3277/4748/1916 
f 3279/4750/111 3276/4747/2196 3278/4749/2049 
f 3281/4752/1912 3279/4750/111 3280/4751/439 
f 3283/4754/1918 3428/5285/2092 3281/4752/1912 
f 3284/4755/1917 3349/4820/111 3285/4756/439 
f 3287/4758/1918 3422/5287/2090 3284/4755/1917 
f 3288/4759/261 3371/5817/261 3289/4760/261 
f 3291/4762/261 3288/4759/261 3290/4761/261 
f 3293/4764/1918 3431/5289/2092 3294/4765/1913 
f 3294/4765/1913 3297/4768/111 3296/4767/439 
f 3297/4768/111 3299/4770/2053 3298/4769/2049 
f 3299/4770/2053 3414/5290/1922 3300/4771/2057 
f 3301/4772/1918 3423/5293/2092 3302/4773/1913 
f 3302/4773/1913 3305/4776/111 3304/4775/439 
f 3305/4776/111 3307/4778/2049 3306/4777/2049 
f 3307/4778/2049 3555/5294/2088 3308/4779/1916 
f 3309/4780/1918 3426/5297/2092 3310/4781/2055 
f 3310/4781/2055 3313/4784/111 3312/4783/439 
f 3313/4784/111 3315/4786/2049 3314/4785/2049 
f 3315/4786/2049 3557/5299/2088 3316/4787/1916 
f 3317/4788/1918 3427/5302/2092 3318/4789/1913 
f 3318/4789/1913 3321/4792/111 3320/4791/439 
f 3321/4792/111 3323/4794/2053 3322/4793/2049 
f 3323/4794/2053 3559/5303/2088 3324/4795/1916 
f 3325/4796/1918 3430/5306/2092 3326/4797/2055 
f 3326/4797/2055 3329/4800/111 3328/4799/439 
f 3329/4800/111 3331/4802/2196 3330/4801/2049 
f 3331/4802/2196 3561/5308/2088 3332/4803/1916 
f 3333/4804/1918 3563/5311/2090 3334/4805/1917 
f 3334/4805/1917 3337/4808/111 3336/4807/439 
f 3337/4808/111 3339/4810/2053 3338/4809/2050 
f 3339/4810/2053 3564/5313/2088 3340/4811/1916 
f 3341/4812/1918 3566/5316/2092 3342/4813/2055 
f 3342/4813/2055 3345/4816/111 3344/4815/439 
f 3345/4816/111 3347/4818/2196 3346/4817/2049 
f 3347/4818/2196 3421/5318/2088 3348/4819/1916 
f 3349/4820/111 3354/4825/2196 3350/4821/2049 
f 3351/4822/2060 3473/5250/2059 3352/4823/2077 
f 3354/4825/2196 3429/5320/2088 3355/4826/1916 
f 3289/4760/261 3371/5817/261 3356/4827/261 
f 3241/4905/595 3540/5322/595 3386/4906/619 
f 3237/4908/2067 3251/5259/2068 3250/4883/2063 
f 3245/4909/2067 3259/5264/2068 3258/4879/2063 
f 3348/4910/2067 3333/5312/2068 3335/4899/2243 
f 3278/4884/2063 3277/5283/2067 3287/4911/2068 
f 3301/4912/2068 3303/4838/2064 3314/4834/2063 
f 3275/4914/2068 3274/4902/2064 3262/4890/2063 
f 3267/4916/2068 3266/4875/2063 3254/4891/2064 
f 3309/4918/2068 3311/4849/2064 3322/4842/2063 
f 3387/4920/261 3370/4954/261 3382/4921/261 
f 3317/4923/2068 3319/4898/2064 3330/4851/2063 
f 3270/4887/2064 3269/5278/2067 3283/4925/2068 
f 3355/4926/2067 3341/5317/2068 3343/4858/2241 
f 3325/4927/2068 3327/4853/2063 3338/4888/2064 
f 3293/4929/2068 3295/4840/2064 3306/4836/2063 
f 3389/4931/261 3368/4946/261 3365/4932/261 
f 3391/4934/261 3364/4947/261 3367/4935/261 
f 3393/4937/261 3363/4948/261 3366/4938/261 
f 3395/4940/261 3361/4949/261 3360/4941/261 
f 3397/4943/261 3362/4950/261 3358/4944/261 
f 3388/4922/261 3382/4921/261 3368/4946/261 
f 3390/4933/261 3365/4932/261 3364/4947/261 
f 3392/4936/261 3367/4935/261 3363/4948/261 
f 3394/4939/261 3366/4938/261 3361/4949/261 
f 3396/4942/261 3360/4941/261 3362/4950/261 
f 3398/4945/261 3358/4944/261 3359/4951/261 
f 3400/4953/261 3369/5370/261 3370/4954/261 
f 3373/4955/261 3372/4980/261 3401/4956/261 
f 3376/4958/261 3374/4973/261 3403/4959/261 
f 3377/4961/261 3375/4974/261 3405/4962/261 
f 3379/4964/261 3378/4975/261 3407/4965/261 
f 3381/4967/261 3380/4976/261 3409/4968/261 
f 3383/4970/261 3385/4977/261 3411/4971/261 
f 3374/4973/261 3373/4955/261 3402/4957/261 
f 3375/4974/261 3376/4958/261 3404/4960/261 
f 3378/4975/261 3377/4961/261 3406/4963/261 
f 3380/4976/261 3379/4964/261 3408/4966/261 
f 3385/4977/261 3381/4967/261 3410/4969/261 
f 3384/4978/261 3383/4970/261 3412/4972/261 
f 3372/4980/261 3291/4762/261 3292/4763/261 
f 3414/4981/619 3299/4994/619 3415/4982/595 
f 3417/5048/595 3622/5818/619 3418/5049/595 
f 3249/5038/595 3542/5331/595 3419/5060/619 
f 3257/5034/595 3545/5335/595 3420/5061/619 
f 3334/5055/619 3563/5367/595 3421/5062/595 
f 3422/5063/595 3550/5347/619 3276/5039/595 
f 3423/5064/595 3557/5819/595 3315/4988/595 
f 3424/5065/619 3546/5341/595 3260/5045/595 
f 3425/5066/619 3543/5820/595 3252/5046/595 
f 3426/5067/595 3559/5357/595 3323/4998/595 
f 3427/5068/619 3561/5821/595 3331/5006/595 
f 3428/5069/595 3549/5822/595 3268/5042/595 
f 3342/5013/619 3566/5369/595 3429/5070/595 
f 3430/5071/619 3564/5363/595 3339/5043/595 
f 3431/5072/595 3555/5349/595 3307/4990/595 
f 3415/4982/595 3299/4994/619 3399/4985/595 
f 3418/5049/595 3620/5823/595 3413/5053/595 
f 3229/5074/2067 3243/5254/2068 3242/4901/2063 
f 3433/5075/2073 3552/5824/2071 3434/5076/2072 
f 3436/5078/2073 3554/5825/2071 3437/5079/2072 
f 3439/5081/2073 3556/5298/2071 3440/5082/2072 
f 3442/5084/2073 3558/5826/2071 3443/5085/2072 
f 3445/5087/2073 3560/5307/2071 3446/5088/2072 
f 3448/5090/2073 3562/5827/2071 3449/5091/2072 
f 3451/5093/2073 3565/5828/2071 3452/5094/2072 
f 3454/5096/2070 3503/5594/2073 3455/5097/2071 
f 3457/5099/2073 3551/5829/2071 3458/5100/2072 
f 3460/5102/2073 3547/5273/2071 3461/5103/2072 
f 3463/5105/2073 3548/5830/2071 3464/5106/2072 
f 3466/5108/2073 3544/5831/2071 3467/5109/2072 
f 3469/5111/2073 3541/5832/2071 3470/5112/2072 
f 3351/5114/2070 3480/5548/2073 3472/5115/2071 
f 3474/5117/2074 3539/5255/2089 3475/5118/2244 
f 3471/5120/2245 3470/5258/2077 3477/5121/2077 
f 3479/5123/2078 3472/5260/2091 3480/5124/2079 
f 3468/5126/2245 3467/5263/2059 3482/5127/2059 
f 3484/5129/2246 3541/5265/2252 3469/5130/2247 
f 3465/5132/2245 3464/5268/2059 3486/5133/2059 
f 3488/5135/2246 3544/5269/2252 3466/5136/2084 
f 3462/5138/2245 3461/5272/2059 3490/5139/2059 
f 3492/5141/2246 3548/5274/2252 3463/5142/2084 
f 3459/5144/2245 3458/5277/2077 3494/5145/2059 
f 3496/5147/2246 3547/5279/2252 3460/5148/2080 
f 3454/5150/2083 3456/5282/2077 3498/5151/2077 
f 3500/5153/2248 3551/5284/2252 3457/5154/2249 
f 3502/5156/2246 3455/5286/2091 3503/5157/2080 
f 3505/5159/2078 3552/5288/2246 3433/5160/2084 
f 3507/5162/2085 3553/5291/2086 3508/5163/2086 
f 3510/5165/2246 3554/5292/2252 3436/5166/2247 
f 3435/5168/2250 3434/5295/2077 3512/5169/2077 
f 3514/5171/2246 3556/5296/2252 3439/5172/2084 
f 3438/5174/2245 3437/5300/2077 3516/5175/2077 
f 3518/5177/2246 3558/5301/2252 3442/5178/2084 
f 3441/5180/2245 3440/5304/2077 3520/5181/2251 
f 3522/5183/2246 3560/5305/2252 3445/5184/2084 
f 3444/5186/2245 3443/5309/2059 3524/5187/2059 
f 3526/5189/2248 3562/5310/2252 3448/5190/2249 
f 3447/5192/2060 3446/5314/2077 3528/5193/2077 
f 3530/5195/2246 3565/5315/2252 3451/5196/2084 
f 3450/5198/2245 3449/5319/2077 3532/5199/2059 
f 3453/5201/2083 3452/5321/2077 3534/5202/2059 
f 3512/5204/595 3505/5833/595 3506/5205/595 
f 3510/5207/595 3511/5352/619 3517/5208/595 
f 3514/5210/595 3515/5355/595 3521/5211/619 
f 3518/5213/619 3519/5359/619 3525/5214/595 
f 3522/5216/595 3523/5361/595 3529/5217/595 
f 3526/5219/595 3527/5365/619 3533/5220/619 
f 3534/5222/595 3530/5834/619 3531/5223/619 
f 3502/5225/595 3504/5345/595 3499/5226/619 
f 3500/5228/595 3501/5343/595 3495/5229/595 
f 3496/5231/595 3497/5340/595 3491/5232/595 
f 3492/5234/619 3493/5337/619 3487/5235/595 
f 3488/5237/595 3489/5333/595 3483/5238/595 
f 3484/5240/595 3485/5329/619 3478/5241/595 
f 3479/5243/595 3481/5323/595 3353/5244/595 
f 3476/5246/619 3568/5325/595 3536/5247/619 
f 3386/5249/2088 3352/4823/2077 3473/5250/2059 
f 3509/5251/619 3508/5835/595 3537/5252/595 
f 3229/5074/2067 3473/5116/2072 3472/5115/2071 
f 3539/5255/2089 3474/5117/2074 3417/5256/1915 
f 3419/5257/2088 3477/5121/2077 3470/5258/2077 
f 3470/5112/2072 3541/5832/2071 3251/5259/2068 
f 3472/5260/2091 3479/5123/2078 3540/5261/2090 
f 3420/5262/2088 3482/5127/2059 3467/5263/2059 
f 3467/5109/2072 3544/5831/2071 3259/5264/2068 
f 3541/5265/2252 3484/5129/2246 3542/5266/2092 
f 3543/5267/2088 3486/5133/2059 3464/5268/2059 
f 3464/5106/2072 3548/5830/2071 3267/4916/2068 
f 3544/5269/2252 3488/5135/2246 3545/5270/2090 
f 3546/5271/2088 3490/5139/2059 3461/5272/2059 
f 3547/5273/2071 3275/4914/2068 3261/4915/2067 
f 3548/5274/2252 3492/5141/2246 3425/5275/2092 
f 3549/5276/2088 3494/5145/2059 3458/5277/2077 
f 3458/5100/2072 3551/5829/2071 3283/4925/2068 
f 3547/5279/2252 3496/5147/2246 3424/5280/2092 
f 3550/5281/2088 3498/5151/2077 3456/5282/2077 
f 3277/5283/2067 3456/5098/2072 3455/5097/2071 
f 3551/5284/2252 3500/5153/2248 3428/5285/2092 
f 3455/5286/2091 3502/5156/2246 3422/5287/2090 
f 3552/5288/2246 3505/5159/2078 3431/5289/2092 
f 3414/5290/1922 3508/5163/2086 3553/5291/2086 
f 3434/5076/2072 3552/5824/2071 3293/4929/2068 
f 3554/5292/2252 3510/5165/2246 3423/5293/2092 
f 3437/5079/2072 3554/5825/2071 3301/4912/2068 
f 3555/5294/2088 3512/5169/2077 3434/5295/2077 
f 3556/5296/2252 3514/5171/2246 3426/5297/2092 
f 3324/4919/2067 3440/5082/2072 3556/5298/2071 
f 3557/5299/2088 3516/5175/2077 3437/5300/2077 
f 3558/5301/2252 3518/5177/2246 3427/5302/2092 
f 3443/5085/2072 3558/5826/2071 3317/4923/2068 
f 3559/5303/2088 3520/5181/2251 3440/5304/2077 
f 3560/5305/2252 3522/5183/2246 3430/5306/2092 
f 3325/4927/2068 3340/4928/2067 3446/5088/2072 
f 3561/5308/2088 3524/5187/2059 3443/5309/2059 
f 3562/5310/2252 3526/5189/2248 3563/5311/2090 
f 3449/5091/2072 3562/5827/2071 3333/5312/2068 
f 3564/5313/2088 3528/5193/2077 3446/5314/2077 
f 3565/5315/2252 3530/5195/2246 3566/5316/2092 
f 3452/5094/2072 3565/5828/2071 3341/5317/2068 
f 3421/5318/2088 3532/5199/2059 3449/5319/2077 
f 3429/5320/2088 3534/5202/2059 3452/5321/2077 
f 3479/5243/595 3352/5245/595 3386/4906/619 
f 3481/5323/595 3768/5836/595 3567/5324/595 
f 3536/5247/619 3622/5818/619 3417/5048/595 
f 3568/5325/595 3476/5246/619 3569/5326/619 
f 3571/5328/619 3478/5241/595 3485/5329/619 
f 3477/5242/595 3419/5060/619 3542/5331/595 
f 3573/5332/595 3483/5238/595 3489/5333/595 
f 3545/5335/595 3488/5237/595 3482/5239/619 
f 3575/5336/619 3487/5235/595 3493/5337/619 
f 3486/5236/595 3543/5820/595 3425/5066/619 
f 3577/5339/619 3749/5837/619 3491/5232/595 
f 3424/5065/619 3496/5231/595 3490/5233/595 
f 3578/5342/595 3495/5229/595 3501/5343/595 
f 3494/5230/619 3549/5822/595 3428/5069/595 
f 3504/5345/595 3769/5838/595 3580/5346/619 
f 3502/5225/595 3498/5227/619 3550/5347/619 
f 3581/5348/619 3751/5839/619 3513/5206/619 
f 3431/5072/595 3505/5833/595 3512/5204/595 
f 3537/5252/595 3508/5835/595 3414/4981/619 
f 3538/5253/619 3770/5840/619 3582/5350/619 
f 3583/5351/619 3517/5208/595 3511/5352/619 
f 3516/5209/595 3557/5819/595 3423/5064/595 
f 3585/5354/619 3521/5211/619 3515/5355/595 
f 3514/5210/595 3520/5212/619 3559/5357/595 
f 3587/5358/619 3525/5214/595 3519/5359/619 
f 3524/5215/595 3561/5821/595 3427/5068/619 
f 3523/5361/595 3771/5841/595 3589/5362/595 
f 3522/5216/595 3528/5218/619 3564/5363/595 
f 3590/5364/619 3533/5220/619 3527/5365/619 
f 3532/5221/619 3421/5062/595 3563/5367/595 
f 3592/5368/619 3761/5842/619 3535/5224/619 
f 3566/5369/595 3530/5834/619 3534/5222/595 
f 3357/4828/261 3356/4827/261 3369/5370/261 
f 3593/5371/2093 3619/5397/2262 3594/5372/2253 
f 3595/5373/2095 3594/5372/2253 3596/5374/2254 
f 3598/5376/2256 3601/5379/2257 3599/5377/2099 
f 3601/5379/2257 3621/5404/2122 3602/5380/2102 
f 3593/5371/2093 3595/5373/2095 3603/5381/2103 
f 3603/5381/2103 3595/5373/2095 3597/5375/2255 
f 3600/5378/2100 3599/5377/2099 3606/5384/2259 
f 3606/5384/2259 3599/5377/2099 3602/5380/2102 
f 3609/5387/2109 3618/5396/2118 3610/5388/2110 
f 3610/5388/2110 3618/5396/2118 3612/5390/2260 
f 3614/5392/2114 3752/5613/2287 3615/5393/2115 
f 3615/5393/2115 3623/5421/2266 3617/5395/2117 
f 3605/5383/2258 3612/5390/2260 3618/5396/2118 
f 3618/5396/2118 3609/5387/2109 3604/5382/2104 
f 3607/5385/2107 3606/5384/2259 3616/5394/2261 
f 3616/5394/2261 3606/5384/2259 3608/5386/2108 
f 3593/5371/2093 3234/4897/2066 3384/4896/2065 
f 3413/4979/261 3620/5843/261 3619/5398/261 
f 3620/5843/261 3596/5844/261 3619/5398/261 
f 3596/5844/261 3594/5845/261 3619/5398/261 
f 3620/5399/1985 3418/5412/1984 3597/5400/2263 
f 3432/5402/109 3598/5376/2256 3600/5378/2100 
f 3359/4831/2062 3298/4839/2240 3602/5380/2102 
f 3598/5407/1983 3432/5846/372 3621/5405/372 
f 3432/5846/372 3399/4952/261 3621/5405/372 
f 3399/4952/261 3359/4951/261 3621/5405/372 
f 3622/5408/2264 3536/5419/2124 3612/5409/2124 
f 3235/5411/2126 3234/4897/2066 3593/5371/2093 
f 3605/5410/2125 3597/5400/2263 3418/5412/1984 
f 3539/5413/2127 3235/5411/2126 3604/5382/2104 
f 3416/5414/2128 3607/5385/2107 3617/5395/2117 
f 3415/5403/1986 3600/5378/2100 3607/5385/2107 
f 3608/5386/2108 3300/5417/2131 3553/5416/2130 
f 3602/5380/2102 3298/4839/2240 3300/5417/2131 
f 3609/5387/2109 3611/5389/2111 3475/5418/2132 
f 3536/5419/2124 3568/5847/2186 3613/5420/2133 
f 3537/5415/2265 3617/5395/2117 3623/5421/2266 
f 3507/5423/2136 3752/5613/2287 3614/5392/2114 
f 3624/5424/2267 3772/5848/2294 3625/5425/2143 
f 3625/5425/2143 3772/5848/2294 3627/5427/2139 
f 3628/5428/2268 3627/5427/2139 3629/5429/2141 
f 3631/5431/2267 3634/5434/2138 3632/5432/2146 
f 3634/5434/2138 3636/5436/2144 3635/5435/2140 
f 3636/5436/2144 3773/5849/2141 3637/5437/2142 
f 3638/5438/2267 3641/5441/2146 3639/5439/2146 
f 3641/5441/2146 3774/5850/2139 3642/5442/2140 
f 3642/5442/2140 3774/5850/2139 3643/5443/2141 
f 3645/5445/2267 3775/5851/2147 3646/5446/2143 
f 3646/5446/2143 3775/5851/2147 3648/5448/2139 
f 3648/5448/2139 3776/5852/2141 3650/5450/2142 
f 3651/5451/2267 3654/5454/2147 3652/5452/2143 
f 3654/5454/2147 3656/5456/2144 3655/5455/2140 
f 3656/5456/2144 3777/5853/2141 3657/5457/2142 
f 3658/5458/2267 3661/5461/2138 3659/5459/2146 
f 3661/5461/2138 3663/5463/2139 3662/5462/2140 
f 3663/5463/2139 3778/5854/2141 3664/5464/2142 
f 3665/5465/2267 3750/5855/2267 3666/5466/2138 
f 3667/5467/2146 3666/5466/2138 3668/5468/2139 
f 3669/5469/2140 3668/5468/2139 3670/5470/2141 
f 3672/5472/2142 3675/5475/2140 3673/5473/2144 
f 3675/5475/2140 3779/5856/2147 3676/5476/2147 
f 3676/5476/2147 3779/5856/2147 3677/5477/2267 
f 3679/5479/2142 3682/5482/2140 3680/5480/2144 
f 3682/5482/2140 3684/5484/2146 3683/5483/2143 
f 3684/5484/2146 3753/5857/2267 3685/5485/2267 
f 3686/5486/2142 3756/5858/2140 3687/5487/2139 
f 3687/5487/2139 3756/5858/2140 3689/5489/2143 
f 3689/5489/2143 3754/5859/2267 3691/5491/2267 
f 3692/5492/2142 3759/5860/2268 3693/5493/2139 
f 3693/5493/2139 3759/5860/2268 3695/5495/2143 
f 3695/5495/2143 3755/5861/2267 3697/5497/2267 
f 3698/5498/2142 3701/5501/2140 3699/5499/2144 
f 3701/5501/2140 3703/5503/2146 3702/5502/2138 
f 3703/5503/2146 3760/5862/2267 3704/5504/2267 
f 3705/5505/2141 3757/5635/2142 3706/5506/2140 
f 3706/5506/2140 3709/5509/2143 3708/5508/2143 
f 3709/5509/2143 3758/5863/2267 3710/5510/2267 
f 3711/5511/2142 3714/5514/2140 3712/5512/2144 
f 3714/5514/2140 3716/5516/2146 3715/5515/2146 
f 3716/5516/2146 3762/5864/2267 3717/5517/2267 
f 3718/5518/2270 3721/5521/2151 3719/5519/2149 
f 3721/5521/2151 3723/5523/2273 3722/5522/2272 
f 3723/5523/2273 3728/5528/2276 3724/5524/2154 
f 3718/5518/2270 3740/5540/2284 3725/5525/2274 
f 3721/5521/2151 3725/5525/2274 3726/5526/2275 
f 3723/5523/2273 3726/5526/2275 3727/5527/2157 
f 3729/5529/2277 3780/5865/2187 3730/5530/2160 
f 3731/5531/2278 3730/5530/2160 3732/5532/2162 
f 3733/5533/2279 3732/5532/2162 3734/5534/2280 
f 3736/5536/2281 3729/5529/2277 3731/5531/2278 
f 3737/5537/2282 3731/5531/2278 3733/5533/2279 
f 3733/5533/2279 3735/5535/2165 3739/5539/2283 
f 3740/5540/2284 3748/5866/2295 3741/5541/2171 
f 3725/5525/2274 3741/5541/2171 3742/5542/2285 
f 3726/5526/2275 3742/5542/2285 3743/5543/2173 
f 3736/5536/2281 3737/5537/2282 3744/5544/2174 
f 3737/5537/2282 3738/5538/2168 3746/5546/2176 
f 3738/5538/2168 3739/5539/2283 3747/5547/2177 
f 3630/5430/2142 3629/5429/2141 3480/5548/2073 
f 3567/5549/111 3768/5867/111 3624/5550/111 
f 3630/5553/2040 3351/4822/2060 3626/5554/2040 
f 3351/4822/2060 3353/4824/2060 3626/5554/2040 
f 3353/4824/2060 3567/5868/2040 3626/5554/2040 
f 3626/5554/2040 3625/5869/2040 3628/5552/2040 
f 3720/5557/111 3570/5870/111 3569/5555/111 
f 3569/5555/111 3748/5871/111 3740/5556/111 
f 3740/5556/111 3718/5872/2296 3720/5557/111 
f 3475/5118/2244 3743/5873/2042 3748/5558/2044 
f 3743/5873/2042 3742/5874/2042 3748/5558/2044 
f 3742/5874/2042 3741/5875/2042 3748/5558/2044 
f 3748/5558/2044 3569/5876/2042 3476/5119/2075 
f 3611/5389/2111 3727/5527/2157 3743/5543/2173 
f 3637/5437/2142 3773/5849/2141 3469/5111/2073 
f 3571/5559/111 3572/5877/111 3631/5560/111 
f 3637/5563/2040 3471/5120/2245 3633/5564/2043 
f 3471/5120/2245 3478/5122/2060 3633/5564/2043 
f 3478/5122/2060 3571/5878/2040 3633/5564/2043 
f 3633/5564/2043 3632/5879/2043 3635/5562/2043 
f 3480/5124/2079 3629/5880/2291 3624/5565/2042 
f 3629/5880/2291 3627/5881/2044 3624/5565/2042 
f 3627/5881/2044 3772/5882/2291 3624/5565/2042 
f 3624/5565/2042 3768/5883/2042 3481/5125/2080 
f 3644/5444/2142 3643/5443/2141 3466/5108/2073 
f 3573/5566/111 3574/5884/111 3638/5567/111 
f 3644/5570/2286 3468/5126/2245 3640/5571/2040 
f 3468/5126/2245 3483/5128/2060 3640/5571/2040 
f 3483/5128/2060 3573/5885/2040 3640/5571/2040 
f 3640/5571/2040 3639/5886/2040 3642/5569/2040 
f 3469/5130/2247 3773/5887/2297 3631/5572/2044 
f 3773/5887/2297 3636/5888/2042 3631/5572/2044 
f 3636/5888/2042 3634/5889/2042 3631/5572/2044 
f 3631/5572/2044 3572/5890/2042 3485/5131/2080 
f 3650/5450/2142 3776/5852/2141 3463/5105/2073 
f 3575/5573/111 3576/5891/111 3645/5574/111 
f 3650/5577/2040 3465/5132/2245 3647/5578/2040 
f 3465/5132/2245 3487/5134/2060 3647/5578/2040 
f 3487/5134/2060 3575/5892/2040 3647/5578/2040 
f 3647/5578/2040 3646/5893/2040 3649/5576/2040 
f 3466/5136/2084 3643/5894/2042 3638/5579/2042 
f 3643/5894/2042 3774/5895/2042 3638/5579/2042 
f 3774/5895/2042 3641/5896/2042 3638/5579/2042 
f 3638/5579/2042 3574/5897/2042 3489/5137/2080 
f 3664/5464/2142 3778/5854/2141 3460/5102/2073 
f 3749/5580/111 3577/5898/111 3658/5581/111 
f 3664/5584/2043 3462/5138/2245 3660/5585/2040 
f 3462/5138/2245 3491/5140/2060 3660/5585/2040 
f 3491/5140/2060 3749/5899/2040 3660/5585/2040 
f 3660/5585/2040 3659/5900/2040 3662/5583/2040 
f 3463/5142/2084 3776/5901/2042 3645/5586/2042 
f 3776/5901/2042 3648/5902/2042 3645/5586/2042 
f 3648/5902/2042 3775/5903/2042 3645/5586/2042 
f 3645/5586/2042 3576/5904/2042 3493/5143/2080 
f 3657/5457/2142 3777/5853/2141 3457/5099/2073 
f 3578/5587/111 3579/5905/111 3651/5588/111 
f 3657/5591/2043 3459/5144/2245 3653/5592/2040 
f 3459/5144/2245 3495/5146/2245 3653/5592/2040 
f 3495/5146/2245 3578/5906/2040 3653/5592/2040 
f 3653/5592/2040 3652/5907/2040 3655/5590/2040 
f 3460/5148/2080 3778/5908/2297 3658/5593/2042 
f 3778/5908/2297 3663/5909/2042 3658/5593/2042 
f 3663/5909/2042 3661/5910/2042 3658/5593/2042 
f 3658/5593/2042 3577/5911/2042 3497/5149/2080 
f 3671/5471/2142 3670/5470/2141 3503/5594/2073 
f 3580/5595/111 3769/5912/111 3750/5596/111 
f 3671/5599/2043 3454/5150/2083 3665/5600/2040 
f 3454/5150/2083 3499/5152/2060 3665/5600/2040 
f 3499/5152/2060 3580/5913/2040 3665/5600/2040 
f 3665/5600/2040 3667/5914/2040 3669/5598/2040 
f 3457/5154/2249 3777/5915/2044 3651/5601/2042 
f 3777/5915/2044 3656/5916/2042 3651/5601/2042 
f 3656/5916/2042 3654/5917/2042 3651/5601/2042 
f 3651/5601/2042 3579/5918/2042 3501/5155/2080 
f 3503/5157/2080 3670/5919/2044 3750/5602/2042 
f 3670/5919/2044 3668/5920/2042 3750/5602/2042 
f 3668/5920/2042 3666/5921/2042 3750/5602/2042 
f 3750/5602/2042 3769/5922/2042 3504/5158/2080 
f 3435/5077/2070 3672/5472/2142 3674/5474/2141 
f 3751/5603/111 3581/5923/111 3678/5604/111 
f 3433/5160/2084 3674/5924/2297 3678/5606/2044 
f 3674/5924/2297 3673/5925/2042 3678/5606/2044 
f 3673/5925/2042 3676/5926/2042 3678/5606/2044 
f 3678/5606/2044 3581/5927/2042 3506/5161/2080 
f 3582/5609/111 3770/5928/111 3736/5607/439 
f 3770/5928/111 3780/5929/439 3736/5607/439 
f 3780/5929/439 3729/5930/2192 3736/5607/439 
f 3747/5611/2040 3507/5162/2085 3745/5612/2043 
f 3507/5162/2085 3509/5164/2087 3745/5612/2043 
f 3509/5164/2087 3582/5931/2040 3745/5612/2043 
f 3745/5612/2043 3744/5932/2286 3746/5610/2040 
f 3752/5613/2287 3507/5423/2136 3747/5547/2177 
f 3679/5479/2142 3681/5481/2141 3436/5078/2073 
f 3583/5614/111 3584/5933/111 3685/5615/111 
f 3436/5166/2247 3681/5934/2042 3685/5617/2044 
f 3681/5934/2042 3680/5935/2044 3685/5617/2044 
f 3680/5935/2044 3683/5936/2044 3685/5617/2044 
f 3685/5617/2044 3584/5937/2042 3511/5167/2080 
f 3672/5619/2040 3435/5168/2250 3677/5620/2043 
f 3435/5168/2250 3513/5170/2245 3677/5620/2043 
f 3513/5170/2245 3751/5938/2040 3677/5620/2043 
f 3677/5620/2043 3779/5939/2043 3675/5618/2043 
f 3686/5486/2142 3688/5488/2141 3439/5081/2073 
f 3585/5621/111 3586/5940/111 3691/5622/111 
f 3439/5172/2084 3688/5941/2042 3691/5624/2042 
f 3688/5941/2042 3687/5942/2042 3691/5624/2042 
f 3687/5942/2042 3690/5943/2042 3691/5624/2042 
f 3691/5624/2042 3586/5944/2042 3515/5173/2080 
f 3679/5626/2040 3438/5174/2245 3753/5627/2040 
f 3438/5174/2245 3517/5176/2060 3753/5627/2040 
f 3517/5176/2060 3583/5945/2040 3753/5627/2040 
f 3753/5627/2040 3684/5946/2043 3682/5625/2040 
f 3692/5492/2142 3694/5494/2141 3442/5084/2073 
f 3587/5628/111 3588/5947/111 3697/5629/111 
f 3442/5178/2084 3694/5948/2044 3697/5631/2042 
f 3694/5948/2044 3693/5949/2042 3697/5631/2042 
f 3693/5949/2042 3696/5950/2042 3697/5631/2042 
f 3697/5631/2042 3588/5951/2042 3519/5179/2080 
f 3686/5633/2040 3441/5180/2245 3754/5634/2040 
f 3441/5180/2245 3521/5182/2060 3754/5634/2040 
f 3521/5182/2060 3585/5952/2040 3754/5634/2040 
f 3754/5634/2040 3689/5953/2040 3756/5632/2040 
f 3757/5635/2142 3705/5505/2141 3445/5087/2073 
f 3589/5636/111 3771/5954/111 3710/5637/111 
f 3445/5184/2084 3705/5955/2044 3710/5639/2042 
f 3705/5955/2044 3707/5956/2044 3710/5639/2042 
f 3707/5956/2044 3708/5957/2042 3710/5639/2042 
f 3710/5639/2042 3771/5958/2042 3523/5185/2084 
f 3692/5641/2040 3444/5186/2245 3755/5642/2040 
f 3444/5186/2245 3525/5188/2060 3755/5642/2040 
f 3525/5188/2060 3587/5959/2040 3755/5642/2040 
f 3755/5642/2040 3695/5960/2298 3759/5640/2043 
f 3698/5498/2142 3700/5500/2141 3448/5090/2073 
f 3590/5643/111 3591/5961/111 3704/5644/111 
f 3448/5190/2249 3700/5962/2044 3704/5646/2042 
f 3700/5962/2044 3699/5963/2042 3704/5646/2042 
f 3699/5963/2042 3702/5964/2042 3704/5646/2042 
f 3704/5646/2042 3591/5965/2042 3527/5191/2080 
f 3757/5648/2043 3447/5192/2060 3758/5649/2040 
f 3447/5192/2060 3529/5194/2060 3758/5649/2040 
f 3529/5194/2060 3589/5966/2040 3758/5649/2040 
f 3758/5649/2040 3709/5967/2040 3706/5647/2040 
f 3453/5095/2070 3711/5511/2142 3713/5513/2141 
f 3761/5650/111 3592/5968/111 3717/5651/111 
f 3451/5196/2084 3713/5969/2044 3717/5653/2042 
f 3713/5969/2044 3712/5970/2042 3717/5653/2042 
f 3712/5970/2042 3715/5971/2042 3717/5653/2042 
f 3717/5653/2042 3592/5972/2042 3531/5197/2080 
f 3698/5655/2043 3450/5198/2245 3760/5656/2040 
f 3450/5198/2245 3533/5200/2245 3760/5656/2040 
f 3533/5200/2245 3590/5973/2040 3760/5656/2040 
f 3760/5656/2040 3703/5974/2040 3701/5654/2040 
f 3711/5658/2043 3453/5201/2083 3762/5659/2040 
f 3453/5201/2083 3535/5203/2060 3762/5659/2040 
f 3535/5203/2060 3761/5975/2040 3762/5659/2040 
f 3762/5659/2040 3716/5976/2040 3714/5657/2040 
f 3728/5528/2276 3727/5527/2157 3611/5389/2111 
f 3613/5420/2133 3568/5847/2186 3719/5977/2179 
f 3568/5847/2186 3570/5978/2179 3720/5979/2179 
f 3720/5979/2179 3719/5977/2179 3568/5847/2186 
f 3613/5420/2133 3719/5977/2179 3722/5660/2179 
f 3613/5391/2113 3724/5524/2154 3728/5528/2276 
f 3623/5421/2266 3615/5393/2115 3735/5535/2165 
f 3623/5421/2266 3734/5534/2280 3732/5532/2162 
f 3732/5532/2162 3730/5530/2160 3623/5421/2266 
f 3730/5530/2160 3780/5865/2187 3538/5422/2135 
f 3780/5865/2187 3770/5980/2185 3538/5422/2135 
f 3735/5535/2165 3615/5393/2115 3752/5613/2287 
f 3781/5981/400 3782/5982/2299 3783/5983/400 
f 3784/5984/111 3785/5985/111 3786/5986/111 
f 3787/5987/111 3788/5988/111 3789/5989/111 
f 3790/5990/420 3791/5991/419 3792/5992/384 
f 3793/5993/237 3791/5991/419 3794/5994/378 
f 3795/5995/422 3796/5996/111 3793/5993/237 
f 3797/5997/374 3798/5998/375 3795/5995/422 
f 3799/5999/111 3800/6000/111 3801/6001/111 
f 3802/6002/420 3803/6003/377 3804/6004/420 
f 3805/6005/237 3803/6003/377 3806/6006/378 
f 3807/6007/422 3808/6008/111 3805/6005/237 
f 3809/6009/374 3810/6010/421 3807/6007/422 
f 3811/6011/420 3812/6012/378 3813/6013/383 
f 3814/6014/237 3812/6012/378 3815/6015/378 
f 3816/6016/422 3817/6017/111 3814/6014/237 
f 3818/6018/374 3819/6019/2300 3816/6016/422 
f 3820/6020/439 3821/6021/2301 3822/6022/237 
f 3823/6023/109 3793/6024/109 3824/6025/109 
f 3824/6025/109 3794/6026/2302 3825/6027/109 
f 3826/6028/109 3827/6029/109 3814/6030/109 
f 3828/6031/109 3826/6028/109 3815/6032/2302 
f 3820/6033/109 3829/6034/109 3830/6035/2303 
f 3831/6036/109 3816/6037/2304 3827/6029/109 
f 3795/6038/2305 3793/6024/109 3823/6023/109 
f 3807/6039/426 3805/6040/109 3825/6027/109 
f 3827/6029/109 3816/6037/2304 3814/6030/109 
f 3830/6035/2303 3829/6034/109 3828/6031/109 
f 3793/6024/109 3794/6026/2302 3824/6025/109 
f 3794/6026/2302 3807/6039/426 3825/6027/109 
f 3805/6040/109 3806/6041/426 3831/6036/109 
f 3806/6041/426 3816/6037/2304 3831/6036/109 
f 3815/6032/2302 3830/6035/2303 3828/6031/109 
f 3815/6032/2302 3826/6028/109 3814/6030/109 
f 3825/6027/109 3805/6040/109 3831/6036/109 
f 3816/6037/2304 3802/6042/429 3818/6043/391 
f 3828/6044/261 3832/6045/261 3826/6046/261 
f 3833/6047/2306 3815/6032/2302 3811/6048/429 
f 3807/6039/426 3790/6049/429 3809/6050/391 
f 3827/6051/261 3834/6052/261 3831/6053/261 
f 3825/6054/261 3835/6055/261 3824/6056/261 
f 3831/6053/261 3836/6057/261 3825/6054/261 
f 3824/6056/261 3837/6058/261 3823/6059/261 
f 3826/6046/261 3838/6060/261 3827/6051/261 
f 3829/6061/372 3839/6062/261 3828/6044/261 
f 3840/6063/116 3841/6064/116 3796/6065/116 
f 3841/6064/116 3842/6066/116 3791/6067/116 
f 3843/6068/116 3817/6069/116 3844/6070/116 
f 3845/6071/116 3812/6072/116 3843/6068/116 
f 3822/6073/116 3821/6074/116 3846/6075/116 
f 3847/6076/116 3844/6070/116 3819/6077/116 
f 3798/6078/116 3840/6063/116 3796/6065/116 
f 3810/6079/116 3842/6066/116 3808/6080/116 
f 3844/6070/116 3817/6069/116 3819/6077/116 
f 3821/6074/116 3845/6071/116 3846/6075/116 
f 3796/6065/116 3841/6064/116 3791/6067/116 
f 3791/6067/116 3842/6066/116 3810/6079/116 
f 3808/6080/116 3847/6076/116 3803/6081/116 
f 3803/6081/116 3847/6076/116 3819/6077/116 
f 3812/6072/116 3845/6071/116 3821/6074/116 
f 3812/6072/116 3817/6069/116 3843/6068/116 
f 3842/6066/116 3847/6076/116 3808/6080/116 
f 3819/6077/116 3804/6082/116 3803/6081/116 
f 3843/6083/261 3839/6062/261 3845/6084/261 
f 3812/6072/116 3848/6085/116 3813/6086/116 
f 3810/6079/116 3792/6087/116 3791/6067/116 
f 3834/6052/261 3844/6088/261 3847/6089/261 
f 3835/6055/261 3842/6090/261 3841/6091/261 
f 3836/6057/261 3847/6089/261 3842/6090/261 
f 3837/6058/261 3841/6091/261 3840/6092/261 
f 3838/6060/261 3843/6083/261 3844/6088/261 
f 3845/6084/261 3849/6093/261 3846/6094/372 
f 3850/6095/430 3782/6096/2307 3851/6097/2308 
f 3852/6098/430 3853/6099/2307 3854/6100/2308 
f 3855/6101/430 3856/6102/2309 3857/6103/2308 
f 3858/6104/401 3859/6105/2310 3860/6106/2311 
f 3861/6107/398 3853/6108/2312 3862/6109/400 
f 3863/6110/401 3851/6111/2313 3864/6112/2314 
f 3865/6113/398 3856/6114/2315 3866/6115/400 
f 3867/6116/385 3854/6117/2310 3868/6118/2316 
f 3869/6119/385 3857/6120/2310 3870/6121/2317 
f 3783/5983/400 3792/5992/384 3781/5981/400 
f 3864/6122/116 3781/6123/116 3863/6124/116 
f 3868/6125/116 3861/6126/116 3867/6127/116 
f 3869/6128/116 3871/6129/116 3865/6130/116 
f 3782/6096/2307 3789/6131/2318 3851/6097/2308 
f 3787/6132/413 3872/6133/2315 3873/6134/413 
f 3874/6135/411 3860/6106/2311 3859/6105/2310 
f 3850/6095/430 3790/6049/429 3783/6136/393 
f 3875/6137/401 3876/6138/2319 3797/5997/374 
f 3862/6109/400 3804/6004/420 3861/6107/398 
f 3853/6099/2307 3786/6139/2318 3854/6100/2308 
f 3784/6140/413 3877/6141/2320 3878/6142/413 
f 3789/6143/411 3864/6112/2314 3851/6111/2313 
f 3802/6042/429 3852/6098/430 3818/6043/391 
f 3850/6144/401 3879/6145/2319 3809/6009/374 
f 3866/6115/400 3813/6013/383 3865/6113/398 
f 3857/6103/2308 3880/6146/2318 3799/6147/2318 
f 3880/6148/413 3871/6149/2320 3800/6150/413 
f 3786/6151/411 3868/6118/2316 3854/6117/2310 
f 3811/6048/429 3855/6101/430 3833/6047/2306 
f 3852/6152/401 3881/6153/374 3818/6018/374 
f 3799/6154/411 3870/6121/2317 3857/6120/2310 
f 3855/6155/401 3848/6156/437 3833/6157/374 
f 3882/6158/111 3883/6159/111 3874/6160/111 
f 3788/6161/116 3872/6162/116 3864/6122/116 
f 3781/6123/116 3879/6163/116 3863/6124/116 
f 3877/6164/116 3785/6165/116 3878/6166/116 
f 3804/6082/116 3867/6127/116 3861/6126/116 
f 3800/6167/116 3870/6168/116 3801/6169/116 
f 3869/6128/116 3813/6086/116 3848/6085/116 
f 3416/6170/2321 3875/6171/2322 3797/6172/2323 
f 3884/6173/2324 3874/6174/2318 3859/6175/2325 
f 3885/6176/2326 3797/6172/2323 3795/6038/2305 
f 3886/6177/2327 3859/6175/2325 3875/6171/2322 
f 3795/6038/2305 3823/6023/109 3885/6176/2326 
f 3798/6078/116 3876/6178/116 3840/6063/116 
f 3858/6179/116 3840/6063/116 3876/6178/116 
f 3858/6179/116 3860/6180/116 3840/6063/116 
f 3883/6181/116 3840/6063/116 3860/6180/116 
f 3887/6182/116 3840/6063/116 3883/6181/116 
f 3833/6157/374 3821/6021/2301 3830/6183/2328 
f 3888/6184/401 3889/6185/2310 3890/6186/2316 
f 3891/6187/111 3892/6188/111 3893/6189/111 
f 3894/6190/111 3895/6191/111 3896/6192/111 
f 3897/6193/374 3898/6194/421 3899/6195/422 
f 3898/6194/421 3900/6196/111 3899/6195/422 
f 3901/6197/237 3902/6198/378 3900/6196/111 
f 3903/6199/419 3904/6200/420 3902/6198/378 
f 3905/6201/111 3906/6202/111 3907/6203/111 
f 3908/6204/374 3909/6205/421 3910/6206/422 
f 3909/6205/421 3911/6207/111 3910/6206/422 
f 3912/6208/237 3913/6209/378 3911/6207/111 
f 3914/6210/419 3915/6211/420 3913/6209/378 
f 3916/6212/374 3917/6213/2329 3918/6214/376 
f 3917/6213/2329 3919/6215/111 3918/6214/376 
f 3920/6216/237 3921/6217/378 3919/6215/111 
f 3922/6218/2330 3923/6219/420 3921/6217/378 
f 3822/6022/237 3924/6220/2331 3820/6020/439 
f 3925/6221/109 3926/6222/109 3900/6223/109 
f 3926/6222/109 3927/6224/109 3899/6225/2302 
f 3928/6226/109 3919/6227/110 3929/6228/110 
f 3930/6229/109 3918/6230/2302 3928/6226/109 
f 3820/6033/109 3924/6231/2303 3829/6034/109 
f 3931/6232/109 3929/6228/110 3921/6233/2304 
f 3902/6234/2332 3925/6221/109 3900/6223/109 
f 3913/6235/388 3927/6224/109 3911/6236/109 
f 3929/6228/110 3919/6227/110 3921/6233/2304 
f 3924/6231/2303 3930/6229/109 3829/6034/109 
f 3900/6223/109 3926/6222/109 3899/6225/2302 
f 3899/6225/2302 3927/6224/109 3913/6235/388 
f 3911/6236/109 3931/6232/109 3910/6237/426 
f 3910/6237/426 3931/6232/109 3921/6233/2304 
f 3918/6230/2302 3930/6229/109 3924/6231/2303 
f 3918/6230/2302 3919/6227/110 3928/6226/109 
f 3927/6224/109 3931/6232/109 3911/6236/109 
f 3923/6238/429 3910/6237/426 3921/6233/2304 
f 3932/6239/261 3930/6240/261 3928/6241/261 
f 3933/6242/429 3918/6230/2302 3924/6231/2303 
f 3897/6243/391 3913/6235/388 3915/6244/429 
f 3934/6245/261 3929/6246/261 3931/6247/261 
f 3935/6248/261 3927/6249/261 3926/6250/261 
f 3936/6251/261 3931/6247/261 3927/6249/261 
f 3937/6252/261 3926/6250/261 3925/6253/261 
f 3938/6254/261 3928/6241/261 3929/6246/261 
f 3939/6255/261 3829/6061/372 3930/6240/261 
f 3940/6256/116 3901/6257/116 3941/6258/116 
f 3941/6258/116 3898/6259/116 3942/6260/116 
f 3943/6261/116 3944/6262/115 3920/6263/115 
f 3945/6264/116 3943/6261/116 3917/6265/116 
f 3822/6073/116 3846/6075/116 3946/6266/116 
f 3947/6267/116 3922/6268/115 3944/6262/115 
f 3903/6269/116 3901/6257/116 3940/6256/116 
f 3914/6270/116 3912/6271/116 3942/6260/116 
f 3944/6262/115 3922/6268/115 3920/6263/115 
f 3946/6266/116 3846/6075/116 3945/6264/116 
f 3901/6257/116 3898/6259/116 3941/6258/116 
f 3898/6259/116 3914/6270/116 3942/6260/116 
f 3912/6271/116 3909/6272/116 3947/6267/116 
f 3909/6272/116 3922/6268/115 3947/6267/116 
f 3917/6265/116 3946/6266/116 3945/6264/116 
f 3917/6265/116 3943/6261/116 3920/6263/115 
f 3942/6260/116 3912/6271/116 3947/6267/116 
f 3909/6272/116 3948/6273/116 3922/6268/115 
f 3945/6274/372 3932/6239/261 3943/6275/261 
f 3917/6265/116 3949/6276/116 3946/6266/116 
f 3950/6277/116 3914/6270/116 3898/6259/116 
f 3944/6278/261 3934/6245/261 3947/6279/261 
f 3942/6280/261 3935/6248/261 3941/6281/261 
f 3947/6279/261 3936/6251/261 3942/6280/261 
f 3941/6281/261 3937/6252/261 3940/6282/261 
f 3943/6275/261 3938/6254/261 3944/6278/261 
f 3846/6094/372 3939/6255/261 3945/6274/372 
f 3889/6283/2308 3951/6284/393 3952/6285/2307 
f 3953/6286/2308 3954/6287/393 3955/6288/2307 
f 3956/6289/2333 3957/6290/393 3958/6291/2307 
f 3959/6292/2299 3960/6293/400 3961/6294/2320 
f 3962/6295/401 3953/6296/2334 3963/6297/2311 
f 3952/6298/2299 3964/6299/400 3965/6300/2315 
f 3966/6301/385 3956/6302/2334 3967/6303/2316 
f 3955/6304/2320 3968/6305/398 3969/6306/2315 
f 3958/6307/2299 3970/6308/400 3971/6309/2320 
f 3972/6310/401 3950/6311/437 3897/6193/374 
f 3888/6312/116 3965/6313/116 3964/6314/116 
f 3962/6315/116 3969/6316/116 3968/6317/116 
f 3970/6318/116 3967/6319/116 3971/6320/116 
f 3896/6321/2318 3889/6283/2308 3952/6285/2307 
f 3895/6322/411 3890/6186/2316 3889/6185/2310 
f 3961/6294/2320 3973/6323/413 3959/6292/2299 
f 3897/6243/391 3951/6284/393 3972/6324/430 
f 3974/6325/383 3975/6326/400 3904/6200/420 
f 3976/6327/401 3977/6328/437 3908/6204/374 
f 3893/6329/2318 3953/6286/2308 3955/6288/2307 
f 3892/6330/411 3963/6297/2311 3953/6296/2334 
f 3965/6300/2315 3896/6331/413 3952/6298/2299 
f 3954/6287/393 3908/6332/391 3923/6238/429 
f 3978/6333/383 3951/6334/400 3915/6211/420 
f 3979/6335/401 3980/6336/374 3916/6212/374 
f 3958/6291/2307 3906/6337/2318 3956/6289/2333 
f 3906/6338/411 3967/6303/2316 3956/6302/2334 
f 3969/6306/2315 3893/6339/413 3955/6304/2320 
f 3957/6290/393 3916/6340/391 3933/6242/429 
f 3948/6341/420 3954/6342/400 3923/6219/420 
f 3971/6309/2320 3907/6343/475 3958/6307/2299 
f 3949/6344/420 3957/6345/400 3933/6346/383 
f 3981/6347/111 3982/6348/111 3973/6349/111 
f 3890/6350/116 3894/6351/116 3965/6313/116 
f 3888/6312/116 3978/6352/116 3950/6277/116 
f 3891/6353/116 3963/6354/116 3983/6355/116 
f 3968/6317/116 3977/6356/116 3962/6315/116 
f 3984/6357/116 3971/6320/116 3967/6319/116 
f 3980/6358/116 3970/6318/116 3949/6276/116 
f 3975/6359/2335 3082/6360/2321 3904/6361/2336 
f 3973/6362/2318 3985/6363/2325 3959/6364/2337 
f 3904/6361/2336 3986/6365/2338 3902/6234/2305 
f 3959/6364/2337 3987/6366/2327 3975/6359/2335 
f 3902/6234/2305 3986/6365/2338 3925/6221/109 
f 3903/6269/116 3940/6256/116 3974/6367/116 
f 3960/6368/116 3974/6367/116 3940/6256/116 
f 3960/6368/116 3940/6256/116 3961/6369/116 
f 3981/6370/116 3961/6369/116 3940/6256/116 
f 3988/6371/116 3981/6370/116 3940/6256/116 
f 3946/6372/2339 3933/6346/383 3924/6220/2331 
f 3989/6373/2340 3990/6374/2341 3991/6375/2342 
f 3992/6376/111 3993/6377/111 3994/6378/111 
f 3995/6379/111 3996/6380/111 3997/6381/111 
f 3998/6382/383 3999/6383/2343 4000/6384/442 
f 3999/6383/2343 4001/6385/237 4000/6384/442 
f 4002/6386/111 4003/6387/422 4001/6385/237 
f 4004/6388/376 4005/6389/437 4003/6387/422 
f 4006/6390/111 4007/6391/111 4008/6392/111 
f 4009/6393/383 4010/6394/377 4011/6395/442 
f 4010/6394/377 4012/6396/237 4011/6395/442 
f 4013/6397/111 4014/6398/422 4012/6396/237 
f 4015/6399/441 4016/6400/437 4014/6398/422 
f 4017/6401/383 4018/6402/378 4019/6403/480 
f 4018/6402/378 4020/6404/237 4019/6403/480 
f 4021/6405/111 4022/6406/376 4020/6404/237 
f 4023/6407/422 4024/6408/437 4022/6406/376 
f 4025/6409/439 4026/6410/2344 4027/6411/2328 
f 4028/6412/116 4029/6413/116 4001/6414/116 
f 4029/6413/116 4030/6415/116 4000/6416/2345 
f 4031/6417/116 4020/6418/116 4032/6419/116 
f 4033/6420/116 4019/6421/2345 4031/6417/116 
f 4025/6422/116 4027/6423/2346 4034/6424/116 
f 4035/6425/116 4032/6419/116 4022/6426/2345 
f 4003/6427/2347 4028/6412/116 4001/6414/116 
f 4014/6428/487 4030/6415/116 4012/6429/116 
f 4032/6419/116 4020/6418/116 4022/6426/2345 
f 4027/6423/2346 4033/6420/116 4034/6424/116 
f 4001/6414/116 4029/6413/116 4000/6416/2345 
f 4000/6416/2345 4030/6415/116 4014/6428/487 
f 4012/6429/116 4035/6425/116 4011/6430/487 
f 4011/6430/487 4035/6425/116 4022/6426/2345 
f 4019/6421/2345 4033/6420/116 4027/6423/2346 
f 4019/6421/2345 4020/6418/116 4031/6417/116 
f 4030/6415/116 4035/6425/116 4012/6429/116 
f 4022/6426/2345 4009/6431/461 4011/6430/487 
f 4036/6432/261 4033/6433/261 4031/6434/261 
f 4037/6435/451 4019/6421/2345 4027/6423/2346 
f 3998/6436/461 4014/6428/487 4016/6437/451 
f 4038/6438/261 4032/6439/261 4035/6440/261 
f 4039/6441/261 4030/6442/261 4029/6443/261 
f 4040/6444/261 4035/6440/261 4030/6442/261 
f 4041/6445/261 4029/6443/261 4028/6446/261 
f 4042/6447/261 4031/6434/261 4032/6439/261 
f 4043/6448/372 4034/6449/372 4033/6433/261 
f 4044/6450/109 4002/6451/109 4045/6452/109 
f 4045/6452/109 3999/6453/109 4046/6454/109 
f 4047/6455/109 4048/6456/109 4021/6457/109 
f 4049/6458/109 4047/6455/109 4018/6459/109 
f 4050/6460/109 4051/6461/109 4026/6462/109 
f 4052/6463/109 4023/6464/109 4048/6456/109 
f 4004/6465/109 4002/6451/109 4044/6450/109 
f 4015/6466/109 4013/6467/109 4046/6454/109 
f 4048/6456/109 4023/6464/109 4021/6457/109 
f 4026/6462/109 4051/6461/109 4049/6458/109 
f 4002/6451/109 3999/6453/109 4045/6452/109 
f 3999/6453/109 4015/6466/109 4046/6454/109 
f 4013/6467/109 4010/6468/109 4052/6463/109 
f 4010/6468/109 4023/6464/109 4052/6463/109 
f 4018/6459/109 4026/6462/109 4049/6458/109 
f 4018/6459/109 4047/6455/109 4021/6457/109 
f 4046/6454/109 4013/6467/109 4052/6463/109 
f 4023/6464/109 4053/6469/109 4054/6470/109 
f 4047/6471/372 4043/6448/372 4036/6432/261 
f 4018/6459/109 4055/6472/109 4026/6462/109 
f 4056/6473/109 4015/6466/109 3999/6453/109 
f 4048/6474/261 4038/6438/261 4052/6475/261 
f 4046/6476/261 4039/6441/261 4045/6477/261 
f 4052/6475/261 4040/6444/261 4046/6476/261 
f 4045/6477/261 4041/6445/261 4044/6478/261 
f 4047/6471/372 4042/6447/261 4048/6474/261 
f 4049/6479/372 4057/6480/372 4043/6448/372 
f 3990/6481/2348 4058/6482/490 4059/6483/2349 
f 4060/6484/2348 4061/6485/490 4062/6486/2349 
f 4063/6487/2350 4064/6488/490 4065/6489/2349 
f 4066/6490/2351 4067/6491/447 4068/6492/2352 
f 4069/6493/2340 4060/6494/2353 4070/6495/2354 
f 4059/6496/2355 4071/6497/2356 4072/6498/2357 
f 4073/6499/458 4063/6500/2358 4074/6501/2342 
f 4062/6502/2351 4075/6503/2359 4076/6504/2357 
f 4065/6505/2360 4077/6506/2359 4078/6507/2357 
f 4079/6508/2340 4056/6509/384 3998/6382/383 
f 3989/6510/109 4072/6511/109 4071/6512/109 
f 4069/6513/109 4076/6514/109 4075/6515/109 
f 4077/6516/109 4074/6517/109 4078/6518/109 
f 3997/6519/2361 3990/6481/2348 4059/6483/2349 
f 3996/6520/475 3991/6375/2342 3990/6374/2341 
f 4068/6492/2352 4080/6521/474 4066/6490/2351 
f 3998/6436/461 4058/6482/490 4079/6522/453 
f 4081/6523/2362 4082/6524/447 4005/6389/437 
f 4083/6525/2340 4053/6526/383 4009/6393/383 
f 3994/6527/2361 4060/6484/2348 4062/6486/2349 
f 3993/6528/475 4070/6495/2354 4060/6494/2353 
f 4072/6498/2357 3997/6529/474 4059/6496/2355 
f 4061/6485/490 4009/6431/461 4024/6530/451 
f 4084/6531/2362 4058/6532/447 4016/6400/437 
f 4085/6533/2340 4086/6534/383 4017/6401/383 
f 4065/6489/2349 4008/6535/2361 4063/6487/2350 
f 4008/6536/475 4074/6501/2342 4063/6500/2358 
f 4076/6504/2357 3994/6537/474 4062/6502/2351 
f 4064/6488/490 4017/6538/461 4037/6435/451 
f 4054/6539/437 4061/6540/447 4024/6408/437 
f 4078/6507/2357 4006/6541/474 4065/6505/2360 
f 4055/6542/374 4064/6543/447 4037/6544/437 
f 4087/6545/111 4088/6546/111 4080/6547/111 
f 3991/6548/109 3995/6549/109 4072/6511/109 
f 3989/6510/109 4084/6550/109 4056/6473/109 
f 3992/6551/109 4070/6552/109 4089/6553/109 
f 4075/6515/109 4053/6469/109 4069/6513/109 
f 4007/6554/109 4078/6518/109 4074/6517/109 
f 4086/6555/109 4077/6516/109 4055/6472/109 
f 4082/6556/2363 4090/6557/2364 4005/6558/2365 
f 4080/6559/2361 4091/6560/2366 4066/6561/2367 
f 4005/6558/2365 4092/6562/2368 4003/6427/2369 
f 4066/6561/2367 4093/6563/2370 4082/6556/2363 
f 4003/6427/2369 4092/6562/2368 4028/6412/116 
f 4004/6465/109 4044/6450/109 4081/6564/109 
f 4067/6565/109 4081/6564/109 4044/6450/109 
f 4067/6565/109 4044/6450/109 4068/6566/109 
f 4087/6567/109 4068/6566/109 4044/6450/109 
f 4094/6568/109 4087/6567/109 4044/6450/109 
f 4026/6410/2344 4037/6544/437 4027/6411/2328 
f 4095/6569/447 4096/6570/2371 4097/6571/447 
f 4098/6572/111 4099/6573/111 4100/6574/111 
f 4101/6575/111 4102/6576/111 4103/6577/111 
f 4104/6578/437 4105/6579/441 4106/6580/374 
f 4107/6581/111 4105/6579/441 4108/6582/376 
f 4109/6583/442 4110/6584/237 4107/6581/111 
f 4111/6585/383 4112/6586/377 4109/6583/442 
f 4113/6587/111 4114/6588/111 4115/6589/111 
f 4116/6590/437 4117/6591/441 4118/6592/437 
f 4119/6593/111 4117/6591/441 4120/6594/376 
f 4121/6595/442 4122/6596/237 4119/6593/111 
f 4123/6597/383 4124/6598/378 4121/6595/442 
f 4125/6599/437 4126/6600/2372 4127/6601/437 
f 4128/6602/111 4126/6600/2372 4129/6603/422 
f 4130/6604/442 4131/6605/237 4128/6602/111 
f 4132/6606/383 4133/6607/2330 4130/6604/442 
f 4134/6608/2373 4050/6609/373 4025/6409/439 
f 4135/6610/116 4107/6611/116 4136/6612/116 
f 4136/6612/116 4108/6613/2345 4137/6614/116 
f 4138/6615/116 4139/6616/115 4128/6617/115 
f 4140/6618/116 4138/6615/116 4129/6619/2345 
f 4025/6422/116 4034/6424/116 4134/6620/2346 
f 4141/6621/116 4130/6622/2345 4139/6616/115 
f 4109/6623/2369 4107/6611/116 4135/6610/116 
f 4121/6624/448 4119/6625/116 4137/6614/116 
f 4139/6616/115 4130/6622/2345 4128/6617/115 
f 4134/6620/2346 4034/6424/116 4140/6618/116 
f 4107/6611/116 4108/6613/2345 4136/6612/116 
f 4108/6613/2345 4121/6624/448 4137/6614/116 
f 4119/6625/116 4120/6626/487 4141/6621/116 
f 4120/6626/487 4130/6622/2345 4141/6621/116 
f 4129/6619/2345 4134/6620/2346 4140/6618/116 
f 4129/6619/2345 4138/6615/116 4128/6617/115 
f 4137/6614/116 4119/6625/116 4141/6621/116 
f 4120/6626/487 4132/6627/461 4130/6622/2345 
f 4140/6628/261 4142/6629/372 4138/6630/261 
f 4143/6631/461 4129/6619/2345 4125/6632/451 
f 4121/6624/448 4104/6633/451 4123/6634/461 
f 4139/6635/261 4144/6636/261 4141/6637/261 
f 4137/6638/261 4145/6639/261 4136/6640/261 
f 4141/6637/261 4146/6641/261 4137/6638/261 
f 4136/6640/261 4147/6642/261 4135/6643/261 
f 4138/6630/261 4148/6644/261 4139/6635/261 
f 4034/6449/372 4149/6645/372 4140/6628/261 
f 4150/6646/109 4151/6647/109 4110/6648/109 
f 4151/6647/109 4152/6649/109 4105/6650/109 
f 4153/6651/109 4131/6652/110 4154/6653/110 
f 4155/6654/109 4126/6655/109 4153/6651/109 
f 4050/6460/109 4156/6656/109 4051/6461/109 
f 4157/6657/109 4154/6653/110 4133/6658/110 
f 4112/6659/109 4150/6646/109 4110/6648/109 
f 4124/6660/109 4152/6649/109 4122/6661/109 
f 4154/6653/110 4131/6652/110 4133/6658/110 
f 4156/6656/109 4155/6654/109 4051/6461/109 
f 4110/6648/109 4151/6647/109 4105/6650/109 
f 4105/6650/109 4152/6649/109 4124/6660/109 
f 4122/6661/109 4157/6657/109 4117/6662/109 
f 4117/6662/109 4157/6657/109 4133/6658/110 
f 4126/6655/109 4155/6654/109 4156/6656/109 
f 4126/6655/109 4131/6652/110 4153/6651/109 
f 4152/6649/109 4157/6657/109 4122/6661/109 
f 4158/6663/109 4117/6662/109 4133/6658/110 
f 4142/6629/372 4155/6664/372 4153/6665/261 
f 4126/6655/109 4159/6666/109 4127/6667/109 
f 4124/6660/109 4106/6668/109 4105/6650/109 
f 4144/6636/261 4154/6669/261 4157/6670/261 
f 4145/6639/261 4152/6671/261 4151/6672/261 
f 4146/6641/261 4157/6670/261 4152/6671/261 
f 4147/6642/261 4151/6672/261 4150/6673/261 
f 4148/6644/261 4153/6665/261 4154/6669/261 
f 4149/6645/372 4051/6674/261 4155/6664/372 
f 4160/6675/453 4096/6676/2349 4161/6677/2348 
f 4162/6678/453 4163/6679/2349 4164/6680/2348 
f 4165/6681/453 4166/6682/2374 4167/6683/2348 
f 4168/6684/2340 4169/6685/2375 4170/6686/2342 
f 4171/6687/447 4163/6688/2360 4172/6689/447 
f 4173/6690/2340 4161/6691/2354 4174/6692/2342 
f 4175/6693/2356 4166/6694/2352 4176/6695/447 
f 4177/6696/2340 4164/6697/2358 4178/6698/2354 
f 4179/6699/2340 4167/6700/2341 4180/6701/2342 
f 4097/6571/447 4106/6580/374 4095/6569/447 
f 4174/6702/109 4095/6703/109 4173/6704/109 
f 4178/6705/109 4171/6706/109 4177/6707/109 
f 4179/6708/109 4181/6709/109 4175/6710/109 
f 4096/6676/2349 4103/6711/2361 4161/6677/2348 
f 4101/6712/474 4182/6713/2357 4183/6714/411 
f 4184/6715/413 4170/6686/2342 4169/6685/2375 
f 4160/6675/453 4104/6633/451 4097/6716/490 
f 4185/6717/2340 4186/6718/383 4111/6585/383 
f 4172/6689/447 4118/6592/437 4171/6687/447 
f 4163/6679/2349 4100/6719/2361 4164/6680/2348 
f 4098/6720/474 4187/6721/2357 4188/6722/411 
f 4103/6723/475 4174/6692/2342 4161/6691/2354 
f 4116/6724/451 4162/6678/453 4132/6627/461 
f 4160/6725/2340 4189/6726/383 4123/6597/383 
f 4176/6695/447 4127/6601/437 4175/6693/2356 
f 4167/6683/2348 4113/6727/2361 4115/6728/2361 
f 4113/6729/474 4181/6730/2352 4190/6731/411 
f 4100/6732/475 4178/6698/2354 4164/6697/2358 
f 4125/6632/451 4165/6681/453 4143/6631/461 
f 4162/6733/2340 4158/6734/383 4132/6606/383 
f 4115/6735/475 4180/6701/2342 4167/6700/2341 
f 4165/6736/2340 4159/6737/420 4143/6738/420 
f 4191/6739/111 4192/6740/111 4184/6741/111 
f 4102/6742/109 4182/6743/109 4174/6702/109 
f 4095/6703/109 4189/6744/109 4173/6704/109 
f 4187/6745/109 4099/6746/109 4188/6747/109 
f 4118/6748/109 4177/6707/109 4171/6706/109 
f 4190/6749/109 4180/6750/109 4114/6751/109 
f 4179/6708/109 4127/6667/109 4159/6666/109 
f 4193/6752/2376 4185/6753/2377 4111/6754/2378 
f 4194/6755/2379 4184/6756/2361 4169/6757/2380 
f 4195/6758/2368 4111/6754/2378 4109/6623/2369 
f 4196/6759/2381 4169/6757/2380 4185/6753/2377 
f 4109/6623/2369 4135/6610/116 4195/6758/2368 
f 4112/6659/109 4186/6760/109 4150/6646/109 
f 4168/6761/109 4150/6646/109 4186/6760/109 
f 4168/6761/109 4170/6762/109 4150/6646/109 
f 4192/6763/109 4150/6646/109 4170/6762/109 
f 4197/6764/109 4150/6646/109 4192/6763/109 
f 4143/6738/420 4156/6765/2382 4134/6608/2373 
f 3781/5981/400 3872/6133/2315 3782/5982/2299 
f 3784/5984/111 3878/6766/111 3785/5985/111 
f 3787/5987/111 3873/6767/111 3788/5988/111 
f 3790/5990/420 3794/5994/378 3791/5991/419 
f 3793/5993/237 3796/5996/111 3791/5991/419 
f 3795/5995/422 3798/5998/375 3796/5996/111 
f 3797/5997/374 3876/6138/2319 3798/5998/375 
f 3799/5999/111 3880/6768/111 3800/6000/111 
f 3802/6002/420 3806/6006/378 3803/6003/377 
f 3805/6005/237 3808/6008/111 3803/6003/377 
f 3807/6007/422 3810/6010/421 3808/6008/111 
f 3809/6009/374 3879/6145/2319 3810/6010/421 
f 3811/6011/420 3815/6015/378 3812/6012/378 
f 3814/6014/237 3817/6017/111 3812/6012/378 
f 3816/6016/422 3819/6019/2300 3817/6017/111 
f 3818/6018/374 3881/6153/374 3819/6019/2300 
f 3820/6020/439 3830/6183/2328 3821/6021/2301 
f 3816/6037/2304 3806/6041/426 3802/6042/429 
f 3828/6044/261 3839/6062/261 3832/6045/261 
f 3833/6047/2306 3830/6035/2303 3815/6032/2302 
f 3807/6039/426 3794/6026/2302 3790/6049/429 
f 3827/6051/261 3838/6060/261 3834/6052/261 
f 3825/6054/261 3836/6057/261 3835/6055/261 
f 3831/6053/261 3834/6052/261 3836/6057/261 
f 3824/6056/261 3835/6055/261 3837/6058/261 
f 3826/6046/261 3832/6045/261 3838/6060/261 
f 3829/6061/372 3849/6093/261 3839/6062/261 
f 3819/6077/116 3881/6769/116 3804/6082/116 
f 3843/6083/261 3832/6045/261 3839/6062/261 
f 3812/6072/116 3821/6074/116 3848/6085/116 
f 3810/6079/116 3879/6163/116 3792/6087/116 
f 3834/6052/261 3838/6060/261 3844/6088/261 
f 3835/6055/261 3836/6057/261 3842/6090/261 
f 3836/6057/261 3834/6052/261 3847/6089/261 
f 3837/6058/261 3835/6055/261 3841/6091/261 
f 3838/6060/261 3832/6045/261 3843/6083/261 
f 3845/6084/261 3839/6062/261 3849/6093/261 
f 3850/6095/430 3783/6136/393 3782/6096/2307 
f 3852/6098/430 3862/6770/393 3853/6099/2307 
f 3855/6101/430 3866/6771/393 3856/6102/2309 
f 3858/6104/401 3875/6137/401 3859/6105/2310 
f 3861/6107/398 3877/6141/2320 3853/6108/2312 
f 3863/6110/401 3850/6144/401 3851/6111/2313 
f 3865/6113/398 3871/6149/2320 3856/6114/2315 
f 3867/6116/385 3852/6152/401 3854/6117/2310 
f 3869/6119/385 3855/6155/401 3857/6120/2310 
f 3783/5983/400 3790/5990/420 3792/5992/384 
f 3864/6122/116 3872/6162/116 3781/6123/116 
f 3868/6125/116 3877/6164/116 3861/6126/116 
f 3869/6128/116 3870/6168/116 3871/6129/116 
f 3782/6096/2307 3787/6772/2318 3789/6131/2318 
f 3787/6132/413 3782/5982/2299 3872/6133/2315 
f 3874/6135/411 3883/6773/411 3860/6106/2311 
f 3850/6095/430 3809/6050/391 3790/6049/429 
f 3875/6137/401 3858/6104/401 3876/6138/2319 
f 3862/6109/400 3802/6002/420 3804/6004/420 
f 3853/6099/2307 3784/6774/2318 3786/6139/2318 
f 3784/6140/413 3853/6108/2312 3877/6141/2320 
f 3789/6143/411 3788/6775/411 3864/6112/2314 
f 3802/6042/429 3862/6770/393 3852/6098/430 
f 3850/6144/401 3863/6110/401 3879/6145/2319 
f 3866/6115/400 3811/6011/420 3813/6013/383 
f 3857/6103/2308 3856/6102/2309 3880/6146/2318 
f 3880/6148/413 3856/6114/2315 3871/6149/2320 
f 3786/6151/411 3785/6776/411 3868/6118/2316 
f 3811/6048/429 3866/6771/393 3855/6101/430 
f 3852/6152/401 3867/6116/385 3881/6153/374 
f 3799/6154/411 3801/6777/411 3870/6121/2317 
f 3855/6155/401 3869/6119/385 3848/6156/437 
f 3882/6158/111 3887/6778/111 3883/6159/111 
f 3788/6161/116 3873/6779/116 3872/6162/116 
f 3781/6123/116 3792/6087/116 3879/6163/116 
f 3877/6164/116 3868/6125/116 3785/6165/116 
f 3804/6082/116 3881/6769/116 3867/6127/116 
f 3800/6167/116 3871/6129/116 3870/6168/116 
f 3869/6128/116 3865/6130/116 3813/6086/116 
f 3416/6170/2321 3886/6177/2327 3875/6171/2322 
f 3884/6173/2324 3882/6780/2318 3874/6174/2318 
f 3885/6176/2326 3416/6170/2321 3797/6172/2323 
f 3886/6177/2327 3884/6173/2324 3859/6175/2325 
f 3833/6157/374 3848/6156/437 3821/6021/2301 
f 3888/6184/401 3972/6310/401 3889/6185/2310 
f 3891/6187/111 3983/6781/111 3892/6188/111 
f 3894/6190/111 4198/6782/111 3895/6191/111 
f 3897/6193/374 3950/6311/437 3898/6194/421 
f 3898/6194/421 3901/6197/237 3900/6196/111 
f 3901/6197/237 3903/6199/419 3902/6198/378 
f 3903/6199/419 3974/6325/383 3904/6200/420 
f 3905/6201/111 3984/6783/111 3906/6202/111 
f 3908/6204/374 3977/6328/437 3909/6205/421 
f 3909/6205/421 3912/6208/237 3911/6207/111 
f 3912/6208/237 3914/6210/419 3913/6209/378 
f 3914/6210/419 3978/6333/383 3915/6211/420 
f 3916/6212/374 3980/6336/374 3917/6213/2329 
f 3917/6213/2329 3920/6216/237 3919/6215/111 
f 3920/6216/237 3922/6218/2330 3921/6217/378 
f 3922/6218/2330 3948/6341/420 3923/6219/420 
f 3822/6022/237 3946/6372/2339 3924/6220/2331 
f 3923/6238/429 3908/6332/391 3910/6237/426 
f 3932/6239/261 3939/6255/261 3930/6240/261 
f 3933/6242/429 3916/6340/391 3918/6230/2302 
f 3897/6243/391 3899/6225/2302 3913/6235/388 
f 3934/6245/261 3938/6254/261 3929/6246/261 
f 3935/6248/261 3936/6251/261 3927/6249/261 
f 3936/6251/261 3934/6245/261 3931/6247/261 
f 3937/6252/261 3935/6248/261 3926/6250/261 
f 3938/6254/261 3932/6239/261 3928/6241/261 
f 3939/6255/261 3849/6093/261 3829/6061/372 
f 3909/6272/116 3977/6356/116 3948/6273/116 
f 3945/6274/372 3939/6255/261 3932/6239/261 
f 3917/6265/116 3980/6358/116 3949/6276/116 
f 3950/6277/116 3978/6352/116 3914/6270/116 
f 3944/6278/261 3938/6254/261 3934/6245/261 
f 3942/6280/261 3936/6251/261 3935/6248/261 
f 3947/6279/261 3934/6245/261 3936/6251/261 
f 3941/6281/261 3935/6248/261 3937/6252/261 
f 3943/6275/261 3932/6239/261 3938/6254/261 
f 3846/6094/372 3849/6093/261 3939/6255/261 
f 3889/6283/2308 3972/6324/430 3951/6284/393 
f 3953/6286/2308 3976/6784/430 3954/6287/393 
f 3956/6289/2333 3979/6785/430 3957/6290/393 
f 3959/6292/2299 3975/6326/400 3960/6293/400 
f 3962/6295/401 3976/6327/401 3953/6296/2334 
f 3952/6298/2299 3951/6334/400 3964/6299/400 
f 3966/6301/385 3979/6335/401 3956/6302/2334 
f 3955/6304/2320 3954/6342/400 3968/6305/398 
f 3958/6307/2299 3957/6345/400 3970/6308/400 
f 3972/6310/401 3888/6184/401 3950/6311/437 
f 3888/6312/116 3890/6350/116 3965/6313/116 
f 3962/6315/116 3963/6354/116 3969/6316/116 
f 3970/6318/116 3966/6786/116 3967/6319/116 
f 3896/6321/2318 3895/6787/2318 3889/6283/2308 
f 3895/6322/411 4198/6788/411 3890/6186/2316 
f 3961/6294/2320 3981/6789/413 3973/6323/413 
f 3897/6243/391 3915/6244/429 3951/6284/393 
f 3974/6325/383 3960/6293/400 3975/6326/400 
f 3976/6327/401 3962/6295/401 3977/6328/437 
f 3893/6329/2318 3892/6790/2318 3953/6286/2308 
f 3892/6330/411 3983/6791/411 3963/6297/2311 
f 3965/6300/2315 3894/6792/413 3896/6331/413 
f 3954/6287/393 3976/6784/430 3908/6332/391 
f 3978/6333/383 3964/6299/400 3951/6334/400 
f 3979/6335/401 3966/6301/385 3980/6336/374 
f 3958/6291/2307 3907/6793/2318 3906/6337/2318 
f 3906/6338/411 3984/6794/411 3967/6303/2316 
f 3969/6306/2315 3891/6795/413 3893/6339/413 
f 3957/6290/393 3979/6785/430 3916/6340/391 
f 3948/6341/420 3968/6305/398 3954/6342/400 
f 3971/6309/2320 3905/6796/475 3907/6343/475 
f 3949/6344/420 3970/6308/400 3957/6345/400 
f 3981/6347/111 3988/6797/111 3982/6348/111 
f 3890/6350/116 4198/6798/116 3894/6351/116 
f 3888/6312/116 3964/6314/116 3978/6352/116 
f 3891/6353/116 3969/6316/116 3963/6354/116 
f 3968/6317/116 3948/6273/116 3977/6356/116 
f 3984/6357/116 3905/6799/116 3971/6320/116 
f 3980/6358/116 3966/6786/116 3970/6318/116 
f 3975/6359/2335 3987/6366/2327 3082/6360/2321 
f 3973/6362/2318 3982/6800/2318 3985/6363/2325 
f 3904/6361/2336 3082/6360/2321 3986/6365/2338 
f 3959/6364/2337 3985/6363/2325 3987/6366/2327 
f 3946/6372/2339 3949/6344/420 3933/6346/383 
f 3989/6373/2340 4079/6508/2340 3990/6374/2341 
f 3992/6376/111 4089/6801/111 3993/6377/111 
f 3995/6379/111 4199/6802/111 3996/6380/111 
f 3998/6382/383 4056/6509/384 3999/6383/2343 
f 3999/6383/2343 4002/6386/111 4001/6385/237 
f 4002/6386/111 4004/6388/376 4003/6387/422 
f 4004/6388/376 4081/6523/2362 4005/6389/437 
f 4006/6390/111 4200/6803/111 4007/6391/111 
f 4009/6393/383 4053/6526/383 4010/6394/377 
f 4010/6394/377 4013/6397/111 4012/6396/237 
f 4013/6397/111 4015/6399/441 4014/6398/422 
f 4015/6399/441 4084/6531/2362 4016/6400/437 
f 4017/6401/383 4086/6534/383 4018/6402/378 
f 4018/6402/378 4021/6405/111 4020/6404/237 
f 4021/6405/111 4023/6407/422 4022/6406/376 
f 4023/6407/422 4054/6539/437 4024/6408/437 
f 4025/6409/439 4050/6609/373 4026/6410/2344 
f 4022/6426/2345 4024/6530/451 4009/6431/461 
f 4036/6432/261 4043/6448/372 4033/6433/261 
f 4037/6435/451 4017/6538/461 4019/6421/2345 
f 3998/6436/461 4000/6416/2345 4014/6428/487 
f 4038/6438/261 4042/6447/261 4032/6439/261 
f 4039/6441/261 4040/6444/261 4030/6442/261 
f 4040/6444/261 4038/6438/261 4035/6440/261 
f 4041/6445/261 4039/6441/261 4029/6443/261 
f 4042/6447/261 4036/6432/261 4031/6434/261 
f 4043/6448/372 4057/6480/372 4034/6449/372 
f 4023/6464/109 4010/6468/109 4053/6469/109 
f 4047/6471/372 4049/6479/372 4043/6448/372 
f 4018/6459/109 4086/6555/109 4055/6472/109 
f 4056/6473/109 4084/6550/109 4015/6466/109 
f 4048/6474/261 4042/6447/261 4038/6438/261 
f 4046/6476/261 4040/6444/261 4039/6441/261 
f 4052/6475/261 4038/6438/261 4040/6444/261 
f 4045/6477/261 4039/6441/261 4041/6445/261 
f 4047/6471/372 4036/6432/261 4042/6447/261 
f 4049/6479/372 4051/6674/261 4057/6480/372 
f 3990/6481/2348 4079/6522/453 4058/6482/490 
f 4060/6484/2348 4083/6804/453 4061/6485/490 
f 4063/6487/2350 4085/6805/453 4064/6488/490 
f 4066/6490/2351 4082/6524/447 4067/6491/447 
f 4069/6493/2340 4083/6525/2340 4060/6494/2353 
f 4059/6496/2355 4058/6532/447 4071/6497/2356 
f 4073/6499/458 4085/6533/2340 4063/6500/2358 
f 4062/6502/2351 4061/6540/447 4075/6503/2359 
f 4065/6505/2360 4064/6543/447 4077/6506/2359 
f 4079/6508/2340 3989/6373/2340 4056/6509/384 
f 3989/6510/109 3991/6548/109 4072/6511/109 
f 4069/6513/109 4070/6552/109 4076/6514/109 
f 4077/6516/109 4073/6806/109 4074/6517/109 
f 3997/6519/2361 3996/6807/2361 3990/6481/2348 
f 3996/6520/475 4199/6808/413 3991/6375/2342 
f 4068/6492/2352 4087/6809/411 4080/6521/474 
f 3998/6436/461 4016/6437/451 4058/6482/490 
f 4081/6523/2362 4067/6491/447 4082/6524/447 
f 4083/6525/2340 4069/6493/2340 4053/6526/383 
f 3994/6527/2361 3993/6810/2361 4060/6484/2348 
f 3993/6528/475 4089/6811/413 4070/6495/2354 
f 4072/6498/2357 3995/6812/411 3997/6529/474 
f 4061/6485/490 4083/6804/453 4009/6431/461 
f 4084/6531/2362 4071/6497/2356 4058/6532/447 
f 4085/6533/2340 4073/6499/458 4086/6534/383 
f 4065/6489/2349 4006/6813/2361 4008/6535/2361 
f 4008/6536/475 4007/6814/413 4074/6501/2342 
f 4076/6504/2357 3992/6815/411 3994/6537/474 
f 4064/6488/490 4085/6805/453 4017/6538/461 
f 4054/6539/437 4075/6503/2359 4061/6540/447 
f 4078/6507/2357 4200/6816/474 4006/6541/474 
f 4055/6542/374 4077/6506/2359 4064/6543/447 
f 4087/6545/111 4094/6817/111 4088/6546/111 
f 3991/6548/109 4199/6818/109 3995/6549/109 
f 3989/6510/109 4071/6512/109 4084/6550/109 
f 3992/6551/109 4076/6514/109 4070/6552/109 
f 4075/6515/109 4054/6470/109 4053/6469/109 
f 4007/6554/109 4200/6819/109 4078/6518/109 
f 4086/6555/109 4073/6806/109 4077/6516/109 
f 4082/6556/2363 4093/6563/2370 4090/6557/2364 
f 4080/6559/2361 4088/6820/2361 4091/6560/2366 
f 4005/6558/2365 4090/6557/2364 4092/6562/2368 
f 4066/6561/2367 4091/6560/2366 4093/6563/2370 
f 4026/6410/2344 4055/6542/374 4037/6544/437 
f 4095/6569/447 4182/6713/2357 4096/6570/2371 
f 4098/6572/111 4188/6821/111 4099/6573/111 
f 4101/6575/111 4183/6822/111 4102/6576/111 
f 4104/6578/437 4108/6582/376 4105/6579/441 
f 4107/6581/111 4110/6584/237 4105/6579/441 
f 4109/6583/442 4112/6586/377 4110/6584/237 
f 4111/6585/383 4186/6718/383 4112/6586/377 
f 4113/6587/111 4190/6823/111 4114/6588/111 
f 4116/6590/437 4120/6594/376 4117/6591/441 
f 4119/6593/111 4122/6596/237 4117/6591/441 
f 4121/6595/442 4124/6598/378 4122/6596/237 
f 4123/6597/383 4189/6726/383 4124/6598/378 
f 4125/6599/437 4129/6603/422 4126/6600/2372 
f 4128/6602/111 4131/6605/237 4126/6600/2372 
f 4130/6604/442 4133/6607/2330 4131/6605/237 
f 4132/6606/383 4158/6734/383 4133/6607/2330 
f 4134/6608/2373 4156/6765/2382 4050/6609/373 
f 4120/6626/487 4116/6724/451 4132/6627/461 
f 4140/6628/261 4149/6645/372 4142/6629/372 
f 4143/6631/461 4134/6620/2346 4129/6619/2345 
f 4121/6624/448 4108/6613/2345 4104/6633/451 
f 4139/6635/261 4148/6644/261 4144/6636/261 
f 4137/6638/261 4146/6641/261 4145/6639/261 
f 4141/6637/261 4144/6636/261 4146/6641/261 
f 4136/6640/261 4145/6639/261 4147/6642/261 
f 4138/6630/261 4142/6629/372 4148/6644/261 
f 4034/6449/372 4057/6480/372 4149/6645/372 
f 4158/6663/109 4118/6748/109 4117/6662/109 
f 4142/6629/372 4149/6645/372 4155/6664/372 
f 4126/6655/109 4156/6656/109 4159/6666/109 
f 4124/6660/109 4189/6744/109 4106/6668/109 
f 4144/6636/261 4148/6644/261 4154/6669/261 
f 4145/6639/261 4146/6641/261 4152/6671/261 
f 4146/6641/261 4144/6636/261 4157/6670/261 
f 4147/6642/261 4145/6639/261 4151/6672/261 
f 4148/6644/261 4142/6629/372 4153/6665/261 
f 4149/6645/372 4057/6480/372 4051/6674/261 
f 4160/6675/453 4097/6716/490 4096/6676/2349 
f 4162/6678/453 4172/6824/490 4163/6679/2349 
f 4165/6681/453 4176/6825/490 4166/6682/2374 
f 4168/6684/2340 4185/6717/2340 4169/6685/2375 
f 4171/6687/447 4187/6721/2357 4163/6688/2360 
f 4173/6690/2340 4160/6725/2340 4161/6691/2354 
f 4175/6693/2356 4181/6730/2352 4166/6694/2352 
f 4177/6696/2340 4162/6733/2340 4164/6697/2358 
f 4179/6699/2340 4165/6736/2340 4167/6700/2341 
f 4097/6571/447 4104/6578/437 4106/6580/374 
f 4174/6702/109 4182/6743/109 4095/6703/109 
f 4178/6705/109 4187/6745/109 4171/6706/109 
f 4179/6708/109 4180/6750/109 4181/6709/109 
f 4096/6676/2349 4101/6826/2361 4103/6711/2361 
f 4101/6712/474 4096/6570/2371 4182/6713/2357 
f 4184/6715/413 4192/6827/413 4170/6686/2342 
f 4160/6675/453 4123/6634/461 4104/6633/451 
f 4185/6717/2340 4168/6684/2340 4186/6718/383 
f 4172/6689/447 4116/6590/437 4118/6592/437 
f 4163/6679/2349 4098/6828/2361 4100/6719/2361 
f 4098/6720/474 4163/6688/2360 4187/6721/2357 
f 4103/6723/475 4102/6829/413 4174/6692/2342 
f 4116/6724/451 4172/6824/490 4162/6678/453 
f 4160/6725/2340 4173/6690/2340 4189/6726/383 
f 4176/6695/447 4125/6599/437 4127/6601/437 
f 4167/6683/2348 4166/6682/2374 4113/6727/2361 
f 4113/6729/474 4166/6694/2352 4181/6730/2352 
f 4100/6732/475 4099/6830/413 4178/6698/2354 
f 4125/6632/451 4176/6825/490 4165/6681/453 
f 4162/6733/2340 4177/6696/2340 4158/6734/383 
f 4115/6735/475 4114/6831/413 4180/6701/2342 
f 4165/6736/2340 4179/6699/2340 4159/6737/420 
f 4191/6739/111 4197/6832/111 4192/6740/111 
f 4102/6742/109 4183/6833/109 4182/6743/109 
f 4095/6703/109 4106/6668/109 4189/6744/109 
f 4187/6745/109 4178/6705/109 4099/6746/109 
f 4118/6748/109 4158/6663/109 4177/6707/109 
f 4190/6749/109 4181/6709/109 4180/6750/109 
f 4179/6708/109 4175/6710/109 4127/6667/109 
f 4193/6752/2376 4196/6759/2381 4185/6753/2377 
f 4194/6755/2379 4191/6834/2361 4184/6756/2361 
f 4195/6758/2368 4193/6752/2376 4111/6754/2378 
f 4196/6759/2381 4194/6755/2379 4169/6757/2380 
f 4143/6738/420 4159/6737/420 4156/6765/2382 
f 4201/6835/2383 4202/6836/2384 4203/6837/2385 
f 4202/6836/2384 4204/6838/2386 4203/6837/2385 
f 4205/6839/2387 4206/6840/2388 4204/6838/2386 
f 4206/6840/2388 4207/6841/2389 4208/6842/2390 
f 4208/6843/2390 4209/6844/2391 4210/6845/2392 
f 4209/6844/2391 4211/6846/2393 4210/6845/2392 
f 4211/6846/2393 4212/6847/2394 4213/6848/2395 
f 4212/6847/2394 4214/6849/2396 4213/6848/2395 
f 4214/6849/2396 4215/6850/2397 4216/6851/2398 
f 4216/6851/2398 4217/6852/2399 4218/6853/2400 
f 4218/6853/2400 4219/6854/2401 4220/6855/2402 
f 4220/6855/2402 4221/6856/2403 4222/6857/2404 
f 4222/6857/2404 4223/6858/2405 4224/6859/2406 
f 4223/6858/2405 4225/6860/2407 4224/6859/2406 
f 4225/6860/2407 4226/6861/2408 4227/6862/2409 
f 4226/6861/2408 4201/6835/2383 4227/6862/2409 
f 4228/6863/2410 4229/6864/2411 4230/6865/2412 
f 4231/6866/2413 4232/6867/2414 4229/6864/2411 
f 4233/6868/2415 4234/6869/2416 4232/6867/2414 
f 4235/6870/2417 4236/6871/2418 4234/6869/2416 
f 4237/6872/2419 4238/6873/2420 4236/6874/2418 
f 4239/6875/2421 4240/6876/2422 4238/6873/2420 
f 4241/6877/2423 4242/6878/2424 4240/6876/2422 
f 4243/6879/2425 4244/6880/2426 4242/6878/2424 
f 4245/6881/2427 4246/6882/2428 4244/6880/2426 
f 4247/6883/2429 4248/6884/2430 4246/6882/2428 
f 4249/6885/2431 4250/6886/2432 4248/6884/2430 
f 4251/6887/2433 4252/6888/2434 4250/6886/2432 
f 4253/6889/2435 4254/6890/2436 4252/6888/2434 
f 4255/6891/2437 4256/6892/2438 4254/6890/2436 
f 4257/6893/2439 4258/6894/2440 4256/6892/2438 
f 4259/6895/2441 4230/6865/2412 4258/6894/2440 
f 4230/6865/2412 4260/6896/2442 4261/6897/2443 
f 4260/6896/2442 4232/6867/2414 4262/6898/2444 
f 4232/6867/2414 4263/6899/2445 4262/6898/2444 
f 4234/6869/2416 4264/6900/2446 4263/6899/2445 
f 4236/6874/2418 4265/6901/2447 4264/6902/2446 
f 4265/6901/2447 4240/6876/2422 4266/6903/2448 
f 4240/6876/2422 4267/6904/2449 4266/6903/2448 
f 4242/6878/2424 4268/6905/2450 4267/6904/2449 
f 4244/6880/2426 4269/6906/2451 4268/6905/2450 
f 4246/6882/2428 4270/6907/2452 4269/6906/2451 
f 4248/6884/2430 4271/6908/2453 4270/6907/2452 
f 4250/6886/2432 4272/6909/2454 4271/6908/2453 
f 4252/6888/2434 4273/6910/2455 4272/6909/2454 
f 4273/6910/2455 4256/6892/2438 4274/6911/2456 
f 4274/6911/2456 4258/6894/2440 4275/6912/2457 
f 4258/6894/2440 4261/6897/2443 4275/6912/2457 
f 4276/6913/2458 4277/6914/2459 4278/6915/2460 
f 4279/6916/2461 4280/6917/2462 4277/6914/2459 
f 4281/6918/2463 4282/6919/2464 4280/6917/2462 
f 4283/6920/2465 4284/6921/2466 4282/6919/2464 
f 4285/6922/2467 4286/6923/2468 4284/6924/2466 
f 4287/6925/2469 4288/6926/2470 4286/6923/2468 
f 4289/6927/2471 4290/6928/2472 4288/6926/2470 
f 4291/6929/2473 4292/6930/2474 4290/6928/2472 
f 4293/6931/2475 4294/6932/2476 4292/6930/2474 
f 4295/6933/2477 4296/6934/2478 4294/6932/2476 
f 4297/6935/2479 4298/6936/2480 4296/6934/2478 
f 4299/6937/2481 4300/6938/2482 4298/6936/2480 
f 4301/6939/2483 4302/6940/2484 4300/6938/2482 
f 4303/6941/2485 4304/6942/2486 4302/6940/2484 
f 4305/6943/2487 4306/6944/2488 4304/6942/2486 
f 4307/6945/2489 4278/6915/2460 4306/6944/2488 
f 4308/6946/2490 4309/6947/2491 4310/6948/2492 
f 4309/6947/2491 4311/6949/2493 4312/6950/2494 
f 4311/6949/2493 4313/6951/2495 4312/6950/2494 
f 4314/6952/2496 4315/6953/2497 4313/6951/2495 
f 4316/6954/2498 4317/6955/2499 4315/6956/2497 
f 4317/6955/2499 4318/6957/2500 4319/6958/2501 
f 4319/6958/2501 4320/6959/2502 4321/6960/2503 
f 4321/6960/2503 4322/6961/2504 4323/6962/2505 
f 4323/6962/2505 4324/6963/2506 4325/6964/2507 
f 4325/6964/2507 4326/6965/2508 4327/6966/2509 
f 4326/6965/2508 4328/6967/2510 4327/6966/2509 
f 4329/6968/2511 4330/6969/2512 4328/6967/2510 
f 4331/6970/2513 4332/6971/2514 4330/6969/2512 
f 4332/6971/2514 4333/6972/2515 4334/6973/2516 
f 4334/6973/2516 4335/6974/2517 4336/6975/2518 
f 4335/6974/2517 4310/6948/2492 4336/6975/2518 
f 4337/6976/2519 4338/6977/2520 4339/6978/2521 
f 4338/6977/2520 4340/6979/2522 4339/6978/2521 
f 4341/6980/2523 4342/6981/2524 4340/6979/2522 
f 4343/6982/2525 4344/6983/2526 4342/6981/2524 
f 4345/6984/2527 4346/6985/2528 4344/6986/2526 
f 4347/6987/2529 4348/6988/2530 4346/6985/2528 
f 4349/6989/2531 4350/6990/2532 4348/6988/2530 
f 4351/6991/2533 4352/6992/2534 4350/6990/2532 
f 4353/6993/2535 4354/6994/2536 4352/6992/2534 
f 4355/6995/2537 4356/6996/2538 4354/6994/2536 
f 4357/6997/2539 4358/6998/2540 4356/6996/2538 
f 4359/6999/2541 4360/7000/2542 4358/6998/2540 
f 4361/7001/2543 4362/7002/2544 4360/7000/2542 
f 4363/7003/2545 4364/7004/2546 4362/7002/2544 
f 4365/7005/2547 4366/7006/2548 4364/7004/2546 
f 4366/7006/2548 4367/7007/2549 4337/6976/2519 
f 4276/6913/2458 4339/6978/2521 4279/6916/2461 
f 4339/6978/2521 4281/6918/2463 4279/6916/2461 
f 4340/6979/2522 4283/6920/2465 4281/6918/2463 
f 4342/6981/2524 4285/7008/2467 4283/6920/2465 
f 4285/6922/2467 4346/6985/2528 4287/6925/2469 
f 4346/6985/2528 4289/6927/2471 4287/6925/2469 
f 4348/6988/2530 4291/6929/2473 4289/6927/2471 
f 4350/6990/2532 4293/6931/2475 4291/6929/2473 
f 4293/6931/2475 4354/6994/2536 4295/6933/2477 
f 4354/6994/2536 4297/6935/2479 4295/6933/2477 
f 4356/6996/2538 4299/6937/2481 4297/6935/2479 
f 4299/6937/2481 4360/7000/2542 4301/6939/2483 
f 4301/6939/2483 4362/7002/2544 4303/6941/2485 
f 4362/7002/2544 4305/6943/2487 4303/6941/2485 
f 4364/7004/2546 4307/6945/2489 4305/6943/2487 
f 4307/6945/2489 4337/6976/2519 4276/6913/2458 
f 4261/6897/2443 4338/6977/2520 4367/7007/2549 
f 4260/6896/2442 4341/6980/2523 4338/6977/2520 
f 4262/6898/2444 4343/6982/2525 4341/6980/2523 
f 4263/6899/2445 4345/7009/2527 4343/6982/2525 
f 4264/6902/2446 4347/6987/2529 4345/6984/2527 
f 4265/6901/2447 4349/6989/2531 4347/6987/2529 
f 4266/6903/2448 4351/6991/2533 4349/6989/2531 
f 4267/6904/2449 4353/6993/2535 4351/6991/2533 
f 4268/6905/2450 4355/6995/2537 4353/6993/2535 
f 4355/6995/2537 4270/6907/2452 4357/6997/2539 
f 4270/6907/2452 4359/6999/2541 4357/6997/2539 
f 4271/6908/2453 4361/7001/2543 4359/6999/2541 
f 4272/6909/2454 4363/7003/2545 4361/7001/2543 
f 4273/6910/2455 4365/7005/2547 4363/7003/2545 
f 4274/6911/2456 4368/7010/2550 4365/7005/2547 
f 4275/6912/2457 4367/7007/2549 4368/7010/2550 
f 4369/7011/2551 4203/6837/2385 4370/7012/2552 
f 4370/7012/2552 4204/6838/2386 4371/7013/2553 
f 4371/7013/2553 4206/6840/2388 4372/7014/2554 
f 4372/7014/2554 4208/6842/2390 4373/7015/2555 
f 4373/7016/2555 4210/6845/2392 4374/7017/2556 
f 4374/7017/2556 4211/6846/2393 4375/7018/2557 
f 4375/7018/2557 4213/6848/2395 4376/7019/2558 
f 4213/6848/2395 4377/7020/2559 4376/7019/2558 
f 4377/7020/2559 4216/6851/2398 4378/7021/2560 
f 4378/7021/2560 4218/6853/2400 4379/7022/2561 
f 4379/7022/2561 4220/6855/2402 4380/7023/2562 
f 4380/7023/2562 4222/6857/2404 4381/7024/2563 
f 4381/7024/2563 4224/6859/2406 4382/7025/2564 
f 4382/7025/2564 4225/6860/2407 4383/7026/2565 
f 4383/7026/2565 4227/6862/2409 4384/7027/2566 
f 4227/6862/2409 4369/7011/2551 4384/7027/2566 
f 4385/7028/2567 4386/7029/2568 4387/7030/2569 
f 4388/7031/2570 4389/7032/2571 4386/7029/2568 
f 4390/7033/2572 4391/7034/2573 4389/7032/2571 
f 4392/7035/2574 4393/7036/2575 4391/7034/2573 
f 4394/7037/2576 4395/7038/2577 4393/7036/2575 
f 4396/7039/2578 4397/7040/2579 4395/7038/2577 
f 4398/7041/2580 4399/7042/2581 4397/7040/2579 
f 4400/7043/2582 4401/7044/2583 4399/7042/2581 
f 4402/7045/2584 4403/7046/2585 4401/7044/2583 
f 4404/7047/2586 4405/7048/2587 4403/7046/2585 
f 4406/7049/2588 4407/7050/2589 4405/7048/2587 
f 4408/7051/2590 4409/7052/2591 4407/7050/2589 
f 4410/7053/2592 4411/7054/2593 4409/7052/2591 
f 4412/7055/2594 4413/7056/2595 4411/7054/2593 
f 4414/7057/2596 4415/7058/2597 4413/7056/2595 
f 4416/7059/2598 4387/7030/2569 4415/7058/2597 
f 4278/6915/2460 4202/6836/2384 4417/7060/2599 
f 4277/6914/2459 4205/6839/2387 4202/6836/2384 
f 4205/6839/2387 4282/6919/2464 4418/7061/2600 
f 4418/7061/2600 4284/6921/2466 4207/6841/2389 
f 4207/7062/2389 4286/6923/2468 4209/6844/2391 
f 4286/6923/2468 4419/7063/2601 4209/6844/2391 
f 4288/6926/2470 4212/6847/2394 4419/7063/2601 
f 4290/6928/2472 4420/7064/2602 4212/6847/2394 
f 4292/6930/2474 4215/6850/2397 4420/7064/2602 
f 4294/6932/2476 4217/6852/2399 4215/6850/2397 
f 4296/6934/2478 4219/6854/2401 4217/6852/2399 
f 4298/6936/2480 4221/6856/2403 4219/6854/2401 
f 4300/6938/2482 4223/6858/2405 4221/6856/2403 
f 4223/6858/2405 4304/6942/2486 4421/7065/2603 
f 4421/7065/2603 4306/6944/2488 4226/6861/2408 
f 4226/6861/2408 4278/6915/2460 4417/7060/2599 
f 4422/7066/111 4387/7030/2569 4386/7029/2568 
f 4422/7066/111 4386/7029/2568 4389/7032/2571 
f 4422/7066/111 4389/7032/2571 4391/7034/2573 
f 4422/7066/111 4391/7034/2573 4393/7036/2575 
f 4422/7066/111 4393/7036/2575 4395/7038/2577 
f 4422/7066/111 4395/7038/2577 4397/7040/2579 
f 4422/7066/111 4397/7040/2579 4399/7042/2581 
f 4422/7066/111 4399/7042/2581 4401/7044/2583 
f 4422/7066/111 4401/7044/2583 4403/7046/2585 
f 4422/7066/111 4403/7046/2585 4405/7048/2587 
f 4422/7066/111 4405/7048/2587 4407/7050/2589 
f 4422/7066/111 4407/7050/2589 4409/7052/2591 
f 4422/7066/111 4409/7052/2591 4411/7054/2593 
f 4422/7066/111 4411/7054/2593 4413/7056/2595 
f 4422/7066/111 4413/7056/2595 4415/7058/2597 
f 4422/7066/111 4415/7058/2597 4387/7030/2569 
f 4310/7067/2492 4388/7031/2570 4385/7028/2567 
f 4309/7068/2491 4390/7033/2572 4388/7031/2570 
f 4312/7069/2494 4392/7035/2574 4390/7033/2572 
f 4313/7070/2495 4394/7037/2576 4392/7035/2574 
f 4315/7071/2497 4396/7039/2578 4394/7037/2576 
f 4317/7072/2499 4398/7041/2580 4396/7039/2578 
f 4319/7073/2501 4400/7043/2582 4398/7041/2580 
f 4321/7074/2503 4402/7045/2584 4400/7043/2582 
f 4323/7075/2505 4404/7047/2586 4402/7045/2584 
f 4325/7076/2507 4406/7049/2588 4404/7047/2586 
f 4327/7077/2509 4408/7051/2590 4406/7049/2588 
f 4328/7078/2510 4410/7053/2592 4408/7051/2590 
f 4330/7079/2512 4412/7055/2594 4410/7053/2592 
f 4332/7080/2514 4414/7057/2596 4412/7055/2594 
f 4334/7081/2516 4416/7059/2598 4414/7057/2596 
f 4336/7082/2518 4385/7028/2567 4416/7059/2598 
f 4369/7011/2551 4423/7083/2604 4308/6946/2490 
f 4370/7012/2552 4311/6949/2493 4423/7083/2604 
f 4371/7013/2553 4314/6952/2496 4311/6949/2493 
f 4314/6952/2496 4373/7015/2555 4316/7084/2498 
f 4373/7016/2555 4424/7085/2605 4316/6954/2498 
f 4374/7017/2556 4318/6957/2500 4424/7085/2605 
f 4318/6957/2500 4376/7019/2558 4320/6959/2502 
f 4376/7019/2558 4322/6961/2504 4320/6959/2502 
f 4377/7020/2559 4324/6963/2506 4322/6961/2504 
f 4378/7021/2560 4326/6965/2508 4324/6963/2506 
f 4326/6965/2508 4380/7023/2562 4329/6968/2511 
f 4380/7023/2562 4331/6970/2513 4329/6968/2511 
f 4381/7024/2563 4425/7086/2606 4331/6970/2513 
f 4382/7025/2564 4333/6972/2515 4425/7086/2606 
f 4383/7026/2565 4335/6974/2517 4333/6972/2515 
f 4384/7027/2566 4308/6946/2490 4335/6974/2517 
f 4201/6835/2383 4417/7060/2599 4202/6836/2384 
f 4202/6836/2384 4205/6839/2387 4204/6838/2386 
f 4205/6839/2387 4418/7061/2600 4206/6840/2388 
f 4206/6840/2388 4418/7061/2600 4207/6841/2389 
f 4208/6843/2390 4207/7062/2389 4209/6844/2391 
f 4209/6844/2391 4419/7063/2601 4211/6846/2393 
f 4211/6846/2393 4419/7063/2601 4212/6847/2394 
f 4212/6847/2394 4420/7064/2602 4214/6849/2396 
f 4214/6849/2396 4420/7064/2602 4215/6850/2397 
f 4216/6851/2398 4215/6850/2397 4217/6852/2399 
f 4218/6853/2400 4217/6852/2399 4219/6854/2401 
f 4220/6855/2402 4219/6854/2401 4221/6856/2403 
f 4222/6857/2404 4221/6856/2403 4223/6858/2405 
f 4223/6858/2405 4421/7065/2603 4225/6860/2407 
f 4225/6860/2407 4421/7065/2603 4226/6861/2408 
f 4226/6861/2408 4417/7060/2599 4201/6835/2383 
f 4228/6863/2410 4231/6866/2413 4229/6864/2411 
f 4231/6866/2413 4233/6868/2415 4232/6867/2414 
f 4233/6868/2415 4235/6870/2417 4234/6869/2416 
f 4235/6870/2417 4237/7087/2419 4236/6871/2418 
f 4237/6872/2419 4239/6875/2421 4238/6873/2420 
f 4239/6875/2421 4241/6877/2423 4240/6876/2422 
f 4241/6877/2423 4243/6879/2425 4242/6878/2424 
f 4243/6879/2425 4245/6881/2427 4244/6880/2426 
f 4245/6881/2427 4247/6883/2429 4246/6882/2428 
f 4247/6883/2429 4249/6885/2431 4248/6884/2430 
f 4249/6885/2431 4251/6887/2433 4250/6886/2432 
f 4251/6887/2433 4253/6889/2435 4252/6888/2434 
f 4253/6889/2435 4255/6891/2437 4254/6890/2436 
f 4255/6891/2437 4257/6893/2439 4256/6892/2438 
f 4257/6893/2439 4259/6895/2441 4258/6894/2440 
f 4259/6895/2441 4228/6863/2410 4230/6865/2412 
f 4230/6865/2412 4229/6864/2411 4260/6896/2442 
f 4260/6896/2442 4229/6864/2411 4232/6867/2414 
f 4232/6867/2414 4234/6869/2416 4263/6899/2445 
f 4234/6869/2416 4236/6871/2418 4264/6900/2446 
f 4236/6874/2418 4238/6873/2420 4265/6901/2447 
f 4265/6901/2447 4238/6873/2420 4240/6876/2422 
f 4240/6876/2422 4242/6878/2424 4267/6904/2449 
f 4242/6878/2424 4244/6880/2426 4268/6905/2450 
f 4244/6880/2426 4246/6882/2428 4269/6906/2451 
f 4246/6882/2428 4248/6884/2430 4270/6907/2452 
f 4248/6884/2430 4250/6886/2432 4271/6908/2453 
f 4250/6886/2432 4252/6888/2434 4272/6909/2454 
f 4252/6888/2434 4254/6890/2436 4273/6910/2455 
f 4273/6910/2455 4254/6890/2436 4256/6892/2438 
f 4274/6911/2456 4256/6892/2438 4258/6894/2440 
f 4258/6894/2440 4230/6865/2412 4261/6897/2443 
f 4276/6913/2458 4279/6916/2461 4277/6914/2459 
f 4279/6916/2461 4281/6918/2463 4280/6917/2462 
f 4281/6918/2463 4283/6920/2465 4282/6919/2464 
f 4283/6920/2465 4285/7008/2467 4284/6921/2466 
f 4285/6922/2467 4287/6925/2469 4286/6923/2468 
f 4287/6925/2469 4289/6927/2471 4288/6926/2470 
f 4289/6927/2471 4291/6929/2473 4290/6928/2472 
f 4291/6929/2473 4293/6931/2475 4292/6930/2474 
f 4293/6931/2475 4295/6933/2477 4294/6932/2476 
f 4295/6933/2477 4297/6935/2479 4296/6934/2478 
f 4297/6935/2479 4299/6937/2481 4298/6936/2480 
f 4299/6937/2481 4301/6939/2483 4300/6938/2482 
f 4301/6939/2483 4303/6941/2485 4302/6940/2484 
f 4303/6941/2485 4305/6943/2487 4304/6942/2486 
f 4305/6943/2487 4307/6945/2489 4306/6944/2488 
f 4307/6945/2489 4276/6913/2458 4278/6915/2460 
f 4308/6946/2490 4423/7083/2604 4309/6947/2491 
f 4309/6947/2491 4423/7083/2604 4311/6949/2493 
f 4311/6949/2493 4314/6952/2496 4313/6951/2495 
f 4314/6952/2496 4316/7084/2498 4315/6953/2497 
f 4316/6954/2498 4424/7085/2605 4317/6955/2499 
f 4317/6955/2499 4424/7085/2605 4318/6957/2500 
f 4319/6958/2501 4318/6957/2500 4320/6959/2502 
f 4321/6960/2503 4320/6959/2502 4322/6961/2504 
f 4323/6962/2505 4322/6961/2504 4324/6963/2506 
f 4325/6964/2507 4324/6963/2506 4326/6965/2508 
f 4326/6965/2508 4329/6968/2511 4328/6967/2510 
f 4329/6968/2511 4331/6970/2513 4330/6969/2512 
f 4331/6970/2513 4425/7086/2606 4332/6971/2514 
f 4332/6971/2514 4425/7086/2606 4333/6972/2515 
f 4334/6973/2516 4333/6972/2515 4335/6974/2517 
f 4335/6974/2517 4308/6946/2490 4310/6948/2492 
f 4337/6976/2519 4367/7007/2549 4338/6977/2520 
f 4338/6977/2520 4341/6980/2523 4340/6979/2522 
f 4341/6980/2523 4343/6982/2525 4342/6981/2524 
f 4343/6982/2525 4345/7009/2527 4344/6983/2526 
f 4345/6984/2527 4347/6987/2529 4346/6985/2528 
f 4347/6987/2529 4349/6989/2531 4348/6988/2530 
f 4349/6989/2531 4351/6991/2533 4350/6990/2532 
f 4351/6991/2533 4353/6993/2535 4352/6992/2534 
f 4353/6993/2535 4355/6995/2537 4354/6994/2536 
f 4355/6995/2537 4357/6997/2539 4356/6996/2538 
f 4357/6997/2539 4359/6999/2541 4358/6998/2540 
f 4359/6999/2541 4361/7001/2543 4360/7000/2542 
f 4361/7001/2543 4363/7003/2545 4362/7002/2544 
f 4363/7003/2545 4365/7005/2547 4364/7004/2546 
f 4365/7005/2547 4368/7010/2550 4366/7006/2548 
f 4366/7006/2548 4368/7010/2550 4367/7007/2549 
f 4276/6913/2458 4337/6976/2519 4339/6978/2521 
f 4339/6978/2521 4340/6979/2522 4281/6918/2463 
f 4340/6979/2522 4342/6981/2524 4283/6920/2465 
f 4342/6981/2524 4344/6983/2526 4285/7008/2467 
f 4285/6922/2467 4344/6986/2526 4346/6985/2528 
f 4346/6985/2528 4348/6988/2530 4289/6927/2471 
f 4348/6988/2530 4350/6990/2532 4291/6929/2473 
f 4350/6990/2532 4352/6992/2534 4293/6931/2475 
f 4293/6931/2475 4352/6992/2534 4354/6994/2536 
f 4354/6994/2536 4356/6996/2538 4297/6935/2479 
f 4356/6996/2538 4358/6998/2540 4299/6937/2481 
f 4299/6937/2481 4358/6998/2540 4360/7000/2542 
f 4301/6939/2483 4360/7000/2542 4362/7002/2544 
f 4362/7002/2544 4364/7004/2546 4305/6943/2487 
f 4364/7004/2546 4366/7006/2548 4307/6945/2489 
f 4307/6945/2489 4366/7006/2548 4337/6976/2519 
f 4261/6897/2443 4260/6896/2442 4338/6977/2520 
f 4260/6896/2442 4262/6898/2444 4341/6980/2523 
f 4262/6898/2444 4263/6899/2445 4343/6982/2525 
f 4263/6899/2445 4264/6900/2446 4345/7009/2527 
f 4264/6902/2446 4265/6901/2447 4347/6987/2529 
f 4265/6901/2447 4266/6903/2448 4349/6989/2531 
f 4266/6903/2448 4267/6904/2449 4351/6991/2533 
f 4267/6904/2449 4268/6905/2450 4353/6993/2535 
f 4268/6905/2450 4269/6906/2451 4355/6995/2537 
f 4355/6995/2537 4269/6906/2451 4270/6907/2452 
f 4270/6907/2452 4271/6908/2453 4359/6999/2541 
f 4271/6908/2453 4272/6909/2454 4361/7001/2543 
f 4272/6909/2454 4273/6910/2455 4363/7003/2545 
f 4273/6910/2455 4274/6911/2456 4365/7005/2547 
f 4274/6911/2456 4275/6912/2457 4368/7010/2550 
f 4275/6912/2457 4261/6897/2443 4367/7007/2549 
f 4369/7011/2551 4201/6835/2383 4203/6837/2385 
f 4370/7012/2552 4203/6837/2385 4204/6838/2386 
f 4371/7013/2553 4204/6838/2386 4206/6840/2388 
f 4372/7014/2554 4206/6840/2388 4208/6842/2390 
f 4373/7016/2555 4208/6843/2390 4210/6845/2392 
f 4374/7017/2556 4210/6845/2392 4211/6846/2393 
f 4375/7018/2557 4211/6846/2393 4213/6848/2395 
f 4213/6848/2395 4214/6849/2396 4377/7020/2559 
f 4377/7020/2559 4214/6849/2396 4216/6851/2398 
f 4378/7021/2560 4216/6851/2398 4218/6853/2400 
f 4379/7022/2561 4218/6853/2400 4220/6855/2402 
f 4380/7023/2562 4220/6855/2402 4222/6857/2404 
f 4381/7024/2563 4222/6857/2404 4224/6859/2406 
f 4382/7025/2564 4224/6859/2406 4225/6860/2407 
f 4383/7026/2565 4225/6860/2407 4227/6862/2409 
f 4227/6862/2409 4201/6835/2383 4369/7011/2551 
f 4385/7028/2567 4388/7031/2570 4386/7029/2568 
f 4388/7031/2570 4390/7033/2572 4389/7032/2571 
f 4390/7033/2572 4392/7035/2574 4391/7034/2573 
f 4392/7035/2574 4394/7037/2576 4393/7036/2575 
f 4394/7037/2576 4396/7039/2578 4395/7038/2577 
f 4396/7039/2578 4398/7041/2580 4397/7040/2579 
f 4398/7041/2580 4400/7043/2582 4399/7042/2581 
f 4400/7043/2582 4402/7045/2584 4401/7044/2583 
f 4402/7045/2584 4404/7047/2586 4403/7046/2585 
f 4404/7047/2586 4406/7049/2588 4405/7048/2587 
f 4406/7049/2588 4408/7051/2590 4407/7050/2589 
f 4408/7051/2590 4410/7053/2592 4409/7052/2591 
f 4410/7053/2592 4412/7055/2594 4411/7054/2593 
f 4412/7055/2594 4414/7057/2596 4413/7056/2595 
f 4414/7057/2596 4416/7059/2598 4415/7058/2597 
f 4416/7059/2598 4385/7028/2567 4387/7030/2569 
f 4278/6915/2460 4277/6914/2459 4202/6836/2384 
f 4277/6914/2459 4280/6917/2462 4205/6839/2387 
f 4205/6839/2387 4280/6917/2462 4282/6919/2464 
f 4418/7061/2600 4282/6919/2464 4284/6921/2466 
f 4207/7062/2389 4284/6924/2466 4286/6923/2468 
f 4286/6923/2468 4288/6926/2470 4419/7063/2601 
f 4288/6926/2470 4290/6928/2472 4212/6847/2394 
f 4290/6928/2472 4292/6930/2474 4420/7064/2602 
f 4292/6930/2474 4294/6932/2476 4215/6850/2397 
f 4294/6932/2476 4296/6934/2478 4217/6852/2399 
f 4296/6934/2478 4298/6936/2480 4219/6854/2401 
f 4298/6936/2480 4300/6938/2482 4221/6856/2403 
f 4300/6938/2482 4302/6940/2484 4223/6858/2405 
f 4223/6858/2405 4302/6940/2484 4304/6942/2486 
f 4421/7065/2603 4304/6942/2486 4306/6944/2488 
f 4226/6861/2408 4306/6944/2488 4278/6915/2460 
f 4310/7067/2492 4309/7068/2491 4388/7031/2570 
f 4309/7068/2491 4312/7069/2494 4390/7033/2572 
f 4312/7069/2494 4313/7070/2495 4392/7035/2574 
f 4313/7070/2495 4315/7071/2497 4394/7037/2576 
f 4315/7071/2497 4317/7072/2499 4396/7039/2578 
f 4317/7072/2499 4319/7073/2501 4398/7041/2580 
f 4319/7073/2501 4321/7074/2503 4400/7043/2582 
f 4321/7074/2503 4323/7075/2505 4402/7045/2584 
f 4323/7075/2505 4325/7076/2507 4404/7047/2586 
f 4325/7076/2507 4327/7077/2509 4406/7049/2588 
f 4327/7077/2509 4328/7078/2510 4408/7051/2590 
f 4328/7078/2510 4330/7079/2512 4410/7053/2592 
f 4330/7079/2512 4332/7080/2514 4412/7055/2594 
f 4332/7080/2514 4334/7081/2516 4414/7057/2596 
f 4334/7081/2516 4336/7082/2518 4416/7059/2598 
f 4336/7082/2518 4310/7067/2492 4385/7028/2567 
f 4369/7011/2551 4370/7012/2552 4423/7083/2604 
f 4370/7012/2552 4371/7013/2553 4311/6949/2493 
f 4371/7013/2553 4372/7014/2554 4314/6952/2496 
f 4314/6952/2496 4372/7014/2554 4373/7015/2555 
f 4373/7016/2555 4374/7017/2556 4424/7085/2605 
f 4374/7017/2556 4375/7018/2557 4318/6957/2500 
f 4318/6957/2500 4375/7018/2557 4376/7019/2558 
f 4376/7019/2558 4377/7020/2559 4322/6961/2504 
f 4377/7020/2559 4378/7021/2560 4324/6963/2506 
f 4378/7021/2560 4379/7022/2561 4326/6965/2508 
f 4326/6965/2508 4379/7022/2561 4380/7023/2562 
f 4380/7023/2562 4381/7024/2563 4331/6970/2513 
f 4381/7024/2563 4382/7025/2564 4425/7086/2606 
f 4382/7025/2564 4383/7026/2565 4333/6972/2515 
f 4383/7026/2565 4384/7027/2566 4335/6974/2517 
f 4384/7027/2566 4369/7011/2551 4308/6946/2490 
f 4426/7088/619 4427/7089/619 4428/7090/619 
f 4429/7091/619 4428/7090/619 4430/7092/595 
f 4431/7093/261 4432/7094/261 4427/7089/261 
f 4433/7095/595 4430/7092/595 4434/7096/595 
f 4434/7096/111 4435/7097/111 4433/7095/111 
f 4430/7092/2607 4436/7098/2607 4434/7096/2607 
f 4427/7089/2608 4437/7099/2608 4428/7090/2608 
f 4428/7090/109 4438/7100/109 4430/7092/109 
f 4429/7091/2609 4435/7097/2609 4439/7101/2609 
f 4431/7093/2610 4440/7102/2610 4441/7103/2610 
f 4429/7091/116 4440/7102/116 4426/7088/116 
f 4426/7088/619 4431/7093/595 4427/7089/619 
f 4429/7091/619 4426/7088/619 4428/7090/619 
f 4431/7093/261 4441/7103/261 4432/7094/261 
f 4433/7095/595 4429/7091/619 4430/7092/595 
f 4434/7096/111 4436/7098/111 4435/7097/111 
f 4430/7092/2607 4438/7100/2607 4436/7098/2607 
f 4427/7089/2608 4432/7094/2608 4437/7099/2608 
f 4428/7090/109 4437/7099/109 4438/7100/109 
f 4429/7091/2609 4433/7095/2609 4435/7097/2609 
f 4431/7093/2610 4426/7088/2610 4440/7102/2610 
f 4429/7091/116 4439/7101/116 4440/7102/116 
f 4442/7104/2069 4443/7105/1929 4444/7106/1929 
f 4445/7107/619 4446/7108/595 4443/7105/1929 
f 4446/7108/595 4447/7109/595 4448/7110/595 
f 4448/7110/595 4449/7111/595 4450/7112/595 
f 4444/7113/2611 4451/7114/2612 4452/7115/2613 
f 4443/7116/2614 4453/7117/2615 4451/7114/2612 
f 4446/7118/2615 4454/7119/2616 4453/7117/2615 
f 4448/7120/2616 4455/7121/2617 4454/7119/2616 
f 4456/7122/1934 4454/7123/1934 4455/7124/1937 
f 4457/7125/1934 4453/7126/1934 4454/7123/1934 
f 4453/7126/1934 4458/7127/849 4451/7128/849 
f 4451/7128/849 4459/7129/849 4452/7130/878 
f 4460/7131/2618 4461/7132/2619 4462/7133/2620 
f 4463/7134/2621 4464/7135/2622 4461/7132/2619 
f 4460/7136/2069 4465/7137/1929 4463/7138/2069 
f 4463/7138/2069 4466/7139/1929 4467/7140/1929 
f 4468/7141/878 4461/7142/878 4464/7143/878 
f 4469/7144/878 4462/7145/878 4461/7142/878 
f 4470/7146/1937 4471/7147/1937 4472/7148/1937 
f 4472/7148/1937 4473/7149/1937 4474/7150/1937 
f 4475/7151/595 4476/7152/595 4477/7153/595 
f 4478/7154/595 4479/7155/595 4476/7152/595 
f 4477/7156/2623 4472/7157/2624 4474/7158/2625 
f 4476/7159/2626 4470/7160/2627 4472/7157/2624 
f 4480/7161/111 4467/7162/2628 4481/7163/111 
f 4455/7124/1937 4482/7164/878 4456/7122/1934 
f 4455/7121/2617 4460/7131/2618 4462/7133/2620 
f 4481/7165/595 4466/7139/1929 4483/7166/595 
f 4484/7167/1929 4450/7112/595 4449/7111/595 
f 4485/7168/878 4473/7149/1937 4486/7169/849 
f 4487/7170/1934 4452/7130/878 4459/7129/849 
f 4475/7151/595 4488/7171/595 4489/7172/595 
f 4444/7106/1929 4490/7173/595 4442/7104/2069 
f 4485/7174/111 4477/7156/2623 4474/7158/2625 
f 4470/7160/2627 4444/7113/2611 4452/7115/2613 
f 4483/7175/109 4480/7176/109 4481/7177/109 
f 4491/7178/595 4492/7179/619 4493/7180/595 
f 4494/7181/619 4495/7182/619 4491/7178/595 
f 4494/7181/619 4496/7183/595 4497/7184/595 
f 4498/7185/1929 4499/7186/1929 4496/7183/595 
f 4500/7187/2629 4493/7188/2630 4501/7189/2630 
f 4502/7190/2631 4491/7191/2629 4500/7187/2629 
f 4503/7192/2632 4494/7193/2631 4502/7190/2631 
f 4504/7194/2633 4498/7195/2634 4503/7192/2632 
f 4503/7196/849 4505/7197/878 4504/7198/878 
f 4502/7199/849 4506/7200/849 4503/7196/849 
f 4502/7199/849 4507/7201/1934 4508/7202/849 
f 4500/7203/1934 4509/7204/1934 4507/7201/1934 
f 4510/7205/2635 4511/7206/2636 4512/7207/2636 
f 4513/7208/2637 4514/7209/2638 4510/7205/2635 
f 4511/7210/619 4515/7211/595 4516/7212/595 
f 4514/7213/619 4517/7214/595 4515/7211/595 
f 4510/7215/1937 4518/7216/1937 4513/7217/1937 
f 4512/7218/1937 4519/7219/1937 4510/7215/1937 
f 4520/7220/878 4521/7221/878 4522/7222/849 
f 4523/7223/878 4524/7224/878 4521/7221/878 
f 4525/7225/1929 4526/7226/1929 4527/7227/1929 
f 4528/7228/1929 4529/7229/1929 4525/7225/1929 
f 4523/7230/2639 4527/7231/2640 4530/7232/2640 
f 4520/7233/2641 4525/7234/2639 4523/7230/2639 
f 4531/7235/111 4532/7236/2642 4513/7208/2637 
f 4533/7237/1937 4504/7198/878 4505/7197/878 
f 4511/7206/2636 4504/7194/2633 4512/7207/2636 
f 4517/7214/595 4534/7238/595 4535/7239/595 
f 4516/7212/595 4536/7240/1929 4511/7210/619 
f 4524/7224/878 4485/7168/878 4486/7169/849 
f 4522/7222/849 4501/7241/1937 4520/7220/878 
f 4526/7226/1929 4488/7171/595 4527/7227/1929 
f 4537/7242/1929 4493/7180/595 4492/7179/619 
f 4527/7231/2640 4485/7174/111 4530/7232/2640 
f 4493/7188/2630 4520/7233/2641 4501/7189/2630 
f 4531/7243/116 4535/7244/116 4534/7245/116 
f 4538/7246/878 4539/7247/849 4540/7248/878 
f 4541/7249/1934 4542/7250/849 4538/7246/878 
f 4541/7249/1934 4543/7251/1934 4544/7252/849 
f 4545/7253/1934 4546/7254/1934 4543/7251/1934 
f 4547/7255/2614 4540/7256/2643 4548/7257/2643 
f 4549/7258/2615 4538/7259/2644 4547/7255/2614 
f 4550/7260/2616 4541/7261/2615 4549/7258/2615 
f 4551/7262/2645 4545/7263/2616 4550/7260/2616 
f 4550/7264/595 4552/7265/619 4551/7266/595 
f 4549/7267/595 4553/7268/595 4550/7264/595 
f 4549/7267/595 4554/7269/595 4555/7270/595 
f 4547/7271/2069 4556/7272/1929 4554/7269/595 
f 4557/7273/2621 4558/7274/2620 4559/7275/2646 
f 4560/7276/2647 4561/7277/2621 4557/7273/2621 
f 4558/7278/878 4562/7279/878 4563/7280/878 
f 4561/7281/849 4564/7282/849 4562/7279/878 
f 4557/7283/1929 4565/7284/1929 4560/7285/1929 
f 4559/7286/1929 4566/7287/2069 4557/7283/1929 
f 4567/7288/595 4568/7289/595 4569/7290/619 
f 4570/7291/595 4571/7292/595 4568/7289/595 
f 4572/7293/878 4573/7294/878 4574/7295/878 
f 4575/7296/849 4576/7297/849 4572/7293/878 
f 4570/7298/2626 4574/7299/2625 4577/7300/2623 
f 4567/7301/2627 4572/7302/2624 4570/7298/2626 
f 4578/7303/111 4579/7304/2622 4560/7276/2647 
f 4580/7305/1929 4551/7266/595 4552/7265/619 
f 4558/7274/2620 4551/7262/2645 4559/7275/2646 
f 4564/7282/849 4581/7306/849 4582/7307/849 
f 4563/7280/878 4583/7308/1934 4558/7278/878 
f 4571/7292/595 4584/7309/595 4585/7310/595 
f 4569/7290/619 4548/7311/1929 4567/7288/595 
f 4573/7294/878 4586/7312/849 4574/7295/878 
f 4587/7313/849 4540/7248/878 4539/7247/849 
f 4574/7299/2625 4584/7314/111 4577/7300/2623 
f 4540/7256/2643 4567/7301/2627 4548/7257/2643 
f 4578/7315/109 4582/7316/109 4581/7317/109 
f 4588/7318/1934 4589/7319/1937 4590/7320/1937 
f 4591/7321/1934 4592/7322/849 4589/7319/1937 
f 4592/7322/849 4593/7323/849 4594/7324/849 
f 4594/7324/849 4595/7325/849 4596/7326/849 
f 4590/7327/2630 4597/7328/2629 4598/7329/2630 
f 4589/7330/2629 4599/7331/2631 4597/7328/2629 
f 4592/7332/2631 4600/7333/2634 4599/7331/2631 
f 4594/7334/2632 4601/7335/2633 4600/7333/2634 
f 4602/7336/1929 4600/7337/1929 4601/7338/1929 
f 4603/7339/595 4599/7340/595 4600/7337/1929 
f 4599/7340/595 4604/7341/595 4597/7342/619 
f 4597/7342/619 4605/7343/595 4598/7344/595 
f 4606/7345/2636 4607/7346/2635 4608/7347/2636 
f 4609/7348/2635 4610/7349/2637 4607/7346/2635 
f 4606/7350/878 4611/7351/878 4609/7352/849 
f 4609/7352/849 4612/7353/849 4613/7354/849 
f 4614/7355/595 4607/7356/595 4610/7357/595 
f 4615/7358/595 4608/7359/595 4607/7356/595 
f 4616/7360/1929 4617/7361/1929 4618/7362/1929 
f 4618/7362/1929 4619/7363/1929 4620/7364/1929 
f 4621/7365/849 4622/7366/849 4623/7367/849 
f 4624/7368/878 4625/7369/878 4622/7366/849 
f 4623/7370/2640 4618/7371/2639 4620/7372/2640 
f 4622/7373/2648 4616/7374/2649 4618/7371/2639 
f 4626/7375/439 4613/7376/2650 4627/7377/111 
f 4601/7338/1929 4628/7378/595 4602/7336/1929 
f 4601/7335/2633 4606/7345/2636 4608/7347/2636 
f 4627/7379/849 4612/7353/849 4629/7380/849 
f 4630/7381/878 4596/7326/849 4595/7325/849 
f 4584/7309/595 4619/7363/1929 4585/7310/595 
f 4631/7382/2069 4598/7344/595 4605/7343/595 
f 4621/7365/849 4586/7312/849 4632/7383/849 
f 4590/7320/1937 4633/7384/849 4588/7318/1934 
f 4584/7314/111 4623/7370/2640 4620/7372/2640 
f 4616/7374/2649 4590/7327/2630 4598/7329/2630 
f 4629/7385/116 4626/7386/116 4627/7387/116 
f 4442/7104/2069 4445/7107/619 4443/7105/1929 
f 4445/7107/619 4634/7388/595 4446/7108/595 
f 4446/7108/595 4634/7388/595 4447/7109/595 
f 4448/7110/595 4447/7109/595 4449/7111/595 
f 4444/7113/2611 4443/7116/2614 4451/7114/2612 
f 4443/7116/2614 4446/7118/2615 4453/7117/2615 
f 4446/7118/2615 4448/7120/2616 4454/7119/2616 
f 4448/7120/2616 4450/7389/2651 4455/7121/2617 
f 4456/7122/1934 4457/7125/1934 4454/7123/1934 
f 4457/7125/1934 4635/7390/878 4453/7126/1934 
f 4453/7126/1934 4635/7390/878 4458/7127/849 
f 4451/7128/849 4458/7127/849 4459/7129/849 
f 4460/7131/2618 4463/7134/2621 4461/7132/2619 
f 4463/7134/2621 4467/7162/2628 4464/7135/2622 
f 4460/7136/2069 4484/7167/1929 4465/7137/1929 
f 4463/7138/2069 4465/7137/1929 4466/7139/1929 
f 4468/7141/878 4469/7144/878 4461/7142/878 
f 4469/7144/878 4482/7164/878 4462/7145/878 
f 4470/7146/1937 4487/7170/1934 4471/7147/1937 
f 4472/7148/1937 4471/7147/1937 4473/7149/1937 
f 4475/7151/595 4478/7154/595 4476/7152/595 
f 4478/7154/595 4490/7173/595 4479/7155/595 
f 4477/7156/2623 4476/7159/2626 4472/7157/2624 
f 4476/7159/2626 4479/7391/2627 4470/7160/2627 
f 4480/7161/111 4464/7135/2622 4467/7162/2628 
f 4455/7124/1937 4462/7145/878 4482/7164/878 
f 4455/7121/2617 4450/7389/2651 4460/7131/2618 
f 4481/7165/595 4467/7140/1929 4466/7139/1929 
f 4484/7167/1929 4460/7136/2069 4450/7112/595 
f 4485/7168/878 4474/7150/1937 4473/7149/1937 
f 4487/7170/1934 4470/7146/1937 4452/7130/878 
f 4475/7151/595 4477/7153/595 4488/7171/595 
f 4444/7106/1929 4479/7155/595 4490/7173/595 
f 4485/7174/111 4488/7392/111 4477/7156/2623 
f 4470/7160/2627 4479/7391/2627 4444/7113/2611 
f 4483/7175/109 4636/7393/109 4480/7176/109 
f 4491/7178/595 4495/7182/619 4492/7179/619 
f 4494/7181/619 4497/7184/595 4495/7182/619 
f 4494/7181/619 4498/7185/1929 4496/7183/595 
f 4498/7185/1929 4536/7240/1929 4499/7186/1929 
f 4500/7187/2629 4491/7191/2629 4493/7188/2630 
f 4502/7190/2631 4494/7193/2631 4491/7191/2629 
f 4503/7192/2632 4498/7195/2634 4494/7193/2631 
f 4504/7194/2633 4536/7394/2652 4498/7195/2634 
f 4503/7196/849 4506/7200/849 4505/7197/878 
f 4502/7199/849 4508/7202/849 4506/7200/849 
f 4502/7199/849 4500/7203/1934 4507/7201/1934 
f 4500/7203/1934 4501/7241/1937 4509/7204/1934 
f 4510/7205/2635 4514/7209/2638 4511/7206/2636 
f 4513/7208/2637 4532/7236/2642 4514/7209/2638 
f 4511/7210/619 4514/7213/619 4515/7211/595 
f 4514/7213/619 4532/7395/595 4517/7214/595 
f 4510/7215/1937 4519/7219/1937 4518/7216/1937 
f 4512/7218/1937 4533/7237/1937 4519/7219/1937 
f 4520/7220/878 4523/7223/878 4521/7221/878 
f 4523/7223/878 4530/7396/878 4524/7224/878 
f 4525/7225/1929 4529/7229/1929 4526/7226/1929 
f 4528/7228/1929 4537/7242/1929 4529/7229/1929 
f 4523/7230/2639 4525/7234/2639 4527/7231/2640 
f 4520/7233/2641 4528/7397/2653 4525/7234/2639 
f 4531/7235/111 4534/7398/111 4532/7236/2642 
f 4533/7237/1937 4512/7218/1937 4504/7198/878 
f 4511/7206/2636 4536/7394/2652 4504/7194/2633 
f 4517/7214/595 4532/7395/595 4534/7238/595 
f 4516/7212/595 4499/7186/1929 4536/7240/1929 
f 4524/7224/878 4530/7396/878 4485/7168/878 
f 4522/7222/849 4509/7204/1934 4501/7241/1937 
f 4526/7226/1929 4489/7172/595 4488/7171/595 
f 4537/7242/1929 4528/7228/1929 4493/7180/595 
f 4527/7231/2640 4488/7392/111 4485/7174/111 
f 4493/7188/2630 4528/7397/2653 4520/7233/2641 
f 4531/7243/116 4637/7399/116 4535/7244/116 
f 4538/7246/878 4542/7250/849 4539/7247/849 
f 4541/7249/1934 4544/7252/849 4542/7250/849 
f 4541/7249/1934 4545/7253/1934 4543/7251/1934 
f 4545/7253/1934 4583/7308/1934 4546/7254/1934 
f 4547/7255/2614 4538/7259/2644 4540/7256/2643 
f 4549/7258/2615 4541/7261/2615 4538/7259/2644 
f 4550/7260/2616 4545/7263/2616 4541/7261/2615 
f 4551/7262/2645 4583/7400/2654 4545/7263/2616 
f 4550/7264/595 4553/7268/595 4552/7265/619 
f 4549/7267/595 4555/7270/595 4553/7268/595 
f 4549/7267/595 4547/7271/2069 4554/7269/595 
f 4547/7271/2069 4548/7311/1929 4556/7272/1929 
f 4557/7273/2621 4561/7277/2621 4558/7274/2620 
f 4560/7276/2647 4579/7304/2622 4561/7277/2621 
f 4558/7278/878 4561/7281/849 4562/7279/878 
f 4561/7281/849 4579/7401/849 4564/7282/849 
f 4557/7283/1929 4566/7287/2069 4565/7284/1929 
f 4559/7286/1929 4580/7305/1929 4566/7287/2069 
f 4567/7288/595 4570/7291/595 4568/7289/595 
f 4570/7291/595 4577/7402/595 4571/7292/595 
f 4572/7293/878 4576/7297/849 4573/7294/878 
f 4575/7296/849 4587/7313/849 4576/7297/849 
f 4570/7298/2626 4572/7302/2624 4574/7299/2625 
f 4567/7301/2627 4575/7403/2655 4572/7302/2624 
f 4578/7303/111 4581/7404/111 4579/7304/2656 
f 4580/7305/1929 4559/7286/1929 4551/7266/595 
f 4558/7274/2620 4583/7400/2654 4551/7262/2645 
f 4564/7282/849 4579/7401/849 4581/7306/849 
f 4563/7280/878 4546/7254/1934 4583/7308/1934 
f 4571/7292/595 4577/7402/595 4584/7309/595 
f 4569/7290/619 4556/7272/1929 4548/7311/1929 
f 4573/7294/878 4632/7383/849 4586/7312/849 
f 4587/7313/849 4575/7296/849 4540/7248/878 
f 4574/7299/2625 4586/7405/111 4584/7314/111 
f 4540/7256/2643 4575/7403/2655 4567/7301/2627 
f 4578/7315/109 4638/7406/109 4582/7316/109 
f 4588/7318/1934 4591/7321/1934 4589/7319/1937 
f 4591/7321/1934 4639/7407/849 4592/7322/849 
f 4592/7322/849 4639/7407/849 4593/7323/849 
f 4594/7324/849 4593/7323/849 4595/7325/849 
f 4590/7327/2630 4589/7330/2629 4597/7328/2629 
f 4589/7330/2629 4592/7332/2631 4599/7331/2631 
f 4592/7332/2631 4594/7334/2632 4600/7333/2634 
f 4594/7334/2632 4596/7408/2652 4601/7335/2633 
f 4602/7336/1929 4603/7339/595 4600/7337/1929 
f 4603/7339/595 4640/7409/619 4599/7340/595 
f 4599/7340/595 4640/7409/619 4604/7341/595 
f 4597/7342/619 4604/7341/595 4605/7343/595 
f 4606/7345/2636 4609/7348/2635 4607/7346/2635 
f 4609/7348/2635 4613/7376/2637 4610/7349/2637 
f 4606/7350/878 4630/7381/878 4611/7351/878 
f 4609/7352/849 4611/7351/878 4612/7353/849 
f 4614/7355/595 4615/7358/595 4607/7356/595 
f 4615/7358/595 4628/7378/595 4608/7359/595 
f 4616/7360/1929 4631/7382/2069 4617/7361/1929 
f 4618/7362/1929 4617/7361/1929 4619/7363/1929 
f 4621/7365/849 4624/7368/878 4622/7366/849 
f 4624/7368/878 4633/7384/849 4625/7369/878 
f 4623/7370/2640 4622/7373/2648 4618/7371/2639 
f 4622/7373/2648 4625/7410/2657 4616/7374/2649 
f 4626/7375/439 4610/7349/2658 4613/7376/2650 
f 4601/7338/1929 4608/7359/595 4628/7378/595 
f 4601/7335/2633 4596/7408/2652 4606/7345/2636 
f 4627/7379/849 4613/7354/849 4612/7353/849 
f 4630/7381/878 4606/7350/878 4596/7326/849 
f 4584/7309/595 4620/7364/1929 4619/7363/1929 
f 4631/7382/2069 4616/7360/1929 4598/7344/595 
f 4621/7365/849 4623/7367/849 4586/7312/849 
f 4590/7320/1937 4625/7369/878 4633/7384/849 
f 4584/7314/111 4586/7405/111 4623/7370/2640 
f 4616/7374/2649 4625/7410/2657 4590/7327/2630 
f 4629/7385/116 4641/7411/116 4626/7386/116 
f 4642/7412/109 4643/7413/109 4644/7414/110 
f 4645/7415/619 4646/7416/619 4642/7412/619 
f 4644/7414/237 4645/7415/111 4642/7412/111 
f 4647/7417/261 4646/7416/261 4648/7418/261 
f 4649/7419/116 4650/7420/116 4651/7421/116 
f 4652/7422/619 4645/7423/619 4650/7420/619 
f 4645/7423/111 4651/7421/237 4650/7420/111 
f 4652/7422/261 4647/7424/261 4648/7425/261 
f 4643/7419/109 4653/7420/110 4644/7421/110 
f 4654/7422/849 4655/7423/849 4653/7420/849 
f 4655/7423/237 4644/7421/237 4653/7420/237 
f 4654/7422/261 4647/7424/261 4656/7425/261 
f 4657/7426/116 4649/7427/116 4651/7428/116 
f 4655/7429/849 4658/7430/849 4657/7426/849 
f 4651/7428/237 4655/7429/237 4657/7426/237 
f 4647/7431/261 4658/7430/261 4656/7432/261 
f 4642/7412/109 4646/7416/109 4643/7413/109 
f 4645/7415/619 4648/7418/595 4646/7416/619 
f 4644/7414/237 4659/7433/237 4645/7415/111 
f 4647/7417/261 4643/7413/261 4646/7416/261 
f 4649/7419/116 4652/7422/116 4650/7420/116 
f 4652/7422/619 4648/7425/595 4645/7423/619 
f 4645/7423/111 4659/7434/237 4651/7421/237 
f 4652/7422/261 4649/7419/261 4647/7424/261 
f 4643/7419/109 4654/7422/109 4653/7420/110 
f 4654/7422/849 4656/7425/849 4655/7423/849 
f 4655/7423/237 4659/7434/237 4644/7421/237 
f 4654/7422/261 4643/7419/261 4647/7424/261 
f 4657/7426/116 4658/7430/116 4649/7427/116 
f 4655/7429/849 4656/7432/849 4658/7430/849 
f 4651/7428/237 4659/7435/237 4655/7429/237 
f 4647/7431/261 4649/7427/261 4658/7430/261 
f 4660/7436/111 4661/7437/111 4662/7438/111 
f 4663/7439/2659 4664/7440/595 4665/7441/619 
f 4664/7440/595 4666/7442/2660 4665/7441/619 
f 4663/7443/2661 4667/7444/109 4668/7445/2662 
f 4667/7444/109 4666/7446/2663 4669/7447/2664 
f 4670/7448/2665 4671/7449/2666 4672/7450/109 
f 4671/7449/2666 4673/7451/2667 4672/7450/109 
f 4674/7452/2668 4671/7453/1929 4675/7454/2668 
f 4671/7453/1929 4676/7455/2669 4677/7456/2670 
f 4668/7445/2662 4661/7457/2671 4663/7443/2661 
f 4669/7447/2664 4678/7458/2672 4679/7459/2673 
f 4661/7460/2674 4680/7461/2675 4663/7439/2659 
f 4678/7462/2676 4681/7463/2660 4682/7464/2677 
f 4683/7465/2678 4677/7466/2667 4684/7467/2678 
f 4679/7459/2673 4675/7468/2679 4670/7448/2665 
f 4677/7456/2670 4685/7469/2680 4684/7470/2680 
f 4675/7454/2668 4682/7464/2677 4674/7452/2668 
f 4686/7471/111 4660/7436/111 4687/7472/111 
f 4688/7473/2659 4664/7440/595 4680/7461/2675 
f 4689/7474/2660 4664/7440/595 4690/7475/595 
f 4691/7476/116 4688/7477/2681 4692/7478/2682 
f 4691/7476/116 4689/7479/2683 4690/7480/116 
f 4693/7481/2684 4694/7482/2685 4695/7483/2684 
f 4696/7484/2686 4694/7482/2685 4697/7485/116 
f 4694/7486/595 4674/7452/2668 4695/7487/2687 
f 4694/7486/595 4676/7455/2669 4698/7488/1929 
f 4692/7478/2682 4686/7489/2688 4687/7490/2688 
f 4699/7491/2689 4700/7492/2690 4701/7493/2691 
f 4680/7461/2675 4686/7494/2674 4688/7473/2659 
f 4699/7495/2692 4681/7463/2660 4689/7474/2660 
f 4702/7496/2693 4703/7497/2694 4696/7484/2686 
f 4695/7483/2684 4701/7493/2691 4693/7481/2684 
f 4685/7469/2680 4703/7498/2669 4704/7499/2680 
f 4695/7487/2687 4682/7464/2677 4699/7495/2692 
f 4705/7500/111 4660/7501/111 4662/7502/111 
f 4706/7503/2695 4707/7504/849 4708/7505/2695 
f 4709/7506/2696 4707/7504/849 4710/7507/849 
f 4667/7508/109 4706/7509/2697 4668/7510/2662 
f 4667/7508/109 4709/7511/2698 4710/7512/109 
f 4670/7513/2665 4711/7514/2666 4712/7515/2679 
f 4673/7516/2667 4711/7514/2666 4672/7517/109 
f 4711/7518/1934 4713/7519/2699 4712/7520/2700 
f 4711/7518/1934 4714/7521/2701 4715/7522/849 
f 4668/7510/2662 4705/7523/2671 4662/7524/2671 
f 4716/7525/2702 4669/7526/2664 4679/7527/2673 
f 4708/7505/2695 4705/7528/2703 4706/7503/2695 
f 4716/7529/2704 4717/7530/2705 4709/7506/2696 
f 4683/7531/2678 4718/7532/2667 4673/7516/2667 
f 4712/7515/2679 4679/7527/2673 4670/7513/2665 
f 4719/7533/2706 4718/7534/2707 4720/7535/2706 
f 4712/7520/2700 4721/7536/2708 4716/7529/2704 
f 4660/7501/111 4722/7537/111 4687/7538/111 
f 4723/7539/2695 4707/7504/849 4724/7540/878 
f 4707/7504/849 4725/7541/2696 4724/7540/878 
f 4723/7542/2681 4691/7543/116 4692/7544/2682 
f 4691/7543/116 4725/7545/2709 4700/7546/2690 
f 4693/7547/2684 4726/7548/2685 4697/7549/116 
f 4726/7548/2685 4696/7550/2686 4697/7549/116 
f 4713/7519/2699 4726/7551/849 4727/7552/2699 
f 4726/7551/849 4714/7521/2701 4728/7553/2701 
f 4692/7544/2682 4722/7554/2688 4723/7542/2681 
f 4700/7546/2690 4729/7555/2710 4701/7556/2691 
f 4722/7557/2703 4708/7505/2695 4723/7539/2695 
f 4729/7558/2711 4717/7530/2705 4721/7536/2708 
f 4702/7559/2693 4728/7560/2694 4730/7561/2693 
f 4701/7556/2691 4727/7562/2684 4693/7547/2684 
f 4728/7553/2701 4719/7533/2706 4730/7563/2706 
f 4727/7552/2699 4721/7536/2708 4713/7519/2699 
f 4660/7436/111 4731/7564/111 4661/7437/111 
f 4663/7439/2659 4680/7461/2675 4664/7440/595 
f 4664/7440/595 4681/7463/2660 4666/7442/2660 
f 4663/7443/2661 4665/7565/109 4667/7444/109 
f 4667/7444/109 4665/7565/109 4666/7446/2663 
f 4670/7448/2665 4675/7468/2679 4671/7449/2666 
f 4671/7449/2666 4677/7466/2667 4673/7451/2667 
f 4674/7452/2668 4698/7488/1929 4671/7453/1929 
f 4671/7453/1929 4698/7488/1929 4676/7455/2669 
f 4668/7445/2662 4662/7566/2671 4661/7457/2671 
f 4669/7447/2664 4666/7446/2663 4678/7458/2672 
f 4661/7460/2674 4731/7567/2674 4680/7461/2675 
f 4678/7462/2676 4666/7442/2660 4681/7463/2660 
f 4683/7465/2678 4673/7451/2667 4677/7466/2667 
f 4679/7459/2673 4678/7458/2672 4675/7468/2679 
f 4677/7456/2670 4676/7455/2669 4685/7469/2680 
f 4675/7454/2668 4678/7462/2676 4682/7464/2677 
f 4686/7471/111 4731/7564/111 4660/7436/111 
f 4688/7473/2659 4690/7475/595 4664/7440/595 
f 4689/7474/2660 4681/7463/2660 4664/7440/595 
f 4691/7476/116 4690/7480/116 4688/7477/2681 
f 4691/7476/116 4700/7492/2690 4689/7479/2683 
f 4693/7481/2684 4697/7485/116 4694/7482/2685 
f 4696/7484/2686 4703/7497/2694 4694/7482/2685 
f 4694/7486/595 4698/7488/1929 4674/7452/2668 
f 4694/7486/595 4703/7498/2669 4676/7455/2669 
f 4692/7478/2682 4688/7477/2681 4686/7489/2688 
f 4699/7491/2689 4689/7479/2683 4700/7492/2690 
f 4680/7461/2675 4731/7567/2674 4686/7494/2674 
f 4699/7495/2692 4682/7464/2677 4681/7463/2660 
f 4702/7496/2693 4704/7568/2693 4703/7497/2694 
f 4695/7483/2684 4699/7491/2689 4701/7493/2691 
f 4685/7469/2680 4676/7455/2669 4703/7498/2669 
f 4695/7487/2687 4674/7452/2668 4682/7464/2677 
f 4705/7500/111 4732/7569/111 4660/7501/111 
f 4706/7503/2695 4710/7507/849 4707/7504/849 
f 4709/7506/2696 4717/7530/2705 4707/7504/849 
f 4667/7508/109 4710/7512/109 4706/7509/2697 
f 4667/7508/109 4669/7526/2664 4709/7511/2698 
f 4670/7513/2665 4672/7517/109 4711/7514/2666 
f 4673/7516/2667 4718/7532/2667 4711/7514/2666 
f 4711/7518/1934 4715/7522/849 4713/7519/2699 
f 4711/7518/1934 4718/7534/2707 4714/7521/2701 
f 4668/7510/2662 4706/7509/2697 4705/7523/2671 
f 4716/7525/2702 4709/7511/2698 4669/7526/2664 
f 4708/7505/2695 4732/7570/2703 4705/7528/2703 
f 4716/7529/2704 4721/7536/2708 4717/7530/2705 
f 4683/7531/2678 4720/7571/2678 4718/7532/2667 
f 4712/7515/2679 4716/7525/2702 4679/7527/2673 
f 4719/7533/2706 4714/7521/2701 4718/7534/2707 
f 4712/7520/2700 4713/7519/2699 4721/7536/2708 
f 4660/7501/111 4732/7569/111 4722/7537/111 
f 4723/7539/2695 4708/7505/2695 4707/7504/849 
f 4707/7504/849 4717/7530/2705 4725/7541/2696 
f 4723/7542/2681 4724/7572/116 4691/7543/116 
f 4691/7543/116 4724/7572/116 4725/7545/2709 
f 4693/7547/2684 4727/7562/2684 4726/7548/2685 
f 4726/7548/2685 4728/7560/2694 4696/7550/2686 
f 4713/7519/2699 4715/7522/849 4726/7551/849 
f 4726/7551/849 4715/7522/849 4714/7521/2701 
f 4692/7544/2682 4687/7573/2688 4722/7554/2688 
f 4700/7546/2690 4725/7545/2709 4729/7555/2710 
f 4722/7557/2703 4732/7570/2703 4708/7505/2695 
f 4729/7558/2711 4725/7541/2696 4717/7530/2705 
f 4702/7559/2693 4696/7550/2686 4728/7560/2694 
f 4701/7556/2691 4729/7555/2710 4727/7562/2684 
f 4728/7553/2701 4714/7521/2701 4719/7533/2706 
f 4727/7552/2699 4729/7558/2711 4721/7536/2708 
f 4733/7574/261 4734/7575/261 4735/7576/261 
f 4734/7577/595 4736/7578/595 4737/7579/595 
f 4735/7580/116 4737/7581/116 4738/7582/116 
f 635/7583/2712 4739/7584/2713 632/7585/2714 
f 4738/7586/111 4736/7587/111 4740/7588/111 
f 647/7589/2715 4741/7590/2716 642/7591/2717 
f 646/7592/2718 4742/7593/2719 647/7589/2715 
f 4743/7594/849 4744/7595/849 4745/7596/849 
f 4746/7597/2720 4739/7598/2713 4747/7599/2721 
f 629/7600/2722 4748/7601/2723 626/7602/2724 
f 626/7602/2724 4749/7603/2725 627/7604/2726 
f 4750/7605/2727 4742/7606/2719 4751/7607/2728 
f 4751/7607/2728 4752/7608/2729 4753/7609/510 
f 4754/7610/2730 4748/7611/2731 4755/7612/2732 
f 4755/7612/2732 4756/7613/2733 4757/7614/2734 
f 4749/7603/2725 646/7592/2718 627/7604/2726 
f 4749/7615/2725 4753/7609/510 4752/7608/2729 
f 632/7585/2714 4758/7616/2735 633/7617/2736 
f 4743/7618/109 4758/7619/109 4759/7620/109 
f 642/7591/2717 4760/7621/2737 635/7583/2712 
f 640/7622/2738 4761/7623/2739 637/7624/2740 
f 637/7624/2740 4762/7625/2741 638/7626/2742 
f 4763/7627/2743 4761/7628/2744 4764/7629/2744 
f 4764/7629/2744 4765/7630/2745 4766/7631/2745 
f 4756/7632/2746 638/7626/2742 4762/7625/2741 
f 4747/7599/2721 4760/7633/2737 4767/7634/2747 
f 4741/7635/2716 4767/7634/2747 4760/7633/2737 
f 4757/7614/2734 4762/7636/2748 4763/7627/2743 
f 4768/7637/2749 4769/7638/2750 4770/7639/2751 
f 4771/7640/2752 4772/7641/2753 4769/7638/2750 
f 4770/7642/2754 649/7643/2755 669/7644/2754 
f 4769/7645/2755 651/7646/2756 649/7643/2757 
f 4765/7630/2745 4773/7647/2758 4766/7631/2745 
f 640/7622/2738 4772/7648/2756 4765/7649/2759 
f 4774/7650/261 4733/7651/261 4775/7652/261 
f 4736/7653/595 4774/7654/595 4776/7655/595 
f 4776/7656/109 4775/7657/109 4777/7658/109 
f 659/7659/2760 4778/7660/2761 4779/7661/2762 
f 4736/7662/111 4777/7663/111 4740/7664/111 
f 665/7665/2763 4780/7666/2764 4781/7667/2765 
f 664/7668/2766 4781/7667/2765 4782/7669/2767 
f 4744/7670/849 4783/7671/849 4745/7672/849 
f 4746/7673/2720 4778/7674/2761 4784/7675/2768 
f 656/7676/2769 4785/7677/2770 4786/7678/2771 
f 654/7679/2772 4787/7680/2773 4785/7677/2770 
f 4750/7681/2727 4781/7682/2765 4780/7683/2764 
f 4751/7684/2728 4782/7685/2767 4781/7682/2765 
f 4754/7686/2730 4785/7687/2774 4787/7688/2773 
f 4755/7689/2732 4786/7690/2734 4785/7687/2774 
f 664/7668/2766 4787/7680/2773 655/7691/2775 
f 4787/7688/2773 4753/7692/510 4754/7686/2730 
f 657/7693/2776 4784/7694/2768 4778/7660/2761 
f 4784/7695/116 4783/7696/116 4788/7697/116 
f 663/7698/2777 4779/7661/2762 4780/7666/2764 
f 662/7699/2778 4789/7700/2779 4790/7701/2780 
f 660/7702/2779 4791/7703/2781 4789/7700/2779 
f 4763/7704/2743 4789/7705/2744 4791/7706/2743 
f 4764/7707/2744 4790/7708/2782 4789/7705/2744 
f 4786/7678/2771 661/7709/2783 656/7676/2769 
f 4747/7710/2721 4779/7711/2762 4778/7674/2761 
f 4780/7683/2764 4767/7712/2747 4750/7681/2727 
f 4757/7713/2734 4791/7706/2743 4786/7690/2734 
f 4792/7714/2750 4768/7715/2749 4793/7716/2784 
f 4794/7717/2753 4771/7718/2752 4792/7714/2750 
f 666/7719/2785 4793/7720/2786 667/7721/2786 
f 668/7722/2787 4792/7723/2788 666/7719/2785 
f 4773/7724/2758 4790/7708/2782 4766/7725/2745 
f 4794/7726/2789 662/7699/2778 4790/7701/2780 
f 4733/7574/261 4795/7727/261 4734/7575/261 
f 4734/7577/595 4795/7728/595 4736/7578/595 
f 4735/7580/116 4734/7729/116 4737/7581/116 
f 635/7583/2712 4760/7621/2737 4739/7584/2713 
f 4738/7586/111 4737/7730/111 4736/7587/111 
f 647/7589/2715 4742/7593/2719 4741/7590/2716 
f 646/7592/2718 4752/7731/2729 4742/7593/2719 
f 4743/7594/849 4759/7732/849 4744/7595/849 
f 4746/7597/2720 4758/7733/2790 4739/7598/2713 
f 629/7600/2722 4756/7632/2746 4748/7601/2723 
f 626/7602/2724 4748/7601/2723 4749/7603/2725 
f 4750/7605/2727 4741/7635/2716 4742/7606/2719 
f 4751/7607/2728 4742/7606/2719 4752/7608/2729 
f 4754/7610/2730 4749/7615/2725 4748/7611/2731 
f 4755/7612/2732 4748/7611/2731 4756/7613/2733 
f 4749/7603/2725 4752/7731/2729 646/7592/2718 
f 4749/7615/2725 4754/7610/2730 4753/7609/510 
f 632/7585/2714 4739/7584/2713 4758/7616/2735 
f 4743/7618/109 633/7734/109 4758/7619/109 
f 642/7591/2717 4741/7590/2716 4760/7621/2737 
f 640/7622/2738 4765/7649/2759 4761/7623/2739 
f 637/7624/2740 4761/7623/2739 4762/7625/2741 
f 4763/7627/2743 4762/7636/2748 4761/7628/2744 
f 4764/7629/2744 4761/7628/2744 4765/7630/2745 
f 4756/7632/2746 629/7600/2722 638/7626/2742 
f 4747/7599/2721 4739/7598/2713 4760/7633/2737 
f 4741/7635/2716 4750/7605/2727 4767/7634/2747 
f 4757/7614/2734 4756/7613/2733 4762/7636/2748 
f 4768/7637/2749 4771/7640/2752 4769/7638/2750 
f 4771/7640/2752 4773/7647/2758 4772/7641/2753 
f 4770/7642/2754 4769/7645/2755 649/7643/2757 
f 4769/7645/2755 4772/7648/2756 651/7646/2756 
f 4765/7630/2745 4772/7641/2753 4773/7647/2758 
f 640/7622/2738 651/7646/2756 4772/7648/2756 
f 4774/7650/261 4795/7735/261 4733/7651/261 
f 4736/7653/595 4795/7736/595 4774/7654/595 
f 4776/7656/109 4774/7737/109 4775/7657/109 
f 659/7659/2760 657/7693/2776 4778/7660/2761 
f 4736/7662/111 4776/7738/111 4777/7663/111 
f 665/7665/2763 663/7698/2777 4780/7666/2764 
f 664/7668/2766 665/7665/2763 4781/7667/2765 
f 4744/7670/849 4788/7739/849 4783/7671/849 
f 4746/7673/2720 4747/7710/2721 4778/7674/2761 
f 656/7676/2769 654/7679/2772 4785/7677/2770 
f 654/7679/2772 655/7691/2775 4787/7680/2773 
f 4750/7681/2727 4751/7684/2728 4781/7682/2765 
f 4751/7684/2728 4753/7692/510 4782/7685/2767 
f 4754/7686/2730 4755/7689/2732 4785/7687/2774 
f 4755/7689/2732 4757/7713/2734 4786/7690/2734 
f 664/7668/2766 4782/7669/2767 4787/7680/2773 
f 4787/7688/2773 4782/7685/2767 4753/7692/510 
f 657/7693/2776 658/7740/2791 4784/7694/2768 
f 4784/7695/116 658/7741/116 4783/7696/116 
f 663/7698/2777 659/7659/2760 4779/7661/2762 
f 662/7699/2778 660/7702/2779 4789/7700/2779 
f 660/7702/2779 661/7709/2783 4791/7703/2781 
f 4763/7704/2743 4764/7707/2744 4789/7705/2744 
f 4764/7707/2744 4766/7725/2745 4790/7708/2782 
f 4786/7678/2771 4791/7703/2781 661/7709/2783 
f 4747/7710/2721 4767/7712/2747 4779/7711/2762 
f 4780/7683/2764 4779/7711/2762 4767/7712/2747 
f 4757/7713/2734 4763/7704/2743 4791/7706/2743 
f 4792/7714/2750 4771/7718/2752 4768/7715/2749 
f 4794/7717/2753 4773/7724/2758 4771/7718/2752 
f 666/7719/2785 4792/7723/2788 4793/7720/2786 
f 668/7722/2787 4794/7726/2789 4792/7723/2788 
f 4773/7724/2758 4794/7717/2753 4790/7708/2782 
f 4794/7726/2789 668/7722/2787 662/7699/2778 
f 4796/7742/116 4797/7743/116 4798/7744/116 
f 4799/7745/849 4800/7746/849 4797/7747/849 
f 4801/7748/109 4802/7749/109 4800/7750/109 
f 4803/7751/595 4798/7744/595 4802/7749/595 
f 4800/7752/261 4798/7744/261 4797/7753/261 
f 4804/7743/109 4805/7742/109 4806/7744/109 
f 4807/7746/849 4808/7745/849 4804/7747/849 
f 4809/7749/116 4810/7748/116 4807/7750/116 
f 4806/7744/595 4811/7751/595 4809/7749/595 
f 4806/7744/261 4807/7752/261 4804/7753/261 
f 4812/7743/116 4813/7742/116 4814/7744/116 
f 4815/7746/849 4816/7745/849 4812/7747/849 
f 4817/7749/109 4818/7748/109 4815/7750/109 
f 4814/7744/595 4819/7751/595 4817/7749/595 
f 4814/7744/111 4815/7752/111 4812/7753/111 
f 4820/7742/109 4821/7743/109 4822/7744/109 
f 4823/7745/849 4824/7746/849 4821/7747/849 
f 4825/7748/116 4826/7749/116 4824/7750/116 
f 4827/7751/595 4822/7744/595 4826/7749/595 
f 4824/7752/111 4822/7744/111 4821/7753/111 
f 4796/7742/116 4799/7754/116 4797/7743/116 
f 4799/7745/849 4801/7755/849 4800/7746/849 
f 4801/7748/109 4803/7751/109 4802/7749/109 
f 4803/7751/595 4796/7742/595 4798/7744/595 
f 4800/7752/261 4802/7749/261 4798/7744/261 
f 4804/7743/109 4808/7754/109 4805/7742/109 
f 4807/7746/849 4810/7755/849 4808/7745/849 
f 4809/7749/116 4811/7751/116 4810/7748/116 
f 4806/7744/595 4805/7742/595 4811/7751/595 
f 4806/7744/261 4809/7749/261 4807/7752/261 
f 4812/7743/116 4816/7754/116 4813/7742/116 
f 4815/7746/849 4818/7755/849 4816/7745/849 
f 4817/7749/109 4819/7751/109 4818/7748/109 
f 4814/7744/595 4813/7742/595 4819/7751/595 
f 4814/7744/111 4817/7749/111 4815/7752/111 
f 4820/7742/109 4823/7754/109 4821/7743/109 
f 4823/7745/849 4825/7755/849 4824/7746/849 
f 4825/7748/116 4827/7751/116 4826/7749/116 
f 4827/7751/595 4820/7742/595 4822/7744/595 
f 4824/7752/111 4826/7749/111 4822/7744/111 
# 0 polygons - 8924 triangles

