# 3ds Max Wavefront OBJ Exporter v0.97b - (c)2007 guruware
# File Created: 04.05.2026 03:41:39

mtllib clock.mtl

#
# object body
#

v  0.6461 172.8209 11.9368
v  0.3730 172.5478 11.9368
v  0.6402 172.0851 11.9368
v  1.1088 172.5537 11.9368
v  -0.3730 173.8401 11.9368
v  -0.0000 173.9400 11.9368
v  -0.0000 174.4743 11.9368
v  -0.6402 174.3027 11.9368
v  -0.0000 172.4478 11.9368
v  -0.3730 172.5478 11.9368
v  -0.6402 172.0851 11.9368
v  -0.0000 171.9136 11.9368
v  0.3730 173.8401 11.9368
v  0.6461 173.5670 11.9368
v  1.1088 173.8341 11.9368
v  0.6402 174.3027 11.9368
v  -0.6461 172.8209 11.9368
v  -0.7461 173.1939 11.9368
v  -1.2803 173.1939 11.9368
v  -1.1088 172.5537 11.9368
v  1.2803 173.1939 11.8823
v  1.2803 173.1939 11.9368
v  1.1088 172.5537 11.8823
v  0.6402 172.0851 11.8823
v  -0.0000 171.9136 11.8823
v  -0.6402 172.0851 11.8823
v  -1.1088 172.5537 11.8823
v  -1.2803 173.1939 11.8823
v  -1.1088 173.8341 11.9368
v  -1.1088 173.8341 11.8823
v  -0.6402 174.3027 11.8823
v  -0.0000 174.4743 11.8823
v  0.6402 174.3027 11.8823
v  1.1088 173.8341 11.8823
v  -0.6461 173.5670 11.9368
v  0.7461 173.1939 11.9368
v  0.7461 173.1939 11.8827
v  0.6461 172.8209 11.8827
v  -0.6461 172.8209 11.8827
v  -0.7461 173.1939 11.8827
v  0.3730 173.8401 11.8827
v  0.6461 173.5670 11.8827
v  -0.6461 173.5670 11.8827
v  -0.3730 173.8401 11.8827
v  0.3730 172.5478 11.8827
v  -0.3730 172.5478 11.8827
v  -0.0000 173.9400 11.8827
v  -0.0000 172.4478 11.8827
v  27.6622 147.4699 -17.2211
v  27.6532 146.9428 -17.2211
v  27.3251 146.9575 -17.2211
v  27.3354 147.4846 -17.2211
v  27.6622 147.4699 13.8409
v  27.6532 146.9428 13.7914
v  27.3354 147.4846 13.5697
v  27.3534 147.4699 15.4313
v  27.3419 146.9428 15.3953
v  27.0314 147.4846 15.1384
v  27.3251 146.9575 13.3774
v  27.0084 146.9575 15.0146
v  26.4507 146.6396 12.3913
v  26.1332 146.6396 14.0387
v  26.4507 146.6396 -17.2211
v  -27.3251 146.9575 -17.2211
v  -26.4507 146.6396 -17.2211
v  -27.3354 147.4846 -17.2211
v  -27.3251 146.9575 13.3774
v  -26.4507 146.6396 12.3913
v  -27.6532 146.9428 -17.2211
v  -27.6622 147.4699 -17.2211
v  -27.6532 146.9428 13.7914
v  -27.0084 146.9575 15.0146
v  -27.3419 146.9428 15.3953
v  -26.1332 146.6396 14.0387
v  -27.3534 147.4699 15.4313
v  -27.6622 147.4699 13.8409
v  -27.3354 147.4846 13.5697
v  -27.0314 147.4846 15.1384
v  -26.4739 147.4699 16.7796
v  -26.1656 147.4846 16.4682
v  -26.4553 146.9428 16.7549
v  -25.1576 147.4699 17.6806
v  -24.8700 147.4846 17.3568
v  -25.1284 146.9428 17.6634
v  -26.1064 146.9575 16.4026
v  -24.7565 146.9575 17.3300
v  -23.8759 146.6396 16.3686
v  -25.2290 146.6396 15.4354
v  -23.1533 146.0502 15.5642
v  -24.5002 146.0502 14.6352
v  -25.4001 146.0502 13.2448
v  -22.6045 145.2816 14.9482
v  -23.9437 145.2816 14.0250
v  -24.8385 145.2816 12.6433
v  -22.3021 144.3668 14.6149
v  -23.6405 144.3668 13.6919
v  -24.5349 144.3668 12.3104
v  -22.8008 144.3668 15.1628
v  -24.1381 144.3668 14.2404
v  -25.0316 144.3668 12.8599
v  -22.7972 143.5750 15.1622
v  -24.1364 143.5750 14.2380
v  -25.0312 143.5750 12.8549
v  -25.3454 144.3668 11.2315
v  -25.3454 143.5750 11.2235
v  -24.8489 144.3668 10.6808
v  -25.3454 144.3667 -17.2211
v  -25.3454 143.5750 -17.2211
v  -24.8489 144.3667 -17.2211
v  -24.8489 143.5750 -17.2211
v  -25.1527 145.2816 -17.2211
v  25.1527 145.2816 -17.2211
v  24.8489 144.3667 -17.2211
v  -25.1527 145.2816 11.0135
v  24.8489 143.5750 -17.2211
v  25.3454 144.3667 -17.2211
v  25.3454 143.5750 -17.2211
v  24.8489 144.3668 10.6808
v  25.3454 144.3668 11.2315
v  25.1527 145.2816 11.0135
v  24.8385 145.2816 12.6433
v  24.5349 144.3668 12.3104
v  25.0316 144.3668 12.8599
v  25.7161 146.0502 11.6047
v  25.4001 146.0502 13.2448
v  25.7161 146.0502 -17.2211
v  -25.7161 146.0502 -17.2211
v  -25.7161 146.0502 11.6047
v  25.2290 146.6396 15.4354
v  24.5002 146.0502 14.6352
v  23.9437 145.2816 14.0250
v  23.8759 146.6396 16.3686
v  23.1533 146.0502 15.5642
v  22.6045 145.2816 14.9482
v  23.6405 144.3668 13.6919
v  22.3021 144.3668 14.6149
v  22.8008 144.3668 15.1628
v  24.1381 144.3668 14.2404
v  22.7972 143.5750 15.1622
v  24.1364 143.5750 14.2380
v  25.0312 143.5750 12.8549
v  25.3454 143.5750 11.2235
v  20.6954 143.5750 10.6364
v  21.2176 143.5750 15.4867
v  -21.2176 143.5750 15.4867
v  -20.6954 143.5750 10.6364
v  20.6954 143.5750 -14.8997
v  -20.6954 143.5750 -14.8997
v  21.2235 144.3668 15.4867
v  -21.2235 144.3668 15.4867
v  -20.7232 144.3668 14.9391
v  20.7232 144.3668 14.9391
v  21.0249 145.2816 15.2724
v  -21.0249 145.2816 15.2724
v  21.5647 146.0502 15.8904
v  -21.5647 146.0502 15.8904
v  -22.2797 146.6396 16.6963
v  22.2797 146.6396 16.6963
v  -23.1641 146.9575 17.6556
v  23.1641 146.9575 17.6556
v  24.7565 146.9575 17.3300
v  25.1284 146.9428 17.6634
v  23.5632 146.9428 17.9825
v  -23.5632 146.9428 17.9825
v  25.1576 147.4699 17.6806
v  23.6050 147.4699 17.9969
v  -23.6050 147.4699 17.9969
v  -23.3416 147.4846 17.6689
v  23.3416 147.4846 17.6689
v  -23.4217 148.9201 17.7275
v  -24.9367 148.9201 17.4174
v  23.4217 148.9201 17.7275
v  24.8700 147.4846 17.3569
v  24.9367 148.9201 17.4174
v  24.0522 149.5565 18.5260
v  -24.0522 149.5565 18.5259
v  25.5550 149.5565 18.2188
v  26.2210 148.9201 16.5343
v  26.8291 149.5565 17.3439
v  26.1656 147.4846 16.4683
v  27.0792 148.9201 15.2126
v  27.6804 149.5565 16.0347
v  26.4739 147.4699 16.7797
v  26.4553 146.9428 16.7549
v  26.1064 146.9575 16.4026
v  27.3805 148.9201 13.6536
v  27.9793 149.5565 14.4903
v  27.9793 149.5565 -17.2211
v  27.3805 148.9201 -17.2211
v  -27.9793 149.5565 -17.2211
v  -27.3805 148.9201 -17.2211
v  -27.3805 148.9201 13.6536
v  -27.9793 149.5565 14.4903
v  -27.0792 148.9201 15.2126
v  -27.6804 149.5565 16.0347
v  -26.2210 148.9201 16.5343
v  -26.8291 149.5565 17.3439
v  -25.5550 149.5565 18.2188
v  -26.8333 150.9785 17.3494
v  -25.5639 150.9785 18.2202
v  -24.0665 150.9785 18.5259
v  24.0665 150.9785 18.5260
v  -21.3198 150.9785 13.4471
v  21.3198 150.9785 13.4471
v  -23.6753 150.9785 11.0893
v  -27.6815 150.9785 16.0461
v  -27.9793 150.9785 14.5088
v  -27.9793 150.9785 -17.2211
v  -23.6514 150.9785 -13.6675
v  27.9793 150.9785 -17.2211
v  23.6514 150.9785 -13.6675
v  23.6753 150.9785 11.0893
v  27.9793 150.9785 14.5088
v  26.8333 150.9785 17.3494
v  27.6815 150.9785 16.0461
v  25.5639 150.9785 18.2202
v  -20.7157 150.7502 14.4830
v  -19.5514 155.1250 14.4830
v  -19.5514 192.1918 14.4830
v  -20.7157 196.2825 14.4830
v  -19.5514 155.1250 15.7885
v  -19.5514 192.1918 15.7885
v  19.5514 155.1250 14.4830
v  19.5514 155.1250 15.7885
v  20.7157 150.7502 14.4830
v  20.7157 196.2825 14.4830
v  19.5514 192.1918 14.4830
v  19.5514 192.1918 15.7885
v  24.1103 196.2833 11.0884
v  24.1103 150.7508 11.0884
v  20.2895 196.2825 14.4830
v  16.5503 192.1777 14.4830
v  15.7696 195.2929 14.4830
v  18.7539 200.1889 14.4830
v  14.2761 198.3560 14.4830
v  14.2761 198.3560 15.7885
v  15.7696 195.2928 15.7885
v  16.5503 192.1777 15.7885
v  13.4929 197.6841 15.7885
v  14.8749 194.8711 15.7885
v  15.8039 191.3562 15.7885
v  18.7033 191.3668 15.7885
v  15.8039 191.3562 13.2015
v  18.7033 191.3668 13.2016
v  14.8749 194.8709 13.2016
v  18.6845 194.1174 13.2016
v  20.5563 194.1174 13.2016
v  13.4929 197.6841 13.2015
v  16.3443 199.1892 13.2015
v  11.5181 200.0800 15.7885
v  11.5181 200.0800 13.2015
v  13.9645 202.3596 13.2016
v  12.1408 200.9578 15.7885
v  9.0648 202.0926 13.2016
v  9.0648 202.0926 15.7885
v  9.5390 203.0931 15.7885
v  12.1408 200.9578 14.4830
v  9.5390 203.0931 14.4830
v  16.0004 203.9078 14.4830
v  12.3804 206.7570 14.4830
v  6.5710 204.6806 14.4830
v  6.5710 204.6806 15.7885
v  8.1679 208.9097 14.4830
v  4.1500 210.0375 14.4830
v  3.3172 205.5264 14.4830
v  -0.0000 210.4157 14.4830
v  -0.0000 205.7612 14.4830
v  -3.3172 205.5264 14.4830
v  -4.1500 210.0375 14.4830
v  -6.5710 204.6806 14.4830
v  -8.1679 208.9097 14.4830
v  -9.5390 203.0931 14.4830
v  -12.3804 206.7570 14.4830
v  -9.5390 203.0931 15.7885
v  -6.5710 204.6806 15.7885
v  -3.3172 205.5264 15.7885
v  -9.0648 202.0926 15.7885
v  -6.2682 203.5900 15.7885
v  -3.1850 204.3887 15.7885
v  -6.2682 203.5900 13.2016
v  -3.1850 204.3887 13.2016
v  -9.0648 202.0926 13.2016
v  -0.0000 204.6147 13.2016
v  -0.0000 204.6147 15.7885
v  -0.0000 205.7612 15.7885
v  3.1850 204.3887 15.7885
v  3.3172 205.5264 15.7885
v  3.1850 204.3887 13.2016
v  6.2682 203.5900 15.7885
v  6.2682 203.5900 13.2016
v  3.7300 207.6702 13.2016
v  7.3306 206.6687 13.2015
v  10.8953 204.8636 13.2016
v  7.3306 206.6687 -14.4040
v  10.8953 204.8636 -14.4040
v  13.9645 202.3596 -14.4040
v  16.3444 199.1892 -14.4040
v  11.5181 200.0800 -14.4040
v  13.4929 197.6841 -14.4040
v  9.0648 202.0926 -14.4040
v  13.4929 197.6841 -15.6855
v  11.5181 200.0800 -15.6855
v  9.0648 202.0926 -15.6855
v  16.0004 203.9078 -15.6855
v  18.7539 200.1889 -15.6855
v  12.3804 206.7570 -15.6855
v  8.1679 208.9097 -15.6855
v  6.2682 203.5900 -15.6855
v  6.2682 203.5900 -14.4040
v  3.1850 204.3887 -14.4040
v  3.1850 204.3887 -15.6855
v  4.1500 210.0375 -15.6855
v  3.7300 207.6702 -14.4040
v  -0.0000 207.9985 13.2016
v  0.0000 207.9985 -14.4040
v  0.0000 204.6147 -14.4040
v  -3.7300 207.6702 -14.4040
v  -3.1850 204.3887 -14.4040
v  -3.7300 207.6702 13.2016
v  -3.1850 204.3887 -15.6855
v  0.0000 204.6147 -15.6855
v  0.0000 210.4157 -15.6855
v  -4.1500 210.0375 -15.6855
v  -6.2682 203.5900 -15.6855
v  -8.1679 208.9097 -15.6855
v  -9.0648 202.0926 -15.6855
v  -12.3804 206.7570 -15.6855
v  -6.2682 203.5900 -14.4040
v  -9.0648 202.0926 -14.4040
v  -10.8953 204.8636 -14.4040
v  -7.3306 206.6687 -14.4040
v  -7.3306 206.6687 13.2015
v  -10.8953 204.8636 13.2016
v  -13.9645 202.3596 13.2016
v  -13.9645 202.3596 -14.4040
v  -11.5181 200.0800 -14.4040
v  -11.5181 200.0800 13.2015
v  -11.5181 200.0800 15.7885
v  -13.4929 197.6841 15.7885
v  -13.4929 197.6841 13.2015
v  -16.3443 199.1892 13.2015
v  -12.1408 200.9578 15.7885
v  -14.2761 198.3560 15.7885
v  -12.1408 200.9578 14.4830
v  -14.2761 198.3560 14.4830
v  -16.0004 203.9078 14.4830
v  -18.7539 200.1889 14.4830
v  -15.7696 195.2929 14.4830
v  -20.2895 196.2825 14.4830
v  -16.5503 192.1777 14.4830
v  -24.1103 196.2833 11.0884
v  -24.1103 150.7508 11.0884
v  -24.1103 188.4604 4.4784
v  -24.1103 187.8326 5.4731
v  -24.1103 187.5078 7.3113
v  -24.1103 189.4552 3.8507
v  -24.1103 191.2935 3.5264
v  -24.1103 159.5266 7.3113
v  -24.1103 191.2961 -8.0516
v  -24.1103 196.2881 -15.6855
v  -23.9136 187.4112 7.2563
v  -23.9136 159.6233 7.2563
v  -23.9136 187.7287 5.4610
v  -23.9136 159.3061 5.4609
v  -24.1103 159.2022 5.4729
v  -24.1103 158.5746 4.4783
v  -23.9136 158.6430 4.4100
v  -24.1103 157.5800 3.8508
v  -23.9136 157.5921 3.7469
v  -24.1103 155.7417 3.5264
v  -23.9136 155.7967 3.4297
v  -24.1103 155.7417 -8.0516
v  -23.9136 155.7967 -7.9549
v  -24.1103 150.7508 -15.6855
v  -23.9136 157.5921 -8.2721
v  -24.1103 157.5800 -8.3760
v  -24.1103 158.5746 -9.0036
v  -24.1103 159.2022 -9.9982
v  -24.1103 159.5266 -11.8365
v  -24.1103 187.5120 -11.8365
v  -18.6923 155.9371 -15.6855
v  -18.7038 191.3728 -15.6855
v  24.1103 150.7508 -15.6855
v  18.6923 155.9371 -15.6855
v  24.1103 158.5746 -9.0036
v  24.1103 159.2022 -9.9982
v  24.1103 157.5800 -8.3760
v  24.1103 159.5266 -11.8365
v  24.1103 155.7417 -8.0516
v  24.1103 196.2881 -15.6855
v  24.1103 187.5120 -11.8365
v  18.7038 191.3728 -15.6855
v  24.1103 155.7417 3.5264
v  18.6923 155.9371 -14.4040
v  18.7038 191.3728 -14.4040
v  -18.6923 155.9371 -14.4040
v  20.5553 153.9619 -14.4040
v  20.5558 194.1228 -14.4040
v  -20.5553 153.9619 -14.4040
v  20.5553 153.9619 13.2016
v  -20.5553 153.9619 13.2015
v  18.6923 155.9371 13.2016
v  -18.6923 155.9371 13.2015
v  18.6923 155.9371 15.7885
v  -18.6923 155.9371 15.7885
v  -18.7033 191.3668 15.7885
v  -18.7033 191.3668 13.2016
v  -16.5503 192.1777 15.7885
v  -15.8039 191.3562 15.7885
v  -15.8039 191.3562 13.2015
v  -20.5563 194.1174 13.2015
v  -18.6845 194.1174 13.2015
v  -20.5558 194.1228 -14.4040
v  -18.6850 194.1178 -14.4040
v  -18.7038 191.3728 -14.4040
v  -15.8043 191.3602 -14.4040
v  -16.3444 199.1892 -14.4040
v  -14.8753 194.8697 -14.4040
v  -13.4929 197.6841 -14.4040
v  -14.8753 194.8697 -15.6855
v  -13.4929 197.6841 -15.6855
v  -15.8043 191.3602 -15.6855
v  -11.5181 200.0800 -15.6855
v  -16.0004 203.9078 -15.6855
v  -18.7539 200.1889 -15.6855
v  -20.2897 196.2825 -15.6855
v  -14.8749 194.8709 13.2016
v  -14.8749 194.8711 15.7885
v  -15.7696 195.2928 15.7885
v  18.6850 194.1178 -14.4040
v  15.8043 191.3602 -14.4040
v  14.8753 194.8697 -14.4040
v  14.8753 194.8697 -15.6855
v  15.8043 191.3602 -15.6855
v  20.2897 196.2825 -15.6855
v  23.9136 155.7967 -7.9549
v  23.9136 155.7967 3.4297
v  23.9136 157.5921 -8.2721
v  23.9136 157.5921 3.7469
v  24.1103 157.5800 3.8508
v  24.1103 158.5746 4.4783
v  23.9136 158.6430 4.4100
v  24.1103 159.2022 5.4729
v  23.9136 159.3061 5.4609
v  24.1103 159.5266 7.3113
v  23.9136 159.6233 7.2563
v  23.9136 187.4112 7.2563
v  24.1103 187.5078 7.3113
v  23.9136 187.7287 5.4610
v  24.1103 187.8326 5.4731
v  24.1103 188.4604 4.4784
v  23.9136 188.3921 4.4100
v  24.1103 189.4552 3.8508
v  23.9136 189.4432 3.7469
v  24.1103 191.2935 3.5264
v  23.9136 191.2385 3.4297
v  23.9136 191.2411 -7.9549
v  24.1103 191.2961 -8.0516
v  23.9136 189.4456 -8.2721
v  24.1103 189.4577 -8.3760
v  24.1103 188.4634 -9.0035
v  23.9136 188.3950 -8.9352
v  24.1103 187.8360 -9.9980
v  23.9136 187.7321 -9.9860
v  23.9136 187.4153 -11.7815
v  23.9136 159.6233 -11.7815
v  23.9108 159.9307 -11.6067
v  23.9108 187.1079 -11.6067
v  23.9108 187.4017 -9.9478
v  23.9108 159.6365 -9.9478
v  23.9136 159.3061 -9.9861
v  23.9108 158.8604 -8.7178
v  23.9136 158.6430 -8.9352
v  23.9108 157.6304 -7.9417
v  23.9108 155.9715 -7.6475
v  23.6277 157.6331 -7.9186
v  23.6277 158.8756 -8.7026
v  23.6277 155.9838 -7.6260
v  23.6277 155.9838 3.1008
v  23.9108 155.9715 3.1223
v  23.6277 157.6331 3.3934
v  23.9108 157.6304 3.4165
v  23.6277 158.8756 4.1774
v  23.9108 158.8604 4.1926
v  23.6277 159.6596 5.4199
v  23.9108 159.6365 5.4226
v  23.6277 159.9522 7.0692
v  23.9108 159.9307 7.0815
v  23.6277 187.0823 7.0692
v  23.9108 187.1038 7.0815
v  23.6277 187.3752 5.4200
v  23.9108 187.3983 5.4227
v  23.6277 188.1595 4.1774
v  23.9108 188.1747 4.1926
v  23.6277 189.4022 3.3934
v  23.9108 189.4049 3.4165
v  23.6277 191.0515 3.1008
v  23.9108 191.0638 3.1223
v  23.6277 191.0540 -7.6260
v  23.9108 191.0663 -7.6475
v  23.6277 189.4047 -7.9186
v  23.9108 189.4074 -7.9417
v  23.6277 188.1624 -8.7026
v  23.9108 188.1776 -8.7178
v  23.6277 187.3786 -9.9451
v  23.6277 187.0864 -11.5944
v  23.5190 187.1844 -9.9226
v  23.5190 188.0346 -8.5749
v  23.5190 186.9057 -11.4917
v  23.5190 160.1329 -11.4917
v  23.6277 159.9522 -11.5944
v  23.5190 159.8538 -9.9226
v  23.6277 159.6597 -9.9452
v  23.5190 159.0033 -8.5749
v  23.5190 157.6555 -7.7244
v  23.2409 159.0033 -8.5749
v  23.2409 157.6555 -7.7244
v  23.2409 159.8538 -9.9226
v  23.2409 159.0033 4.0496
v  23.2409 157.6555 3.1992
v  23.2409 187.1844 -9.9226
v  23.2409 188.0346 -8.5749
v  23.2409 188.0318 4.0496
v  23.2409 159.8538 5.3974
v  23.2409 187.1810 5.3974
v  23.5190 159.8538 5.3974
v  23.5190 159.0033 4.0496
v  23.5190 157.6555 3.1992
v  23.2409 189.3822 -7.7244
v  23.2409 189.3797 3.1992
v  23.5190 189.3797 3.1992
v  23.5190 188.0318 4.0496
v  23.5190 187.1810 5.3974
v  23.5190 186.9016 6.9665
v  23.2409 186.9016 6.9665
v  23.5190 160.1329 6.9665
v  23.2409 160.1329 6.9665
v  23.5190 190.9488 2.9201
v  23.2409 190.9488 2.9201
v  23.5190 190.9512 -7.4453
v  23.2409 190.9512 -7.4453
v  23.5190 189.3822 -7.7244
v  23.5190 156.0865 2.9201
v  23.2409 156.0865 2.9201
v  23.5190 156.0865 -7.4453
v  23.2409 156.0865 -7.4453
v  23.2409 160.1329 -11.4917
v  23.2409 186.9057 -11.4917
v  -23.9136 159.6233 -11.7815
v  -23.9136 187.4153 -11.7815
v  -23.9136 159.3061 -9.9861
v  -23.9136 187.7321 -9.9860
v  -24.1103 187.8360 -9.9980
v  -24.1103 188.4634 -9.0035
v  -23.9136 188.3950 -8.9352
v  -24.1103 189.4577 -8.3760
v  -23.9136 189.4456 -8.2721
v  -23.9136 191.2411 -7.9549
v  -23.9136 191.2385 3.4297
v  -23.9108 191.0663 -7.6475
v  -23.9108 191.0638 3.1223
v  -23.9108 189.4074 -7.9417
v  -23.9108 189.4049 3.4165
v  -23.9136 189.4432 3.7469
v  -23.9108 188.1747 4.1926
v  -23.9136 188.3921 4.4100
v  -23.9108 187.3983 5.4227
v  -23.9108 187.1038 7.0815
v  -23.6277 187.3752 5.4200
v  -23.6277 187.0823 7.0692
v  -23.6277 188.1595 4.1774
v  -23.9108 159.9307 7.0815
v  -23.6277 159.9522 7.0692
v  -23.6277 159.6596 5.4199
v  -23.9108 159.6365 5.4226
v  -23.6277 158.8756 4.1774
v  -23.9108 158.8604 4.1926
v  -23.6277 157.6331 3.3934
v  -23.9108 157.6304 3.4165
v  -23.6277 155.9838 3.1008
v  -23.9108 155.9715 3.1223
v  -23.9108 155.9715 -7.6475
v  -23.6277 155.9838 -7.6260
v  -23.6277 157.6331 -7.9186
v  -23.9108 157.6304 -7.9417
v  -23.6277 158.8756 -8.7026
v  -23.9108 158.8604 -8.7178
v  -23.9136 158.6430 -8.9352
v  -23.6277 159.6597 -9.9452
v  -23.9108 159.6365 -9.9478
v  -23.6277 159.9522 -11.5944
v  -23.9108 159.9307 -11.6067
v  -23.6277 187.0864 -11.5944
v  -23.9108 187.1079 -11.6067
v  -23.6277 187.3786 -9.9451
v  -23.9108 187.4017 -9.9478
v  -23.6277 188.1624 -8.7026
v  -23.9108 188.1776 -8.7178
v  -23.6277 189.4047 -7.9186
v  -23.6277 191.0540 -7.6260
v  -23.5190 189.3822 -7.7244
v  -23.5190 190.9512 -7.4453
v  -23.5190 188.0346 -8.5749
v  -23.6277 191.0515 3.1008
v  -23.5190 190.9488 2.9201
v  -23.5190 189.3797 3.1992
v  -23.6277 189.4022 3.3934
v  -23.5190 188.0318 4.0496
v  -23.5190 187.1810 5.3974
v  -23.2409 189.3797 3.1992
v  -23.2409 188.0318 4.0496
v  -23.2409 187.1810 5.3974
v  -23.2409 188.0346 -8.5749
v  -23.2409 189.3822 -7.7244
v  -23.2409 159.8538 5.3974
v  -23.2409 159.0033 4.0496
v  -23.2409 159.0033 -8.5749
v  -23.5190 159.8538 5.3974
v  -23.5190 159.0033 4.0496
v  -23.2409 157.6555 -7.7244
v  -23.2409 157.6555 3.1992
v  -23.5190 157.6555 3.1992
v  -23.5190 157.6555 -7.7244
v  -23.5190 159.0033 -8.5749
v  -23.2409 187.1844 -9.9226
v  -23.2409 159.8538 -9.9226
v  -23.5190 159.8538 -9.9226
v  -23.5190 160.1329 -11.4917
v  -23.2409 160.1329 -11.4917
v  -23.5190 186.9057 -11.4917
v  -23.2409 186.9057 -11.4917
v  -23.5190 187.1844 -9.9226
v  -23.5190 156.0865 -7.4453
v  -23.2409 156.0865 -7.4453
v  -23.5190 156.0865 2.9201
v  -23.2409 156.0865 2.9201
v  -23.5190 160.1329 6.9665
v  -23.2409 160.1329 6.9665
v  -23.5190 186.9016 6.9665
v  -23.2409 186.9016 6.9665
v  -23.2409 190.9512 -7.4453
v  -23.2409 190.9488 2.9201
v  -28.8891 2.8914 15.5605
v  -28.8891 2.8914 -17.2211
v  -22.4238 2.8914 22.0219
v  -28.8891 4.4429 15.5410
v  -28.8891 4.4429 -17.2211
v  22.4238 2.8914 22.0219
v  28.8891 2.8914 -17.2211
v  -28.4191 4.4429 -17.2211
v  -25.1462 3.9593 -17.2211
v  25.1462 3.9593 -17.2211
v  28.8891 2.8914 15.5605
v  28.8891 4.4429 -17.2211
v  28.8891 4.4429 15.5410
v  28.4191 4.4429 -17.2211
v  28.4191 4.7539 -17.2211
v  28.8120 4.6633 -17.2211
v  28.6257 4.7542 -17.2211
v  28.0146 5.3070 14.6830
v  28.4191 4.7537 15.0424
v  28.0146 5.3070 -17.2211
v  28.6276 4.7542 15.2619
v  27.8738 6.0814 -17.2211
v  27.8738 8.1715 -17.2211
v  27.7681 8.8276 -17.2211
v  27.3786 9.3004 -17.2211
v  26.7048 9.4286 -17.2211
v  26.6666 10.1547 -17.2211
v  26.0963 10.1547 -17.2211
v  26.0963 10.1547 12.5372
v  26.6666 10.1547 13.1755
v  26.7048 9.4287 13.1935
v  20.0271 9.4287 19.8233
v  19.9600 10.1547 19.8211
v  19.3270 10.1547 19.2037
v  20.7568 9.3004 20.5028
v  27.3786 9.3004 13.9100
v  21.2451 8.8276 20.8951
v  27.7681 8.8276 14.3922
v  27.8738 8.1715 14.5557
v  27.8738 6.0814 14.5692
v  21.4130 8.1715 21.0016
v  21.4302 6.0814 21.0016
v  21.5462 5.3070 21.1430
v  21.9064 4.7537 21.5495
v  -21.4302 6.0814 21.0016
v  -21.5462 5.3070 21.1430
v  -21.9064 4.7537 21.5495
v  -28.0146 5.3070 14.6830
v  -28.4191 4.7537 15.0424
v  -27.8738 6.0814 14.5692
v  -28.6276 4.7542 15.2619
v  -22.1260 4.7542 21.7595
v  22.1260 4.7542 21.7595
v  22.3211 4.6633 21.9450
v  -22.3211 4.6633 21.9450
v  -28.8125 4.6633 15.4576
v  28.8125 4.6633 15.4576
v  22.4042 4.4429 22.0219
v  -22.4042 4.4429 22.0219
v  -28.8120 4.6633 -17.2211
v  -28.6257 4.7542 -17.2211
v  -28.4191 4.7539 -17.2211
v  -28.0146 5.3070 -17.2211
v  -27.8738 6.0814 -17.2211
v  -27.8738 8.1715 -17.2211
v  -27.7681 8.8276 -17.2211
v  -27.3786 9.3004 -17.2211
v  -26.7048 9.4286 -17.2211
v  -26.6666 10.1547 -17.2211
v  -26.0963 10.1547 -17.2211
v  -26.6666 10.1547 13.1754
v  -26.0963 10.1547 12.5372
v  -26.7048 9.4287 13.1935
v  -20.0271 9.4287 19.8233
v  -19.9600 10.1547 19.8211
v  -19.3270 10.1547 19.2037
v  -20.7568 9.3004 20.5028
v  -27.3786 9.3004 13.9100
v  -27.7681 8.8276 14.3922
v  -21.2452 8.8276 20.8951
v  -27.8738 8.1715 14.5557
v  -21.4130 8.1715 21.0016
v  -26.0963 38.7980 12.5327
v  -19.2840 38.7980 19.2037
v  -26.0963 38.7980 -17.2212
v  19.2840 38.7980 19.2037
v  26.0963 38.7980 12.5327
v  27.9480 38.7980 13.7387
v  21.0966 38.7980 20.4470
v  -21.0966 38.7980 20.4470
v  27.9413 40.1218 13.7368
v  21.1219 40.1218 20.4422
v  -21.1220 40.1218 20.4422
v  -27.9480 38.7980 13.7387
v  -27.9413 40.1218 13.7367
v  -27.5668 40.1218 13.3599
v  -20.7924 40.1218 20.0596
v  20.7924 40.1218 20.0596
v  -27.2845 40.3579 13.1609
v  -20.6170 40.3579 19.7725
v  20.6170 40.3579 19.7725
v  27.5668 40.1218 13.3599
v  27.2845 40.3579 13.1609
v  27.0407 40.7956 13.0062
v  20.4739 40.7956 19.5265
v  -20.4739 40.7956 19.5265
v  26.8016 41.3828 12.8229
v  20.3156 41.3714 19.2658
v  -20.3156 41.3714 19.2658
v  -27.0407 40.7956 13.0062
v  -26.8016 41.3828 12.8229
v  -20.1987 42.0559 19.1220
v  -26.6356 42.0785 12.7288
v  20.1987 42.0559 19.1220
v  -26.6356 42.4675 12.7426
v  -20.2071 42.4675 19.1220
v  20.2071 42.4675 19.1220
v  26.6356 42.0785 12.7288
v  26.6356 42.4675 12.7426
v  26.8626 42.7636 12.9622
v  20.4348 42.7636 19.3348
v  -20.4348 42.7636 19.3348
v  27.0928 43.1553 13.2042
v  20.6909 43.1553 19.5507
v  -20.6909 43.1553 19.5507
v  -26.8626 42.7636 12.9622
v  -27.0928 43.1553 13.2042
v  -20.7944 43.6340 19.6373
v  -27.1852 43.6340 13.3031
v  20.7944 43.6340 19.6373
v  -20.6803 44.1126 19.5507
v  -27.0928 44.1126 13.1993
v  20.6803 44.1126 19.5507
v  27.1852 43.6340 13.3031
v  27.0928 44.1126 13.1993
v  26.8626 44.5043 12.9510
v  20.4104 44.5043 19.3348
v  -20.4104 44.5043 19.3348
v  26.6356 44.8004 12.7236
v  20.1654 44.8004 19.1220
v  -20.1654 44.8004 19.1220
v  -26.8626 44.5043 12.9510
v  -26.6356 44.8004 12.7236
v  -17.4160 44.8004 12.4315
v  -19.9451 44.8004 9.9304
v  17.4160 44.8004 12.4315
v  19.9451 44.8004 9.9304
v  19.9451 44.8004 -10.5306
v  26.6356 44.8004 -17.2211
v  26.8626 44.5043 -17.2211
v  25.1462 44.0763 -17.2211
v  -19.9451 44.8004 -10.5306
v  -26.6356 44.8004 -17.2212
v  -25.1462 44.0763 -17.2212
v  27.0928 44.1126 -17.2211
v  27.1852 43.6339 -17.2211
v  27.0928 43.1553 -17.2211
v  26.8626 42.7636 -17.2211
v  26.6356 42.4675 -17.2211
v  25.1462 42.1678 -17.2211
v  -26.8626 44.5043 -17.2212
v  -27.0928 44.1126 -17.2212
v  -27.1852 43.6339 -17.2212
v  -27.0928 43.1553 -17.2212
v  -26.8626 42.7636 -17.2212
v  -26.6356 42.4675 -17.2212
v  -25.1462 42.1678 -17.2212
v  -26.6356 42.1678 -17.2212
v  -26.8016 41.4274 -17.2212
v  -27.0407 40.7956 -17.2212
v  -27.2845 40.3579 -17.2212
v  -27.9480 38.7980 -17.2212
v  -27.5668 40.1218 -17.2212
v  -27.9413 40.1218 -17.2212
v  26.6356 42.1678 -17.2211
v  26.8016 41.4274 -17.2211
v  27.0407 40.7956 -17.2211
v  26.0963 38.7980 -17.2211
v  27.2845 40.3579 -17.2211
v  27.9480 38.7980 -17.2211
v  27.5668 40.1218 -17.2211
v  27.9413 40.1218 -17.2211
v  28.2304 0.0003 15.0588
v  30.6341 0.0086 16.0448
v  22.9130 0.0086 23.6441
v  21.9125 0.0003 21.2768
v  21.0998 -0.0065 19.3536
v  26.2775 -0.0065 14.2577
v  16.6901 0.0003 23.8410
v  16.6901 0.0003 21.2768
v  16.6901 0.0003 19.3521
v  30.6355 1.1537 16.0369
v  22.9050 1.1537 23.6456
v  16.6866 1.1454 23.8410
v  30.6028 1.2878 16.0226
v  22.8905 1.2878 23.6134
v  16.6862 1.2796 23.8060
v  16.6860 1.3619 23.7075
v  22.8518 1.3698 23.5224
v  16.6858 1.4006 23.4688
v  22.7592 1.4076 23.3017
v  30.5105 1.3698 15.9845
v  30.2864 1.4076 15.8933
v  30.2236 1.6699 15.8658
v  22.7314 1.6699 23.2399
v  16.6851 1.6631 23.4016
v  29.8960 1.7442 15.7323
v  22.5958 1.7442 22.9172
v  16.6848 1.7385 23.0525
v  16.6821 2.6328 22.7197
v  22.4608 2.6375 22.6106
v  22.2938 2.8947 22.2159
v  16.6813 2.8914 22.2925
v  29.5847 2.6375 15.5993
v  29.1840 2.8947 15.4347
v  21.9010 2.8914 21.2768
v  28.2304 2.8914 15.0475
v  16.6813 2.8914 21.2768
v  16.6813 2.8914 19.3521
v  21.0918 2.8847 19.3521
v  26.2760 2.8847 14.2500
v  26.2760 2.8914 9.9250
v  26.2760 0.0003 9.9344
v  28.2304 0.0003 9.9344
v  28.2304 2.8914 9.9250
v  29.2618 2.8914 9.9250
v  29.6956 2.6328 9.9259
v  30.0336 1.7385 9.9288
v  30.3880 1.6631 9.9290
v  30.4563 1.4006 9.9299
v  30.6987 1.3619 9.9300
v  30.7987 1.2796 9.9303
v  30.8343 1.1454 9.9307
v  30.8343 0.0003 9.9344
v  -19.5571 0.0003 -17.1025
v  -28.2304 0.0003 -17.1025
v  -28.2304 2.8914 -17.1025
v  -19.5571 2.8914 -17.1025
v  -19.5571 0.0003 -14.0983
v  -26.2760 0.0003 -14.0983
v  -30.8343 0.0003 -17.1025
v  -28.2304 0.0003 -6.8235
v  -30.8343 0.0003 -6.8235
v  -26.2760 0.0003 -6.8235
v  -30.8343 1.1454 -17.1025
v  -29.2618 2.8914 -17.1025
v  -29.6956 2.6328 -17.1025
v  -30.0336 1.7385 -17.1025
v  -30.3880 1.6631 -17.1025
v  -30.6987 1.3619 -17.1025
v  -30.4563 1.4006 -17.1025
v  -30.7987 1.2796 -17.1025
v  -30.6987 1.3619 -6.8245
v  -30.7987 1.2796 -6.8245
v  -30.8343 1.1454 -6.8244
v  -30.4563 1.4006 -6.8246
v  -30.3880 1.6631 -6.8248
v  -30.0336 1.7385 -6.8248
v  -29.6956 2.6328 -6.8255
v  -29.2618 2.8914 -6.8257
v  -28.2304 2.8914 -6.8257
v  -26.2760 2.8914 -6.8257
v  -26.2760 2.8914 -14.0983
v  -19.5571 2.8914 -14.0983
v  -28.2304 0.0003 15.0588
v  -21.9125 0.0003 21.2768
v  -22.9130 0.0086 23.6441
v  -30.6341 0.0086 16.0448
v  -26.2775 -0.0065 14.2577
v  -21.0998 -0.0065 19.3536
v  -16.6901 0.0003 21.2768
v  -16.6901 0.0003 23.8410
v  -16.6901 0.0003 19.3521
v  -30.6355 1.1537 16.0369
v  -22.9050 1.1537 23.6456
v  -16.6866 1.1454 23.8410
v  -22.8905 1.2878 23.6134
v  -30.6028 1.2878 16.0226
v  -16.6862 1.2796 23.8060
v  -16.6860 1.3619 23.7075
v  -22.8518 1.3698 23.5224
v  -16.6859 1.4006 23.4688
v  -22.7592 1.4076 23.3017
v  -30.5105 1.3698 15.9845
v  -30.2864 1.4076 15.8932
v  -22.7314 1.6699 23.2399
v  -30.2236 1.6699 15.8658
v  -16.6851 1.6631 23.4016
v  -22.5958 1.7442 22.9172
v  -29.8960 1.7442 15.7323
v  -16.6848 1.7385 23.0525
v  -16.6821 2.6328 22.7197
v  -22.4608 2.6375 22.6106
v  -16.6813 2.8914 22.2925
v  -22.2938 2.8947 22.2159
v  -29.5847 2.6375 15.5993
v  -29.1840 2.8947 15.4346
v  -21.9010 2.8914 21.2768
v  -28.2304 2.8914 15.0475
v  -16.6813 2.8914 21.2768
v  -16.6813 2.8914 19.3521
v  -21.0918 2.8847 19.3521
v  -26.2760 2.8847 14.2500
v  -26.2760 0.0003 9.9344
v  -26.2760 2.8914 9.9250
v  -28.2304 0.0003 9.9344
v  -28.2304 2.8914 9.9250
v  -29.2618 2.8914 9.9250
v  -29.6956 2.6328 9.9259
v  -30.0336 1.7385 9.9288
v  -30.3880 1.6631 9.9290
v  -30.4563 1.4006 9.9299
v  -30.6987 1.3619 9.9300
v  -30.7987 1.2796 9.9303
v  -30.8343 1.1454 9.9307
v  -30.8343 0.0003 9.9344
v  19.5571 0.0003 -17.1024
v  19.5571 2.8914 -17.1024
v  28.2304 2.8914 -17.1024
v  28.2304 0.0003 -17.1024
v  26.2760 0.0003 -14.0983
v  19.5571 0.0003 -14.0983
v  30.8343 0.0003 -17.1024
v  30.8343 0.0003 -6.8235
v  28.2304 0.0003 -6.8235
v  26.2760 0.0003 -6.8235
v  30.8343 1.1454 -17.1024
v  29.2618 2.8914 -17.1024
v  29.6956 2.6328 -17.1024
v  30.0336 1.7385 -17.1024
v  30.3880 1.6631 -17.1024
v  30.6987 1.3619 -17.1024
v  30.4563 1.4006 -17.1024
v  30.7987 1.2796 -17.1024
v  30.6987 1.3619 -6.8245
v  30.7987 1.2796 -6.8245
v  30.8343 1.1454 -6.8244
v  30.4563 1.4006 -6.8246
v  30.3880 1.6631 -6.8247
v  30.0336 1.7385 -6.8248
v  29.6956 2.6328 -6.8255
v  29.2618 2.8914 -6.8257
v  28.2304 2.8914 -6.8257
v  26.2760 2.8914 -6.8257
v  26.2760 2.8914 -14.0983
v  19.5571 2.8914 -14.0983
v  -17.8006 44.7819 13.2004
v  -17.8006 46.0513 13.2004
v  -18.9692 46.0513 13.9813
v  -18.9692 44.7819 13.9813
v  -20.3478 46.0513 14.2555
v  -20.3478 44.7819 14.2555
v  -21.7263 46.0513 13.9813
v  -21.7263 44.7819 13.9813
v  -22.8950 46.0513 13.2004
v  -22.8950 44.7819 13.2004
v  -23.6759 46.0513 12.0317
v  -23.6759 44.7819 12.0317
v  -23.9501 46.0513 10.6532
v  -23.9501 44.7819 10.6532
v  -23.6759 46.0513 9.2746
v  -23.6759 44.7819 9.2746
v  -22.8950 46.0513 8.1060
v  -22.8950 44.7819 8.1060
v  -23.1453 46.5117 9.4944
v  -22.4889 46.5117 8.5121
v  -23.1453 46.8876 9.4944
v  -22.4889 46.8876 8.5121
v  -23.3758 46.5117 10.6532
v  -23.3758 46.8876 10.6532
v  -23.1453 46.5117 11.8119
v  -23.1453 46.8876 11.8119
v  -22.4889 46.5117 12.7943
v  -22.4889 46.8876 12.7943
v  -21.5065 46.5117 13.4507
v  -21.5065 46.8876 13.4507
v  -20.3478 46.5117 13.6812
v  -20.3478 46.8876 13.6812
v  -19.1890 46.5117 13.4507
v  -19.1890 46.8876 13.4507
v  -18.2067 46.5117 12.7943
v  -18.2067 46.8876 12.7943
v  -17.8006 47.5960 13.2004
v  -18.9692 47.5960 13.9813
v  -17.8006 48.1954 13.2004
v  -18.9692 48.1954 13.9813
v  -20.3478 47.5960 14.2555
v  -20.3478 48.1954 14.2555
v  -21.7263 47.5960 13.9813
v  -21.7263 48.1954 13.9813
v  -22.8950 47.5960 13.2004
v  -22.8950 48.1954 13.2004
v  -23.6759 47.5960 12.0317
v  -23.6759 48.1954 12.0317
v  -23.9501 47.5960 10.6532
v  -23.9501 48.1954 10.6532
v  -23.6759 47.5960 9.2746
v  -23.6759 48.1954 9.2746
v  -22.8950 47.5960 8.1060
v  -22.8950 48.1954 8.1060
v  -22.8878 48.5928 9.6011
v  -22.2918 48.5928 8.7091
v  -23.4437 49.1644 9.3708
v  -22.7173 49.1644 8.2836
v  -23.6945 49.9217 9.2669
v  -22.9092 49.9217 8.0917
v  -23.9702 49.9217 10.6532
v  -23.6988 49.1644 10.6532
v  -23.0971 48.5928 10.6532
v  -23.6945 49.9217 12.0394
v  -23.4437 49.1644 11.9356
v  -22.8878 48.5928 11.7053
v  -22.2918 48.5928 12.5972
v  -22.7173 49.1644 13.0227
v  -21.3999 48.5928 13.1932
v  -21.6302 49.1644 13.7491
v  -21.7340 49.9217 13.9999
v  -22.9092 49.9217 13.2146
v  -20.3478 49.9217 14.2756
v  -20.3478 49.1644 14.0042
v  -20.3478 48.5928 13.4025
v  -18.9615 49.9217 13.9999
v  -19.0654 49.1644 13.7491
v  -19.2957 48.5928 13.1932
v  -18.4037 48.5928 12.5972
v  -17.9782 49.1644 13.0227
v  -17.7863 49.9217 13.2146
v  -17.8098 50.7238 13.1911
v  -18.9742 50.7238 13.9692
v  -20.3478 50.7238 14.2424
v  -19.3843 54.9941 12.9791
v  -20.3478 54.9941 13.1708
v  -18.5676 54.9941 12.4334
v  -17.9678 55.1874 13.0331
v  -19.0598 55.1874 13.7627
v  -20.3478 55.1874 14.0189
v  -18.9513 55.5375 14.0246
v  -20.3478 55.5375 14.3024
v  -17.7674 55.5375 13.2336
v  -17.7674 55.9138 13.2336
v  -18.9513 55.9138 14.0246
v  -18.0447 56.3579 12.9562
v  -19.1014 56.3579 13.6623
v  -18.5022 56.6195 12.4988
v  -19.3490 56.6195 13.0645
v  -19.3490 132.0959 13.0645
v  -18.5022 132.0959 12.4988
v  -19.1014 132.3575 13.6623
v  -18.0447 132.3575 12.9562
v  -18.9513 132.8016 14.0246
v  -17.7674 132.8016 13.2336
v  -18.9513 133.1780 14.0246
v  -17.7674 133.1780 13.2336
v  -19.0598 133.5280 13.7627
v  -17.9678 133.5280 13.0331
v  -20.3478 133.5280 14.0189
v  -20.3478 133.1780 14.3024
v  -20.3478 132.8016 14.3024
v  -21.6358 133.5280 13.7627
v  -21.7443 133.1780 14.0246
v  -21.7443 132.8016 14.0246
v  -20.3478 132.3575 13.9102
v  -21.5942 132.3575 13.6623
v  -20.3478 132.0959 13.2632
v  -21.3466 132.0959 13.0645
v  -20.3478 56.6195 13.2632
v  -21.3466 56.6195 13.0645
v  -20.3478 56.3579 13.9102
v  -21.5942 56.3579 13.6623
v  -20.3478 55.9138 14.3024
v  -21.7443 55.9138 14.0246
v  -21.7443 55.5375 14.0246
v  -21.6358 55.1874 13.7627
v  -22.7277 55.1874 13.0331
v  -22.9282 55.5375 13.2336
v  -22.9282 55.9138 13.2336
v  -23.4573 55.1874 11.9412
v  -23.7192 55.5375 12.0497
v  -23.7192 55.9138 12.0497
v  -22.6508 56.3579 12.9562
v  -23.3569 56.3579 11.8996
v  -22.1934 56.6195 12.4988
v  -22.7591 56.6195 11.6520
v  -22.7591 132.0959 11.6520
v  -22.1934 132.0959 12.4988
v  -23.3569 132.3575 11.8996
v  -22.6508 132.3575 12.9562
v  -23.7192 132.8016 12.0497
v  -22.9282 132.8016 13.2336
v  -23.7192 133.1780 12.0497
v  -22.9282 133.1780 13.2336
v  -22.7277 133.5280 13.0331
v  -23.4573 133.5280 11.9412
v  -23.7135 133.5280 10.6532
v  -23.9970 133.1780 10.6532
v  -23.9970 132.8016 10.6532
v  -23.4573 133.5280 9.3652
v  -23.7192 133.1780 9.2567
v  -23.7192 132.8016 9.2567
v  -23.3569 132.3575 9.4068
v  -23.6048 132.3575 10.6532
v  -22.7591 132.0959 9.6544
v  -22.9578 132.0959 10.6532
v  -22.7591 56.6195 9.6544
v  -22.9578 56.6195 10.6532
v  -23.3569 56.3579 9.4068
v  -23.6048 56.3579 10.6532
v  -23.7192 55.9138 9.2567
v  -23.9970 55.9138 10.6532
v  -23.7192 55.5375 9.2567
v  -23.9970 55.5375 10.6532
v  -23.7135 55.1874 10.6532
v  -23.4573 55.1874 9.3652
v  -22.7277 55.1874 8.2732
v  -22.9282 55.5375 8.0728
v  -22.9282 55.9138 8.0728
v  -22.6508 56.3579 8.3501
v  -22.1934 56.6195 8.8076
v  -22.1934 132.0959 8.8076
v  -22.6508 132.3575 8.3501
v  -22.9282 132.8016 8.0728
v  -22.9282 133.1780 8.0728
v  -22.7277 133.5280 8.2732
v  -22.1280 133.7213 8.8730
v  -22.6737 133.7213 9.6897
v  -22.8857 137.9917 8.1152
v  -23.6638 137.9917 9.2796
v  -23.6945 138.7937 9.2669
v  -22.9092 138.7937 8.0917
v  -23.9370 137.9917 10.6532
v  -23.9702 138.7937 10.6532
v  -22.8654 133.7213 10.6532
v  -23.6988 139.5510 10.6532
v  -23.4437 139.5510 9.3708
v  -22.7173 139.5510 8.2836
v  -22.8878 140.1226 9.6011
v  -23.0971 140.1226 10.6532
v  -22.2918 140.1226 8.7091
v  -23.6759 140.5201 9.2746
v  -23.9501 140.5201 10.6532
v  -22.8950 140.5201 8.1060
v  -23.6759 141.1194 9.2746
v  -23.9501 141.1194 10.6532
v  -22.8950 141.1194 8.1060
v  -22.4889 141.8279 8.5121
v  -23.1453 141.8278 9.4944
v  -23.3758 141.8279 10.6532
v  -22.4889 142.2038 8.5121
v  -23.1453 142.2038 9.4944
v  -23.3758 142.2038 10.6532
v  -22.8950 142.6641 8.1060
v  -23.6759 142.6641 9.2746
v  -23.6759 143.9335 9.2746
v  -22.8950 143.9335 8.1060
v  -23.9501 143.9335 10.6532
v  -23.9501 142.6641 10.6532
v  -23.6759 143.9335 12.0317
v  -23.6759 142.6641 12.0317
v  -23.1453 142.2038 11.8119
v  -23.1453 141.8278 11.8119
v  -22.4889 142.2038 12.7943
v  -22.8950 142.6641 13.2004
v  -22.4889 141.8278 12.7943
v  -21.5065 142.2038 13.4507
v  -21.7263 142.6641 13.9813
v  -21.5065 141.8279 13.4507
v  -20.3478 142.2038 13.6812
v  -20.3478 142.6641 14.2555
v  -20.3478 141.8278 13.6812
v  -19.1890 142.2038 13.4507
v  -18.9692 142.6641 13.9813
v  -19.1890 141.8279 13.4507
v  -18.2067 142.2038 12.7943
v  -17.8006 142.6641 13.2004
v  -18.2067 141.8278 12.7943
v  -18.9692 141.1194 13.9813
v  -17.8006 141.1194 13.2004
v  -18.9692 140.5201 13.9813
v  -17.8006 140.5201 13.2004
v  -20.3478 141.1194 14.2555
v  -20.3478 140.5201 14.2555
v  -21.7263 141.1194 13.9813
v  -21.7263 140.5201 13.9813
v  -22.8950 141.1194 13.2004
v  -22.8950 140.5201 13.2004
v  -23.6759 141.1194 12.0317
v  -23.6759 140.5201 12.0317
v  -22.8878 140.1226 11.7053
v  -22.2918 140.1226 12.5972
v  -23.4437 139.5510 11.9356
v  -22.7173 139.5510 13.0227
v  -22.9092 138.7937 13.2146
v  -23.6945 138.7937 12.0394
v  -21.7340 138.7937 13.9999
v  -21.6302 139.5510 13.7491
v  -21.3999 140.1226 13.1932
v  -20.3478 138.7937 14.2756
v  -20.3478 139.5510 14.0042
v  -20.3478 140.1226 13.4025
v  -19.0654 139.5510 13.7491
v  -19.2957 140.1226 13.1932
v  -17.9782 139.5510 13.0227
v  -18.4037 140.1226 12.5972
v  -17.7863 138.7937 13.2146
v  -18.9615 138.7937 13.9999
v  -17.8098 137.9917 13.1911
v  -18.9742 137.9917 13.9692
v  -19.3843 133.7213 12.9791
v  -18.5676 133.7213 12.4334
v  -20.3478 133.7213 13.1708
v  -20.3478 137.9917 14.2424
v  -21.3112 133.7213 12.9791
v  -21.7213 137.9917 13.9692
v  -22.8857 137.9917 13.1911
v  -22.1280 133.7213 12.4334
v  -23.6638 137.9917 12.0267
v  -22.6737 133.7213 11.6166
v  -17.8006 143.9335 13.2004
v  -18.9692 143.9335 13.9813
v  -20.3478 143.9335 14.2555
v  -21.7263 143.9335 13.9813
v  -22.8950 143.9335 13.2004
v  -22.1280 54.9941 8.8730
v  -22.6737 54.9941 9.6897
v  -22.8857 50.7238 8.1152
v  -23.6638 50.7238 9.2796
v  -23.9370 50.7238 10.6532
v  -22.8654 54.9941 10.6532
v  -23.6638 50.7238 12.0267
v  -22.6737 54.9941 11.6166
v  -22.1280 54.9941 12.4334
v  -22.8857 50.7238 13.1911
v  -21.7213 50.7238 13.9692
v  -21.3112 54.9941 12.9791
v  17.8006 44.7819 13.2004
v  18.9692 44.7819 13.9813
v  18.9692 46.0513 13.9813
v  17.8006 46.0513 13.2004
v  20.3478 44.7819 14.2555
v  20.3478 46.0513 14.2555
v  21.7263 44.7819 13.9813
v  21.7263 46.0513 13.9813
v  22.8950 44.7819 13.2004
v  22.8950 46.0513 13.2004
v  23.6759 44.7819 12.0317
v  23.6759 46.0513 12.0317
v  23.9501 44.7819 10.6532
v  23.9501 46.0513 10.6532
v  23.6759 44.7819 9.2746
v  23.6759 46.0513 9.2746
v  22.8950 44.7819 8.1060
v  22.8950 46.0513 8.1060
v  22.4889 46.5117 8.5121
v  23.1453 46.5117 9.4944
v  22.4889 46.8876 8.5121
v  23.1453 46.8876 9.4944
v  23.3758 46.5117 10.6532
v  23.3758 46.8876 10.6532
v  23.1453 46.5117 11.8119
v  23.1453 46.8876 11.8119
v  22.4889 46.5117 12.7943
v  22.4889 46.8876 12.7943
v  21.5065 46.5117 13.4507
v  21.5065 46.8876 13.4507
v  20.3478 46.5117 13.6812
v  20.3478 46.8876 13.6812
v  19.1890 46.5117 13.4507
v  19.1890 46.8876 13.4507
v  18.2067 46.5117 12.7943
v  18.2067 46.8876 12.7943
v  18.9692 47.5960 13.9813
v  17.8006 47.5960 13.2004
v  18.9692 48.1954 13.9813
v  17.8006 48.1954 13.2004
v  20.3478 47.5960 14.2555
v  20.3478 48.1954 14.2555
v  21.7263 47.5960 13.9813
v  21.7263 48.1954 13.9813
v  22.8950 47.5960 13.2004
v  22.8950 48.1954 13.2004
v  23.6759 47.5960 12.0317
v  23.6759 48.1954 12.0317
v  23.9501 47.5960 10.6532
v  23.9501 48.1954 10.6532
v  23.6759 47.5960 9.2746
v  23.6759 48.1954 9.2746
v  22.8950 47.5960 8.1060
v  22.8950 48.1954 8.1060
v  22.2918 48.5928 8.7091
v  22.8878 48.5928 9.6011
v  22.7173 49.1644 8.2836
v  23.4437 49.1644 9.3708
v  23.6945 49.9217 9.2669
v  22.9092 49.9217 8.0917
v  23.9702 49.9217 10.6532
v  23.6988 49.1644 10.6532
v  23.0971 48.5928 10.6532
v  23.6945 49.9217 12.0394
v  23.4437 49.1644 11.9356
v  22.8878 48.5928 11.7053
v  22.7173 49.1644 13.0227
v  22.2918 48.5928 12.5972
v  21.6302 49.1644 13.7491
v  21.3999 48.5928 13.1932
v  21.7340 49.9217 13.9999
v  22.9092 49.9217 13.2147
v  20.3478 49.9217 14.2756
v  20.3478 49.1644 14.0042
v  20.3478 48.5928 13.4025
v  18.9615 49.9217 13.9999
v  19.0654 49.1644 13.7491
v  19.2957 48.5928 13.1932
v  17.9782 49.1644 13.0227
v  18.4037 48.5928 12.5972
v  17.7863 49.9217 13.2147
v  17.8098 50.7238 13.1911
v  18.9742 50.7238 13.9692
v  20.3478 50.7238 14.2424
v  20.3478 54.9941 13.1708
v  19.3843 54.9941 12.9791
v  18.5676 54.9941 12.4334
v  19.0598 55.1874 13.7627
v  17.9678 55.1874 13.0331
v  20.3478 55.1874 14.0189
v  20.3478 55.5375 14.3024
v  18.9513 55.5375 14.0246
v  17.7674 55.5375 13.2336
v  18.9513 55.9138 14.0246
v  17.7674 55.9138 13.2336
v  19.1014 56.3579 13.6623
v  18.0447 56.3579 12.9562
v  19.3490 56.6195 13.0645
v  18.5022 56.6195 12.4988
v  19.3490 132.0959 13.0645
v  18.5022 132.0959 12.4988
v  19.1014 132.3575 13.6623
v  18.0447 132.3575 12.9562
v  18.9513 132.8016 14.0246
v  17.7674 132.8016 13.2336
v  18.9513 133.1780 14.0246
v  17.7674 133.1780 13.2336
v  19.0598 133.5280 13.7627
v  17.9678 133.5280 13.0331
v  20.3478 133.5280 14.0189
v  20.3478 133.1780 14.3024
v  20.3478 132.8016 14.3024
v  21.6358 133.5280 13.7627
v  21.7443 133.1780 14.0246
v  21.7443 132.8016 14.0246
v  20.3478 132.3575 13.9102
v  21.5942 132.3575 13.6623
v  20.3478 132.0959 13.2632
v  21.3466 132.0959 13.0645
v  20.3478 56.6195 13.2632
v  21.3466 56.6195 13.0645
v  20.3478 56.3579 13.9102
v  21.5942 56.3579 13.6623
v  20.3478 55.9138 14.3024
v  21.7443 55.9138 14.0246
v  21.7443 55.5375 14.0246
v  21.6358 55.1874 13.7627
v  22.7277 55.1874 13.0331
v  22.9282 55.5375 13.2336
v  22.9282 55.9138 13.2336
v  23.4573 55.1874 11.9412
v  23.7192 55.5375 12.0497
v  23.7192 55.9138 12.0497
v  23.3569 56.3579 11.8996
v  22.6508 56.3579 12.9562
v  22.7591 56.6195 11.6520
v  22.1934 56.6195 12.4988
v  22.7591 132.0959 11.6520
v  22.1934 132.0959 12.4988
v  23.3569 132.3575 11.8996
v  22.6508 132.3575 12.9562
v  23.7192 132.8016 12.0497
v  22.9282 132.8016 13.2336
v  23.7192 133.1780 12.0497
v  22.9282 133.1780 13.2336
v  22.7277 133.5280 13.0331
v  23.4573 133.5280 11.9412
v  23.7135 133.5280 10.6532
v  23.9970 133.1780 10.6532
v  23.9970 132.8016 10.6532
v  23.4573 133.5280 9.3652
v  23.7192 133.1780 9.2567
v  23.7192 132.8016 9.2567
v  23.6048 132.3575 10.6532
v  23.3569 132.3575 9.4068
v  22.9578 132.0959 10.6532
v  22.7591 132.0959 9.6544
v  22.9578 56.6195 10.6532
v  22.7591 56.6195 9.6544
v  23.3569 56.3579 9.4068
v  23.6048 56.3579 10.6532
v  23.7192 55.9138 9.2567
v  23.9970 55.9138 10.6532
v  23.7192 55.5375 9.2567
v  23.9970 55.5375 10.6532
v  23.7135 55.1874 10.6532
v  23.4573 55.1874 9.3652
v  22.7277 55.1874 8.2732
v  22.9282 55.5375 8.0728
v  22.9282 55.9138 8.0728
v  22.6508 56.3579 8.3501
v  22.1934 56.6195 8.8076
v  22.1934 132.0959 8.8076
v  22.6508 132.3575 8.3501
v  22.9282 132.8016 8.0728
v  22.9282 133.1780 8.0728
v  22.7277 133.5280 8.2732
v  22.1280 133.7213 8.8730
v  22.6737 133.7213 9.6898
v  22.8857 137.9916 8.1152
v  23.6638 137.9916 9.2797
v  22.9092 138.7937 8.0917
v  23.6945 138.7937 9.2669
v  23.9370 137.9916 10.6532
v  23.9702 138.7937 10.6532
v  22.8654 133.7213 10.6532
v  23.4437 139.5510 9.3708
v  23.6988 139.5510 10.6532
v  22.7173 139.5510 8.2836
v  22.8878 140.1226 9.6011
v  23.0971 140.1226 10.6532
v  22.2918 140.1226 8.7091
v  23.6759 140.5201 9.2746
v  23.9501 140.5201 10.6532
v  22.8950 140.5201 8.1060
v  23.6759 141.1194 9.2746
v  23.9501 141.1194 10.6532
v  22.8950 141.1194 8.1060
v  22.4889 141.8278 8.5121
v  23.1453 141.8278 9.4944
v  23.3758 141.8278 10.6532
v  22.4889 142.2038 8.5121
v  23.1453 142.2038 9.4944
v  23.3758 142.2038 10.6532
v  22.8950 142.6641 8.1060
v  23.6759 142.6641 9.2746
v  23.6759 143.9335 9.2746
v  22.8950 143.9335 8.1060
v  23.9501 143.9335 10.6532
v  23.9501 142.6641 10.6532
v  23.6759 143.9335 12.0317
v  23.6759 142.6641 12.0317
v  23.1453 142.2038 11.8119
v  23.1453 141.8278 11.8119
v  22.8950 142.6641 13.2004
v  22.4889 142.2038 12.7943
v  22.4889 141.8278 12.7943
v  21.7263 142.6641 13.9813
v  21.5065 142.2038 13.4507
v  21.5065 141.8278 13.4507
v  20.3478 142.6641 14.2555
v  20.3478 142.2038 13.6812
v  20.3478 141.8278 13.6812
v  18.9692 142.6641 13.9813
v  19.1890 142.2038 13.4507
v  19.1890 141.8278 13.4507
v  17.8006 142.6641 13.2004
v  18.2067 142.2038 12.7943
v  18.2067 141.8278 12.7943
v  17.8006 141.1194 13.2004
v  18.9692 141.1194 13.9813
v  17.8006 140.5201 13.2004
v  18.9692 140.5201 13.9813
v  20.3478 141.1194 14.2555
v  20.3478 140.5201 14.2555
v  21.7263 141.1194 13.9813
v  21.7263 140.5201 13.9813
v  22.8950 141.1194 13.2004
v  22.8950 140.5201 13.2004
v  23.6759 141.1194 12.0317
v  23.6759 140.5201 12.0317
v  22.2918 140.1226 12.5972
v  22.8878 140.1226 11.7053
v  22.7173 139.5510 13.0227
v  23.4437 139.5510 11.9356
v  22.9092 138.7937 13.2147
v  23.6945 138.7937 12.0394
v  21.7340 138.7937 13.9999
v  21.6302 139.5510 13.7491
v  21.3999 140.1226 13.1932
v  20.3478 138.7937 14.2756
v  20.3478 139.5510 14.0042
v  20.3478 140.1226 13.4025
v  19.2957 140.1226 13.1932
v  19.0654 139.5510 13.7491
v  18.4037 140.1226 12.5972
v  17.9782 139.5510 13.0227
v  17.7863 138.7937 13.2147
v  18.9615 138.7937 13.9999
v  17.8098 137.9916 13.1911
v  18.9742 137.9916 13.9692
v  18.5676 133.7213 12.4334
v  19.3843 133.7213 12.9791
v  20.3478 133.7213 13.1708
v  20.3478 137.9916 14.2424
v  21.3112 133.7213 12.9791
v  21.7213 137.9916 13.9692
v  22.8857 137.9916 13.1911
v  22.1280 133.7213 12.4334
v  23.6638 137.9916 12.0267
v  22.6737 133.7213 11.6166
v  17.8006 143.9335 13.2004
v  18.9692 143.9335 13.9813
v  20.3478 143.9335 14.2555
v  21.7263 143.9335 13.9813
v  22.8950 143.9335 13.2004
v  22.1280 54.9941 8.8730
v  22.6737 54.9941 9.6898
v  22.8857 50.7238 8.1152
v  23.6638 50.7238 9.2797
v  23.9370 50.7238 10.6532
v  22.8654 54.9941 10.6532
v  23.6638 50.7238 12.0267
v  22.6737 54.9941 11.6166
v  22.1280 54.9941 12.4334
v  22.8857 50.7238 13.1911
v  21.3112 54.9941 12.9791
v  21.7213 50.7238 13.9692
v  -23.8339 143.6034 8.1687
v  -23.8339 44.6675 8.1687
v  -17.6024 44.6658 13.9697
v  -17.6024 143.6051 13.9697
v  -12.1079 51.5540 13.9697
v  -13.5477 51.5545 13.9697
v  -13.5477 136.7164 13.9697
v  -10.6561 51.2003 13.9697
v  -9.7786 50.5849 13.9697
v  -9.0693 49.8026 13.9697
v  -7.8993 48.9941 13.9697
v  -6.3626 48.5707 13.9697
v  17.6024 44.6658 13.9697
v  6.3626 48.5707 13.9697
v  -12.1079 136.7169 13.9697
v  -10.6561 137.0706 13.9697
v  -9.7786 137.6860 13.9697
v  -9.0693 138.4682 13.9697
v  -7.8993 139.2768 13.9697
v  -6.3626 139.7002 13.9697
v  6.3626 139.7002 13.9697
v  17.6024 143.6051 13.9697
v  23.8339 143.6034 8.1687
v  23.8339 44.6675 8.1687
v  13.5477 136.7164 13.9697
v  13.5477 51.5545 13.9697
v  12.1079 136.7169 13.9697
v  10.6561 137.0706 13.9697
v  9.7786 137.6860 13.9697
v  9.0693 138.4682 13.9697
v  7.8993 139.2768 13.9697
v  6.3455 139.6284 13.7909
v  7.8412 139.2141 13.7909
v  -6.3455 139.6284 13.7909
v  6.3009 139.3797 13.7696
v  7.6898 138.9892 13.7696
v  -6.3009 139.3797 13.7696
v  -7.8412 139.2141 13.7909
v  -7.6898 138.9892 13.7696
v  -8.9846 138.4239 13.7909
v  -8.7640 138.2468 13.7696
v  -9.6937 137.6419 13.7909
v  -9.4726 137.4654 13.7696
v  -10.5965 137.0087 13.7909
v  -10.4412 136.7861 13.7696
v  -12.0864 136.6458 13.7909
v  -12.0304 136.3989 13.7696
v  -13.4411 136.6484 13.7909
v  -13.1634 136.4098 13.7696
v  -13.4411 51.6225 13.7909
v  -13.1634 51.8611 13.7696
v  -12.0304 51.8720 13.7696
v  -12.0864 51.6251 13.7909
v  -10.4412 51.4848 13.7696
v  -10.5965 51.2622 13.7909
v  -9.4726 50.8055 13.7696
v  -9.6937 50.6290 13.7909
v  -8.7640 50.0241 13.7696
v  -8.9846 49.8470 13.7909
v  -7.6898 49.2817 13.7696
v  -7.8412 49.0568 13.7909
v  -6.3009 48.8912 13.7696
v  -6.3455 48.6425 13.7909
v  6.3455 48.6425 13.7909
v  6.3009 48.8912 13.7696
v  7.8412 49.0568 13.7909
v  7.6898 49.2817 13.7696
v  7.8993 48.9941 13.9697
v  9.0693 49.8026 13.9697
v  8.9846 49.8470 13.7909
v  9.7786 50.5849 13.9697
v  9.6937 50.6290 13.7909
v  10.6561 51.2003 13.9697
v  10.5965 51.2622 13.7909
v  12.1079 51.5540 13.9697
v  12.0864 51.6251 13.7909
v  13.4411 51.6225 13.7909
v  13.4411 136.6484 13.7909
v  13.1635 136.4098 13.7696
v  13.1635 51.8611 13.7696
v  12.0304 51.8720 13.7696
v  12.0304 136.3989 13.7696
v  12.0864 136.6458 13.7909
v  10.4412 136.7861 13.7696
v  10.5965 137.0087 13.7909
v  9.4726 137.4654 13.7696
v  9.6937 137.6419 13.7909
v  8.7640 138.2468 13.7696
v  8.9846 138.4239 13.7909
v  8.7619 138.2457 13.4654
v  9.4704 137.4643 13.4654
v  7.6883 138.9876 13.4654
v  6.3005 139.3779 13.4654
v  7.5832 138.8618 13.3697
v  8.6086 138.1531 13.3697
v  6.2696 139.2356 13.3697
v  -6.3005 139.3779 13.4654
v  -6.2696 139.2356 13.3697
v  -7.6883 138.9876 13.4654
v  -7.5832 138.8618 13.3697
v  -8.7619 138.2457 13.4654
v  -8.6086 138.1531 13.3697
v  -9.4704 137.4643 13.4654
v  -9.3168 137.3721 13.3697
v  -10.4396 136.7845 13.4654
v  -10.3318 136.6603 13.3697
v  -12.0299 136.3971 13.4654
v  -11.9910 136.2561 13.3697
v  -13.1607 136.4080 13.4654
v  -12.9679 136.2727 13.3697
v  -13.1607 51.8629 13.4654
v  -12.9679 51.9982 13.3697
v  -11.9910 52.0148 13.3697
v  -12.0299 51.8738 13.4654
v  -10.3318 51.6106 13.3697
v  -10.4396 51.4864 13.4654
v  -9.3168 50.8988 13.3697
v  -9.4704 50.8066 13.4654
v  -8.6086 50.1178 13.3697
v  -8.7619 50.0252 13.4654
v  -7.5832 49.4091 13.3697
v  -7.6883 49.2833 13.4654
v  -6.2696 49.0353 13.3697
v  -6.3005 48.8930 13.4654
v  6.3005 48.8930 13.4654
v  6.2696 49.0353 13.3697
v  7.6883 49.2833 13.4654
v  7.5832 49.4091 13.3697
v  8.7619 50.0252 13.4654
v  8.6086 50.1178 13.3697
v  8.7640 50.0241 13.7696
v  9.4704 50.8066 13.4654
v  9.3168 50.8988 13.3697
v  9.4726 50.8055 13.7696
v  10.4396 51.4864 13.4654
v  10.3318 51.6106 13.3697
v  10.4412 51.4848 13.7696
v  12.0299 51.8738 13.4654
v  11.9910 52.0148 13.3697
v  13.1607 51.8629 13.4654
v  12.9679 51.9982 13.3697
v  12.9679 136.2727 13.3697
v  13.1607 136.4080 13.4654
v  11.9910 136.2561 13.3697
v  12.0299 136.3971 13.4654
v  10.3318 136.6603 13.3697
v  10.4396 136.7845 13.4654
v  9.3168 137.3721 13.3697
v  8.6086 138.1531 13.0153
v  9.3168 137.3721 13.0153
v  10.3318 136.6603 13.0153
v  -10.3318 136.6603 13.0153
v  -9.3168 137.3721 13.0153
v  -8.6086 138.1531 13.0153
v  7.5832 138.8618 13.0153
v  -7.5832 138.8618 13.0153
v  -6.2696 139.2356 13.0153
v  6.2696 139.2356 13.0153
v  -11.9910 136.2561 13.0153
v  -11.9910 52.0148 13.0153
v  -10.3318 51.6106 13.0153
v  10.3318 51.6106 13.0153
v  -9.3168 50.8988 13.0153
v  9.3168 50.8988 13.0153
v  11.9910 52.0148 13.0153
v  11.9910 136.2561 13.0153
v  8.6086 50.1178 13.0153
v  -8.6086 50.1178 13.0153
v  7.5832 49.4091 13.0153
v  -7.5832 49.4091 13.0153
v  -6.2696 49.0353 13.0153
v  6.2696 49.0353 13.0153
v  12.9679 51.9982 13.0153
v  12.9679 136.2727 13.0153
v  -12.9679 136.2727 13.0153
v  -12.9679 51.9982 13.0153
v  23.8339 136.9662 4.3581
v  23.8339 51.3046 4.3581
v  23.8339 143.6034 -15.6855
v  23.8339 140.0568 1.0375
v  23.8339 140.0568 -8.5543
v  23.8339 137.2359 2.7290
v  23.8339 138.5406 1.3272
v  23.8339 137.7407 1.8695
v  23.6611 138.5028 1.2224
v  23.6611 139.9541 0.9450
v  23.6611 137.6662 1.7896
v  23.6405 138.4044 0.9494
v  23.6405 139.6868 0.7044
v  23.6405 137.4724 1.5813
v  23.6405 139.6868 -8.2212
v  23.6611 139.9541 -8.4618
v  23.6405 138.4044 -8.4662
v  23.6611 138.5028 -8.7392
v  23.8339 138.5406 -8.8440
v  23.6611 137.6662 -9.3064
v  23.8339 137.7407 -9.3863
v  23.6611 137.1384 -10.2052
v  23.8339 137.2359 -10.2458
v  23.6611 136.8802 -11.7646
v  23.8339 136.9662 -11.8749
v  23.6611 51.3907 -11.7646
v  23.8339 51.3046 -11.8749
v  23.8339 44.6675 -15.6855
v  23.6611 51.1325 -10.2052
v  23.8339 51.0350 -10.2458
v  23.8339 48.2141 -8.5543
v  23.8339 48.2141 1.0375
v  20.7969 143.6042 -15.6855
v  20.7969 44.6666 -15.6855
v  23.8339 49.7303 -8.8440
v  23.8339 50.5302 -9.3863
v  23.6611 49.7681 -8.7392
v  23.6611 50.6047 -9.3064
v  23.6611 48.3168 -8.4618
v  23.6405 49.8665 -8.4662
v  23.6405 50.7985 -9.0981
v  23.6405 48.5842 -8.2212
v  23.6405 51.3866 -10.0995
v  23.6405 51.6147 -11.4773
v  23.3465 51.3891 -10.0984
v  23.3465 51.6169 -11.4745
v  23.3465 50.8004 -9.0960
v  23.3465 136.6540 -11.4745
v  23.6405 136.6562 -11.4773
v  23.3465 136.8818 -10.0984
v  23.6405 136.8843 -10.0995
v  23.3465 137.4705 -9.0960
v  23.6405 137.4724 -9.0981
v  23.3465 138.4034 -8.4635
v  23.3465 139.6841 -8.2188
v  23.2540 138.3351 -8.2739
v  23.2540 137.3358 -8.9514
v  23.2540 139.4984 -8.0516
v  23.2540 139.4984 0.5348
v  23.3465 139.6841 0.7020
v  23.2540 138.3351 0.7571
v  23.3465 138.4034 0.9467
v  23.2540 137.3358 1.4346
v  23.3465 137.4705 1.5792
v  23.2540 136.7053 2.5082
v  23.3465 136.8818 2.5816
v  23.6405 136.8843 2.5827
v  23.6611 137.1384 2.6884
v  23.3465 136.6540 3.9577
v  23.6405 136.6562 3.9605
v  23.6611 136.8802 4.2478
v  23.6611 51.3907 4.2478
v  23.6405 51.6147 3.9605
v  23.6611 51.1325 2.6884
v  23.6405 51.3866 2.5827
v  23.8339 51.0350 2.7290
v  23.8339 50.5302 1.8695
v  23.6611 50.6047 1.7896
v  23.8339 49.7303 1.3272
v  23.6611 49.7681 1.2224
v  23.6611 48.3168 0.9450
v  23.6405 48.5842 0.7044
v  23.6405 49.8665 0.9494
v  23.3465 48.5868 0.7020
v  23.3465 48.5868 -8.2188
v  23.3465 49.8675 0.9467
v  23.3465 49.8675 -8.4635
v  23.2540 48.7725 0.5348
v  23.2540 48.7725 -8.0516
v  23.2540 49.9358 -8.2739
v  23.2540 50.9351 -8.9514
v  23.2540 51.5656 -10.0250
v  22.9115 50.9351 -8.9514
v  22.9115 49.9358 -8.2739
v  22.9115 51.5656 -10.0250
v  22.9115 51.5656 2.5082
v  22.9115 50.9351 1.4346
v  22.9115 49.9358 0.7571
v  23.2540 51.5656 2.5082
v  23.2540 50.9351 1.4346
v  23.2540 49.9358 0.7571
v  23.3465 51.3891 2.5816
v  23.3465 50.8004 1.5792
v  22.9115 48.7725 0.5348
v  22.9115 48.7725 -8.0516
v  23.6405 50.7985 1.5813
v  23.3465 51.6169 3.9577
v  23.2540 51.7725 3.7581
v  23.2540 136.4984 3.7581
v  22.9115 136.4984 3.7581
v  22.9115 136.7053 2.5082
v  22.9115 51.7725 3.7581
v  22.9115 136.7053 -10.0250
v  22.9115 137.3358 -8.9514
v  22.9115 137.3358 1.4346
v  22.9115 136.4984 -11.2749
v  23.2540 136.4984 -11.2749
v  23.2540 136.7053 -10.0250
v  22.9115 51.7725 -11.2749
v  23.2540 51.7725 -11.2749
v  22.9115 138.3351 -8.2739
v  22.9115 138.3351 0.7571
v  22.9115 139.4984 -8.0516
v  22.9115 139.4984 0.5348
v  20.7969 44.6666 -14.8512
v  20.7969 143.6042 -14.8512
v  -23.8339 136.9662 4.3581
v  -23.8339 51.3046 4.3581
v  -23.8339 143.6034 -15.6855
v  -23.8339 140.0568 -8.5543
v  -23.8339 140.0568 1.0375
v  -23.8339 137.2359 2.7290
v  -23.8339 138.5406 1.3272
v  -23.8339 137.7407 1.8695
v  -23.6611 138.5028 1.2224
v  -23.6611 139.9541 0.9450
v  -23.6611 137.6662 1.7896
v  -23.6405 138.4044 0.9494
v  -23.6405 139.6868 0.7043
v  -23.6405 137.4724 1.5813
v  -23.6611 139.9541 -8.4618
v  -23.6405 139.6868 -8.2212
v  -23.6611 138.5028 -8.7392
v  -23.6405 138.4044 -8.4662
v  -23.8339 138.5406 -8.8440
v  -23.8339 137.7407 -9.3863
v  -23.6611 137.6662 -9.3064
v  -23.8339 137.2359 -10.2458
v  -23.6611 137.1384 -10.2052
v  -23.8339 136.9662 -11.8749
v  -23.6611 136.8802 -11.7646
v  -23.8339 51.3046 -11.8749
v  -23.6611 51.3907 -11.7646
v  -23.8339 44.6675 -15.6855
v  -23.6611 51.1325 -10.2052
v  -23.8339 51.0350 -10.2458
v  -23.8339 48.2141 1.0375
v  -23.8339 48.2141 -8.5543
v  -20.7969 143.6042 -15.6855
v  -20.7969 44.6666 -15.6855
v  -23.8339 49.7303 -8.8440
v  -23.8339 50.5302 -9.3863
v  -23.6611 49.7681 -8.7392
v  -23.6611 50.6047 -9.3064
v  -23.6611 48.3168 -8.4618
v  -23.6405 49.8665 -8.4662
v  -23.6405 50.7985 -9.0981
v  -23.6405 48.5842 -8.2212
v  -23.6405 51.3866 -10.0995
v  -23.6405 51.6147 -11.4773
v  -23.3465 51.3891 -10.0984
v  -23.3465 51.6169 -11.4745
v  -23.3465 50.8004 -9.0960
v  -23.3465 136.6540 -11.4745
v  -23.6405 136.6562 -11.4773
v  -23.3465 136.8818 -10.0984
v  -23.6405 136.8843 -10.0995
v  -23.3465 137.4705 -9.0960
v  -23.6405 137.4724 -9.0981
v  -23.3465 138.4034 -8.4635
v  -23.3465 139.6841 -8.2188
v  -23.2540 138.3351 -8.2739
v  -23.2540 137.3358 -8.9514
v  -23.2540 139.4984 -8.0516
v  -23.2540 139.4984 0.5348
v  -23.3465 139.6841 0.7020
v  -23.2540 138.3351 0.7571
v  -23.3465 138.4034 0.9467
v  -23.2540 137.3358 1.4346
v  -23.3465 137.4705 1.5792
v  -23.2540 136.7053 2.5082
v  -23.3465 136.8818 2.5816
v  -23.6405 136.8843 2.5827
v  -23.6611 137.1384 2.6884
v  -23.3465 136.6540 3.9577
v  -23.6405 136.6562 3.9605
v  -23.6611 136.8802 4.2478
v  -23.6405 51.6147 3.9605
v  -23.6611 51.3907 4.2478
v  -23.6405 51.3866 2.5827
v  -23.6611 51.1325 2.6884
v  -23.8339 51.0350 2.7290
v  -23.6611 50.6047 1.7896
v  -23.8339 50.5302 1.8695
v  -23.6611 49.7681 1.2224
v  -23.8339 49.7303 1.3272
v  -23.6611 48.3168 0.9450
v  -23.6405 48.5842 0.7044
v  -23.6405 49.8665 0.9494
v  -23.3465 48.5868 0.7020
v  -23.3465 48.5868 -8.2188
v  -23.3465 49.8675 0.9467
v  -23.3465 49.8675 -8.4635
v  -23.2540 48.7725 0.5348
v  -23.2540 48.7725 -8.0516
v  -23.2540 49.9358 -8.2739
v  -23.2540 50.9351 -8.9514
v  -23.2540 51.5656 -10.0250
v  -22.9115 50.9351 -8.9514
v  -22.9115 49.9358 -8.2739
v  -22.9115 51.5656 -10.0250
v  -22.9115 51.5656 2.5082
v  -22.9115 50.9351 1.4346
v  -22.9115 49.9358 0.7571
v  -23.2540 51.5656 2.5082
v  -23.2540 50.9351 1.4346
v  -23.2540 49.9358 0.7571
v  -23.3465 50.8004 1.5792
v  -23.3465 51.3891 2.5816
v  -22.9115 48.7725 0.5348
v  -22.9115 48.7725 -8.0516
v  -23.6405 50.7985 1.5813
v  -23.3465 51.6169 3.9577
v  -23.2540 51.7725 3.7581
v  -23.2540 136.4984 3.7581
v  -22.9115 136.7053 2.5082
v  -22.9115 136.4984 3.7581
v  -22.9115 51.7725 3.7581
v  -22.9115 137.3358 1.4346
v  -22.9115 137.3358 -8.9514
v  -22.9115 136.7053 -10.0250
v  -22.9115 136.4984 -11.2749
v  -23.2540 136.7053 -10.0250
v  -23.2540 136.4984 -11.2749
v  -22.9115 51.7725 -11.2749
v  -23.2540 51.7725 -11.2749
v  -22.9115 138.3351 -8.2739
v  -22.9115 138.3351 0.7571
v  -22.9115 139.4984 0.5348
v  -22.9115 139.4984 -8.0516
v  -20.7969 143.6042 -14.8512
v  -20.7969 44.6666 -14.8512
v  23.3159 44.7786 -16.0022
v  23.3159 44.7786 -15.6872
v  -23.3159 44.7786 -15.6872
v  -23.3159 44.7786 -16.0022
v  -23.3159 143.4923 -16.0022
v  23.3159 143.4923 -16.0022
v  -23.3159 143.4923 -15.6872
v  23.3159 143.4923 -15.6872
v  25.6750 3.6377 -17.5309
v  -25.6750 3.6377 -17.5309
v  -25.6750 44.3596 -17.5309
v  25.6750 44.3596 -17.5309
v  -25.6750 3.6377 -17.2158
v  -25.6750 44.3596 -17.2158
v  25.6750 3.6377 -17.2158
v  25.6750 44.3596 -17.2158
v  -14.9304 194.8938 -15.7001
v  -15.8043 191.3602 -15.7001
v  -15.8052 191.3602 -14.7213
v  -14.9320 194.8944 -14.7213
v  0.0000 191.3602 -15.6724
v  -18.7038 191.3728 -15.7001
v  -18.7038 191.3728 -14.7212
v  0.0000 155.9371 -15.7001
v  -18.6923 155.9371 -15.7001
v  -18.6923 155.9371 -14.7212
v  0.0000 155.9369 -14.7213
v  18.6923 155.9371 -15.7001
v  18.6923 155.9371 -14.7212
v  18.7038 191.3728 -15.7001
v  18.7038 191.3728 -14.7212
v  15.8043 191.3602 -15.7001
v  15.8052 191.3602 -14.7213
v  14.9304 194.8938 -15.7001
v  14.9320 194.8944 -14.7213
v  13.4929 197.6841 -15.7001
v  13.4944 197.6851 -14.7213
v  11.5181 200.0800 -15.7001
v  11.5195 200.0813 -14.7213
v  9.0648 202.0926 -15.7001
v  9.0658 202.0942 -14.7213
v  6.2682 203.5900 -15.7001
v  6.2689 203.5918 -14.7213
v  3.1850 204.3887 -15.7001
v  3.1853 204.3906 -14.7213
v  0.0000 204.6147 -15.7001
v  0.0000 204.6167 -14.7213
v  -3.1850 204.3887 -15.7001
v  -3.1853 204.3906 -14.7213
v  -6.2682 203.5900 -15.7001
v  -6.2689 203.5918 -14.7213
v  -9.0648 202.0926 -15.7001
v  -9.0658 202.0942 -14.7213
v  -11.5181 200.0800 -15.7001
v  -11.5195 200.0813 -14.7213
v  -13.4929 197.6841 -15.7001
v  -13.4944 197.6851 -14.7213
v  17.9894 58.5723 14.1039
v  18.0548 58.5723 14.2478
v  17.9914 58.5137 14.2500
v  17.9461 58.5137 14.1502
v  17.9992 58.5723 14.3958
v  17.9528 58.5137 14.3525
v  17.8489 58.5137 14.2549
v  17.8440 58.5137 14.1119
v  17.8531 58.5137 14.3978
v  17.7506 58.5137 14.3593
v  17.7057 58.5137 14.2604
v  17.7479 58.5137 14.1573
v  17.7072 58.5723 14.4056
v  17.6419 58.5723 14.2616
v  17.8552 58.5723 14.4612
v  17.7072 61.9104 14.4056
v  17.8552 61.9104 14.4612
v  17.6419 61.9104 14.2616
v  17.7533 61.9690 14.3609
v  17.7060 61.9690 14.2632
v  17.8567 61.9690 14.3969
v  17.7457 61.9690 14.1591
v  17.7023 61.9104 14.1141
v  17.7023 58.5723 14.1141
v  17.8414 61.9104 14.0483
v  17.8407 61.9690 14.1113
v  17.8414 58.5723 14.0483
v  17.9894 61.9104 14.1039
v  18.0548 61.9104 14.2478
v  17.9437 61.9690 14.1471
v  17.9913 61.9690 14.2458
v  17.9992 61.9104 14.3958
v  17.9553 61.9690 14.3492
v  17.8491 61.9690 14.2542
v  18.6283 61.1023 13.1112
v  18.7032 61.1023 13.2596
v  18.7032 59.4138 13.2596
v  18.6283 59.4138 13.1112
v  18.5466 59.4138 13.0257
v  18.5466 61.1023 13.0257
v  18.6283 62.1056 13.1112
v  18.5466 62.1056 13.0257
v  18.7032 62.1056 13.2596
v  18.1345 61.1023 13.8024
v  18.1203 59.3997 13.8118
v  18.1327 62.1056 13.8042
v  18.8459 62.4608 13.1233
v  17.9900 62.4608 13.9405
v  18.7884 62.4608 12.9583
v  18.6283 62.6978 13.1112
v  18.7032 62.6978 13.2596
v  18.1327 62.6978 13.8042
v  17.8278 62.4608 13.8754
v  17.9880 62.6978 13.7225
v  17.9880 62.1056 13.7225
v  17.7462 62.4608 13.7899
v  17.9064 62.1056 13.6370
v  17.9064 62.6978 13.6370
v  18.0823 63.1368 13.6325
v  18.0007 63.1368 13.5470
v  17.9984 63.2311 13.7126
v  17.9167 63.2311 13.6271
v  18.2167 63.1368 13.7240
v  18.1419 63.2311 13.7954
v  18.6192 63.1368 13.3398
v  18.6940 63.2311 13.2684
v  18.4639 63.7427 13.4880
v  18.3720 63.7427 13.5758
v  18.2565 63.8105 13.4661
v  18.3597 63.8105 13.3676
v  18.6179 63.2311 13.1211
v  18.2781 63.8105 13.2821
v  18.1749 63.8105 13.3806
v  18.5363 63.2311 13.0356
v  18.5339 63.1368 13.2013
v  18.4523 63.1368 13.1158
v  18.5466 62.6978 13.0257
v  18.7068 62.4608 12.8728
v  17.9880 61.1023 13.7225
v  17.9064 61.1023 13.6370
v  17.9880 59.3994 13.7225
v  17.9064 59.3994 13.6370
v  17.9428 59.3995 13.7759
v  17.9428 61.1024 13.7759
v  18.0938 61.1024 13.8498
v  17.9125 59.3997 13.8682
v  17.9125 61.1026 13.8682
v  18.0816 61.1026 13.8891
v  18.0816 59.3997 13.8891
v  18.0855 59.3997 13.8455
v  18.0912 61.1026 13.9393
v  18.0912 59.3997 13.9393
v  17.9406 61.1026 13.9860
v  18.1527 59.3997 14.0781
v  18.1527 61.1026 14.0781
v  17.9979 61.1026 14.1192
v  17.9406 59.3997 13.9860
v  17.9979 59.3997 14.1192
v  18.2227 59.3997 14.2503
v  18.0551 59.3997 14.2524
v  18.0551 61.1026 14.2524
v  18.1158 59.3997 14.5164
v  17.9961 59.3997 14.3991
v  17.9961 61.1026 14.3991
v  18.1158 61.1026 14.5164
v  18.2227 61.1026 14.2503
v  17.8506 61.1026 14.4610
v  17.8523 61.1026 14.6287
v  17.8523 59.3997 14.6287
v  17.8506 59.3997 14.4610
v  17.6084 61.1026 14.5360
v  17.6084 59.3997 14.5360
v  17.7040 59.3997 14.4020
v  17.7040 61.1026 14.4020
v  17.6420 59.3997 14.2509
v  17.6420 61.1026 14.2509
v  17.4790 61.1026 14.2735
v  17.7008 59.3997 14.1101
v  17.7008 61.1026 14.1101
v  17.5667 61.1026 14.0147
v  17.5667 59.3997 14.0147
v  17.4790 59.3997 14.2735
v  18.1159 58.3950 13.8159
v  18.7032 58.3950 13.2596
v  17.9880 58.3950 13.7225
v  17.9900 58.0394 13.9405
v  18.8459 58.0394 13.1233
v  17.8278 58.0394 13.8754
v  17.9064 58.3950 13.6370
v  17.7462 58.0394 13.7899
v  17.9880 57.8020 13.7225
v  17.9064 57.8020 13.6370
v  18.0823 57.3624 13.6325
v  18.0007 57.3624 13.5470
v  18.2167 57.3624 13.7240
v  18.1327 57.8020 13.8042
v  17.9984 57.2681 13.7126
v  18.1419 57.2681 13.7954
v  17.9167 57.2681 13.6271
v  18.2565 56.6886 13.4661
v  18.3720 56.7565 13.5758
v  18.1749 56.6886 13.3806
v  18.3597 56.6887 13.3676
v  18.2781 56.6887 13.2821
v  18.6179 57.2681 13.1211
v  18.5363 57.2681 13.0356
v  18.6940 57.2681 13.2684
v  18.4639 56.7565 13.4880
v  18.5339 57.3624 13.2013
v  18.6192 57.3624 13.3398
v  18.4523 57.3624 13.1158
v  18.6283 57.8020 13.1112
v  18.7032 57.8020 13.2596
v  18.5466 57.8020 13.0257
v  18.7884 58.0394 12.9583
v  18.7068 58.0394 12.8728
v  18.6283 58.3950 13.1112
v  18.5466 58.3950 13.0257
v  17.3259 58.6655 13.9598
v  17.3225 58.6655 14.1179
v  16.4230 58.6655 14.1180
v  16.4230 58.6655 13.9598
v  16.4230 59.3300 14.1180
v  16.4230 59.3300 13.9598
v  17.3225 59.3300 14.1179
v  16.4230 61.1752 14.1180
v  16.4230 61.1752 13.9598
v  17.3225 61.1752 14.1179
v  17.3904 58.6654 14.1253
v  17.3904 59.3299 14.1253
v  17.3904 61.1751 14.1253
v  17.4228 58.6653 14.1387
v  17.4271 59.3297 14.1419
v  17.4271 61.1749 14.1419
v  17.5234 59.3297 14.0100
v  17.4603 59.3291 14.1935
v  17.6017 59.3291 14.1196
v  17.5234 61.1749 14.0100
v  17.4602 58.6649 14.1934
v  17.4851 59.3285 14.2853
v  17.6419 59.3285 14.2616
v  17.4851 58.6646 14.2853
v  17.5977 59.3285 14.5227
v  17.7072 59.3285 14.4056
v  17.5977 58.6646 14.5227
v  17.8606 59.3285 14.6215
v  17.8552 59.3285 14.4612
v  17.8606 58.6646 14.6215
v  18.1163 59.3285 14.5054
v  17.9992 59.3285 14.3958
v  18.1163 58.6646 14.5054
v  18.2151 58.6646 14.2425
v  18.2151 59.3285 14.2425
v  18.0548 59.3285 14.2478
v  17.9992 58.6646 14.3958
v  17.8552 58.6646 14.4612
v  18.0548 58.6646 14.2478
v  17.9894 59.3285 14.1039
v  17.9894 58.6646 14.1039
v  18.0990 59.3285 13.9868
v  17.8414 59.3285 14.0483
v  17.8414 58.6646 14.0483
v  17.8589 59.3285 13.8917
v  17.8589 58.6646 13.8917
v  18.0990 58.6646 13.9868
v  17.7072 58.6646 14.4056
v  17.6419 58.6646 14.2616
v  17.6017 58.6649 14.1196
v  17.5234 58.6653 14.0100
v  17.4437 58.6654 13.9736
v  17.4437 59.3299 13.9736
v  17.4437 61.1751 13.9736
v  17.5234 61.8389 14.0100
v  17.4437 61.8390 13.9736
v  17.6017 61.1742 14.1196
v  17.6017 61.8385 14.1196
v  17.4602 61.1742 14.1934
v  17.6419 61.1736 14.2616
v  17.6419 61.8382 14.2616
v  17.4851 61.1736 14.2853
v  17.4851 61.8382 14.2853
v  17.4603 61.8385 14.1935
v  17.4229 61.8389 14.1387
v  17.7072 61.1736 14.4056
v  17.5977 61.1736 14.5227
v  17.5977 61.8382 14.5227
v  17.8552 61.1736 14.4612
v  17.8606 61.1736 14.6215
v  17.8606 61.8382 14.6215
v  18.1163 61.1736 14.5054
v  18.1163 61.8382 14.5054
v  17.9992 61.1736 14.3958
v  17.7072 61.8382 14.4056
v  17.8552 61.8382 14.4612
v  17.9992 61.8382 14.3958
v  18.0548 61.8382 14.2478
v  18.0548 61.1736 14.2478
v  18.2107 61.1736 14.2426
v  17.9894 61.8382 14.1039
v  17.9894 61.1736 14.1039
v  18.0899 61.1736 13.9964
v  18.0990 61.8382 13.9868
v  18.2151 61.8382 14.2425
v  17.8547 61.1736 13.9028
v  17.8589 61.8382 13.8917
v  17.8414 61.1736 14.0483
v  17.8414 61.8382 14.0483
v  17.3904 61.8390 14.1253
v  17.3225 61.8391 14.1179
v  17.3259 61.8391 13.9598
v  16.4230 61.8391 14.1180
v  16.4230 61.8391 13.9598
v  -20.1031 185.7912 -15.6850
v  -20.1031 185.7912 -15.8432
v  -20.1031 183.0455 -15.8432
v  -20.1031 183.0455 -15.6850
v  -20.1031 186.9571 -15.6850
v  -20.1031 186.9571 -15.8432
v  -19.2001 186.9571 -15.6850
v  -19.2036 186.9571 -15.8431
v  -19.2036 185.7912 -15.8431
v  -19.1357 185.7913 -15.8504
v  -19.1357 186.9575 -15.8504
v  -19.0823 186.9575 -15.6988
v  -19.1033 185.7918 -15.8638
v  -19.1033 186.9584 -15.8638
v  -19.0027 186.9584 -15.7351
v  -19.0027 185.7918 -15.7351
v  -18.9244 185.7932 -15.8448
v  -19.0659 185.7932 -15.9186
v  -19.0990 183.0468 -15.8670
v  -19.1357 183.0459 -15.8504
v  -19.0658 183.0493 -15.9186
v  -19.0027 183.0468 -15.7351
v  -19.0027 181.9113 -15.7351
v  -19.0990 181.9113 -15.8670
v  -18.9244 183.0493 -15.8448
v  -19.1357 181.9097 -15.8504
v  -19.0823 181.9097 -15.6988
v  -19.2036 183.0455 -15.8431
v  -19.2036 181.9091 -15.8431
v  -19.2036 181.9091 -15.6849
v  -19.0823 183.0459 -15.6988
v  -19.2036 183.0455 -15.6849
v  -19.0823 185.7913 -15.6988
v  -19.2001 185.7912 -15.6850
v  -20.1031 181.9091 -15.8432
v  -20.1031 181.9091 -15.6850
v  -19.0410 183.0518 -16.0104
v  -18.8842 183.0518 -15.9868
v  -19.0410 185.7946 -16.0104
v  -18.9284 183.0518 -16.2479
v  -18.8189 183.0518 -16.1307
v  -18.9284 185.7946 -16.2479
v  -18.6655 183.0518 -16.3466
v  -18.6709 183.0518 -16.1863
v  -18.6655 185.7946 -16.3466
v  -18.4098 183.0518 -16.2305
v  -18.5269 183.0518 -16.1210
v  -18.4098 185.7946 -16.2305
v  -18.3110 185.7946 -15.9676
v  -18.3110 183.0518 -15.9676
v  -18.4713 183.0518 -15.9730
v  -18.5269 185.7946 -16.1210
v  -18.6709 185.7946 -16.1863
v  -18.4713 185.7946 -15.9730
v  -18.5367 183.0518 -15.8290
v  -18.5367 185.7946 -15.8290
v  -18.4271 183.0518 -15.7119
v  -18.4271 185.7946 -15.7119
v  -18.8189 185.7946 -16.1307
v  -18.8842 185.7946 -15.9868
v  -18.1550 181.8695 -15.6850
v  -18.1516 181.8695 -15.8431
v  -17.2521 181.8695 -15.8432
v  -17.2521 181.8695 -15.6850
v  -17.2521 182.9369 -15.8432
v  -17.2521 182.9369 -15.6850
v  -18.1516 182.9369 -15.8431
v  -17.2521 185.9007 -15.8432
v  -17.2521 185.9007 -15.6850
v  -18.1516 185.9007 -15.8431
v  -18.2195 181.8694 -15.8504
v  -18.2195 182.9367 -15.8504
v  -18.2195 185.9005 -15.8504
v  -18.2519 181.8692 -15.8638
v  -18.2562 182.9364 -15.8670
v  -18.2561 185.9002 -15.8670
v  -18.3525 182.9364 -15.7351
v  -18.2893 182.9354 -15.9186
v  -18.4308 182.9354 -15.8448
v  -18.3525 185.9002 -15.7351
v  -18.2893 181.8686 -15.9186
v  -18.3142 182.9344 -16.0104
v  -18.4709 182.9344 -15.9868
v  -18.3142 181.8681 -16.0104
v  -18.4267 182.9344 -16.2479
v  -18.5363 182.9344 -16.1307
v  -18.4267 181.8681 -16.2479
v  -18.6896 182.9344 -16.3466
v  -18.6843 182.9344 -16.1863
v  -18.6896 181.8681 -16.3466
v  -18.9454 182.9344 -16.2306
v  -18.8282 182.9344 -16.1210
v  -18.9454 181.8681 -16.2306
v  -19.0441 181.8681 -15.9676
v  -19.0441 182.9344 -15.9676
v  -18.8838 182.9344 -15.9730
v  -18.8282 181.8681 -16.1210
v  -18.6843 181.8681 -16.1863
v  -18.8838 181.8681 -15.9730
v  -18.8185 182.9344 -15.8290
v  -18.8185 181.8681 -15.8290
v  -18.9281 182.9344 -15.7119
v  -18.9281 181.8681 -15.7119
v  -18.5363 181.8681 -16.1307
v  -18.4709 181.8681 -15.9868
v  -18.4308 181.8686 -15.8448
v  -18.3525 181.8692 -15.7351
v  -18.2728 181.8694 -15.6988
v  -18.2728 182.9367 -15.6988
v  -18.2728 185.9005 -15.6988
v  -18.3525 186.9668 -15.7351
v  -18.2728 186.9670 -15.6988
v  -18.4308 185.8992 -15.8448
v  -18.4308 186.9662 -15.8448
v  -18.2893 185.8992 -15.9185
v  -18.4709 185.8982 -15.9868
v  -18.4709 186.9656 -15.9868
v  -18.3142 185.8982 -16.0104
v  -18.3142 186.9656 -16.0104
v  -18.2893 186.9662 -15.9186
v  -18.2520 186.9668 -15.8638
v  -18.5363 185.8982 -16.1307
v  -18.4267 185.8982 -16.2479
v  -18.4267 186.9656 -16.2479
v  -18.6843 185.8982 -16.1863
v  -18.6896 185.8982 -16.3466
v  -18.6896 186.9656 -16.3466
v  -18.9454 185.8982 -16.2306
v  -18.9454 186.9656 -16.2306
v  -18.8282 185.8982 -16.1210
v  -18.5363 186.9656 -16.1307
v  -18.6843 186.9656 -16.1863
v  -18.8282 186.9656 -16.1210
v  -18.8838 186.9656 -15.9730
v  -18.8838 185.8982 -15.9730
v  -19.0398 185.8982 -15.9678
v  -18.8185 186.9656 -15.8290
v  -18.8185 185.8982 -15.8290
v  -18.9190 185.8982 -15.7216
v  -18.9281 186.9656 -15.7119
v  -19.0441 186.9656 -15.9676
v  -18.2195 186.9670 -15.8504
v  -18.1516 186.9671 -15.8431
v  -18.1550 186.9671 -15.6850
v  -17.2521 186.9671 -15.8432
v  -17.2521 186.9671 -15.6850
v  -18.8185 181.6758 -15.8290
v  -18.8838 181.6758 -15.9730
v  -18.8204 181.6257 -15.9751
v  -18.7752 181.6257 -15.8754
v  -18.8282 181.6758 -16.1210
v  -18.7819 181.6257 -16.0776
v  -18.6780 181.6257 -15.9801
v  -18.6822 181.6257 -16.1229
v  -18.5796 181.6257 -16.0844
v  -18.5348 181.6257 -15.9856
v  -18.5770 181.6257 -15.8825
v  -18.6731 181.6257 -15.8370
v  -18.6843 181.6758 -16.1863
v  -18.5363 181.6758 -16.1307
v  -18.6843 187.1257 -16.1863
v  -18.8282 187.1257 -16.1210
v  -18.5363 187.1257 -16.1307
v  -18.6858 187.1757 -16.1220
v  -18.5824 187.1757 -16.0860
v  -18.7844 187.1757 -16.0744
v  -18.4709 187.1257 -15.9868
v  -18.5351 187.1757 -15.9884
v  -18.4709 181.6758 -15.9868
v  -18.5748 187.1757 -15.8842
v  -18.5314 187.1257 -15.8392
v  -18.5314 181.6758 -15.8392
v  -18.6705 181.6758 -15.7734
v  -18.6705 187.1257 -15.7734
v  -18.8185 187.1257 -15.8290
v  -18.6698 187.1757 -15.8365
v  -18.7727 187.1757 -15.8723
v  -18.6782 187.1757 -15.9793
v  -18.8204 187.1757 -15.9709
v  -18.8838 187.1257 -15.9730
v  -14.3187 93.5569 13.9598
v  -14.3235 93.5569 14.1179
v  -15.5517 93.5569 14.1180
v  -15.5517 93.5569 13.9598
v  -15.5517 96.7305 14.1180
v  -15.5517 96.7305 13.9598
v  -14.3234 96.7305 14.1179
v  -14.3187 96.7305 13.9598
v  15.4334 171.6812 -15.6696
v  15.4381 171.6812 -15.8277
v  16.6664 171.6812 -15.8278
v  16.6664 171.6812 -15.6696
v  16.6664 174.8549 -15.8278
v  16.6664 174.8549 -15.6696
v  15.4381 174.8549 -15.8277
v  15.4334 174.8549 -15.6696
v  -24.7689 193.6696 16.2118
v  -25.7466 193.6696 15.2585
v  -25.7466 153.3688 15.2585
v  -24.7689 153.3688 16.2118
v  -25.7639 193.6696 13.8930
v  -25.7639 153.3688 13.8930
v  -24.8106 193.6696 12.9152
v  -24.8106 153.3688 12.9152
v  -23.4451 193.6696 12.8979
v  -23.4451 153.3688 12.8979
v  -22.4673 193.6696 13.8513
v  -22.4673 153.3688 13.8513
v  -22.4500 193.6696 15.2168
v  -22.4500 153.3688 15.2168
v  -23.4034 193.6696 16.1945
v  -23.4034 153.3688 16.1945
v  24.7689 193.6695 16.2118
v  24.7689 153.3688 16.2118
v  25.7466 153.3688 15.2585
v  25.7466 193.6695 15.2585
v  25.7639 153.3688 13.8930
v  25.7639 193.6695 13.8930
v  24.8106 153.3688 12.9152
v  24.8106 193.6695 12.9152
v  23.4451 153.3688 12.8979
v  23.4451 193.6695 12.8979
v  22.4673 153.3688 13.8513
v  22.4673 193.6695 13.8513
v  22.4500 153.3688 15.2168
v  22.4500 193.6695 15.2168
v  23.4034 153.3688 16.1945
v  23.4034 193.6695 16.1945
v  21.6084 150.7467 14.5549
v  21.9432 150.7467 15.8041
v  21.9432 151.2521 15.8041
v  21.6084 151.2521 14.5549
v  21.9432 150.7467 13.3056
v  21.9432 151.2521 13.3056
v  22.8577 150.7467 12.3911
v  22.8577 151.2521 12.3911
v  22.3207 151.4438 13.5236
v  23.0757 151.4438 12.7686
v  22.0444 151.4438 14.5549
v  22.5825 152.5177 13.6747
v  23.2268 152.5177 13.0304
v  22.3466 152.5177 14.5549
v  22.2538 152.7370 13.4849
v  23.0370 152.7370 12.7017
v  21.9671 152.7370 14.5549
v  22.2538 153.1390 13.4849
v  23.0370 153.1390 12.7017
v  21.9671 153.1390 14.5549
v  22.4597 153.3203 13.6038
v  23.1559 153.3203 12.9076
v  22.2049 153.3203 14.5549
v  22.7691 153.3203 14.5549
v  22.9483 153.3203 13.8859
v  23.4380 153.3203 13.3962
v  24.1070 153.3203 13.2170
v  24.1070 153.3203 12.6528
v  24.1070 153.1390 12.4150
v  25.0580 153.3203 12.9076
v  25.1769 153.1390 12.7017
v  24.7759 153.3203 13.3962
v  25.7542 153.3203 13.6038
v  25.9602 153.1390 13.4849
v  25.2656 153.3203 13.8859
v  25.4449 153.3203 14.5549
v  26.0091 153.3203 14.5549
v  26.2468 153.1390 14.5549
v  25.7542 153.3203 15.5059
v  25.9602 153.1390 15.6248
v  25.2656 153.3203 15.2238
v  25.0580 153.3203 16.2021
v  25.1769 153.1390 16.4081
v  24.7759 153.3203 15.7135
v  24.1070 153.3203 15.8928
v  24.1070 153.3203 16.4570
v  24.1070 153.1390 16.6947
v  23.1559 153.3203 16.2021
v  23.0370 153.1390 16.4081
v  23.4380 153.3203 15.7135
v  22.4597 153.3203 15.5059
v  22.2538 153.1390 15.6248
v  22.9483 153.3203 15.2238
v  22.2538 152.7370 15.6248
v  23.0370 152.7370 16.4081
v  22.5825 152.5177 15.4350
v  23.2268 152.5177 16.0794
v  22.3207 151.4438 15.5861
v  23.0757 151.4438 16.3411
v  22.8577 151.2521 16.7187
v  22.8577 150.7467 16.7187
v  24.1070 150.7467 17.0534
v  24.1070 151.2521 17.0534
v  24.1070 151.4438 16.6174
v  25.3562 150.7467 16.7187
v  25.3562 151.2521 16.7187
v  25.1382 151.4438 16.3411
v  24.1070 152.5177 16.3152
v  24.9871 152.5177 16.0794
v  24.1070 152.7370 16.6947
v  25.1769 152.7370 16.4081
v  25.9602 152.7370 15.6248
v  25.6315 152.5177 15.4350
v  26.2468 152.7370 14.5549
v  25.8673 152.5177 14.5549
v  25.8932 151.4438 15.5861
v  26.1695 151.4438 14.5549
v  26.2708 151.2521 15.8041
v  26.6055 151.2521 14.5549
v  26.2708 150.7467 15.8041
v  26.6055 150.7467 14.5549
v  26.2708 150.7467 13.3056
v  26.2708 151.2521 13.3056
v  25.8932 151.4438 13.5236
v  25.3562 150.7467 12.3911
v  25.3562 151.2521 12.3911
v  25.1382 151.4438 12.7686
v  25.6315 152.5177 13.6747
v  24.9871 152.5177 13.0304
v  25.9602 152.7370 13.4849
v  25.1769 152.7370 12.7017
v  24.1070 152.7370 12.4150
v  24.1070 152.5177 12.7945
v  24.1070 151.4438 12.4923
v  24.1070 151.2521 12.0563
v  24.1070 150.7467 12.0563
v  -21.6084 150.7467 14.5549
v  -21.6084 151.2521 14.5549
v  -21.9432 151.2521 15.8041
v  -21.9432 150.7467 15.8041
v  -21.9432 150.7467 13.3056
v  -21.9432 151.2521 13.3056
v  -22.8577 150.7467 12.3911
v  -22.8577 151.2521 12.3911
v  -23.0757 151.4438 12.7686
v  -22.3207 151.4438 13.5236
v  -22.0444 151.4438 14.5549
v  -23.2268 152.5177 13.0304
v  -22.5825 152.5177 13.6747
v  -22.3466 152.5177 14.5549
v  -23.0370 152.7370 12.7017
v  -22.2538 152.7370 13.4849
v  -21.9671 152.7370 14.5549
v  -23.0370 153.1390 12.7017
v  -22.2538 153.1390 13.4849
v  -21.9671 153.1390 14.5549
v  -23.1559 153.3203 12.9076
v  -22.4597 153.3203 13.6038
v  -22.2049 153.3203 14.5549
v  -22.9483 153.3203 13.8859
v  -22.7691 153.3203 14.5549
v  -23.4380 153.3203 13.3962
v  -24.1070 153.3203 12.6528
v  -24.1070 153.3203 13.2170
v  -24.1070 153.1390 12.4150
v  -25.1769 153.1390 12.7017
v  -25.0580 153.3203 12.9076
v  -24.7759 153.3203 13.3962
v  -25.9601 153.1390 13.4849
v  -25.7542 153.3203 13.6038
v  -25.2656 153.3203 13.8859
v  -26.0091 153.3203 14.5549
v  -25.4449 153.3203 14.5549
v  -26.2468 153.1390 14.5549
v  -25.9601 153.1390 15.6248
v  -25.7542 153.3203 15.5059
v  -25.2656 153.3203 15.2238
v  -25.1769 153.1390 16.4081
v  -25.0580 153.3203 16.2021
v  -24.7759 153.3203 15.7135
v  -24.1070 153.3203 16.4570
v  -24.1070 153.3203 15.8928
v  -24.1070 153.1390 16.6947
v  -23.0370 153.1390 16.4081
v  -23.1559 153.3203 16.2021
v  -23.4380 153.3203 15.7135
v  -22.2538 153.1390 15.6248
v  -22.4597 153.3203 15.5059
v  -22.9483 153.3203 15.2238
v  -22.2538 152.7370 15.6248
v  -23.0370 152.7370 16.4081
v  -22.5825 152.5177 15.4350
v  -23.2268 152.5177 16.0794
v  -22.3207 151.4438 15.5861
v  -23.0757 151.4438 16.3411
v  -22.8577 151.2521 16.7187
v  -22.8577 150.7467 16.7187
v  -24.1070 151.2521 17.0534
v  -24.1070 150.7467 17.0534
v  -24.1070 151.4438 16.6174
v  -25.3562 151.2521 16.7187
v  -25.3562 150.7467 16.7187
v  -25.1382 151.4438 16.3411
v  -24.1070 152.5177 16.3152
v  -24.9871 152.5177 16.0794
v  -24.1070 152.7370 16.6947
v  -25.1769 152.7370 16.4081
v  -25.9601 152.7370 15.6248
v  -25.6315 152.5177 15.4350
v  -26.2468 152.7370 14.5549
v  -25.8673 152.5177 14.5549
v  -25.8932 151.4438 15.5861
v  -26.1695 151.4438 14.5549
v  -26.2707 151.2521 15.8041
v  -26.6055 151.2521 14.5549
v  -26.2707 150.7467 15.8041
v  -26.6055 150.7467 14.5549
v  -26.2707 151.2521 13.3056
v  -26.2707 150.7467 13.3056
v  -25.8932 151.4438 13.5236
v  -25.3562 151.2521 12.3911
v  -25.3562 150.7467 12.3911
v  -25.1382 151.4438 12.7686
v  -25.6315 152.5177 13.6747
v  -24.9871 152.5177 13.0304
v  -25.9601 152.7370 13.4849
v  -25.1769 152.7370 12.7017
v  -24.1070 152.7370 12.4150
v  -24.1070 152.5177 12.7945
v  -24.1070 151.4438 12.4923
v  -24.1070 151.2521 12.0563
v  -24.1070 150.7467 12.0563
v  -21.6084 196.0680 14.5549
v  -21.9432 196.0680 15.8041
v  -21.9432 195.5626 15.8041
v  -21.6084 195.5626 14.5549
v  -21.9432 196.0680 13.3056
v  -21.9432 195.5626 13.3056
v  -22.8577 196.0680 12.3911
v  -22.8577 195.5626 12.3911
v  -22.3207 195.3709 13.5236
v  -23.0757 195.3709 12.7686
v  -22.0444 195.3709 14.5549
v  -22.5825 194.2970 13.6747
v  -23.2268 194.2970 13.0304
v  -22.3466 194.2970 14.5549
v  -22.2538 194.0777 13.4849
v  -23.0370 194.0777 12.7017
v  -21.9671 194.0777 14.5549
v  -22.2538 193.6757 13.4849
v  -23.0370 193.6757 12.7017
v  -21.9671 193.6757 14.5549
v  -22.4597 193.4944 13.6038
v  -23.1559 193.4944 12.9076
v  -22.2049 193.4944 14.5549
v  -22.7691 193.4944 14.5549
v  -22.9483 193.4944 13.8859
v  -23.4380 193.4944 13.3962
v  -24.1070 193.4944 13.2170
v  -24.1070 193.4944 12.6528
v  -24.1070 193.6757 12.4150
v  -25.0580 193.4944 12.9076
v  -25.1769 193.6757 12.7017
v  -24.7759 193.4944 13.3962
v  -25.7542 193.4944 13.6038
v  -25.9601 193.6757 13.4849
v  -25.2656 193.4944 13.8859
v  -25.4449 193.4944 14.5549
v  -26.0091 193.4944 14.5549
v  -26.2468 193.6757 14.5549
v  -25.7542 193.4944 15.5059
v  -25.9601 193.6757 15.6248
v  -25.2656 193.4944 15.2238
v  -25.0580 193.4944 16.2021
v  -25.1769 193.6757 16.4081
v  -24.7759 193.4944 15.7135
v  -24.1070 193.4944 15.8928
v  -24.1070 193.4944 16.4570
v  -24.1070 193.6757 16.6947
v  -23.1559 193.4944 16.2021
v  -23.0370 193.6757 16.4081
v  -23.4380 193.4944 15.7135
v  -22.4597 193.4944 15.5059
v  -22.2538 193.6757 15.6248
v  -22.9483 193.4944 15.2238
v  -22.2538 194.0777 15.6248
v  -23.0370 194.0777 16.4081
v  -22.5825 194.2970 15.4350
v  -23.2268 194.2970 16.0794
v  -22.3207 195.3709 15.5861
v  -23.0757 195.3709 16.3411
v  -22.8577 195.5626 16.7187
v  -22.8577 196.0680 16.7187
v  -24.1070 196.0680 17.0534
v  -24.1070 195.5626 17.0534
v  -24.1070 195.3709 16.6174
v  -25.3562 196.0680 16.7187
v  -25.3562 195.5626 16.7187
v  -25.1382 195.3709 16.3411
v  -24.1070 194.2970 16.3152
v  -24.9871 194.2970 16.0794
v  -24.1070 194.0777 16.6947
v  -25.1769 194.0777 16.4081
v  -25.9601 194.0777 15.6248
v  -25.6315 194.2970 15.4350
v  -26.2468 194.0777 14.5549
v  -25.8673 194.2970 14.5549
v  -25.8932 195.3709 15.5861
v  -26.1695 195.3709 14.5549
v  -26.2707 195.5626 15.8041
v  -26.6055 195.5626 14.5549
v  -26.2707 196.0680 15.8041
v  -26.6055 196.0680 14.5549
v  -26.2707 196.0680 13.3056
v  -26.2707 195.5626 13.3056
v  -25.8932 195.3709 13.5236
v  -25.3562 196.0680 12.3911
v  -25.3562 195.5626 12.3911
v  -25.1382 195.3709 12.7686
v  -25.6315 194.2970 13.6747
v  -24.9871 194.2970 13.0304
v  -25.9601 194.0777 13.4849
v  -25.1769 194.0777 12.7017
v  -24.1070 194.0777 12.4150
v  -24.1070 194.2970 12.7945
v  -24.1070 195.3709 12.4923
v  -24.1070 195.5626 12.0563
v  -24.1070 196.0680 12.0563
v  21.6084 196.0680 14.5549
v  21.6084 195.5626 14.5549
v  21.9432 195.5626 15.8041
v  21.9432 196.0680 15.8041
v  21.9432 196.0680 13.3056
v  21.9432 195.5626 13.3056
v  22.8577 196.0680 12.3911
v  22.8577 195.5626 12.3911
v  23.0757 195.3709 12.7686
v  22.3207 195.3709 13.5236
v  22.0444 195.3709 14.5549
v  23.2268 194.2970 13.0304
v  22.5825 194.2970 13.6747
v  22.3466 194.2970 14.5549
v  23.0370 194.0777 12.7017
v  22.2538 194.0777 13.4849
v  21.9671 194.0777 14.5549
v  23.0370 193.6757 12.7017
v  22.2538 193.6757 13.4849
v  21.9671 193.6757 14.5549
v  23.1559 193.4944 12.9076
v  22.4597 193.4944 13.6038
v  22.2049 193.4944 14.5549
v  22.9483 193.4944 13.8859
v  22.7691 193.4944 14.5549
v  23.4380 193.4944 13.3962
v  24.1070 193.4944 12.6528
v  24.1070 193.4944 13.2170
v  24.1070 193.6757 12.4150
v  25.1769 193.6757 12.7017
v  25.0580 193.4944 12.9076
v  24.7759 193.4944 13.3962
v  25.9601 193.6757 13.4849
v  25.7542 193.4944 13.6038
v  25.2656 193.4944 13.8859
v  26.0091 193.4944 14.5549
v  25.4449 193.4944 14.5549
v  26.2468 193.6757 14.5549
v  25.9601 193.6757 15.6248
v  25.7542 193.4944 15.5059
v  25.2656 193.4944 15.2238
v  25.1769 193.6757 16.4081
v  25.0580 193.4944 16.2021
v  24.7759 193.4944 15.7135
v  24.1070 193.4944 16.4570
v  24.1070 193.4944 15.8928
v  24.1070 193.6757 16.6947
v  23.0370 193.6757 16.4081
v  23.1559 193.4944 16.2021
v  23.4380 193.4944 15.7135
v  22.2538 193.6757 15.6248
v  22.4597 193.4944 15.5059
v  22.9483 193.4944 15.2238
v  22.2538 194.0777 15.6248
v  23.0370 194.0777 16.4081
v  22.5825 194.2970 15.4350
v  23.2268 194.2970 16.0794
v  22.3207 195.3709 15.5861
v  23.0757 195.3709 16.3411
v  22.8577 195.5626 16.7187
v  22.8577 196.0680 16.7187
v  24.1070 195.5626 17.0534
v  24.1070 196.0680 17.0534
v  24.1070 195.3709 16.6174
v  25.3562 195.5626 16.7187
v  25.3562 196.0680 16.7187
v  25.1382 195.3709 16.3411
v  24.1070 194.2970 16.3152
v  24.9871 194.2970 16.0794
v  24.1070 194.0777 16.6947
v  25.1769 194.0777 16.4081
v  25.9601 194.0777 15.6248
v  25.6315 194.2970 15.4350
v  26.2468 194.0777 14.5549
v  25.8673 194.2970 14.5549
v  25.8932 195.3709 15.5861
v  26.1695 195.3709 14.5549
v  26.2707 195.5626 15.8041
v  26.6055 195.5626 14.5549
v  26.2707 196.0680 15.8041
v  26.6055 196.0680 14.5549
v  26.2707 195.5626 13.3056
v  26.2707 196.0680 13.3056
v  25.8932 195.3709 13.5236
v  25.3562 195.5626 12.3911
v  25.3562 196.0680 12.3911
v  25.1382 195.3709 12.7686
v  25.6315 194.2970 13.6747
v  24.9871 194.2970 13.0304
v  25.9601 194.0777 13.4849
v  25.1769 194.0777 12.7017
v  24.1070 194.0777 12.4150
v  24.1070 194.2970 12.7945
v  24.1070 195.3709 12.4923
v  24.1070 195.5626 12.0563
v  24.1070 196.0680 12.0563
v  -21.1120 202.1097 17.6602
v  -22.4411 199.2408 17.6582
v  -21.8007 198.2673 17.4008
v  -20.4550 201.2253 17.4006
v  -21.8007 198.2672 18.1065
v  -20.4547 201.2251 18.1064
v  -27.9373 199.4322 17.8217
v  -27.4046 198.2673 17.3999
v  -27.9037 198.2672 18.1065
v  -21.2022 197.5318 18.1062
v  -19.9168 200.6595 18.1061
v  -27.9037 197.5318 18.1065
v  -18.0959 204.7764 17.4009
v  -18.0957 204.7759 18.1067
v  -17.5660 204.2520 18.1064
v  -19.9170 200.6597 17.4004
v  -17.5662 204.2524 17.4006
v  -21.2022 197.5319 17.4005
v  -18.8456 199.5333 17.3999
v  -16.5115 203.2089 17.3999
v  -20.0103 196.0673 17.3999
v  -14.6330 206.8819 17.4017
v  -13.7616 205.7003 17.3999
v  -14.6327 206.8808 18.1075
v  -11.3573 208.9503 17.4040
v  -10.6865 207.6441 17.3999
v  -11.3568 208.9485 18.1098
v  -11.6936 209.6044 18.1118
v  -15.0702 207.4741 18.1084
v  -11.6940 209.6062 17.4060
v  -15.0705 207.4752 17.4026
v  -15.6142 208.2709 17.6382
v  -18.7705 205.4927 17.6388
v  -12.0870 210.4786 17.6421
v  -16.2765 209.2489 18.2234
v  -19.5771 206.3650 18.2163
v  -12.5673 211.5562 18.2314
v  -8.1910 211.9757 17.6439
v  -8.4477 213.1296 18.2350
v  -7.9753 211.0452 17.4076
v  -4.2720 212.9753 17.6307
v  -4.2985 214.1772 18.2267
v  -4.2389 212.0432 17.4030
v  -7.9744 211.0434 18.1133
v  -4.2381 212.0423 18.1088
v  -7.7505 210.3408 18.1108
v  -4.1261 211.3128 18.1077
v  -7.7514 210.3426 17.4050
v  -4.1269 211.3138 17.4020
v  -7.3054 208.9434 17.3999
v  -3.9038 209.8611 17.3999
v  -0.0000 211.5995 17.3999
v  -0.0000 210.1314 17.3999
v  -0.0000 211.5990 18.1057
v  3.9038 209.8611 17.3999
v  4.1269 211.3138 17.4020
v  4.1261 211.3128 18.1077
v  7.3054 208.9434 17.3999
v  7.7514 210.3426 17.4050
v  7.7505 210.3408 18.1108
v  -0.0000 212.3362 18.1057
v  4.2381 212.0423 18.1088
v  7.9744 211.0434 18.1133
v  -0.0000 212.3367 17.3999
v  4.2389 212.0432 17.4030
v  7.9753 211.0452 17.4076
v  4.2720 212.9753 17.6307
v  8.1910 211.9757 17.6439
v  -0.0000 213.2715 17.6266
v  8.4477 213.1296 18.2350
v  4.2985 214.1772 18.2267
v  -0.0000 214.4741 18.2205
v  -0.0000 215.4984 19.0768
v  -4.2967 215.2023 19.0849
v  4.2967 215.2023 19.0849
v  -0.0000 216.0915 19.8524
v  -4.2728 215.7957 19.8597
v  4.2728 215.7957 19.8597
v  8.6519 214.1173 19.0831
v  8.7591 214.7077 19.8718
v  4.3314 216.5320 19.8606
v  -0.0000 216.8318 19.8524
v  8.9136 215.4297 19.8741
v  8.9118 215.4276 20.7719
v  4.3288 216.5309 20.7583
v  -0.0000 216.8314 20.7501
v  4.3859 217.2666 21.2822
v  -0.0000 217.5714 21.2732
v  9.0652 216.1485 21.2972
v  4.4460 218.0035 20.7600
v  -0.0000 218.3120 20.7501
v  9.2207 216.8718 20.7765
v  13.7267 214.4312 21.2945
v  13.9864 215.1338 20.7737
v  13.4668 213.7316 20.7693
v  17.9294 211.8974 21.2829
v  18.3074 212.5487 20.7608
v  17.5505 211.2484 20.7588
v  21.5989 208.8357 21.2768
v  22.0613 209.4513 20.7541
v  21.1362 208.2211 20.7534
v  23.6655 206.1564 21.2751
v  24.1205 206.8313 20.7523
v  23.2108 205.4816 20.7519
v  25.2744 203.4857 21.2759
v  25.7519 204.2283 20.7533
v  24.7729 202.7514 20.7528
v  31.2812 203.4843 21.2759
v  30.9028 204.2285 20.7533
v  30.9028 202.7515 20.7534
v  30.9024 204.2290 -18.2944
v  31.2807 203.4850 -18.8176
v  30.9024 202.7520 -18.2944
v  25.2814 203.4867 -18.8176
v  25.7598 204.2292 -18.2944
v  24.7789 202.7521 -18.2950
v  23.7107 206.0872 -18.8187
v  24.1679 206.7596 -18.2955
v  23.2534 205.4146 -18.2959
v  21.6704 208.7646 -18.8171
v  22.1344 209.3786 -18.2936
v  21.2066 208.1496 -18.2944
v  18.1440 211.8283 -18.8109
v  18.5255 212.4770 -18.2869
v  17.7632 211.1773 -18.2889
v  13.8131 214.4639 -18.7993
v  14.0732 215.1650 -18.2741
v  13.5533 213.7598 -18.2784
v  9.3964 216.2603 -18.7966
v  9.5459 216.9794 -18.2713
v  9.2448 215.5387 -18.2759
v  4.3934 217.2698 -18.8116
v  4.4505 218.0055 -18.2878
v  4.3335 216.5330 -18.2895
v  0.0000 217.5729 -18.8207
v  0.0000 218.3129 -18.2976
v  0.0000 216.8323 -18.2976
v  -4.3934 217.2698 -18.8116
v  -4.4505 218.0055 -18.2878
v  -4.3335 216.5330 -18.2895
v  -9.3964 216.2603 -18.7966
v  -9.5459 216.9794 -18.2713
v  -9.2448 215.5387 -18.2759
v  -13.8131 214.4639 -18.7993
v  -14.0732 215.1650 -18.2741
v  -13.5533 213.7598 -18.2784
v  -18.1440 211.8283 -18.8109
v  -18.5255 212.4770 -18.2869
v  -17.7632 211.1773 -18.2889
v  -21.6704 208.7646 -18.8171
v  -22.1344 209.3786 -18.2937
v  -21.2066 208.1496 -18.2944
v  -23.7107 206.0872 -18.8187
v  -24.1679 206.7596 -18.2955
v  -23.2534 205.4146 -18.2959
v  -25.2814 203.4867 -18.8176
v  -25.7598 204.2292 -18.2944
v  -24.7789 202.7521 -18.2950
v  -31.2807 203.4850 -18.8176
v  -30.9024 204.2290 -18.2944
v  -30.9024 202.7520 -18.2944
v  -31.2812 203.4843 21.2759
v  -30.9028 204.2285 20.7533
v  -30.9028 202.7515 20.7534
v  -25.2744 203.4857 21.2759
v  -25.7519 204.2283 20.7533
v  -24.7729 202.7514 20.7528
v  -23.6655 206.1564 21.2751
v  -24.1205 206.8313 20.7523
v  -23.2108 205.4816 20.7519
v  -21.5989 208.8357 21.2768
v  -22.0613 209.4513 20.7541
v  -21.1362 208.2211 20.7534
v  -17.9294 211.8974 21.2829
v  -18.3074 212.5487 20.7608
v  -17.5505 211.2484 20.7588
v  -13.7267 214.4312 21.2945
v  -13.9864 215.1338 20.7737
v  -13.4668 213.7316 20.7693
v  -9.0652 216.1485 21.2972
v  -9.2207 216.8718 20.7765
v  -8.9118 215.4276 20.7719
v  -4.3859 217.2666 21.2822
v  -4.4460 218.0035 20.7600
v  -4.3288 216.5309 20.7583
v  -4.3314 216.5320 19.8606
v  -8.9136 215.4297 19.8741
v  -8.7591 214.7077 19.8718
v  -13.2067 213.0331 19.8694
v  -13.4665 213.7343 19.8716
v  -17.1714 210.6001 19.8601
v  -17.5498 211.2503 19.8611
v  -20.6733 207.6068 19.8553
v  -21.1359 208.2219 19.8556
v  -22.7564 204.8069 19.8539
v  -23.2111 205.4818 19.8541
v  -24.2835 202.0130 19.8547
v  -24.7729 202.7515 19.8550
v  -30.2678 202.0132 19.8524
v  -30.2678 202.7518 19.8524
v  -30.2678 202.0132 -17.3999
v  -30.2678 202.7518 -17.3999
v  -22.7453 199.7726 -17.3985
v  -24.7789 202.7519 -17.3973
v  -21.3714 202.6808 -17.3989
v  -23.2531 205.4145 -17.3982
v  -19.1880 205.8592 -17.3982
v  -21.2068 208.1487 -17.3967
v  -16.1102 208.6675 -17.3952
v  -17.7639 211.1754 -17.3912
v  -12.3659 211.0118 -17.3894
v  -13.5535 213.7572 -17.3807
v  -8.5986 212.6379 -17.3877
v  -9.2430 215.5365 -17.3782
v  -4.1997 213.5548 -17.3952
v  -4.3310 216.5320 -17.3918
v  0.0000 213.8455 -17.3999
v  0.0000 216.8318 -17.3999
v  4.3310 216.5320 -17.3918
v  4.1997 213.5548 -17.3952
v  9.2430 215.5365 -17.3782
v  8.5986 212.6379 -17.3877
v  13.5535 213.7572 -17.3807
v  12.3659 211.0118 -17.3894
v  17.7639 211.1754 -17.3912
v  16.1103 208.6675 -17.3952
v  21.2068 208.1487 -17.3967
v  19.1880 205.8592 -17.3981
v  23.2531 205.4145 -17.3982
v  21.3714 202.6808 -17.3989
v  24.7789 202.7519 -17.3973
v  22.7453 199.7726 -17.3985
v  30.2678 202.7518 -17.3999
v  30.2678 202.0132 -17.3999
v  30.2678 202.7518 19.8524
v  30.2678 202.0132 19.8524
v  24.7729 202.7515 19.8550
v  24.2835 202.0130 19.8547
v  23.2111 205.4818 19.8541
v  22.7564 204.8069 19.8539
v  21.1359 208.2219 19.8556
v  20.6733 207.6068 19.8553
v  17.5498 211.2503 19.8611
v  17.1714 210.6001 19.8601
v  13.4665 213.7343 19.8716
v  13.2067 213.0331 19.8694
v  12.9708 212.4782 19.0768
v  16.8369 210.0883 19.0647
v  12.5673 211.5562 18.2314
v  16.2765 209.2489 18.2234
v  19.5771 206.3650 18.2163
v  20.2575 207.1230 19.0497
v  21.8334 203.1511 18.2137
v  22.4064 204.1040 19.0323
v  23.1582 200.3273 18.1827
v  23.7853 201.2719 18.9721
v  28.6342 200.5391 18.4057
v  29.5305 201.4558 19.1929
v  29.3573 201.3884 -17.3998
v  28.4528 200.4544 -17.3997
v  27.9373 199.4322 17.8217
v  27.7900 199.3569 -17.3998
v  27.4046 198.2673 -17.3999
v  27.4046 198.2673 17.3999
v  22.4411 199.2408 17.6582
v  21.8007 198.2673 17.4008
v  21.8006 198.2672 18.1065
v  27.9037 198.2672 18.1065
v  28.1104 198.2673 -17.3999
v  21.2021 197.5318 18.1063
v  27.9037 197.5318 18.1065
v  28.1104 197.5319 -17.3999
v  27.4046 197.5319 -17.3999
v  27.4046 197.5319 17.3999
v  27.4046 196.0673 -17.3999
v  20.0103 196.0673 -17.3999
v  27.4046 196.0673 17.3999
v  21.2022 197.5319 17.4005
v  20.0103 196.0673 17.3999
v  19.9170 200.6597 17.4004
v  18.8456 199.5333 17.3999
v  19.9168 200.6595 18.1061
v  20.4547 201.2251 18.1064
v  17.5660 204.2520 18.1064
v  17.5662 204.2524 17.4006
v  18.0957 204.7759 18.1067
v  18.0959 204.7764 17.4009
v  20.4550 201.2253 17.4006
v  21.1120 202.1097 17.6602
v  18.7705 205.4927 17.6388
v  15.6142 208.2709 17.6382
v  15.0705 207.4752 17.4026
v  12.0870 210.4786 17.6421
v  11.6940 209.6062 17.4060
v  15.0702 207.4741 18.1084
v  11.6936 209.6044 18.1118
v  11.3568 208.9485 18.1098
v  14.6327 206.8808 18.1075
v  14.6330 206.8819 17.4017
v  11.3573 208.9503 17.4040
v  10.6865 207.6441 17.3999
v  13.7616 205.7003 17.3999
v  16.5115 203.2089 17.3999
v  13.7843 205.6923 13.5305
v  10.6955 207.6461 13.5305
v  7.3446 208.9565 13.5305
v  16.5189 203.2014 13.5305
v  18.8487 199.5290 13.5305
v  20.0103 196.0673 13.5305
v  20.0103 196.0673 -14.7802
v  18.8714 199.4978 -14.7802
v  18.8735 199.4950 -17.3999
v  16.5727 203.1464 -14.7802
v  16.5777 203.1413 -17.3999
v  13.9503 205.6336 -14.7802
v  13.9657 205.6282 -17.3999
v  10.7611 207.6615 -14.7802
v  10.7672 207.6630 -17.3999
v  7.6311 209.0520 -14.7802
v  7.6576 209.0608 -17.3999
v  3.9038 209.8611 -14.7802
v  3.9038 209.8611 -17.3999
v  0.0000 210.1314 -14.7802
v  0.0000 210.1314 -17.3999
v  -3.9038 209.8611 -17.3999
v  -3.9038 209.8611 -14.7802
v  -7.6576 209.0608 -17.3999
v  -7.6311 209.0520 -14.7802
v  -10.7672 207.6630 -17.3999
v  -10.7611 207.6615 -14.7802
v  -13.9657 205.6282 -17.3999
v  -13.9503 205.6336 -14.7802
v  -16.5777 203.1413 -17.3999
v  -16.5727 203.1464 -14.7802
v  -18.8735 199.4950 -17.3999
v  -18.8714 199.4978 -14.7802
v  -20.0103 196.0673 -17.3999
v  -20.0103 196.0673 -14.7802
v  -27.4046 196.0673 -17.3999
v  -20.0103 196.0673 13.5305
v  -27.4046 196.0673 17.3999
v  -27.4046 197.5319 -17.3999
v  -27.4046 197.5319 17.3999
v  -28.1104 197.5319 -17.3999
v  -28.1104 198.2673 -17.3999
v  -27.4046 198.2673 -17.3999
v  -27.7900 199.3569 -17.3998
v  -28.4528 200.4544 -17.3997
v  -28.6342 200.5391 18.4057
v  -23.1582 200.3273 18.1827
v  -29.5305 201.4558 19.1929
v  -29.3573 201.3884 -17.3998
v  -23.7853 201.2719 18.9721
v  -21.8334 203.1511 18.2136
v  -22.4064 204.1040 19.0323
v  -20.2575 207.1230 19.0497
v  -16.8369 210.0883 19.0647
v  -12.9708 212.4782 19.0768
v  -8.6519 214.1173 19.0831
v  -18.8487 199.5290 13.5305
v  -16.5189 203.2014 13.5305
v  -13.7843 205.6923 13.5305
v  -10.6955 207.6461 13.5305
v  -7.3446 208.9565 13.5305
v  -3.9038 209.8611 13.5305
v  -0.0000 210.1314 13.5305
v  3.9038 209.8611 13.5305
v  -0.0000 218.3124 19.8524
v  -4.4485 218.0044 19.8623
v  -9.2227 216.8739 19.8788
v  -0.0000 219.0527 19.8524
v  -4.5071 218.7407 19.8631
v  -9.3772 217.5959 19.8811
v  -13.9862 215.1365 19.8760
v  -14.2460 215.8375 19.8782
v  -18.3067 212.5506 19.8631
v  -18.6852 213.2008 19.8641
v  -22.0611 209.4522 19.8564
v  -22.5236 210.0673 19.8568
v  -24.1206 206.8316 19.8545
v  -24.5753 207.5065 19.8547
v  -25.7519 204.2285 19.8556
v  -26.2414 204.9669 19.8559
v  -30.2678 204.2288 19.8524
v  -30.2678 204.9673 19.8524
v  -30.2678 204.2288 -17.3999
v  -30.2678 204.9673 -17.3999
v  -25.7598 204.2291 -17.3967
v  -26.2503 204.9676 -17.3964
v  -24.1677 206.7593 -17.3978
v  -24.6251 207.4317 -17.3976
v  -22.1347 209.3777 -17.3959
v  -22.5987 209.9922 -17.3956
v  -18.5262 212.4751 -17.3892
v  -18.9073 213.1249 -17.3882
v  -14.0733 215.1624 -17.3763
v  -14.3332 215.8649 -17.3741
v  -9.5440 216.9774 -17.3735
v  -9.6946 217.6978 -17.3712
v  -4.4481 218.0045 -17.3900
v  -4.5066 218.7408 -17.3892
v  0.0000 218.3124 -17.3999
v  0.0000 219.0527 -17.3999
v  4.5066 218.7408 -17.3892
v  4.4481 218.0045 -17.3900
v  9.6946 217.6978 -17.3712
v  9.5440 216.9774 -17.3735
v  14.3332 215.8649 -17.3741
v  14.0733 215.1624 -17.3763
v  18.9073 213.1249 -17.3882
v  18.5262 212.4751 -17.3892
v  22.5987 209.9922 -17.3955
v  22.1347 209.3777 -17.3959
v  24.6251 207.4317 -17.3976
v  24.1677 206.7593 -17.3978
v  26.2503 204.9676 -17.3964
v  25.7598 204.2291 -17.3967
v  30.2678 204.9673 -17.3999
v  30.2678 204.2288 -17.3999
v  30.2678 204.9673 19.8524
v  30.2678 204.2288 19.8524
v  26.2414 204.9669 19.8559
v  25.7519 204.2285 19.8556
v  24.5753 207.5065 19.8547
v  24.1206 206.8316 19.8545
v  22.5236 210.0673 19.8568
v  22.0611 209.4522 19.8564
v  18.6852 213.2008 19.8641
v  18.3067 212.5506 19.8631
v  14.2460 215.8375 19.8782
v  13.9862 215.1365 19.8760
v  9.3772 217.5959 19.8811
v  9.2227 216.8739 19.8788
v  4.5071 218.7407 19.8631
v  4.4485 218.0044 19.8623
v  13.7572 191.3744 10.2809
v  13.4123 194.4356 10.2809
v  -0.0000 191.3744 10.2809
v  13.7572 189.6739 10.2809
v  -13.4123 194.4357 10.2809
v  -13.7572 191.3744 10.2809
v  -13.7572 189.6739 10.2809
v  3.0613 204.7867 10.2809
v  0.0000 205.1316 10.2809
v  -3.0613 204.7867 10.2809
v  -12.3948 197.3434 10.2809
v  -10.7558 199.9519 10.2809
v  -8.5775 202.1302 10.2809
v  -5.9690 203.7692 10.2809
v  5.9691 203.7692 10.2809
v  8.5775 202.1302 10.2809
v  10.7559 199.9519 10.2809
v  12.3949 197.3434 10.2809
v  -5.4898 173.5356 11.7817
v  -5.8315 173.6771 11.7817
v  -5.8315 173.6771 10.2538
v  -5.4898 173.5356 10.2538
v  -5.3482 173.1939 11.7817
v  -5.3482 173.1939 10.2538
v  -5.8315 173.1939 10.2538
v  -5.8315 172.7107 10.2538
v  -5.4898 172.8522 10.2538
v  -6.1732 172.8522 10.2538
v  -6.3147 173.1939 10.2538
v  -6.1732 173.5356 10.2538
v  -6.1732 173.5356 11.7817
v  -6.3147 173.1939 11.7817
v  -8.9786 174.9799 11.7817
v  -9.1545 173.1939 11.7817
v  -8.4577 176.6972 11.7817
v  -8.4577 176.6972 11.4653
v  -8.9786 174.9799 11.4653
v  -9.1545 173.1939 11.4653
v  -8.9786 171.4079 11.4653
v  -8.9786 171.4079 11.7817
v  -8.4577 169.6906 11.4653
v  -8.4577 169.6906 11.7817
v  -6.1732 172.8522 11.7817
v  -7.6117 168.1079 11.4653
v  -7.6117 168.1079 11.7817
v  -5.8315 172.7107 11.7817
v  -5.4898 172.8522 11.7817
v  -0.0000 173.1939 11.7817
v  1.7859 164.2153 11.7817
v  -0.0000 164.0394 11.7817
v  -1.7859 164.2153 11.7817
v  -1.7860 182.1725 11.7817
v  -0.0000 182.3484 11.7817
v  1.7860 182.1725 11.7817
v  -3.5033 164.7363 11.7817
v  -5.0860 165.5822 11.7817
v  -6.4732 166.7207 11.7817
v  7.6117 168.1079 11.7817
v  5.8315 172.7107 11.7817
v  5.4898 172.8522 11.7817
v  6.4732 166.7207 11.7817
v  5.0860 165.5822 11.7817
v  3.5033 164.7363 11.7817
v  3.5033 181.6516 11.7817
v  5.0860 180.8056 11.7817
v  6.4732 179.6671 11.7817
v  5.3482 173.1939 11.7817
v  5.4898 173.5356 11.7817
v  7.6117 178.2799 11.7817
v  -3.5033 181.6516 11.7817
v  -5.0860 180.8056 11.7817
v  -6.4732 179.6671 11.7817
v  -5.0860 180.8056 11.4653
v  -6.4732 179.6671 11.4653
v  -7.6117 178.2799 11.4653
v  -7.6117 178.2799 11.7817
v  -11.9558 185.1497 11.4653
v  -14.0585 182.5875 11.4653
v  -15.6210 179.6643 11.4653
v  -11.9558 185.1497 11.7817
v  -14.0585 182.5875 11.7817
v  -15.6210 179.6643 11.7817
v  -16.5831 176.4925 11.7817
v  -16.5831 176.4925 11.4653
v  -16.9080 173.1939 11.7817
v  -16.9080 173.1939 11.4653
v  -16.5831 169.8953 11.7817
v  -16.5831 169.8953 11.4653
v  -15.6210 166.7235 11.7817
v  -15.6210 166.7235 11.4653
v  -14.0585 163.8003 11.7817
v  -14.0585 163.8003 11.4653
v  -11.9558 161.2381 11.7817
v  -11.9558 161.2381 11.4653
v  -6.4732 166.7207 11.4653
v  -5.0860 165.5822 11.4653
v  -9.3936 159.1354 11.4653
v  -3.5033 164.7363 11.4653
v  -6.4704 157.5729 11.4653
v  -9.3936 159.1354 11.7817
v  -6.4704 157.5729 11.7817
v  -3.2986 156.6107 11.7817
v  -3.2986 156.6107 11.4653
v  -1.7859 164.2153 11.4653
v  -0.0000 156.2859 11.7817
v  -0.0000 156.2859 11.4653
v  -0.0000 164.0394 11.4653
v  1.7859 164.2153 11.4653
v  3.2986 156.6107 11.4653
v  3.5033 164.7363 11.4653
v  6.4704 157.5729 11.4653
v  6.4704 157.5729 11.7817
v  3.2986 156.6107 11.7817
v  4.7594 152.3705 11.7817
v  9.3360 152.3705 11.7817
v  -0.0000 152.3705 11.7817
v  4.7594 152.3705 11.4184
v  9.3360 152.3705 11.4184
v  -0.0000 152.3705 11.4184
v  -4.7594 152.3705 11.7817
v  -4.7594 152.3705 11.4184
v  -9.3360 152.3705 11.7817
v  -9.3360 152.3705 11.4184
v  -13.5538 152.3705 11.7817
v  -13.5538 152.3705 11.4184
v  -20.8234 152.3705 11.7817
v  -20.8234 152.3705 11.4184
v  -20.8234 159.6401 11.7817
v  -20.8234 159.6401 11.4184
v  -20.8234 163.8579 11.7817
v  -20.8234 163.8579 11.4184
v  -20.8234 168.4344 11.7817
v  -20.8234 168.4344 11.4184
v  -20.8234 173.1939 11.7817
v  -20.8234 173.1939 11.4184
v  -20.8234 177.9533 11.7817
v  -20.8234 177.9533 11.4184
v  -20.8234 182.5299 11.7817
v  -20.8234 182.5299 11.4184
v  -20.8234 186.7477 11.7817
v  -20.8234 186.7477 11.4184
v  -20.8234 191.3084 11.7817
v  -20.8234 191.3084 11.4184
v  -13.5538 191.3084 11.7817
v  -13.5538 191.3084 11.4184
v  -9.3360 191.3084 11.7817
v  -9.3360 191.3084 11.4184
v  -9.3936 187.2524 11.7817
v  -6.4704 188.8148 11.7817
v  -9.3936 187.2524 11.4653
v  -6.4704 188.8148 11.4653
v  -3.5033 181.6516 11.4653
v  -1.7860 182.1725 11.4653
v  -3.2986 189.7770 11.4653
v  -0.0000 182.3484 11.4653
v  -0.0000 190.1019 11.4653
v  -0.0000 190.1019 11.7817
v  -3.2986 189.7770 11.7817
v  -1.4565 191.3084 11.7817
v  -0.0000 191.3084 11.7817
v  -4.7594 191.3084 11.7817
v  -1.4565 191.3084 11.4184
v  -4.7594 191.3084 11.4184
v  -1.2613 192.0367 11.7817
v  -1.2613 192.0367 11.4184
v  -0.7282 192.5697 11.7817
v  -0.7282 192.5697 11.4184
v  -0.0000 192.7649 11.7817
v  -0.0000 192.7649 11.4184
v  0.7282 192.5697 11.7817
v  0.7282 192.5697 11.4184
v  1.2613 192.0367 11.7817
v  1.2613 192.0367 11.4184
v  1.4565 191.3084 11.7817
v  1.4565 191.3084 11.4184
v  4.7594 191.3084 11.7817
v  4.7594 191.3084 11.4184
v  3.2986 189.7770 11.7817
v  3.2986 189.7770 11.4653
v  6.4704 188.8148 11.4653
v  6.4704 188.8148 11.7817
v  9.3360 191.3084 11.7817
v  9.3936 187.2524 11.4653
v  9.3936 187.2524 11.7817
v  13.5538 191.3084 11.7817
v  9.3360 191.3084 11.4184
v  13.5538 191.3084 11.4184
v  20.8234 191.3084 11.7817
v  20.8234 191.3084 11.4184
v  20.8234 186.7477 11.7817
v  20.8234 186.7477 11.4184
v  11.9558 185.1497 11.7817
v  14.0585 182.5875 11.7817
v  11.9558 185.1497 11.4653
v  14.0585 182.5875 11.4653
v  15.6210 179.6643 11.4653
v  15.6210 179.6643 11.7817
v  20.8234 182.5299 11.7817
v  16.5831 176.4925 11.4653
v  16.5831 176.4925 11.7817
v  20.8234 177.9533 11.7817
v  20.8234 182.5299 11.4184
v  20.8234 177.9533 11.4184
v  20.8234 173.1939 11.7817
v  20.8234 173.1939 11.4184
v  20.8234 168.4344 11.7817
v  20.8234 168.4344 11.4184
v  16.9080 173.1939 11.7817
v  16.5831 169.8953 11.7817
v  16.9080 173.1939 11.4653
v  16.5831 169.8953 11.4653
v  15.6210 166.7235 11.4653
v  15.6210 166.7235 11.7817
v  20.8234 163.8579 11.7817
v  14.0585 163.8003 11.4653
v  14.0585 163.8003 11.7817
v  20.8234 159.6401 11.7817
v  20.8234 163.8579 11.4184
v  20.8234 159.6401 11.4184
v  20.8234 152.3705 11.7817
v  20.8234 152.3705 11.4184
v  13.5538 152.3705 11.7817
v  13.5538 152.3705 11.4184
v  11.9558 161.2381 11.7817
v  9.3936 159.1354 11.7817
v  11.9558 161.2381 11.4653
v  9.3936 159.1354 11.4653
v  6.4732 166.7207 11.4653
v  5.0860 165.5822 11.4653
v  7.6117 168.1079 11.4653
v  8.4577 169.6906 11.7817
v  8.4577 169.6906 11.4653
v  8.9786 171.4079 11.7817
v  8.9786 171.4079 11.4653
v  9.1545 173.1939 11.7817
v  9.1545 173.1939 11.4653
v  8.9786 174.9799 11.7817
v  8.9786 174.9799 11.4653
v  8.4577 176.6972 11.7817
v  8.4577 176.6972 11.4653
v  7.6117 178.2799 11.4653
v  6.4732 179.6671 11.4653
v  5.0860 180.8056 11.4653
v  3.5033 181.6516 11.4653
v  1.7860 182.1725 11.4653
v  5.8315 173.6771 11.7817
v  6.1732 173.5356 11.7817
v  5.4898 173.5356 10.2538
v  5.8315 173.6771 10.2538
v  6.1732 173.5356 10.2538
v  6.3147 173.1939 10.2538
v  6.3147 173.1939 11.7817
v  6.1732 172.8522 10.2538
v  6.1732 172.8522 11.7817
v  5.8315 172.7107 10.2538
v  5.4898 172.8522 10.2538
v  5.8315 173.1939 10.2538
v  5.3482 173.1939 10.2538
v  -0.0000 190.9428 12.0108
v  -0.3052 191.0692 12.0108
v  -0.3052 191.0692 10.0477
v  -0.0000 190.9428 10.0477
v  -0.0000 191.0717 12.2111
v  -0.2140 191.1603 12.2111
v  -0.4316 191.3744 12.0108
v  -0.4316 191.3744 10.0477
v  -0.3027 191.3744 12.2111
v  -0.0000 191.3743 12.3211
v  0.2140 191.1603 12.2111
v  0.2140 191.5884 12.2111
v  -0.0000 191.6770 12.2111
v  -0.2140 191.5884 12.2111
v  0.3027 191.3744 12.2111
v  0.3052 191.0692 12.0108
v  0.4316 191.3744 12.0108
v  0.3052 191.0692 10.0477
v  0.4316 191.3744 10.0477
v  0.3052 191.6796 12.0108
v  0.3052 191.6796 10.0477
v  -0.0000 191.8059 12.0108
v  -0.0000 191.8059 10.0477
v  -0.3052 191.6796 12.0108
v  -0.3052 191.6796 10.0477
v  13.8798 191.3744 11.4611
v  10.7478 191.3744 11.4611
v  10.7478 189.6739 11.4611
v  13.8798 189.6739 11.4611
v  10.4784 193.7660 11.4611
v  13.5318 194.4629 11.4611
v  10.4784 193.7660 11.0317
v  10.7478 191.3744 11.0317
v  10.7478 189.6739 11.0317
v  13.8798 191.3743 11.0892
v  13.8798 189.6739 11.0892
v  13.5318 194.4629 11.0892
v  12.5052 197.3965 11.0892
v  12.5052 197.3965 11.4611
v  9.6835 196.0377 11.4611
v  8.4030 198.0755 11.4611
v  10.8516 200.0283 11.4611
v  10.8516 200.0283 11.0892
v  6.7012 199.7774 11.4611
v  8.6539 202.2260 11.4611
v  8.6539 202.2260 11.0892
v  6.0222 203.8796 11.0892
v  6.0222 203.8796 11.4611
v  3.0885 204.9061 11.0892
v  3.0885 204.9061 11.4611
v  2.3916 201.8528 11.4611
v  4.6633 201.0578 11.4611
v  0.0000 202.1222 11.4611
v  0.0000 205.2541 11.4611
v  0.0000 205.2541 11.0892
v  0.0000 202.1222 11.0317
v  2.3916 201.8528 11.0317
v  4.6633 201.0578 11.0317
v  6.7012 199.7774 11.0317
v  8.4030 198.0755 11.0317
v  9.6835 196.0377 11.0317
v  -2.3916 201.8528 11.4611
v  -2.3916 201.8528 11.0317
v  -4.6633 201.0579 11.4611
v  -4.6633 201.0579 11.0317
v  -3.0885 204.9061 11.4611
v  -6.0222 203.8796 11.4611
v  -6.0222 203.8796 11.0892
v  -3.0885 204.9061 11.0892
v  -8.6539 202.2260 11.0892
v  -8.6539 202.2260 11.4611
v  -10.8516 200.0283 11.0892
v  -10.8516 200.0283 11.4611
v  -8.4030 198.0756 11.4611
v  -6.7012 199.7774 11.4611
v  -9.6835 196.0377 11.4611
v  -12.5052 197.3966 11.4611
v  -12.5052 197.3966 11.0892
v  -10.4784 193.7660 11.4611
v  -13.5318 194.4629 11.4611
v  -13.5318 194.4629 11.0892
v  -13.8798 191.3744 11.0892
v  -13.8798 191.3744 11.4611
v  -13.8798 189.6739 11.0892
v  -13.8798 189.6739 11.4611
v  -10.7479 191.3744 11.4611
v  -10.7479 189.6739 11.4611
v  -10.7479 191.3744 11.0317
v  -10.7479 189.6739 11.0317
v  -10.4784 193.7660 11.0317
v  -9.6835 196.0377 11.0317
v  -8.4030 198.0756 11.0317
v  -6.7012 199.7774 11.0317
v  -19.5278 191.3677 11.2373
v  -19.5278 189.5866 11.2373
v  -16.5007 189.5741 11.2373
v  -16.5007 191.3553 11.2373
v  -16.5007 191.3553 10.8753
v  -19.5278 191.3677 10.8753
v  -13.7695 189.5751 11.1312
v  -13.7695 191.3563 11.1312
v  -12.9601 194.8035 11.1312
v  -15.5306 195.4863 11.2373
v  -11.7560 197.5624 11.1312
v  -14.0877 198.7923 11.2373
v  -15.5307 195.4860 10.8753
v  -14.0877 198.7923 10.8753
v  -10.0354 199.9121 11.1312
v  -12.0259 201.6081 11.2373
v  -12.0259 201.6081 10.8753
v  -9.4644 203.9735 11.2373
v  -9.4644 203.9735 10.8753
v  -6.5445 205.7333 11.2373
v  -6.5446 205.7333 10.8753
v  -7.8979 201.8860 11.1312
v  -5.4613 203.3545 11.1312
v  -2.7750 204.1378 11.1312
v  -3.3254 206.6720 11.2373
v  -0.0000 204.3595 11.1312
v  -0.0000 206.9376 11.2373
v  -3.3254 206.6720 10.8753
v  -0.0000 206.9376 10.8753
v  3.3254 206.6720 11.2373
v  3.3254 206.6720 10.8753
v  6.5445 205.7333 11.2373
v  6.5446 205.7333 10.8753
v  2.7750 204.1378 11.1312
v  5.4613 203.3545 11.1312
v  7.8979 201.8860 11.1312
v  9.4644 203.9735 11.2373
v  10.0354 199.9121 11.1312
v  12.0259 201.6081 11.2373
v  12.0259 201.6081 10.8753
v  9.4644 203.9735 10.8753
v  14.0877 198.7923 11.2373
v  14.0877 198.7923 10.8753
v  15.5306 195.4863 11.2373
v  15.5307 195.4860 10.8753
v  16.5007 191.3553 11.2373
v  16.5007 191.3553 10.8753
v  19.5278 191.3677 11.2373
v  19.5278 191.3677 10.8753
v  16.5007 189.5741 11.2373
v  19.5278 189.5866 11.2373
v  12.9601 194.8035 11.1312
v  13.7695 191.3563 11.1312
v  13.7695 189.5751 11.1312
v  11.7560 197.5624 11.1312
v  -4.9051 198.2400 10.6639
v  -4.9051 198.2400 10.7763
v  -3.5909 198.0083 10.7763
v  -3.5909 198.0083 10.6639
v  -6.2193 198.0083 10.6639
v  -6.2193 198.0083 10.7763
v  -7.3749 197.3411 10.6639
v  -7.3749 197.3411 10.7763
v  -4.9051 194.3976 10.7763
v  -1.1211 193.7304 10.7763
v  -1.1211 195.0649 10.7763
v  -1.5775 196.3188 10.7763
v  -2.4353 197.3411 10.7763
v  -6.2193 190.7870 10.7763
v  -4.9051 190.5553 10.7763
v  -3.5909 190.7870 10.7763
v  -2.4353 191.4542 10.7763
v  -8.2327 196.3188 10.7763
v  -8.6891 195.0649 10.7763
v  -8.6891 193.7304 10.7763
v  -8.2327 192.4765 10.7763
v  -1.5775 192.4765 10.7763
v  -7.3749 191.4542 10.7763
v  -8.6891 195.0649 10.6639
v  -8.2327 196.3188 10.6639
v  -8.6891 193.7304 10.6639
v  -8.2327 192.4765 10.6639
v  -7.3749 191.4542 10.6639
v  -6.2193 190.7870 10.6639
v  -4.9051 190.5553 10.6639
v  -3.5909 190.7870 10.6639
v  -2.4353 191.4542 10.6639
v  -1.5775 192.4765 10.6639
v  -1.1211 193.7304 10.6639
v  -1.1211 195.0649 10.6639
v  -1.5775 196.3188 10.6639
v  -2.4353 197.3411 10.6639
v  -6.3768 194.5890 11.0894
v  -6.3768 194.5890 11.2087
v  -5.0627 194.3573 11.2087
v  -5.0627 194.3573 11.0894
v  -7.6910 194.3573 11.0894
v  -7.6910 194.3573 11.2087
v  -8.8467 193.6901 11.0894
v  -8.8467 193.6901 11.2087
v  -6.3768 190.7466 11.2087
v  -9.7044 192.6678 11.2087
v  -2.5928 190.0794 11.2087
v  -2.5928 191.4139 11.2087
v  -3.0492 192.6678 11.2087
v  -10.1608 191.4139 11.2087
v  -10.1608 190.0794 11.2087
v  -3.9070 193.6901 11.2087
v  -10.1608 190.0794 11.0894
v  -10.1608 191.4139 11.0894
v  -9.7044 192.6678 11.0894
v  -3.9070 193.6901 11.0894
v  -3.0492 192.6678 11.0894
v  -2.5928 191.4139 11.0894
v  -2.5928 190.0794 11.0894
v  6.3488 194.5890 11.0894
v  5.0347 194.3573 11.0894
v  5.0347 194.3573 11.2087
v  6.3488 194.5890 11.2087
v  7.6630 194.3573 11.0894
v  7.6630 194.3573 11.2087
v  8.8187 193.6901 11.0894
v  8.8187 193.6901 11.2087
v  6.3488 190.7466 11.2087
v  9.6764 192.6678 11.2087
v  2.5648 190.0794 11.2087
v  2.5648 191.4138 11.2087
v  3.0212 192.6678 11.2087
v  10.1328 191.4138 11.2087
v  10.1328 190.0794 11.2087
v  3.8790 193.6901 11.2087
v  10.1328 190.0794 11.0894
v  10.1328 191.4138 11.0894
v  9.6764 192.6678 11.0894
v  3.8790 193.6901 11.0894
v  3.0212 192.6678 11.0894
v  2.5648 191.4138 11.0894
v  2.5648 190.0794 11.0894
v  0.3540 172.8008 12.3939
v  0.3540 172.8008 12.5174
v  0.2531 172.7294 12.5174
v  0.2531 172.7294 12.3939
v  -0.2861 173.4911 12.3939
v  -0.1852 173.5625 12.3939
v  -0.2861 173.4911 12.5174
v  -0.1852 173.5625 12.5174
v  0.7233 173.1939 11.5788
v  0.7233 173.1939 12.0325
v  0.6264 172.8322 12.0325
v  0.6264 172.8322 11.5788
v  0.6264 173.5556 11.5788
v  0.6264 173.5556 12.0325
v  0.3617 173.8203 11.5788
v  0.3617 173.8203 12.0325
v  0.2766 173.6730 12.2563
v  0.4791 173.4705 12.2563
v  0.5533 173.1939 12.2563
v  0.1071 173.3793 12.3636
v  0.1854 173.3009 12.3636
v  0.2141 173.1939 12.3636
v  0.0748 173.3235 12.5532
v  0.1296 173.2687 12.5532
v  0.1497 173.1939 12.5532
v  -0.0000 173.1939 12.5532
v  0.1296 173.1190 12.5532
v  0.0748 173.0642 12.5532
v  -0.1497 173.1939 12.5532
v  -0.1296 173.1190 12.5532
v  -0.0748 173.0642 12.5532
v  -0.0000 173.0442 12.5532
v  -0.0000 173.3436 12.5532
v  -0.0748 173.3235 12.5532
v  -0.1296 173.2687 12.5532
v  -0.1854 173.3009 12.3636
v  -0.2141 173.1939 12.3636
v  -0.1071 173.3793 12.3636
v  -0.4791 173.4705 12.2563
v  -0.5533 173.1939 12.2563
v  -0.2766 173.6730 12.2563
v  -0.6264 173.5556 12.0325
v  -0.7233 173.1939 12.0325
v  -0.3617 173.8203 12.0325
v  -0.7233 173.1939 11.5788
v  -0.6264 173.5556 11.5788
v  -0.3617 173.8203 11.5788
v  -0.0000 173.9172 12.0325
v  -0.0000 173.9172 11.5788
v  -0.0000 173.7472 12.2563
v  -0.0000 173.4080 12.3636
v  -0.6264 172.8322 11.5788
v  -0.6264 172.8322 12.0325
v  -0.3617 172.5675 11.5788
v  -0.3617 172.5675 12.0325
v  -0.2766 172.7148 12.2563
v  -0.4791 172.9173 12.2563
v  -0.1071 173.0084 12.3636
v  -0.1854 173.0868 12.3636
v  -0.0000 172.9797 12.3636
v  -0.0000 172.6406 12.2563
v  0.1071 173.0084 12.3636
v  0.2766 172.7148 12.2563
v  -0.0000 172.4706 12.0325
v  0.3617 172.5675 12.0325
v  0.3617 172.5675 11.5788
v  -0.0000 172.4706 11.5788
v  0.4791 172.9173 12.2563
v  0.1854 173.0868 12.3636
v  19.2545 172.3943 11.4674
v  20.3327 172.3943 11.4674
v  20.3327 172.3943 13.2815
v  19.2545 172.3943 13.2815
v  20.3327 173.4724 11.4674
v  20.3327 173.4724 13.2815
v  19.2545 173.4724 13.2815
v  19.2545 173.4724 11.4674
v  0.5391 205.4277 9.9395
v  0.5391 205.4277 13.7398
v  -0.5391 205.4277 13.7398
v  -0.5391 205.4277 9.9395
v  -0.5391 206.5059 13.7398
v  -0.5391 206.5059 9.9395
v  0.5391 206.5059 13.7398
v  0.5391 206.5059 9.9395
v  -19.2545 154.7667 11.4674
v  -19.2545 154.7667 13.2815
v  -20.3327 154.7667 13.2815
v  -20.3327 154.7667 11.4674
v  -20.3327 155.8449 13.2815
v  -20.3327 155.8449 11.4674
v  -19.2545 155.8449 13.2815
v  -19.2545 155.8449 11.4674
v  -19.2545 172.3943 11.4674
v  -19.2545 172.3943 13.2815
v  -20.3327 172.3943 13.2815
v  -20.3327 172.3943 11.4674
v  -20.3327 173.4724 13.2815
v  -20.3327 173.4724 11.4674
v  -19.2545 173.4724 13.2815
v  -19.2545 173.4724 11.4674
v  -19.2545 190.0218 11.4674
v  -19.2545 190.0218 13.2815
v  -20.3327 190.0218 13.2815
v  -20.3327 190.0218 11.4674
v  -20.3327 191.0999 13.2815
v  -20.3327 191.0999 11.4674
v  -19.2545 191.0999 13.2815
v  -19.2545 191.0999 11.4674
v  19.2545 154.7667 11.4674
v  20.3327 154.7667 11.4674
v  20.3327 154.7667 13.2815
v  19.2545 154.7667 13.2815
v  20.3327 155.8449 11.4674
v  20.3327 155.8449 13.2815
v  19.2545 155.8449 13.2815
v  19.2545 155.8449 11.4674
v  19.2545 190.0218 11.4674
v  20.3327 190.0218 11.4674
v  20.3327 190.0218 13.2815
v  19.2545 190.0218 13.2815
v  20.3327 191.0999 11.4674
v  20.3327 191.0999 13.2815
v  19.2545 191.0999 13.2815
v  19.2545 191.0999 11.4674
v  0.5391 154.7667 10.2515
v  0.5391 154.7667 13.2836
v  -0.5391 154.7667 13.2836
v  -0.5391 154.7667 10.2515
v  -0.5391 155.8449 13.2836
v  -0.5391 155.8449 10.2515
v  0.5391 155.8449 13.2836
v  0.5391 155.8449 10.2515
v  -6.2292 173.1939 11.7196
v  -5.8315 173.5916 11.7196
v  -5.8315 173.5916 10.3553
v  -6.2292 173.1939 10.3553
v  -5.4337 173.1939 11.7196
v  -5.4337 173.1939 10.3553
v  -6.1645 173.1939 11.8739
v  -5.8315 173.5269 11.8739
v  -5.4984 173.1939 11.8739
v  -5.8315 172.8609 11.8739
v  -5.8315 172.7962 11.7196
v  -5.8315 172.7962 10.3553
v  6.2292 173.1939 11.7196
v  6.2292 173.1939 10.3553
v  5.8315 173.5916 10.3553
v  5.8315 173.5916 11.7196
v  5.4337 173.1939 10.3553
v  5.4337 173.1939 11.7196
v  5.8315 173.5269 11.8739
v  6.1645 173.1939 11.8739
v  5.4984 173.1939 11.8739
v  5.8315 172.7962 11.7196
v  5.8315 172.8608 11.8739
v  5.8315 172.7962 10.3553
v  18.6283 95.9938 13.1112
v  18.7032 95.9938 13.2596
v  18.7032 94.3053 13.2596
v  18.6283 94.3053 13.1112
v  18.5466 94.3053 13.0257
v  18.5466 95.9938 13.0257
v  18.6283 96.9971 13.1112
v  18.5466 96.9971 13.0257
v  18.7032 96.9971 13.2596
v  18.1345 95.9938 13.8024
v  18.1203 94.2912 13.8118
v  18.1327 96.9971 13.8042
v  18.8459 97.3523 13.1233
v  17.9900 97.3523 13.9405
v  18.7884 97.3523 12.9583
v  18.6283 97.5893 13.1112
v  18.7032 97.5893 13.2596
v  18.1327 97.5893 13.8042
v  17.8278 97.3523 13.8754
v  17.9880 97.5893 13.7225
v  17.9880 96.9971 13.7225
v  17.7462 97.3523 13.7899
v  17.9064 96.9971 13.6370
v  17.9064 97.5893 13.6370
v  18.0823 98.0283 13.6325
v  18.0007 98.0283 13.5470
v  17.9984 98.1225 13.7126
v  17.9167 98.1225 13.6271
v  18.2167 98.0283 13.7240
v  18.1419 98.1225 13.7954
v  18.6192 98.0283 13.3398
v  18.6940 98.1225 13.2684
v  18.4639 98.6342 13.4880
v  18.3720 98.6342 13.5758
v  18.2565 98.7020 13.4661
v  18.3597 98.7020 13.3676
v  18.6179 98.1225 13.1211
v  18.2781 98.7020 13.2821
v  18.1749 98.7020 13.3806
v  18.5363 98.1225 13.0356
v  18.5339 98.0283 13.2013
v  18.4523 98.0283 13.1158
v  18.5466 97.5893 13.0257
v  18.7068 97.3523 12.8728
v  17.9880 95.9938 13.7225
v  17.9064 95.9938 13.6370
v  17.9880 94.2909 13.7225
v  17.9064 94.2909 13.6370
v  17.9428 94.2909 13.7759
v  17.9428 95.9939 13.7759
v  18.0938 95.9939 13.8498
v  17.9125 94.2912 13.8682
v  17.9125 95.9941 13.8682
v  18.0816 95.9941 13.8891
v  18.0816 94.2912 13.8891
v  18.0855 94.2912 13.8455
v  18.0912 95.9941 13.9393
v  18.0912 94.2912 13.9393
v  17.9406 95.9941 13.9860
v  18.1527 94.2912 14.0781
v  18.1527 95.9941 14.0781
v  17.9979 95.9941 14.1192
v  17.9406 94.2912 13.9860
v  17.9979 94.2912 14.1192
v  18.2227 94.2912 14.2503
v  18.0551 94.2912 14.2524
v  18.0551 95.9941 14.2524
v  18.1158 94.2912 14.5164
v  17.9961 94.2912 14.3991
v  17.9961 95.9941 14.3991
v  18.1158 95.9941 14.5164
v  18.2227 95.9941 14.2503
v  17.8506 95.9941 14.4610
v  17.8523 95.9941 14.6287
v  17.8523 94.2912 14.6287
v  17.8506 94.2912 14.4610
v  17.6084 95.9941 14.5360
v  17.6084 94.2912 14.5360
v  17.7040 94.2912 14.4020
v  17.7040 95.9941 14.4020
v  17.6420 94.2912 14.2509
v  17.6420 95.9941 14.2509
v  17.4790 95.9941 14.2735
v  17.7008 94.2912 14.1101
v  17.7008 95.9941 14.1101
v  17.5667 95.9941 14.0147
v  17.5667 94.2912 14.0147
v  17.4790 94.2912 14.2735
v  18.1159 93.2864 13.8159
v  18.7032 93.2864 13.2596
v  17.9880 93.2864 13.7225
v  17.9900 92.9309 13.9405
v  18.8459 92.9309 13.1233
v  17.8278 92.9309 13.8754
v  17.9064 93.2864 13.6370
v  17.7462 92.9309 13.7899
v  17.9880 92.6935 13.7225
v  17.9064 92.6935 13.6370
v  18.0823 92.2539 13.6325
v  18.0007 92.2539 13.5470
v  18.2167 92.2539 13.7240
v  18.1327 92.6935 13.8042
v  17.9984 92.1596 13.7126
v  18.1419 92.1596 13.7954
v  17.9167 92.1596 13.6271
v  18.2565 91.5801 13.4661
v  18.3720 91.6480 13.5758
v  18.1749 91.5801 13.3806
v  18.3597 91.5801 13.3676
v  18.2781 91.5801 13.2821
v  18.6179 92.1596 13.1211
v  18.5363 92.1596 13.0356
v  18.6940 92.1596 13.2684
v  18.4639 91.6480 13.4880
v  18.5340 92.2539 13.2013
v  18.6192 92.2539 13.3398
v  18.4523 92.2539 13.1158
v  18.6283 92.6935 13.1112
v  18.7032 92.6935 13.2596
v  18.5466 92.6935 13.0257
v  18.7884 92.9309 12.9583
v  18.7068 92.9309 12.8728
v  18.6283 93.2864 13.1112
v  18.5466 93.2864 13.0257
v  17.3259 93.5569 13.9598
v  17.3225 93.5569 14.1179
v  16.4230 93.5569 14.1180
v  16.4230 93.5569 13.9598
v  16.4230 94.2215 14.1180
v  16.4230 94.2215 13.9598
v  17.3225 94.2215 14.1179
v  16.4230 96.0666 14.1180
v  16.4230 96.0666 13.9598
v  17.3225 96.0666 14.1179
v  17.3904 93.5569 14.1253
v  17.3904 94.2214 14.1253
v  17.3904 96.0666 14.1253
v  17.4228 93.5568 14.1387
v  17.4271 94.2212 14.1419
v  17.4271 96.0663 14.1419
v  17.5234 94.2212 14.0100
v  17.4603 94.2206 14.1935
v  17.6017 94.2206 14.1196
v  17.5234 96.0663 14.0100
v  17.4602 93.5564 14.1934
v  17.4851 94.2200 14.2853
v  17.6419 94.2200 14.2616
v  17.4851 93.5561 14.2853
v  17.5977 94.2200 14.5227
v  17.7072 94.2200 14.4056
v  17.5977 93.5561 14.5227
v  17.8606 94.2200 14.6215
v  17.8552 94.2200 14.4612
v  17.8606 93.5561 14.6215
v  18.1163 94.2200 14.5054
v  17.9992 94.2200 14.3958
v  18.1163 93.5561 14.5054
v  18.2151 93.5561 14.2425
v  18.2151 94.2200 14.2425
v  18.0548 94.2200 14.2478
v  17.9992 93.5561 14.3958
v  17.8552 93.5561 14.4612
v  18.0548 93.5561 14.2478
v  17.9894 94.2200 14.1039
v  17.9894 93.5561 14.1039
v  18.0990 94.2200 13.9868
v  17.8414 94.2200 14.0483
v  17.8414 93.5561 14.0483
v  17.8589 94.2200 13.8917
v  17.8589 93.5561 13.8917
v  18.0990 93.5561 13.9868
v  17.7072 93.5561 14.4056
v  17.6419 93.5561 14.2616
v  17.6017 93.5564 14.1196
v  17.5234 93.5568 14.0100
v  17.4437 93.5569 13.9736
v  17.4437 94.2214 13.9736
v  17.4437 96.0666 13.9736
v  17.5234 96.7304 14.0100
v  17.4437 96.7305 13.9736
v  17.6017 96.0657 14.1196
v  17.6017 96.7300 14.1196
v  17.4602 96.0657 14.1934
v  17.6419 96.0651 14.2616
v  17.6419 96.7296 14.2616
v  17.4851 96.0651 14.2853
v  17.4851 96.7296 14.2853
v  17.4603 96.7300 14.1935
v  17.4229 96.7304 14.1387
v  17.7072 96.0651 14.4056
v  17.5977 96.0651 14.5227
v  17.5977 96.7296 14.5227
v  17.8552 96.0651 14.4612
v  17.8606 96.0651 14.6215
v  17.8606 96.7296 14.6215
v  18.1163 96.0651 14.5054
v  18.1163 96.7296 14.5054
v  17.9992 96.0651 14.3958
v  17.7072 96.7296 14.4056
v  17.8552 96.7296 14.4612
v  17.9992 96.7296 14.3958
v  18.0548 96.7296 14.2478
v  18.0548 96.0651 14.2478
v  18.2107 96.0651 14.2426
v  17.9894 96.7296 14.1039
v  17.9894 96.0651 14.1039
v  18.0899 96.0651 13.9964
v  18.0990 96.7296 13.9868
v  18.2151 96.7296 14.2425
v  17.8547 96.0651 13.9028
v  17.8589 96.7296 13.8917
v  17.8414 96.0651 14.0483
v  17.8414 96.7296 14.0483
v  17.3904 96.7305 14.1253
v  17.3225 96.7305 14.1179
v  17.3259 96.7305 13.9598
v  16.4230 96.7305 14.1180
v  16.4230 96.7305 13.9598
v  17.9894 93.4638 14.1039
v  18.0548 93.4638 14.2478
v  17.9914 93.4052 14.2500
v  17.9461 93.4052 14.1502
v  17.9992 93.4638 14.3958
v  17.9528 93.4052 14.3525
v  17.8489 93.4052 14.2549
v  17.8440 93.4052 14.1119
v  17.8531 93.4052 14.3978
v  17.7506 93.4052 14.3593
v  17.7057 93.4052 14.2604
v  17.7479 93.4052 14.1573
v  17.7072 93.4638 14.4056
v  17.6419 93.4638 14.2616
v  17.8552 93.4638 14.4612
v  17.7072 96.8019 14.4056
v  17.8552 96.8019 14.4612
v  17.6419 96.8019 14.2616
v  17.7533 96.8604 14.3609
v  17.7060 96.8604 14.2632
v  17.8567 96.8604 14.3969
v  17.7457 96.8604 14.1591
v  17.7023 96.8019 14.1141
v  17.7023 93.4638 14.1141
v  17.8414 96.8019 14.0483
v  17.8407 96.8604 14.1113
v  17.8414 93.4638 14.0483
v  17.9894 96.8019 14.1039
v  18.0548 96.8019 14.2478
v  17.9437 96.8604 14.1471
v  17.9913 96.8604 14.2458
v  17.9992 96.8019 14.3958
v  17.9553 96.8604 14.3492
v  17.8491 96.8604 14.2542
v  18.6283 129.3771 13.1112
v  18.7032 129.3771 13.2596
v  18.7032 127.6886 13.2596
v  18.6283 127.6886 13.1112
v  18.5466 127.6886 13.0257
v  18.5466 129.3771 13.0257
v  18.6283 130.3804 13.1112
v  18.5466 130.3804 13.0257
v  18.7032 130.3804 13.2596
v  18.1345 129.3771 13.8024
v  18.1203 127.6745 13.8118
v  18.1327 130.3804 13.8042
v  18.8459 130.7356 13.1233
v  17.9900 130.7356 13.9405
v  18.7884 130.7356 12.9583
v  18.6283 130.9726 13.1112
v  18.7032 130.9726 13.2596
v  18.1327 130.9726 13.8042
v  17.8278 130.7356 13.8754
v  17.9880 130.9726 13.7225
v  17.9880 130.3804 13.7225
v  17.7462 130.7356 13.7899
v  17.9064 130.3804 13.6370
v  17.9064 130.9726 13.6370
v  18.0823 131.4116 13.6325
v  18.0007 131.4116 13.5470
v  17.9984 131.5058 13.7126
v  17.9167 131.5058 13.6271
v  18.2167 131.4116 13.7240
v  18.1419 131.5058 13.7954
v  18.6192 131.4116 13.3398
v  18.6940 131.5058 13.2684
v  18.4639 132.0175 13.4880
v  18.3720 132.0175 13.5758
v  18.2565 132.0853 13.4661
v  18.3597 132.0853 13.3676
v  18.6179 131.5058 13.1211
v  18.2781 132.0853 13.2821
v  18.1749 132.0853 13.3806
v  18.5363 131.5058 13.0356
v  18.5339 131.4116 13.2013
v  18.4523 131.4116 13.1158
v  18.5466 130.9726 13.0257
v  18.7068 130.7356 12.8728
v  17.9880 129.3771 13.7225
v  17.9064 129.3771 13.6370
v  17.9880 127.6742 13.7225
v  17.9064 127.6742 13.6370
v  17.9428 127.6743 13.7759
v  17.9428 129.3772 13.7759
v  18.0938 129.3772 13.8498
v  17.9125 127.6745 13.8682
v  17.9125 129.3774 13.8682
v  18.0816 129.3774 13.8891
v  18.0816 127.6745 13.8891
v  18.0855 127.6745 13.8455
v  18.0912 129.3774 13.9393
v  18.0912 127.6745 13.9393
v  17.9406 129.3774 13.9860
v  18.1527 127.6745 14.0781
v  18.1527 129.3774 14.0781
v  17.9979 129.3774 14.1192
v  17.9406 127.6745 13.9860
v  17.9979 127.6745 14.1192
v  18.2227 127.6745 14.2503
v  18.0551 127.6745 14.2524
v  18.0551 129.3774 14.2524
v  18.1158 127.6745 14.5164
v  17.9961 127.6745 14.3991
v  17.9961 129.3774 14.3991
v  18.1158 129.3774 14.5164
v  18.2227 129.3774 14.2503
v  17.8506 129.3774 14.4610
v  17.8523 129.3774 14.6287
v  17.8523 127.6745 14.6287
v  17.8506 127.6745 14.4610
v  17.6084 129.3774 14.5360
v  17.6084 127.6745 14.5360
v  17.7040 127.6745 14.4020
v  17.7040 129.3774 14.4020
v  17.6420 127.6745 14.2509
v  17.6420 129.3774 14.2509
v  17.4790 129.3774 14.2735
v  17.7008 127.6745 14.1101
v  17.7008 129.3774 14.1101
v  17.5667 129.3774 14.0147
v  17.5667 127.6745 14.0147
v  17.4790 127.6745 14.2735
v  18.1159 126.6697 13.8159
v  18.7032 126.6697 13.2596
v  17.9880 126.6697 13.7225
v  17.9900 126.3142 13.9405
v  18.8459 126.3142 13.1233
v  17.8278 126.3142 13.8754
v  17.9064 126.6697 13.6370
v  17.7462 126.3142 13.7899
v  17.9880 126.0768 13.7225
v  17.9064 126.0768 13.6370
v  18.0823 125.6372 13.6325
v  18.0007 125.6372 13.5470
v  18.2167 125.6372 13.7240
v  18.1327 126.0768 13.8042
v  17.9984 125.5429 13.7126
v  18.1419 125.5429 13.7954
v  17.9167 125.5429 13.6271
v  18.2565 124.9634 13.4661
v  18.3720 125.0313 13.5758
v  18.1749 124.9634 13.3806
v  18.3597 124.9634 13.3676
v  18.2781 124.9634 13.2821
v  18.6179 125.5429 13.1211
v  18.5363 125.5429 13.0356
v  18.6940 125.5429 13.2684
v  18.4639 125.0313 13.4880
v  18.5340 125.6372 13.2013
v  18.6192 125.6372 13.3398
v  18.4523 125.6372 13.1158
v  18.6283 126.0768 13.1112
v  18.7032 126.0768 13.2596
v  18.5466 126.0768 13.0257
v  18.7884 126.3142 12.9583
v  18.7068 126.3142 12.8728
v  18.6283 126.6697 13.1112
v  18.5466 126.6697 13.0257
v  17.3259 126.9402 13.9598
v  17.3225 126.9402 14.1179
v  16.4230 126.9402 14.1180
v  16.4230 126.9402 13.9598
v  16.4230 127.6048 14.1180
v  16.4230 127.6048 13.9598
v  17.3225 127.6048 14.1179
v  16.4230 129.4499 14.1180
v  16.4230 129.4499 13.9598
v  17.3225 129.4499 14.1179
v  17.3904 126.9402 14.1253
v  17.3904 127.6047 14.1253
v  17.3904 129.4499 14.1253
v  17.4228 126.9401 14.1387
v  17.4271 127.6045 14.1419
v  17.4271 129.4496 14.1419
v  17.5234 127.6045 14.0100
v  17.4603 127.6039 14.1935
v  17.6017 127.6039 14.1196
v  17.5234 129.4496 14.0100
v  17.4602 126.9397 14.1934
v  17.4851 127.6033 14.2853
v  17.6419 127.6033 14.2616
v  17.4851 126.9394 14.2853
v  17.5977 127.6033 14.5227
v  17.7072 127.6033 14.4056
v  17.5977 126.9394 14.5227
v  17.8606 127.6033 14.6215
v  17.8552 127.6033 14.4612
v  17.8606 126.9394 14.6215
v  18.1163 127.6033 14.5054
v  17.9992 127.6033 14.3958
v  18.1163 126.9394 14.5054
v  18.2151 126.9394 14.2425
v  18.2151 127.6033 14.2425
v  18.0548 127.6033 14.2478
v  17.9992 126.9394 14.3958
v  17.8552 126.9394 14.4612
v  18.0548 126.9394 14.2478
v  17.9894 127.6033 14.1039
v  17.9894 126.9394 14.1039
v  18.0990 127.6033 13.9868
v  17.8414 127.6033 14.0483
v  17.8414 126.9394 14.0483
v  17.8589 127.6033 13.8917
v  17.8589 126.9394 13.8917
v  18.0990 126.9394 13.9868
v  17.7072 126.9394 14.4056
v  17.6419 126.9394 14.2616
v  17.6017 126.9397 14.1196
v  17.5234 126.9401 14.0100
v  17.4437 126.9402 13.9736
v  17.4437 127.6047 13.9736
v  17.4437 129.4499 13.9736
v  17.5234 130.1137 14.0100
v  17.4437 130.1138 13.9736
v  17.6017 129.4490 14.1196
v  17.6017 130.1133 14.1196
v  17.4602 129.4490 14.1934
v  17.6419 129.4484 14.2616
v  17.6419 130.1129 14.2616
v  17.4851 129.4484 14.2853
v  17.4851 130.1129 14.2853
v  17.4603 130.1133 14.1935
v  17.4229 130.1137 14.1387
v  17.7072 129.4484 14.4056
v  17.5977 129.4484 14.5227
v  17.5977 130.1129 14.5227
v  17.8552 129.4484 14.4612
v  17.8606 129.4484 14.6215
v  17.8606 130.1129 14.6215
v  18.1163 129.4484 14.5054
v  18.1163 130.1129 14.5054
v  17.9992 129.4484 14.3958
v  17.7072 130.1129 14.4056
v  17.8552 130.1129 14.4612
v  17.9992 130.1129 14.3958
v  18.0548 130.1129 14.2478
v  18.0548 129.4484 14.2478
v  18.2107 129.4484 14.2426
v  17.9894 130.1129 14.1039
v  17.9894 129.4484 14.1039
v  18.0899 129.4484 13.9964
v  18.0990 130.1129 13.9868
v  18.2151 130.1129 14.2425
v  17.8547 129.4484 13.9028
v  17.8589 130.1129 13.8917
v  17.8414 129.4484 14.0483
v  17.8414 130.1129 14.0483
v  17.3904 130.1138 14.1253
v  17.3225 130.1138 14.1179
v  17.3259 130.1138 13.9598
v  16.4230 130.1138 14.1180
v  16.4230 130.1138 13.9598
v  17.9894 126.8471 14.1039
v  18.0548 126.8471 14.2478
v  17.9914 126.7885 14.2500
v  17.9461 126.7885 14.1502
v  17.9992 126.8471 14.3958
v  17.9528 126.7885 14.3525
v  17.8489 126.7885 14.2549
v  17.8440 126.7885 14.1119
v  17.8531 126.7885 14.3978
v  17.7506 126.7885 14.3593
v  17.7057 126.7885 14.2604
v  17.7479 126.7885 14.1573
v  17.7072 126.8471 14.4056
v  17.6419 126.8471 14.2616
v  17.8552 126.8471 14.4612
v  17.7072 130.1852 14.4056
v  17.8552 130.1852 14.4612
v  17.6419 130.1852 14.2616
v  17.7533 130.2438 14.3609
v  17.7060 130.2438 14.2632
v  17.8567 130.2438 14.3969
v  17.7457 130.2438 14.1591
v  17.7023 130.1852 14.1141
v  17.7023 126.8471 14.1141
v  17.8414 130.1852 14.0483
v  17.8407 130.2438 14.1113
v  17.8414 126.8471 14.0483
v  17.9894 130.1852 14.1039
v  18.0548 130.1852 14.2478
v  17.9437 130.2438 14.1471
v  17.9913 130.2438 14.2458
v  17.9992 130.1852 14.3958
v  17.9553 130.2438 14.3492
v  17.8491 130.2438 14.2542
v  -18.1550 160.2038 -15.6850
v  -18.1516 160.2038 -15.8431
v  -17.2521 160.2038 -15.8432
v  -17.2521 160.2038 -15.6850
v  -17.2521 161.2713 -15.8432
v  -17.2521 161.2713 -15.6850
v  -18.1516 161.2713 -15.8431
v  -17.2521 164.2350 -15.8432
v  -17.2521 164.2350 -15.6850
v  -18.1516 164.2350 -15.8431
v  -18.2195 160.2037 -15.8504
v  -18.2195 161.2711 -15.8504
v  -18.2195 164.2349 -15.8504
v  -18.2519 160.2035 -15.8638
v  -18.2562 161.2708 -15.8670
v  -18.2561 164.2345 -15.8670
v  -18.3525 161.2708 -15.7351
v  -18.2893 161.2698 -15.9186
v  -18.4308 161.2698 -15.8448
v  -18.3525 164.2345 -15.7351
v  -18.2893 160.2030 -15.9186
v  -18.3142 161.2688 -16.0104
v  -18.4709 161.2688 -15.9868
v  -18.3142 160.2024 -16.0104
v  -18.4267 161.2688 -16.2479
v  -18.5363 161.2688 -16.1307
v  -18.4267 160.2024 -16.2479
v  -18.6896 161.2688 -16.3466
v  -18.6843 161.2688 -16.1863
v  -18.6896 160.2024 -16.3466
v  -18.9454 161.2688 -16.2306
v  -18.8282 161.2688 -16.1210
v  -18.9454 160.2024 -16.2306
v  -19.0441 160.2024 -15.9676
v  -19.0441 161.2688 -15.9676
v  -18.8838 161.2688 -15.9730
v  -18.8282 160.2024 -16.1210
v  -18.6843 160.2024 -16.1863
v  -18.8838 160.2024 -15.9730
v  -18.8185 161.2688 -15.8290
v  -18.8185 160.2024 -15.8290
v  -18.9281 161.2688 -15.7119
v  -18.9281 160.2024 -15.7119
v  -18.5363 160.2024 -16.1307
v  -18.4709 160.2024 -15.9868
v  -18.4308 160.2030 -15.8448
v  -18.3525 160.2035 -15.7351
v  -18.2728 160.2037 -15.6988
v  -18.2728 161.2711 -15.6988
v  -18.2728 164.2349 -15.6988
v  -18.3525 165.3012 -15.7351
v  -18.2728 165.3014 -15.6988
v  -18.4308 164.2335 -15.8448
v  -18.4308 165.3006 -15.8448
v  -18.2893 164.2335 -15.9185
v  -18.4709 164.2325 -15.9868
v  -18.4709 165.3000 -15.9868
v  -18.3142 164.2325 -16.0104
v  -18.3142 165.3000 -16.0104
v  -18.2893 165.3006 -15.9186
v  -18.2520 165.3012 -15.8639
v  -18.5363 164.2325 -16.1307
v  -18.4267 164.2325 -16.2479
v  -18.4267 165.3000 -16.2479
v  -18.6843 164.2325 -16.1863
v  -18.6896 164.2325 -16.3466
v  -18.6896 165.3000 -16.3466
v  -18.9454 164.2325 -16.2306
v  -18.9454 165.3000 -16.2306
v  -18.8282 164.2325 -16.1210
v  -18.5363 165.3000 -16.1307
v  -18.6843 165.3000 -16.1863
v  -18.8282 165.3000 -16.1210
v  -18.8838 165.3000 -15.9730
v  -18.8838 164.2325 -15.9730
v  -19.0398 164.2325 -15.9678
v  -18.8185 165.3000 -15.8290
v  -18.8185 164.2325 -15.8290
v  -18.9190 164.2325 -15.7216
v  -18.9281 165.3000 -15.7119
v  -19.0441 165.3000 -15.9676
v  -18.2195 165.3014 -15.8504
v  -18.1516 165.3014 -15.8431
v  -18.1550 165.3014 -15.6850
v  -17.2521 165.3014 -15.8432
v  -17.2521 165.3014 -15.6850
v  -18.8185 160.0102 -15.8290
v  -18.8838 160.0102 -15.9730
v  -18.8204 159.9601 -15.9751
v  -18.7752 159.9601 -15.8754
v  -18.8282 160.0102 -16.1210
v  -18.7819 159.9601 -16.0776
v  -18.6780 159.9601 -15.9801
v  -18.6822 159.9601 -16.1229
v  -18.5796 159.9601 -16.0844
v  -18.5348 159.9601 -15.9856
v  -18.5770 159.9601 -15.8825
v  -18.6731 159.9601 -15.8370
v  -18.6843 160.0102 -16.1863
v  -18.5363 160.0102 -16.1307
v  -18.6843 165.4600 -16.1863
v  -18.8282 165.4600 -16.1210
v  -18.5363 165.4600 -16.1307
v  -18.6858 165.5101 -16.1220
v  -18.5824 165.5101 -16.0860
v  -18.7844 165.5101 -16.0744
v  -18.4709 165.4600 -15.9868
v  -18.5351 165.5101 -15.9884
v  -18.4709 160.0102 -15.9868
v  -18.5748 165.5101 -15.8842
v  -18.5314 165.4600 -15.8392
v  -18.5314 160.0102 -15.8392
v  -18.6705 160.0102 -15.7734
v  -18.6705 165.4600 -15.7734
v  -18.8185 165.4600 -15.8290
v  -18.6698 165.5101 -15.8365
v  -18.7727 165.5101 -15.8723
v  -18.6782 165.5101 -15.9793
v  -18.8204 165.5101 -15.9709
v  -18.8838 165.4600 -15.9730
v  -20.1031 164.1255 -15.6850
v  -20.1031 164.1255 -15.8432
v  -20.1031 161.3799 -15.8432
v  -20.1031 161.3799 -15.6850
v  -20.1031 165.2915 -15.6850
v  -20.1031 165.2915 -15.8432
v  -19.2001 165.2915 -15.6850
v  -19.2036 165.2915 -15.8431
v  -19.2036 164.1255 -15.8431
v  -19.1357 164.1257 -15.8504
v  -19.1357 165.2918 -15.8504
v  -19.0823 165.2918 -15.6988
v  -19.1033 164.1262 -15.8638
v  -19.1033 165.2928 -15.8638
v  -19.0027 165.2928 -15.7351
v  -19.0027 164.1262 -15.7351
v  -18.9244 164.1276 -15.8448
v  -19.0659 164.1276 -15.9186
v  -19.0990 161.3811 -15.8670
v  -19.1357 161.3802 -15.8504
v  -19.0658 161.3837 -15.9186
v  -19.0027 161.3811 -15.7351
v  -19.0027 160.2457 -15.7351
v  -19.0990 160.2457 -15.8670
v  -18.9244 161.3837 -15.8448
v  -19.1357 160.2440 -15.8504
v  -19.0823 160.2440 -15.6988
v  -19.2036 161.3799 -15.8431
v  -19.2036 160.2434 -15.8431
v  -19.2036 160.2434 -15.6849
v  -19.0823 161.3802 -15.6988
v  -19.2036 161.3799 -15.6849
v  -19.0823 164.1257 -15.6988
v  -19.2001 164.1255 -15.6850
v  -20.1031 160.2434 -15.8432
v  -20.1031 160.2434 -15.6850
v  -19.0410 161.3862 -16.0104
v  -18.8842 161.3862 -15.9868
v  -19.0410 164.1290 -16.0104
v  -18.9284 161.3862 -16.2479
v  -18.8189 161.3862 -16.1307
v  -18.9284 164.1290 -16.2479
v  -18.6655 161.3862 -16.3466
v  -18.6709 161.3862 -16.1863
v  -18.6655 164.1290 -16.3466
v  -18.4098 161.3862 -16.2306
v  -18.5269 161.3862 -16.1210
v  -18.4098 164.1290 -16.2306
v  -18.3110 164.1290 -15.9676
v  -18.3110 161.3862 -15.9676
v  -18.4713 161.3862 -15.9730
v  -18.5269 164.1290 -16.1210
v  -18.6709 164.1290 -16.1863
v  -18.4713 164.1290 -15.9730
v  -18.5367 161.3862 -15.8290
v  -18.5367 164.1290 -15.8290
v  -18.4271 161.3862 -15.7119
v  -18.4271 164.1290 -15.7119
v  -18.8189 164.1290 -16.1307
v  -18.8842 164.1290 -15.9868
v  0.0377 173.2368 11.8653
v  0.0334 173.7791 11.8689
v  -0.3458 173.6250 11.8662
v  -0.2000 173.2349 11.8643
v  0.2821 173.2387 11.8664
v  0.4199 173.6310 11.8697
v  0.3722 174.3753 11.8744
v  0.0288 174.3726 11.8728
v  0.4194 174.7061 11.8768
v  0.0262 174.7030 11.8750
v  0.3260 175.0875 11.8789
v  0.0232 175.0851 11.8775
v  0.3755 175.8018 11.8839
v  0.0176 175.7990 11.8822
v  0.3196 176.2411 11.8865
v  0.0142 176.2387 11.8852
v  0.2202 176.6800 11.8890
v  0.0107 176.6784 11.8881
v  -0.3038 176.2362 11.8837
v  -0.3596 175.7960 11.8805
v  -0.1930 176.6768 11.8871
v  0.0067 177.1995 11.8915
v  -0.2966 177.1972 11.8901
v  0.0032 177.6419 11.8944
v  -0.1968 177.6526 11.8936
v  0.0011 177.9073 11.8962
v  -0.2929 177.9106 11.8949
v  -0.0010 178.1727 11.8979
v  -0.4423 178.1692 11.8959
v  0.2029 177.6435 11.8953
v  0.3195 177.9098 11.8976
v  0.4670 178.1764 11.9000
v  0.2536 178.4159 11.9007
v  0.7810 178.5274 11.9038
v  0.3438 178.5240 11.9018
v  0.1410 178.3927 11.9000
v  0.8335 178.7101 11.9052
v  0.4307 178.7069 11.9034
v  0.7955 178.8449 11.9059
v  0.4062 178.8419 11.9042
v  0.6554 179.0757 11.9068
v  0.2709 179.0726 11.9051
v  0.4749 179.4412 11.9085
v  0.0989 179.4383 11.9068
v  0.2510 180.1734 11.9123
v  -0.0030 180.1714 11.9112
v  -0.0038 179.5983 11.9074
v  -0.1161 179.4365 11.9058
v  -0.2447 180.1695 11.9101
v  -0.4762 179.4337 11.9042
v  -0.0019 180.9230 11.9162
v  -0.1680 180.9217 11.9154
v  0.1602 180.9243 11.9169
v  0.1479 182.0779 11.9245
v  -0.0001 182.1856 11.9245
v  -0.1575 182.0297 11.9228
v  -0.3017 179.0681 11.9025
v  -0.6931 179.0650 11.9007
v  -0.4318 178.8353 11.9004
v  -0.8258 178.8322 11.8986
v  -0.4278 178.7002 11.8995
v  -0.8420 178.6969 11.8976
v  -0.3216 178.5187 11.8988
v  -0.7209 178.5156 11.8970
v  -0.2126 178.4092 11.8985
v  -0.1189 178.4107 11.8990
v  -0.0031 178.4461 11.8997
v  0.3077 177.2019 11.8929
v  -0.3046 175.0825 11.8761
v  -0.3943 174.6997 11.8731
v  -0.3661 174.3695 11.8710
v  0.0778 172.4068 11.8055
v  0.0766 172.6213 11.8055
v  -0.1123 172.6204 11.8055
v  -0.1126 172.4059 11.8055
v  0.2491 172.4076 11.8055
v  0.2464 172.6221 11.8055
v  0.2301 172.8366 11.8055
v  0.0753 172.8358 11.8055
v  0.2927 172.9774 11.8055
v  0.0745 172.9764 11.8055
v  0.3974 173.1184 11.8055
v  0.0737 173.1169 11.8055
v  -0.1726 172.9752 11.8055
v  -0.0897 172.8351 11.8055
v  -0.2675 173.1152 11.8055
v  0.0728 173.2574 11.8055
v  -0.2937 173.2556 11.8055
v  0.0719 173.4205 11.8055
v  -0.2216 173.4191 11.8055
v  0.0714 173.5021 11.8055
v  -0.1616 173.5010 11.8055
v  0.4360 173.2591 11.8055
v  0.3686 173.4219 11.8055
v  0.3047 173.5032 11.8055
v  0.2467 173.5845 11.8055
v  0.0709 173.5836 11.8055
v  0.2135 173.7088 11.8055
v  0.0702 173.7081 11.8055
v  0.2154 173.8334 11.8055
v  0.0694 173.8327 11.8055
v  -0.0966 173.7073 11.8055
v  -0.1134 173.5827 11.8055
v  -0.1096 173.8318 11.8055
v  0.0677 174.1237 11.8055
v  -0.2163 174.1224 11.8055
v  0.0652 174.5432 11.8055
v  -0.3082 174.5415 11.8055
v  0.3401 174.1250 11.8055
v  0.4485 174.5450 11.8055
v  0.5105 175.2666 11.8055
v  0.0609 175.2645 11.8055
v  0.5255 176.1237 11.8055
v  0.0559 176.1215 11.8055
v  -0.3795 175.2624 11.8055
v  -0.3864 176.1194 11.8055
v  0.0504 177.0502 11.8055
v  -0.3082 177.0484 11.8055
v  0.0449 177.9788 11.8055
v  -0.1919 177.9777 11.8055
v  0.4324 177.0520 11.8055
v  0.3057 177.9801 11.8055
v  0.2173 178.9084 11.8055
v  0.0394 178.9075 11.8055
v  0.1634 179.5773 11.8055
v  0.0354 179.5767 11.8055
v  -0.0977 178.9069 11.8055
v  -0.0676 179.5762 11.8055
v  0.0339 179.8362 11.8055
v  -0.0734 179.8357 11.8055
v  0.0327 180.0406 11.8055
v  -0.1544 180.0397 11.8055
v  0.0314 180.2528 11.8055
v  -0.2812 180.2513 11.8055
v  0.1532 179.8367 11.8055
v  0.2174 180.0415 11.8055
v  0.3552 180.2543 11.8055
v  0.4222 180.4605 11.8055
v  0.0302 180.4587 11.8055
v  0.3948 180.6819 11.8055
v  0.0289 180.6802 11.8055
v  -0.3198 180.4570 11.8055
v  -0.2827 180.6787 11.8055
v  0.0274 180.9304 11.8055
v  -0.1953 180.9293 11.8055
v  0.0267 181.0480 11.8055
v  -0.1760 181.0471 11.8055
v  0.3086 180.9317 11.8055
v  0.2901 181.0493 11.8055
v  0.3059 181.6866 11.8055
v  0.0229 181.6944 11.8055
v  0.5073 182.9776 11.8055
v  0.0152 183.0084 11.8055
v  -0.2491 181.7051 11.8055
v  -0.4659 183.0455 11.8055
v  0.0110 184.6513 11.8055
v  -0.2054 184.6618 11.8055
v  0.0000 188.9637 11.8055
v  -0.0875 188.8374 11.8055
v  0.2266 184.6320 11.8055
v  0.1037 188.8209 11.8055
# 4839 vertices

vn 0.0000 0.0000 1.0000
vn 0.9659 -0.2588 -0.0000
vn 0.7071 -0.7071 -0.0000
vn 0.2588 -0.9659 -0.0000
vn -0.2588 -0.9659 -0.0000
vn -0.7071 -0.7071 -0.0000
vn -0.9659 -0.2588 -0.0000
vn -0.9659 0.2588 -0.0000
vn -0.7071 0.7071 -0.0000
vn -0.2588 0.9659 -0.0000
vn 0.2588 0.9659 -0.0000
vn 0.7071 0.7071 -0.0000
vn 0.9659 0.2588 -0.0000
vn 0.0000 0.0000 -1.0000
vn 0.8633 0.5046 -0.0000
vn 0.8619 0.5069 0.0082
vn 0.8337 -0.5521 0.0079
vn 0.8374 -0.5467 -0.0000
vn 0.0449 0.9990 -0.0000
vn 0.0445 0.9990 0.0004
vn 0.7591 0.5736 0.3078
vn 0.6752 -0.6852 0.2730
vn 0.0334 0.9994 0.0134
vn -0.0441 -0.9990 -0.0004
vn -0.0301 -0.9995 -0.0121
vn -0.0447 -0.9990 -0.0000
vn 0.4850 -0.8745 0.0049
vn 0.3383 -0.9410 0.0034
vn 0.2421 -0.9653 0.0974
vn 0.3606 -0.9214 0.1448
vn 0.4890 -0.8723 -0.0000
vn 0.3416 -0.9398 -0.0000
vn -0.3383 -0.9410 0.0034
vn -0.3416 -0.9398 -0.0000
vn -0.4889 -0.8723 -0.0000
vn -0.4850 -0.8745 0.0049
vn 0.0447 -0.9990 -0.0000
vn 0.0441 -0.9990 -0.0004
vn -0.8337 -0.5521 0.0079
vn -0.8374 -0.5467 -0.0000
vn 0.0302 -0.9995 -0.0121
vn -0.6752 -0.6852 0.2730
vn -0.3606 -0.9214 0.1448
vn -0.2421 -0.9653 0.0974
vn -0.7594 0.5737 0.3070
vn -0.8620 0.5069 0.0082
vn -0.8633 0.5046 -0.0000
vn -0.0445 0.9990 0.0004
vn -0.0333 0.9994 0.0135
vn -0.0449 0.9990 -0.0000
vn -0.5744 0.5965 0.5606
vn -0.0240 0.9994 0.0234
vn -0.4958 -0.7211 0.4840
vn -0.3202 0.5729 0.7545
vn -0.0140 0.9994 0.0329
vn -0.2834 -0.6882 0.6679
vn 0.0212 -0.9996 -0.0206
vn 0.0127 -0.9995 -0.0298
vn -0.1467 -0.9277 0.3433
vn -0.0982 -0.9682 0.2301
vn -0.1700 -0.9715 0.1651
vn -0.2554 -0.9346 0.2476
vn -0.2361 -0.7994 0.5524
vn -0.4168 -0.8144 0.4038
vn -0.5746 -0.7853 0.2306
vn -0.3193 -0.5831 0.7470
vn -0.5726 -0.6036 0.5548
vn -0.7659 -0.5647 0.3074
vn -0.3564 -0.4216 0.8338
vn -0.6445 -0.4410 0.6245
vn -0.8483 -0.4055 0.3405
vn 0.0000 1.0000 -0.0000
vn -0.0000 1.0000 -0.0000
vn -0.3932 -0.0026 0.9194
vn -0.3929 -0.0026 0.9196
vn -0.7183 -0.0036 0.6957
vn -0.7184 -0.0036 0.6956
vn -0.9281 -0.0028 0.3723
vn -0.9281 -0.0028 0.3724
vn -0.9999 -0.0009 0.0104
vn -0.9999 -0.0001 0.0105
vn -1.0000 0.0000 -0.0000
vn -0.8863 -0.4631 0.0093
vn -0.8886 -0.4588 -0.0000
vn -0.9490 -0.3152 -0.0000
vn -0.9479 -0.3184 0.0100
vn 0.9479 -0.3184 0.0100
vn 0.9490 -0.3152 -0.0000
vn 0.8886 -0.4588 -0.0000
vn 0.8863 -0.4631 0.0093
vn 0.7659 -0.5647 0.3074
vn 0.8483 -0.4055 0.3405
vn 0.7180 -0.6960 0.0075
vn 0.5746 -0.7853 0.2306
vn 0.7219 -0.6920 -0.0000
vn -0.7219 -0.6920 -0.0000
vn -0.7180 -0.6960 0.0075
vn 0.2554 -0.9346 0.2476
vn 0.4168 -0.8144 0.4038
vn 0.5726 -0.6036 0.5548
vn 0.1467 -0.9277 0.3433
vn 0.2361 -0.7994 0.5524
vn 0.3193 -0.5831 0.7470
vn 0.6446 -0.4410 0.6245
vn 0.3564 -0.4216 0.8338
vn 0.3929 -0.0026 0.9196
vn 0.3932 -0.0026 0.9195
vn 0.7184 -0.0036 0.6956
vn 0.7183 -0.0036 0.6957
vn 0.9281 -0.0028 0.3724
vn 0.9280 -0.0028 0.3725
vn 0.9999 -0.0009 0.0105
vn 0.9999 -0.0001 0.0104
vn 0.0000 -1.0000 -0.0000
vn 1.0000 0.0000 -0.0000
vn 0.0074 -0.0008 1.0000
vn 0.0074 -0.0001 1.0000
vn -0.0074 -0.0008 1.0000
vn -0.0074 -0.0001 1.0000
vn 0.0064 -0.4958 0.8684
vn 0.0070 -0.3444 0.9388
vn -0.0064 -0.4958 0.8684
vn -0.0070 -0.3444 0.9388
vn 0.0050 -0.7271 0.6865
vn -0.0050 -0.7271 0.6865
vn -0.0032 -0.8918 0.4524
vn 0.0032 -0.8918 0.4524
vn -0.0022 -0.9498 0.3127
vn 0.0022 -0.9498 0.3127
vn 0.0982 -0.9682 0.2301
vn -0.0127 -0.9995 -0.0298
vn 0.2834 -0.6882 0.6679
vn 0.0054 -0.5543 0.8323
vn -0.0003 -0.9990 -0.0444
vn 0.0003 -0.9990 -0.0444
vn -0.0054 -0.5543 0.8323
vn 0.3202 0.5729 0.7545
vn 0.0057 0.5007 0.8656
vn -0.0057 0.5007 0.8656
vn -0.0003 0.9990 0.0445
vn 0.0003 0.9990 0.0445
vn -0.0064 -0.0412 0.9991
vn -0.3911 -0.0567 0.9186
vn -0.3910 -0.0567 0.9186
vn 0.0064 -0.0412 0.9991
vn 0.0140 0.9994 0.0329
vn 0.3911 -0.0567 0.9186
vn -0.0039 -0.7835 0.6214
vn 0.0039 -0.7835 0.6214
vn 0.0058 -0.3604 0.9328
vn -0.0058 -0.3604 0.9328
vn 0.2135 -0.8386 0.5012
vn 0.3530 -0.4330 0.8294
vn 0.3848 -0.8437 0.3742
vn 0.6432 -0.4411 0.6259
vn 0.7152 -0.0596 0.6963
vn 0.7154 -0.0596 0.6961
vn 0.5499 -0.8054 0.2215
vn 0.8537 -0.3908 0.3442
vn 0.9263 -0.0504 0.3733
vn 0.9263 -0.0504 0.3734
vn 0.0240 0.9994 0.0234
vn 0.5744 0.5965 0.5606
vn 0.4958 -0.7211 0.4840
vn -0.0212 -0.9996 -0.0206
vn 0.1700 -0.9715 0.1651
vn 0.9994 -0.0320 0.0094
vn 0.9994 -0.0320 0.0093
vn 0.7240 -0.6898 0.0066
vn 0.9598 -0.2804 0.0087
vn 0.9609 -0.2769 -0.0000
vn 0.7283 -0.6852 -0.0000
vn 0.9995 -0.0314 -0.0000
vn 0.9995 -0.0315 -0.0000
vn -0.9609 -0.2769 -0.0000
vn -0.7283 -0.6852 -0.0000
vn -0.7240 -0.6898 0.0066
vn -0.9598 -0.2804 0.0086
vn -0.9995 -0.0315 -0.0000
vn -0.9995 -0.0314 -0.0000
vn -0.9994 -0.0320 0.0094
vn -0.9994 -0.0320 0.0093
vn -0.5499 -0.8054 0.2215
vn -0.8537 -0.3908 0.3442
vn -0.9263 -0.0504 0.3733
vn -0.9263 -0.0504 0.3734
vn -0.3848 -0.8437 0.3742
vn -0.6432 -0.4411 0.6259
vn -0.7152 -0.0596 0.6963
vn -0.7155 -0.0596 0.6961
vn -0.2135 -0.8386 0.5012
vn -0.3530 -0.4330 0.8294
vn -0.7165 -0.0048 0.6976
vn -0.3914 -0.0034 0.9202
vn -0.0062 -0.0001 1.0000
vn 0.0062 -0.0011 1.0000
vn -0.9274 -0.0037 0.3741
vn -1.0000 -0.0012 0.0090
vn 1.0000 -0.0001 0.0090
vn 0.9274 -0.0036 0.3740
vn 0.3914 -0.0034 0.9202
vn 0.7164 -0.0048 0.6977
vn -0.0000 0.0000 1.0000
vn 0.7071 0.0000 0.7071
vn 0.8418 0.5397 0.0000
vn 0.8420 0.5394 0.0000
vn 0.9384 0.3455 0.0000
vn 0.9384 0.3454 0.0000
vn 0.9700 0.2431 -0.0000
vn -0.0047 1.0000 -0.0000
vn 0.0037 -1.0000 -0.0000
vn -0.9668 -0.2556 -0.0000
vn -0.9393 -0.3430 0.0000
vn -0.9393 -0.3431 0.0000
vn -0.8406 -0.5417 0.0000
vn -0.8406 -0.5416 0.0000
vn -0.7055 -0.7087 -0.0000
vn -0.7056 -0.7086 -0.0000
vn -0.5558 -0.8313 -0.0000
vn 0.5557 0.8314 -0.0000
vn 0.3642 0.9313 -0.0000
vn -0.3642 0.9313 -0.0000
vn -0.5557 0.8314 -0.0000
vn -0.1623 0.9867 -0.0000
vn 0.3640 -0.9314 -0.0000
vn 0.1615 -0.9869 -0.0000
vn 0.1611 -0.9869 -0.0000
vn 0.5558 -0.8313 -0.0000
vn -0.0000 -1.0000 -0.0000
vn -0.1611 -0.9869 -0.0000
vn -0.1615 -0.9869 -0.0000
vn -0.3640 -0.9314 -0.0000
vn 0.1623 0.9867 -0.0000
vn -0.0000 0.0000 -1.0000
vn -0.3647 -0.9311 0.0000
vn -0.5451 -0.8384 -0.0000
vn -0.5447 -0.8386 -0.0000
vn -0.3647 -0.9311 -0.0000
vn -0.7212 -0.6927 -0.0000
vn -0.8678 -0.4970 -0.0000
vn -0.8405 -0.5418 0.0000
vn -0.7055 -0.7087 0.0000
vn -0.5558 -0.8313 0.0000
vn -0.3635 -0.9316 0.0000
vn -0.3640 -0.9314 0.0000
vn -0.1786 -0.9839 -0.0000
vn 0.1786 -0.9839 -0.0000
vn 0.5558 -0.8313 0.0000
vn 0.3640 -0.9314 0.0000
vn 0.3647 -0.9311 -0.0000
vn 0.5451 -0.8384 -0.0000
vn 0.5447 -0.8386 -0.0000
vn 0.7212 -0.6927 -0.0000
vn 0.7056 -0.7086 -0.0000
vn 0.8406 -0.5417 0.0000
vn -0.8421 0.5394 0.0000
vn -0.8420 0.5394 0.0000
vn -0.7071 0.0000 0.7071
vn -1.0000 0.0000 0.0000
vn -0.2692 0.0000 -0.9631
vn -0.4616 -0.8397 -0.2859
vn -0.4695 -0.8695 -0.1537
vn -0.4696 0.8694 -0.1535
vn -0.4617 0.8398 -0.2857
vn -0.4412 0.6346 -0.6346
vn -0.4616 0.2857 -0.8398
vn -0.4695 0.1535 -0.8695
vn -0.2692 0.9631 0.0000
vn -0.4695 0.1535 0.8695
vn -0.4616 0.2857 0.8398
vn 1.0000 0.0000 0.0000
vn -1.0000 0.0003 0.0000
vn -1.0000 0.0003 -0.0000
vn 1.0000 0.0003 -0.0000
vn -0.0037 -1.0000 -0.0000
vn -0.0014 -1.0000 -0.0001
vn 0.9080 -0.4190 -0.0000
vn 0.8678 -0.4970 -0.0000
vn 0.9392 -0.3433 0.0000
vn 0.8403 -0.5421 0.0000
vn 0.8406 -0.5416 0.0000
vn 0.9667 -0.2559 0.0000
vn 0.7055 -0.7087 0.0000
vn 0.7056 -0.7086 0.0000
vn 1.0000 0.0003 0.0000
vn -0.0043 -1.0000 -0.0000
vn 0.9668 -0.2556 -0.0000
vn 0.9393 -0.3431 0.0000
vn 0.9393 -0.3430 0.0000
vn -0.9384 0.3454 0.0000
vn -0.9384 0.3455 0.0000
vn -0.9700 0.2431 -0.0000
vn 0.0047 1.0000 -0.0000
vn 0.0014 -1.0000 -0.0001
vn -0.9080 -0.4190 -0.0000
vn -0.9392 -0.3433 0.0000
vn -0.9667 -0.2559 0.0000
vn 0.0043 -1.0000 -0.0000
vn 0.2693 0.9631 0.0000
vn 0.4695 0.1535 0.8695
vn 0.4616 0.2857 0.8398
vn 0.4616 0.2857 -0.8398
vn 0.4695 0.1535 -0.8695
vn 0.4412 0.6346 -0.6346
vn 0.4617 0.8398 -0.2857
vn 0.4695 0.8695 -0.1535
vn 0.2692 0.0000 -0.9631
vn 0.4616 -0.8398 -0.2859
vn 0.4694 -0.8695 -0.1537
vn 0.4412 -0.6345 -0.6346
vn 0.4616 -0.2857 -0.8398
vn 0.4695 -0.1535 -0.8695
vn 0.2692 -0.9631 -0.0002
vn 0.4616 -0.2857 0.8398
vn 0.4695 -0.1535 0.8695
vn 0.4412 -0.6346 0.6345
vn 0.4617 -0.8398 0.2856
vn 0.4696 -0.8695 0.1533
vn 0.2692 0.0000 0.9631
vn 0.5517 0.0000 0.8340
vn 0.9999 0.0000 0.0160
vn 0.7915 -0.6017 0.1066
vn 1.0000 -0.0083 0.0015
vn 1.0000 -0.0081 0.0030
vn 0.7681 -0.6003 0.2227
vn 0.7681 0.6003 0.2229
vn 1.0000 0.0081 0.0031
vn 1.0000 0.0083 0.0015
vn 0.7915 0.6017 0.1067
vn 0.4617 0.8398 0.2857
vn 0.4695 0.8695 0.1535
vn 0.7299 0.4833 0.4833
vn 1.0000 0.0064 0.0064
vn 0.4412 0.6346 0.6346
vn 0.7681 0.2229 0.6003
vn 1.0000 0.0029 0.0081
vn 0.7915 0.1067 0.6017
vn 1.0000 0.0015 0.0083
vn 0.0796 0.3470 0.9345
vn 0.0758 0.7051 0.7051
vn 0.0819 0.1741 0.9813
vn 0.5581 0.8298 -0.0000
vn 0.0432 0.9991 -0.0000
vn 0.9999 0.0160 -0.0000
vn 0.9999 0.0161 -0.0000
vn 0.0797 0.3470 -0.9345
vn 0.7681 0.2229 -0.6003
vn 0.7915 0.1067 -0.6017
vn 0.0820 0.1741 -0.9813
vn 1.0000 0.0032 -0.0081
vn 1.0000 0.0015 -0.0083
vn 0.0757 0.7051 -0.7051
vn 0.7299 0.4834 -0.4834
vn 1.0000 0.0064 -0.0065
vn 0.0796 0.9345 -0.3470
vn 0.7681 0.6003 -0.2229
vn 1.0000 0.0081 -0.0031
vn 0.0820 0.9813 -0.1741
vn 0.7915 0.6017 -0.1067
vn 1.0000 0.0083 -0.0015
vn 0.5517 0.0000 -0.8340
vn 0.0432 0.0000 -0.9991
vn 0.9999 0.0000 -0.0160
vn 0.0797 -0.9344 -0.3472
vn 0.7681 -0.6002 -0.2230
vn 0.7915 -0.6017 -0.1068
vn 0.0819 -0.9813 -0.1743
vn 1.0000 -0.0081 -0.0029
vn 1.0000 -0.0083 -0.0015
vn 0.0758 -0.7050 -0.7052
vn 0.7299 -0.4833 -0.4834
vn 1.0000 -0.0065 -0.0064
vn 0.0796 -0.3470 -0.9345
vn 0.7681 -0.2229 -0.6003
vn 1.0000 -0.0035 -0.0081
vn 0.0819 -0.1740 -0.9813
vn 0.7915 -0.1067 -0.6017
vn 1.0000 -0.0015 -0.0083
vn 0.5581 -0.8298 -0.0002
vn 0.0432 -0.9991 -0.0002
vn 0.9999 -0.0161 -0.0000
vn 0.9999 -0.0160 -0.0000
vn 0.0797 -0.3471 0.9344
vn 0.7681 -0.2229 0.6003
vn 0.7915 -0.1067 0.6017
vn 0.0819 -0.1741 0.9813
vn 1.0000 -0.0028 0.0082
vn 1.0000 -0.0015 0.0083
vn 0.0758 -0.7051 0.7050
vn 0.7299 -0.4834 0.4833
vn 1.0000 -0.0064 0.0065
vn 0.0796 -0.9345 0.3469
vn 0.0819 -0.9814 0.1739
vn 0.4385 -0.8387 0.3229
vn 0.8676 -0.4649 0.1765
vn 0.8568 -0.3646 0.3645
vn 0.4133 -0.6440 0.6438
vn 0.4575 -0.8755 0.1555
vn 0.8739 -0.4786 0.0849
vn 0.2579 0.0000 0.9662
vn 0.6868 0.0000 0.7268
vn 0.0432 0.0000 0.9991
vn 0.4385 0.8387 0.3230
vn 0.8676 0.4649 0.1766
vn 0.8739 0.4786 0.0850
vn 0.4575 0.8755 0.1556
vn 0.0797 0.9345 0.3470
vn 0.0819 0.9813 0.1740
vn 0.4132 0.6439 0.6439
vn 0.8568 0.3646 0.3646
vn 0.4385 0.3230 0.8386
vn 0.8676 0.1766 0.4648
vn 0.0000 0.7071 0.7071
vn 0.0000 0.3611 0.9325
vn 0.0000 0.9325 0.3611
vn 0.4385 0.8387 -0.3230
vn 0.4132 0.6439 -0.6439
vn 0.0000 0.7071 -0.7071
vn 0.0000 0.9325 -0.3611
vn 0.4386 0.3230 -0.8386
vn 0.0000 0.3611 -0.9325
vn 0.4386 -0.3230 -0.8387
vn 0.4132 -0.6439 -0.6440
vn 0.0000 -0.7070 -0.7072
vn 0.0000 -0.3611 -0.9325
vn 0.4386 -0.8386 -0.3232
vn 0.0000 -0.9325 -0.3613
vn 0.8676 -0.1765 -0.4648
vn 0.8568 -0.3646 -0.3646
vn 0.8676 -0.4648 -0.1767
vn 0.8739 -0.4785 -0.0851
vn 0.4575 -0.8754 -0.1558
vn 0.0000 -0.9845 -0.1753
vn 0.6869 0.0000 -0.7268
vn 0.2579 0.0000 -0.9662
vn 0.4575 0.8755 -0.1556
vn 0.0000 0.9845 -0.1751
vn 0.8739 0.4786 -0.0850
vn 0.8676 0.4649 -0.1766
vn 0.8568 0.3646 -0.3646
vn 0.4575 -0.1556 -0.8755
vn 0.8739 -0.0850 -0.4786
vn 0.0000 -0.1751 -0.9845
vn 0.6868 -0.7268 -0.0002
vn 0.2596 -0.9657 -0.0002
vn 0.2597 -0.9657 -0.0002
vn 0.9854 -0.1701 -0.0000
vn 0.4386 -0.3230 0.8386
vn 0.8676 -0.1766 0.4648
vn 0.8739 -0.0850 0.4785
vn 0.4576 -0.1556 0.8754
vn 0.0000 -0.1751 0.9845
vn 0.0000 -0.3611 0.9325
vn 0.0000 -0.7072 0.7070
vn 0.0000 -0.9326 0.3609
vn 0.8676 0.1766 -0.4648
vn 0.8739 0.0850 -0.4786
vn 0.4575 0.1556 -0.8755
vn 0.0000 0.1751 -0.9845
vn 0.6869 0.7268 -0.0000
vn 0.2597 0.9657 -0.0000
vn 0.4575 0.1557 0.8755
vn 0.8739 0.0850 0.4786
vn 0.0000 0.1751 0.9845
vn 0.0000 -0.9846 0.1749
vn 0.0000 0.9845 0.1751
vn -0.2692 0.0000 0.9631
vn -0.4617 0.8398 0.2857
vn -0.4695 0.8695 0.1535
vn -0.4696 -0.8695 0.1533
vn -0.4617 -0.8398 0.2856
vn -0.4412 -0.6346 0.6345
vn -0.4616 -0.2857 0.8398
vn -0.4695 -0.1535 0.8695
vn -0.2693 -0.9630 -0.0002
vn -0.9999 -0.0161 -0.0000
vn -0.9999 -0.0160 -0.0000
vn -0.5581 -0.8298 -0.0002
vn -0.7681 -0.2229 0.6003
vn -0.7916 -0.1067 0.6017
vn -1.0000 -0.0015 0.0083
vn -1.0000 -0.0027 0.0082
vn -0.7915 -0.1067 -0.6017
vn -0.7681 -0.2229 -0.6003
vn -1.0000 -0.0035 -0.0081
vn -1.0000 -0.0015 -0.0083
vn -0.4695 -0.1535 -0.8695
vn -0.4616 -0.2857 -0.8398
vn -0.7299 -0.4833 -0.4834
vn -1.0000 -0.0065 -0.0064
vn -0.4412 -0.6345 -0.6346
vn -0.7681 -0.6003 -0.2230
vn -1.0000 -0.0081 -0.0029
vn -0.7915 -0.6017 -0.1068
vn -1.0000 -0.0083 -0.0015
vn -0.0796 -0.9344 -0.3472
vn -0.0820 -0.9813 -0.1743
vn -0.0758 -0.7050 -0.7052
vn -0.5517 0.0000 -0.8340
vn -0.0432 0.0000 -0.9991
vn -0.9999 0.0000 -0.0160
vn -0.0820 0.9813 -0.1741
vn -0.0797 0.9345 -0.3470
vn -0.7681 0.6003 -0.2229
vn -0.7915 0.6017 -0.1067
vn -1.0000 0.0081 -0.0029
vn -1.0000 0.0083 -0.0015
vn -0.0757 0.7051 -0.7051
vn -0.7299 0.4834 -0.4833
vn -1.0000 0.0064 -0.0065
vn -0.0796 0.3470 -0.9345
vn -0.7681 0.2229 -0.6003
vn -1.0000 0.0035 -0.0081
vn -0.0820 0.1741 -0.9813
vn -0.7915 0.1067 -0.6017
vn -1.0000 0.0015 -0.0083
vn -0.5582 0.8297 -0.0000
vn -0.0432 0.9991 -0.0000
vn -0.9999 0.0160 -0.0000
vn -0.0819 0.1741 0.9813
vn -0.0797 0.3470 0.9345
vn -0.7681 0.2229 0.6003
vn -0.7915 0.1067 0.6017
vn -1.0000 0.0032 0.0081
vn -1.0000 0.0015 0.0083
vn -0.0758 0.7051 0.7051
vn -0.7299 0.4833 0.4833
vn -1.0000 0.0064 0.0064
vn -0.0796 0.9345 0.3471
vn -0.7681 0.6003 0.2229
vn -1.0000 0.0081 0.0028
vn -0.0820 0.9813 0.1740
vn -0.7915 0.6017 0.1067
vn -1.0000 0.0083 0.0015
vn -0.0432 0.0000 0.9991
vn -0.5517 0.0000 0.8340
vn -0.9999 0.0000 0.0160
vn -0.0819 -0.9814 0.1739
vn -0.0797 -0.9345 0.3469
vn -0.7681 -0.6003 0.2227
vn -0.7915 -0.6017 0.1066
vn -1.0000 -0.0081 0.0030
vn -1.0000 -0.0083 0.0015
vn -0.0758 -0.7051 0.7050
vn -0.7299 -0.4834 0.4833
vn -1.0000 -0.0064 0.0065
vn -0.0796 -0.3471 0.9345
vn -0.0819 -0.1741 0.9813
vn -0.4386 -0.3230 0.8386
vn -0.4576 -0.1556 0.8754
vn -0.8739 -0.0850 0.4785
vn -0.8676 -0.1766 0.4648
vn -0.4133 -0.6440 0.6438
vn -0.8568 -0.3646 0.3645
vn -0.6869 -0.7267 -0.0002
vn -0.2597 -0.9657 -0.0002
vn -0.0431 -0.9991 -0.0002
vn -0.4575 -0.1556 -0.8755
vn -0.4386 -0.3230 -0.8387
vn -0.8676 -0.1765 -0.4648
vn -0.8739 -0.0850 -0.4786
vn -0.0819 -0.1740 -0.9813
vn -0.0797 -0.3470 -0.9345
vn -0.4132 -0.6439 -0.6440
vn -0.8568 -0.3646 -0.3646
vn -0.4386 -0.8386 -0.3232
vn -0.8676 -0.4648 -0.1767
vn -0.4385 0.8387 -0.3230
vn -0.4132 0.6439 -0.6439
vn -0.0000 0.3611 -0.9325
vn -0.4386 0.3230 -0.8386
vn -0.4386 0.3230 0.8387
vn -0.4132 0.6439 0.6439
vn -0.4385 0.8387 0.3230
vn -0.8568 0.3646 0.3646
vn -0.8676 0.1766 0.4648
vn -0.8676 0.4649 0.1766
vn -0.4575 0.8755 0.1557
vn -0.8739 0.4786 0.0850
vn -0.2579 0.0000 0.9662
vn -0.6868 0.0000 0.7268
vn -0.4386 -0.8387 0.3228
vn -0.4576 -0.8755 0.1555
vn -0.8676 -0.4649 0.1765
vn -0.8739 -0.4786 0.0849
vn -0.4575 0.1556 0.8755
vn -0.8739 0.0850 0.4786
vn -0.6869 0.7268 -0.0000
vn -0.2597 0.9657 0.0000
vn -0.2597 0.9657 -0.0000
vn -0.4575 0.1557 -0.8755
vn -0.8739 0.0850 -0.4786
vn -0.8676 0.1766 -0.4648
vn -0.0000 0.1751 -0.9845
vn -0.8568 0.3646 -0.3646
vn -0.8676 0.4649 -0.1766
vn -0.4575 0.8755 -0.1556
vn -0.8739 0.4786 -0.0850
vn -0.6869 0.0000 -0.7268
vn -0.2579 0.0000 -0.9662
vn -0.4575 -0.8754 -0.1558
vn -0.8739 -0.4785 -0.0851
vn 0.0001 -1.0000 -0.0002
vn -0.4412 0.6346 0.6346
vn -0.9991 0.0433 -0.0000
vn 0.0000 -0.0000 -1.0000
vn 0.9991 0.0433 0.0000
vn 0.9991 0.0433 0.0013
vn 0.9247 0.3807 -0.0000
vn 0.8072 0.5902 0.0000
vn 0.9247 0.3807 0.0000
vn 0.2250 0.9744 -0.0000
vn 0.2251 0.9743 -0.0000
vn -0.0020 1.0000 0.0000
vn 0.9986 0.0525 -0.0000
vn 0.7029 0.0608 0.7087
vn 0.2459 0.9373 0.2470
vn 0.0906 0.9917 0.0912
vn 0.4951 0.8688 0.0000
vn 0.4951 0.8688 -0.0000
vn 0.1871 0.9823 -0.0000
vn 0.5724 0.5854 0.5742
vn 0.9163 0.4005 -0.0000
vn 0.9993 0.0384 0.0002
vn 0.9993 0.0384 -0.0000
vn 0.9988 0.0491 0.0000
vn 0.9988 0.0492 -0.0000
vn 0.7046 0.0740 0.7057
vn 0.7044 0.0740 0.7059
vn 0.7049 0.0669 0.7062
vn 0.6205 0.4785 0.6213
vn 0.5053 0.6992 0.5058
vn 0.0000 0.3827 0.9239
vn 0.0000 0.0495 0.9988
vn 0.0000 0.5920 0.8059
vn -0.5053 0.6992 0.5058
vn -0.6205 0.4785 0.6213
vn -0.7049 0.0669 0.7062
vn 0.0013 1.0000 -0.0013
vn -0.1102 0.9878 0.1102
vn 0.0000 0.9746 0.2237
vn 0.0000 1.0000 -0.0026
vn -0.0000 0.9746 0.2237
vn 0.0000 0.6435 0.7655
vn -0.0000 0.6435 0.7655
vn -0.4462 0.7756 0.4465
vn 0.1102 0.9878 0.1102
vn 0.4462 0.7756 0.4465
vn -0.0013 1.0000 -0.0013
vn 0.7651 0.6439 -0.0000
vn 0.7062 0.0716 0.7044
vn 0.7051 0.0716 0.7055
vn 0.7069 0.0089 0.7073
vn 0.0000 0.0432 0.9991
vn -0.0013 0.0432 0.9991
vn -0.7040 0.0716 0.7066
vn -0.7051 0.0716 0.7055
vn -0.7069 0.0089 0.7073
vn -0.7651 0.6439 -0.0000
vn -0.2250 0.9744 -0.0000
vn -0.2251 0.9743 -0.0000
vn 0.0020 1.0000 0.0000
vn -0.9247 0.3807 -0.0000
vn -0.8072 0.5902 0.0000
vn -0.9986 0.0525 -0.0000
vn -0.7029 0.0608 0.7087
vn -0.2459 0.9373 0.2470
vn -0.0906 0.9917 0.0912
vn -0.4951 0.8688 0.0000
vn -0.1871 0.9823 -0.0000
vn -0.4951 0.8688 -0.0000
vn -0.5724 0.5854 0.5742
vn -0.9163 0.4005 -0.0000
vn -0.9993 0.0384 -0.0000
vn -0.9988 0.0491 0.0000
vn -0.9988 0.0492 -0.0000
vn -0.7041 0.0740 0.7062
vn -0.7044 0.0740 0.7059
vn 0.0000 0.0386 0.9993
vn 0.0000 0.4022 0.9155
vn -0.0000 0.4022 0.9155
vn -0.0003 0.0386 0.9993
vn 0.0000 0.8696 0.4937
vn -0.0000 0.8696 0.4937
vn 0.0000 0.9826 0.1855
vn 0.0000 0.0029 1.0000
vn -0.7007 0.0006 0.7135
vn 0.7007 0.0006 0.7135
vn 0.7004 -0.0031 0.7138
vn 0.0000 0.0037 1.0000
vn -0.7004 -0.0031 0.7138
vn -0.5205 0.6735 0.5249
vn -0.4063 0.8164 0.4103
vn 0.0000 0.7725 0.6351
vn 0.0000 0.6210 0.7838
vn -0.0000 0.6210 0.7838
vn 0.5205 0.6735 0.5249
vn 0.4063 0.8164 0.4103
vn 0.6131 0.4923 0.6178
vn 0.0000 0.4473 0.8944
vn 0.6586 0.3547 0.6637
vn 0.0000 0.3060 0.9520
vn -0.6131 0.4923 0.6178
vn -0.6586 0.3547 0.6637
vn -0.6954 0.1598 0.7006
vn 0.0000 0.1302 0.9915
vn -0.7044 -0.0196 0.7095
vn 0.6954 0.1598 0.7006
vn 0.7044 -0.0196 0.7095
vn 0.4835 -0.7271 0.4874
vn 0.5127 -0.6854 0.5171
vn 0.0000 -0.5836 0.8121
vn 0.0000 -0.5286 0.8488
vn 0.0000 -0.5286 0.8489
vn 0.6198 -0.4743 0.6252
vn 0.0000 -0.3276 0.9448
vn -0.0000 -0.3276 0.9448
vn -0.4835 -0.7271 0.4874
vn -0.5127 -0.6854 0.5171
vn -0.5127 -0.6854 0.5170
vn -0.6198 -0.4744 0.6252
vn -0.6198 -0.4743 0.6252
vn -0.7039 0.0060 0.7103
vn -0.7039 0.0056 0.7103
vn 0.0000 0.0001 1.0000
vn -0.6157 0.4843 0.6216
vn -0.0000 0.3276 0.9448
vn 0.0000 0.3276 0.9448
vn 0.7039 0.0054 0.7103
vn 0.7039 0.0059 0.7103
vn 0.6157 0.4843 0.6216
vn 0.5063 0.6943 0.5116
vn 0.5063 0.6942 0.5116
vn 0.0000 0.5286 0.8489
vn 0.4757 0.7365 0.4809
vn 0.0000 0.5836 0.8121
vn -0.5063 0.6942 0.5116
vn -0.4757 0.7365 0.4809
vn 0.7937 0.6083 -0.0000
vn 0.8330 0.5533 0.0000
vn -0.9880 0.1544 0.0003
vn -0.7937 -0.6083 -0.0000
vn -0.8330 -0.5533 -0.0000
vn -0.9378 -0.3471 0.0000
vn -0.9378 -0.3471 -0.0000
vn -1.0000 0.0002 -0.0000
vn -1.0000 -0.0000 -0.0000
vn -0.9378 0.3471 -0.0000
vn -0.8330 0.5533 -0.0000
vn -0.9564 0.2921 0.0004
vn -0.9080 0.4189 0.0001
vn -0.9080 0.4189 0.0002
vn -0.7879 0.6158 -0.0000
vn -0.7879 0.6158 0.0000
vn -0.6415 0.7671 -0.0000
vn -1.0000 0.0051 -0.0000
vn -0.7937 0.6083 -0.0000
vn 0.9880 0.1544 0.0003
vn 0.7937 -0.6083 -0.0000
vn 0.8330 -0.5533 -0.0000
vn 0.9378 -0.3471 0.0000
vn 0.9378 -0.3471 -0.0000
vn 1.0000 0.0002 -0.0000
vn 1.0000 -0.0000 -0.0000
vn 0.9378 0.3471 -0.0000
vn 0.9378 0.3471 0.0000
vn 0.8330 0.5533 -0.0000
vn 0.9564 0.2921 0.0004
vn 0.9080 0.4189 0.0002
vn 0.7879 0.6158 0.0000
vn 0.7879 0.6158 -0.0000
vn 0.6415 0.7671 -0.0000
vn 1.0000 0.0051 -0.0000
vn 0.0020 -1.0000 0.0013
vn 0.0022 -1.0000 0.0020
vn 0.0016 -1.0000 0.0020
vn 0.0013 -1.0000 0.0021
vn 0.0012 -1.0000 0.0022
vn 0.0022 -1.0000 0.0012
vn 0.0008 -1.0000 0.0015
vn 0.0005 -1.0000 0.0016
vn -0.0007 -1.0000 0.0019
vn 0.8654 0.0303 0.5001
vn 0.4879 0.0301 0.8724
vn 0.4881 0.0020 0.8728
vn 0.8658 0.0026 0.5004
vn 0.0315 -0.0005 0.9995
vn 0.0315 0.0260 0.9992
vn 0.7331 0.5325 0.4232
vn 0.4137 0.5295 0.7406
vn 0.0258 0.5119 0.8587
vn -1.0000 -0.0030 -0.0000
vn 0.0093 0.9376 0.3476
vn 0.1622 0.9426 0.2918
vn 0.0752 0.9878 0.1363
vn 0.0035 0.9865 0.1635
vn 0.2875 0.9434 0.1652
vn 0.1342 0.9880 0.0765
vn 0.4705 0.2525 0.8455
vn 0.8383 0.2544 0.4822
vn 0.4706 0.2525 0.8455
vn 0.0260 0.2400 0.9704
vn 0.1783 0.9787 0.1016
vn 0.1783 0.9787 0.1015
vn 0.0998 0.9784 0.1811
vn 0.0044 0.9762 0.2167
vn -1.0000 -0.0030 0.0000
vn 0.4524 0.3541 0.8185
vn 0.4027 0.5526 0.7297
vn 0.0153 0.5337 0.8455
vn 0.0194 0.3381 0.9409
vn 0.0858 0.9839 0.1569
vn 0.0026 0.9823 0.1875
vn 0.8113 0.3565 0.4634
vn 0.7222 0.5556 0.4119
vn 0.1545 0.9841 0.0873
vn -0.0014 1.0000 -0.0020
vn -0.0020 1.0000 -0.0014
vn -0.0003 1.0000 -0.0016
vn 0.0002 -0.0003 -1.0000
vn -0.7014 -0.0023 -0.7127
vn -1.0000 -0.0003 0.0002
vn 0.0000 -0.0033 -1.0000
vn 0.1848 0.9828 0.0027
vn -0.0016 1.0000 -0.0003
vn 0.8418 0.5395 0.0169
vn 0.9392 0.3427 0.0200
vn 0.2136 0.9769 0.0044
vn 0.9695 0.2435 0.0270
vn 0.1611 0.9869 0.0036
vn 0.3429 0.9393 0.0095
vn 0.8552 0.5177 0.0267
vn 0.9991 0.0264 0.0326
vn 0.9995 -0.0005 0.0326
vn 0.0016 -1.0000 0.0004
vn 0.0015 -1.0000 0.0008
vn 0.0019 -1.0000 -0.0007
vn -0.3330 0.9429 -0.0000
vn -0.3330 0.9429 0.0000
vn -0.8476 0.5307 -0.0000
vn -0.9996 0.0278 -0.0000
vn -0.9996 0.0278 0.0000
vn 0.0000 0.0007 1.0000
vn 0.0000 0.0008 1.0000
vn -0.0000 0.0007 1.0000
vn -0.1574 0.9875 -0.0000
vn -0.9678 0.2516 -0.0000
vn -0.2082 0.9781 -0.0000
vn -0.8310 0.5563 -0.0000
vn -0.9354 0.3535 -0.0000
vn -0.8310 0.5563 -0.0001
vn -0.1738 0.9848 -0.0000
vn -0.0022 -1.0000 0.0018
vn -0.0013 -1.0000 0.0021
vn -0.0016 -1.0000 0.0020
vn -0.0020 -1.0000 0.0016
vn -0.0022 -1.0000 0.0014
vn -0.0009 -1.0000 0.0022
vn -0.0004 -1.0000 0.0016
vn -0.0008 -1.0000 0.0015
vn 0.0007 -1.0000 0.0019
vn -0.8654 0.0304 0.5002
vn -0.8658 0.0020 0.5004
vn -0.4881 0.0026 0.8728
vn -0.4879 0.0301 0.8724
vn -0.0315 -0.0005 0.9995
vn -0.0314 0.0259 0.9992
vn -0.4137 0.5295 0.7406
vn -0.7331 0.5325 0.4232
vn -0.0259 0.5119 0.8587
vn 1.0000 -0.0030 -0.0000
vn 1.0000 -0.0030 0.0000
vn -0.0093 0.9376 0.3476
vn -0.1622 0.9426 0.2918
vn -0.0035 0.9865 0.1635
vn -0.0752 0.9878 0.1363
vn -0.2875 0.9434 0.1651
vn -0.1342 0.9880 0.0765
vn -0.4705 0.2525 0.8455
vn -0.4706 0.2525 0.8455
vn -0.8383 0.2543 0.4822
vn -0.0260 0.2400 0.9704
vn -0.1783 0.9787 0.1016
vn -0.0998 0.9784 0.1811
vn -0.1783 0.9787 0.1015
vn -0.0044 0.9762 0.2167
vn -0.4524 0.3541 0.8185
vn -0.0194 0.3381 0.9409
vn -0.0164 0.5337 0.8455
vn -0.4027 0.5526 0.7297
vn -0.0026 0.9823 0.1875
vn -0.0858 0.9839 0.1569
vn -0.7222 0.5556 0.4119
vn -0.8113 0.3565 0.4634
vn -0.1545 0.9841 0.0873
vn 0.0018 1.0000 -0.0022
vn 0.0020 1.0000 -0.0014
vn 0.0003 1.0000 -0.0016
vn -0.0002 -0.0003 -1.0000
vn 0.7014 -0.0023 -0.7127
vn 1.0000 -0.0003 0.0002
vn 0.0016 1.0000 -0.0003
vn -0.1848 0.9828 0.0027
vn -0.8418 0.5395 0.0158
vn -0.9392 0.3427 0.0200
vn -0.2136 0.9769 0.0044
vn -0.9695 0.2435 0.0270
vn -0.1611 0.9869 0.0036
vn -0.3429 0.9393 0.0095
vn -0.8552 0.5177 0.0267
vn -0.9991 0.0264 0.0326
vn -0.9995 -0.0005 0.0326
vn -0.0016 -1.0000 0.0004
vn -0.0015 -1.0000 0.0008
vn -0.0019 -1.0000 -0.0007
vn 0.3330 0.9429 -0.0000
vn 0.8476 0.5307 0.0000
vn 0.8476 0.5307 -0.0000
vn 0.9996 0.0278 0.0001
vn 0.9996 0.0278 -0.0000
vn -0.0000 0.0008 1.0000
vn 0.1574 0.9875 -0.0000
vn 0.9678 0.2516 -0.0000
vn 0.2082 0.9781 -0.0000
vn 0.8310 0.5563 -0.0000
vn 0.8310 0.5563 0.0001
vn 0.9354 0.3535 -0.0000
vn 0.1738 0.9848 -0.0000
vn 0.1738 0.9848 -0.0001
vn 0.5556 0.0000 0.8315
vn 0.5312 0.2928 0.7950
vn 0.3653 0.2980 0.8819
vn 0.3827 0.0000 0.9239
vn 0.0000 0.2980 0.9546
vn -0.3653 0.2980 0.8819
vn -0.3827 0.0000 0.9239
vn -0.6750 0.2980 0.6750
vn -0.8819 0.2980 0.3653
vn -0.9239 0.0000 0.3827
vn -0.9546 0.2980 -0.0000
vn -0.8819 0.2980 -0.3653
vn -0.9239 0.0000 -0.3827
vn -0.7950 0.2928 -0.5312
vn -0.8315 0.0000 -0.5556
vn -0.7517 0.5814 -0.3114
vn -0.6809 0.5739 -0.4550
vn -0.8109 -0.4793 -0.3359
vn -0.7330 -0.4721 -0.4898
vn -0.8136 0.5814 0.0000
vn -0.8777 -0.4793 -0.0000
vn -0.7517 0.5814 0.3114
vn -0.8109 -0.4793 0.3359
vn -0.5753 0.5814 0.5753
vn -0.6206 -0.4793 0.6206
vn -0.3114 0.5814 0.7517
vn -0.3359 -0.4793 0.8109
vn 0.0000 0.5814 0.8136
vn -0.0000 -0.4793 0.8777
vn 0.3114 0.5814 0.7517
vn 0.3359 -0.4793 0.8109
vn 0.4550 0.5739 0.6809
vn 0.4898 -0.4721 0.7330
vn 0.5133 -0.3827 0.7682
vn 0.3525 -0.3891 0.8511
vn 0.4388 0.6133 0.6567
vn 0.3000 0.6207 0.7243
vn -0.0000 -0.3891 0.9212
vn -0.0001 0.6207 0.7840
vn -0.3525 -0.3891 0.8511
vn -0.3000 0.6207 0.7243
vn -0.6514 -0.3891 0.6514
vn -0.5544 0.6207 0.5543
vn -0.8511 -0.3891 0.3525
vn -0.7243 0.6207 0.3000
vn -0.9212 -0.3891 -0.0000
vn -0.7840 0.6207 -0.0000
vn -0.8511 -0.3891 -0.3525
vn -0.7243 0.6207 -0.3001
vn -0.7682 -0.3827 -0.5133
vn -0.6567 0.6133 -0.4388
vn -0.3902 0.9064 -0.1616
vn -0.3568 0.9032 -0.2384
vn -0.5784 -0.7184 -0.3865
vn -0.6363 -0.7251 -0.2635
vn -0.7801 -0.5358 -0.3231
vn -0.7059 -0.5284 -0.4717
vn -0.9138 -0.1474 -0.3785
vn -0.8227 -0.1452 -0.5497
vn -0.9890 -0.1478 -0.0000
vn -0.8443 -0.5358 -0.0000
vn -0.6887 -0.7251 -0.0000
vn -0.9138 -0.1474 0.3785
vn -0.7801 -0.5358 0.3231
vn -0.6363 -0.7251 0.2635
vn -0.3902 0.9064 0.1616
vn -0.4224 0.9064 -0.0000
vn -0.4870 -0.7251 0.4870
vn -0.5970 -0.5358 0.5970
vn -0.2987 0.9064 0.2987
vn -0.2635 -0.7251 0.6363
vn -0.3231 -0.5358 0.7801
vn -0.1616 0.9064 0.3902
vn -0.3785 -0.1477 0.9138
vn -0.6994 -0.1477 0.6994
vn 0.0000 -0.1477 0.9890
vn 0.0000 -0.5358 0.8444
vn 0.0000 -0.7251 0.6887
vn 0.3785 -0.1478 0.9137
vn 0.3231 -0.5357 0.7801
vn 0.2635 -0.7251 0.6363
vn 0.1616 0.9064 0.3902
vn -0.0000 0.9064 0.4224
vn 0.3865 -0.7184 0.5784
vn 0.4717 -0.5284 0.7059
vn 0.2384 0.9032 0.3568
vn 0.5497 -0.1446 0.8227
vn 0.5438 0.2044 0.8139
vn 0.3743 0.2083 0.9036
vn -0.0000 0.2083 0.9781
vn 0.3712 0.2434 0.8961
vn 0.0000 0.2434 0.9699
vn 0.5395 0.2390 0.8074
vn 0.0850 -0.9750 0.2053
vn 0.1257 -0.9741 0.1882
vn 0.2582 -0.8854 0.3864
vn 0.1752 -0.8891 0.4229
vn -0.0000 -0.9750 0.2222
vn 0.0000 -0.8891 0.4577
vn 0.3575 -0.3570 0.8630
vn 0.0000 -0.3570 0.9341
vn 0.5202 -0.3510 0.7786
vn 0.5053 0.4156 0.7563
vn 0.3469 0.4224 0.8374
vn 0.3250 0.8110 0.4864
vn 0.2210 0.8163 0.5336
vn 0.2118 0.9245 0.3170
vn 0.1435 0.9271 0.3464
vn 0.2210 -0.8163 0.5336
vn 0.1435 -0.9271 0.3464
vn 0.2118 -0.9245 0.3170
vn 0.3250 -0.8110 0.4864
vn 0.3469 -0.4223 0.8374
vn 0.5053 -0.4157 0.7562
vn 0.3575 0.3570 0.8630
vn 0.5202 0.3510 0.7786
vn 0.1751 0.8891 0.4229
vn 0.2582 0.8854 0.3864
vn -0.0000 0.8891 0.4577
vn -0.0000 0.3570 0.9341
vn 0.0000 -0.4223 0.9064
vn -0.1752 0.8891 0.4229
vn -0.3575 0.3570 0.8630
vn -0.3469 -0.4223 0.8374
vn 0.0000 -0.8163 0.5776
vn -0.2210 -0.8163 0.5336
vn 0.0000 -0.9271 0.3749
vn -0.1435 -0.9271 0.3464
vn 0.0000 0.8164 0.5775
vn 0.0000 0.9271 0.3749
vn -0.2210 0.8164 0.5336
vn -0.1435 0.9271 0.3464
vn 0.0000 0.4224 0.9064
vn -0.3469 0.4224 0.8374
vn -0.3575 -0.3570 0.8630
vn -0.1752 -0.8891 0.4229
vn -0.3237 -0.8891 0.3237
vn -0.6605 -0.3570 0.6605
vn -0.6410 0.4224 0.6409
vn -0.4229 -0.8891 0.1752
vn -0.8630 -0.3570 0.3575
vn -0.8374 0.4224 0.3469
vn -0.4084 0.8163 0.4084
vn -0.5336 0.8163 0.2210
vn -0.2651 0.9271 0.2651
vn -0.3464 0.9271 0.1435
vn -0.5336 -0.8163 0.2210
vn -0.3464 -0.9271 0.1435
vn -0.2651 -0.9271 0.2651
vn -0.4084 -0.8163 0.4084
vn -0.8374 -0.4223 0.3469
vn -0.6410 -0.4223 0.6409
vn -0.8630 0.3570 0.3575
vn -0.6605 0.3570 0.6605
vn -0.3237 0.8891 0.3236
vn -0.4229 0.8891 0.1752
vn -0.4577 0.8891 -0.0000
vn -0.9341 0.3570 -0.0000
vn -0.9064 -0.4223 0.0000
vn -0.4229 0.8891 -0.1752
vn -0.8630 0.3570 -0.3575
vn -0.8374 -0.4223 -0.3469
vn -0.5336 -0.8163 -0.2210
vn -0.5776 -0.8163 0.0000
vn -0.3464 -0.9271 -0.1435
vn -0.3749 -0.9271 -0.0000
vn -0.5336 0.8163 -0.2210
vn -0.5776 0.8163 -0.0000
vn -0.3749 0.9271 -0.0000
vn -0.3464 0.9271 -0.1435
vn -0.8374 0.4224 -0.3469
vn -0.9064 0.4224 -0.0000
vn -0.8630 -0.3570 -0.3575
vn -0.9341 -0.3570 0.0000
vn -0.4577 -0.8891 -0.0000
vn -0.4229 -0.8891 -0.1752
vn -0.3864 -0.8854 -0.2582
vn -0.7786 -0.3510 -0.5202
vn -0.7563 0.4156 -0.5053
vn -0.4864 0.8110 -0.3250
vn -0.3170 0.9245 -0.2118
vn -0.4864 -0.8110 -0.3250
vn -0.3170 -0.9245 -0.2118
vn -0.7562 -0.4157 -0.5053
vn -0.7786 0.3510 -0.5202
vn -0.3864 0.8854 -0.2582
vn -0.1882 0.9741 -0.1257
vn -0.2052 0.9750 -0.0850
vn -0.8139 -0.2044 -0.5438
vn -0.8074 -0.2390 -0.5395
vn -0.8961 -0.2434 -0.3712
vn -0.9036 -0.2083 -0.3743
vn -0.9138 0.1477 -0.3785
vn -0.8227 0.1452 -0.5497
vn -0.9781 -0.2083 -0.0000
vn -0.9890 0.1481 -0.0000
vn -0.9699 -0.2434 0.0000
vn -0.8444 0.5358 -0.0000
vn -0.7801 0.5358 -0.3231
vn -0.7059 0.5284 -0.4717
vn -0.6363 0.7251 -0.2636
vn -0.6887 0.7251 -0.0000
vn -0.5784 0.7183 -0.3865
vn -0.7243 -0.6207 -0.3000
vn -0.3902 -0.9064 -0.1616
vn -0.4224 -0.9064 -0.0000
vn -0.7840 -0.6207 -0.0000
vn -0.6567 -0.6133 -0.4388
vn -0.3568 -0.9032 -0.2384
vn -0.8511 0.3891 -0.3525
vn -0.9212 0.3891 -0.0000
vn -0.7682 0.3827 -0.5133
vn -0.7330 0.4721 -0.4898
vn -0.8109 0.4793 -0.3359
vn -0.8777 0.4792 0.0000
vn -0.6809 -0.5739 -0.4550
vn -0.7517 -0.5814 -0.3114
vn -0.8136 -0.5814 0.0000
vn -0.7950 -0.2928 -0.5312
vn -0.8819 -0.2980 -0.3653
vn -0.9546 -0.2980 -0.0000
vn -0.8819 -0.2980 0.3653
vn -0.7517 -0.5814 0.3114
vn -0.8109 0.4793 0.3359
vn -0.5753 -0.5814 0.5753
vn -0.6750 -0.2980 0.6750
vn -0.6206 0.4793 0.6206
vn -0.3113 -0.5814 0.7517
vn -0.3653 -0.2980 0.8819
vn -0.3359 0.4793 0.8109
vn 0.0000 -0.5814 0.8136
vn -0.0000 -0.2980 0.9546
vn 0.0000 0.4793 0.8777
vn 0.3114 -0.5814 0.7517
vn 0.3653 -0.2980 0.8819
vn 0.3359 0.4792 0.8109
vn 0.4550 -0.5739 0.6809
vn 0.5312 -0.2928 0.7950
vn 0.4898 0.4721 0.7330
vn 0.3525 0.3891 0.8511
vn 0.5133 0.3827 0.7682
vn 0.3000 -0.6207 0.7243
vn 0.4388 -0.6133 0.6567
vn -0.0000 0.3891 0.9212
vn 0.0000 -0.6207 0.7840
vn -0.3525 0.3891 0.8511
vn -0.3000 -0.6207 0.7243
vn -0.6514 0.3891 0.6514
vn -0.5544 -0.6207 0.5544
vn -0.8511 0.3891 0.3525
vn -0.7243 -0.6207 0.3000
vn -0.3902 -0.9064 0.1616
vn -0.2987 -0.9064 0.2987
vn -0.6363 0.7251 0.2636
vn -0.7801 0.5358 0.3231
vn -0.5971 0.5358 0.5971
vn -0.4870 0.7251 0.4870
vn -0.6993 0.1481 0.6993
vn -0.9137 0.1478 0.3785
vn -0.3785 0.1474 0.9138
vn -0.3231 0.5357 0.7801
vn -0.2636 0.7251 0.6363
vn 0.0000 0.1478 0.9890
vn 0.0000 0.5358 0.8444
vn 0.0000 0.7251 0.6887
vn -0.1616 -0.9064 0.3902
vn 0.0000 -0.9064 0.4224
vn 0.3231 0.5357 0.7801
vn 0.2636 0.7251 0.6363
vn 0.1616 -0.9064 0.3902
vn 0.4717 0.5284 0.7059
vn 0.3865 0.7183 0.5784
vn 0.2384 -0.9032 0.3568
vn 0.5497 0.1446 0.8227
vn 0.3785 0.1477 0.9138
vn 0.5438 -0.2044 0.8139
vn 0.3743 -0.2083 0.9036
vn 0.3712 -0.2434 0.8961
vn 0.5395 -0.2390 0.8074
vn 0.0850 0.9750 0.2053
vn 0.1257 0.9741 0.1882
vn 0.0000 0.9750 0.2222
vn -0.0000 -0.2083 0.9781
vn 0.0000 -0.2434 0.9699
vn -0.0850 0.9750 0.2053
vn -0.3743 -0.2083 0.9036
vn -0.3712 -0.2434 0.8961
vn -0.6916 -0.2083 0.6916
vn -0.6858 -0.2434 0.6858
vn -0.9036 -0.2083 0.3743
vn -0.8961 -0.2434 0.3712
vn -0.1571 0.9750 0.1571
vn -0.2052 0.9750 0.0850
vn -0.2222 0.9750 -0.0000
vn -0.1882 -0.9741 -0.1257
vn -0.2053 -0.9750 -0.0850
vn -0.8139 0.2044 -0.5438
vn -0.9036 0.2083 -0.3743
vn -0.8961 0.2434 -0.3712
vn -0.8074 0.2390 -0.5395
vn -0.9781 0.2083 -0.0000
vn -0.9699 0.2434 -0.0000
vn -0.9036 0.2083 0.3743
vn -0.8961 0.2434 0.3712
vn -0.2222 -0.9750 -0.0000
vn -0.2053 -0.9750 0.0850
vn -0.1571 -0.9750 0.1571
vn -0.6916 0.2083 0.6916
vn -0.6858 0.2434 0.6858
vn -0.3743 0.2083 0.9036
vn -0.3712 0.2434 0.8961
vn -0.0850 -0.9750 0.2053
vn -0.5556 0.0000 0.8315
vn -0.5312 0.2928 0.7950
vn -0.0000 0.2980 0.9546
vn 0.6750 0.2980 0.6750
vn 0.9239 0.0000 0.3827
vn 0.8819 0.2980 0.3653
vn 0.9546 0.2980 0.0000
vn 0.9239 0.0000 -0.3827
vn 0.8819 0.2980 -0.3653
vn 0.8315 0.0000 -0.5556
vn 0.7950 0.2928 -0.5312
vn 0.6809 0.5739 -0.4550
vn 0.7517 0.5814 -0.3113
vn 0.7330 -0.4721 -0.4898
vn 0.8109 -0.4793 -0.3359
vn 0.8136 0.5814 0.0000
vn 0.8777 -0.4793 0.0000
vn 0.7517 0.5814 0.3114
vn 0.8109 -0.4793 0.3359
vn 0.5753 0.5814 0.5754
vn 0.6206 -0.4793 0.6206
vn 0.3113 0.5814 0.7517
vn -0.0000 0.5814 0.8136
vn 0.0000 -0.4793 0.8777
vn -0.4550 0.5739 0.6809
vn -0.4898 -0.4721 0.7330
vn -0.5133 -0.3827 0.7682
vn -0.4388 0.6133 0.6567
vn 0.0000 -0.3891 0.9212
vn -0.0000 0.6207 0.7840
vn 0.6514 -0.3891 0.6514
vn 0.5544 0.6207 0.5544
vn 0.8511 -0.3891 0.3525
vn 0.7243 0.6207 0.3000
vn 0.9212 -0.3891 -0.0000
vn 0.7840 0.6207 0.0000
vn 0.8511 -0.3891 -0.3525
vn 0.7243 0.6207 -0.3000
vn 0.7682 -0.3827 -0.5133
vn 0.6567 0.6133 -0.4388
vn 0.3568 0.9032 -0.2384
vn 0.3902 0.9064 -0.1616
vn 0.5784 -0.7184 -0.3865
vn 0.7059 -0.5283 -0.4717
vn 0.7801 -0.5358 -0.3231
vn 0.6363 -0.7251 -0.2635
vn 0.9138 -0.1474 -0.3785
vn 0.8226 -0.1453 -0.5497
vn 0.9891 -0.1474 -0.0000
vn 0.8444 -0.5358 -0.0000
vn 0.6887 -0.7251 -0.0000
vn 0.9137 -0.1481 0.3785
vn 0.7801 -0.5358 0.3231
vn 0.6363 -0.7251 0.2635
vn 0.4224 0.9064 -0.0000
vn 0.3902 0.9064 0.1616
vn 0.5971 -0.5358 0.5971
vn 0.4870 -0.7251 0.4870
vn 0.2987 0.9064 0.2987
vn 0.3231 -0.5358 0.7801
vn 0.3785 -0.1474 0.9138
vn 0.6994 -0.1474 0.6994
vn 0.0000 -0.1478 0.9890
vn 0.0000 -0.5357 0.8444
vn -0.3785 -0.1478 0.9137
vn 0.0000 0.9064 0.4224
vn -0.4717 -0.5284 0.7059
vn -0.3865 -0.7184 0.5784
vn -0.2384 0.9032 0.3568
vn -0.5497 -0.1446 0.8227
vn -0.5438 0.2044 0.8139
vn -0.5395 0.2390 0.8074
vn -0.2582 -0.8854 0.3864
vn -0.1257 -0.9741 0.1882
vn 0.0000 -0.9750 0.2222
vn -0.5202 -0.3510 0.7786
vn -0.5053 0.4156 0.7563
vn -0.3250 0.8110 0.4864
vn -0.2118 0.9245 0.3170
vn -0.3250 -0.8110 0.4864
vn -0.2118 -0.9245 0.3170
vn -0.5053 -0.4157 0.7562
vn -0.5202 0.3510 0.7786
vn -0.2582 0.8854 0.3864
vn 0.0000 0.8891 0.4577
vn 0.0000 0.3571 0.9341
vn 0.1752 0.8891 0.4229
vn 0.0000 0.8163 0.5776
vn 0.1751 -0.8891 0.4229
vn 0.3237 -0.8891 0.3236
vn 0.6605 -0.3570 0.6605
vn 0.6409 0.4224 0.6409
vn 0.4229 -0.8891 0.1751
vn 0.8630 -0.3570 0.3575
vn 0.8374 0.4224 0.3469
vn 0.5336 0.8163 0.2210
vn 0.4084 0.8163 0.4084
vn 0.3464 0.9271 0.1435
vn 0.2651 0.9271 0.2651
vn 0.5336 -0.8163 0.2210
vn 0.4084 -0.8163 0.4084
vn 0.2651 -0.9271 0.2651
vn 0.3464 -0.9271 0.1435
vn 0.8374 -0.4223 0.3469
vn 0.6409 -0.4223 0.6409
vn 0.8630 0.3570 0.3575
vn 0.6605 0.3570 0.6605
vn 0.3237 0.8891 0.3237
vn 0.4229 0.8891 0.1752
vn 0.4577 0.8891 -0.0000
vn 0.9341 0.3570 -0.0000
vn 0.9064 -0.4223 -0.0000
vn 0.4229 0.8891 -0.1752
vn 0.8630 0.3570 -0.3575
vn 0.8374 -0.4223 -0.3469
vn 0.5776 -0.8163 0.0000
vn 0.5336 -0.8163 -0.2210
vn 0.3749 -0.9271 -0.0000
vn 0.3464 -0.9271 -0.1435
vn 0.5336 0.8163 -0.2210
vn 0.3464 0.9271 -0.1435
vn 0.3749 0.9271 -0.0000
vn 0.5776 0.8163 0.0000
vn 0.8374 0.4224 -0.3469
vn 0.9064 0.4224 -0.0000
vn 0.8630 -0.3570 -0.3575
vn 0.9341 -0.3570 0.0000
vn 0.4577 -0.8891 -0.0000
vn 0.4229 -0.8891 -0.1752
vn 0.3864 -0.8854 -0.2582
vn 0.7786 -0.3510 -0.5202
vn 0.7563 0.4156 -0.5053
vn 0.4864 0.8110 -0.3250
vn 0.3170 0.9245 -0.2118
vn 0.4864 -0.8110 -0.3250
vn 0.3170 -0.9245 -0.2118
vn 0.7562 -0.4157 -0.5053
vn 0.7786 0.3510 -0.5202
vn 0.3864 0.8854 -0.2582
vn 0.1882 0.9741 -0.1257
vn 0.2052 0.9750 -0.0850
vn 0.8139 -0.2044 -0.5438
vn 0.9036 -0.2083 -0.3743
vn 0.8961 -0.2434 -0.3712
vn 0.8074 -0.2390 -0.5395
vn 0.8227 0.1452 -0.5497
vn 0.9138 0.1474 -0.3785
vn 0.9781 -0.2083 -0.0000
vn 0.9891 0.1474 -0.0000
vn 0.9699 -0.2434 0.0000
vn 0.7801 0.5358 -0.3231
vn 0.8443 0.5358 -0.0000
vn 0.7059 0.5284 -0.4717
vn 0.6363 0.7251 -0.2635
vn 0.6887 0.7251 -0.0000
vn 0.5784 0.7184 -0.3865
vn 0.7243 -0.6207 -0.3000
vn 0.7840 -0.6207 -0.0000
vn 0.4224 -0.9064 -0.0000
vn 0.3902 -0.9064 -0.1616
vn 0.6567 -0.6133 -0.4388
vn 0.3568 -0.9032 -0.2384
vn 0.8511 0.3891 -0.3525
vn 0.9212 0.3891 0.0000
vn 0.7682 0.3827 -0.5133
vn 0.7330 0.4721 -0.4898
vn 0.8109 0.4792 -0.3358
vn 0.8777 0.4793 -0.0001
vn 0.6809 -0.5739 -0.4549
vn 0.7517 -0.5814 -0.3114
vn 0.8136 -0.5814 -0.0000
vn 0.7950 -0.2928 -0.5312
vn 0.8819 -0.2980 -0.3653
vn 0.9546 -0.2980 -0.0000
vn 0.8819 -0.2980 0.3653
vn 0.7517 -0.5814 0.3114
vn 0.8109 0.4792 0.3359
vn 0.6750 -0.2980 0.6750
vn 0.5753 -0.5814 0.5753
vn 0.6206 0.4793 0.6206
vn 0.3359 0.4793 0.8109
vn -0.0000 -0.5814 0.8136
vn -0.3114 -0.5814 0.7517
vn -0.5312 -0.2928 0.7950
vn -0.4550 -0.5739 0.6809
vn -0.4898 0.4721 0.7330
vn -0.5133 0.3827 0.7681
vn -0.4388 -0.6133 0.6567
vn -0.3001 -0.6207 0.7243
vn 0.0000 0.3891 0.9212
vn 0.6514 0.3891 0.6514
vn 0.5544 -0.6207 0.5543
vn 0.8511 0.3891 0.3525
vn 0.7243 -0.6207 0.3000
vn 0.2987 -0.9064 0.2987
vn 0.3902 -0.9064 0.1616
vn 0.6363 0.7251 0.2635
vn 0.4870 0.7251 0.4870
vn 0.5970 0.5358 0.5971
vn 0.7801 0.5358 0.3231
vn 0.6994 0.1474 0.6994
vn 0.9137 0.1479 0.3785
vn 0.3785 0.1474 0.9138
vn 0.3231 0.5358 0.7801
vn -0.2635 0.7251 0.6363
vn -0.3865 0.7184 0.5784
vn -0.4717 0.5284 0.7059
vn -0.2384 -0.9032 0.3568
vn -0.5497 0.1446 0.8227
vn -0.5438 -0.2044 0.8139
vn -0.5395 -0.2390 0.8074
vn -0.1257 0.9741 0.1882
vn 0.6916 -0.2083 0.6916
vn 0.6858 -0.2434 0.6858
vn 0.9036 -0.2083 0.3743
vn 0.8961 -0.2434 0.3712
vn 0.1571 0.9750 0.1571
vn 0.2053 0.9750 0.0850
vn 0.2222 0.9750 -0.0000
vn 0.1882 -0.9741 -0.1257
vn 0.2053 -0.9750 -0.0850
vn 0.8139 0.2044 -0.5438
vn 0.8074 0.2390 -0.5395
vn 0.8961 0.2434 -0.3712
vn 0.9036 0.2083 -0.3743
vn 0.9781 0.2083 0.0000
vn 0.9699 0.2434 -0.0000
vn 0.9036 0.2083 0.3743
vn 0.8961 0.2434 0.3712
vn 0.2222 -0.9750 -0.0000
vn 0.2053 -0.9750 0.0850
vn 0.1571 -0.9750 0.1571
vn 0.6858 0.2434 0.6858
vn 0.6916 0.2083 0.6916
vn -0.6814 0.0000 0.7319
vn 0.6814 0.0000 0.7319
vn -0.0272 -0.9262 0.3760
vn -0.3781 -0.8295 0.4110
vn -0.0273 -0.9264 0.3755
vn 0.0272 -0.9262 0.3761
vn 0.0273 -0.9264 0.3755
vn -0.0220 -0.7885 0.6146
vn -0.3183 -0.6921 0.6478
vn -0.0333 -0.0725 0.9968
vn -0.0024 -0.0848 0.9964
vn 0.0024 -0.0848 0.9964
vn 0.0220 -0.7885 0.6146
vn 0.0332 -0.0726 0.9968
vn 0.3183 -0.6921 0.6478
vn 0.3781 -0.8295 0.4110
vn 0.0496 -0.0582 0.9971
vn 0.4889 -0.5721 0.6585
vn 0.5793 -0.6835 0.4441
vn 0.0502 -0.0574 0.9971
vn 0.5010 -0.5751 0.6467
vn 0.5909 -0.6719 0.4465
vn 0.0311 -0.0737 0.9968
vn 0.3011 -0.7220 0.6229
vn 0.3507 -0.8427 0.4086
vn 0.0111 -0.0841 0.9964
vn 0.1072 -0.7776 0.6196
vn 0.1145 -0.9196 0.3757
vn 0.1144 -0.9196 0.3757
vn -0.0005 -0.0877 0.9961
vn -0.0072 -0.7746 0.6324
vn -0.0007 -0.9320 0.3624
vn 0.7568 0.0000 0.6536
vn 0.0765 0.0000 0.9971
vn 0.7568 0.0019 0.6536
vn 0.8589 0.0000 0.5121
vn 0.1072 0.7776 0.6196
vn -0.0072 0.7746 0.6324
vn -0.0005 0.0877 0.9961
vn 0.0112 0.0841 0.9964
vn 0.1144 0.9196 0.3757
vn -0.0007 0.9320 0.3625
vn 0.1145 0.9196 0.3757
vn 0.3010 0.7220 0.6229
vn 0.0308 0.0738 0.9968
vn 0.3507 0.8427 0.4085
vn 0.5010 0.5751 0.6467
vn 0.0500 0.0576 0.9971
vn 0.5909 0.6719 0.4465
vn 0.4889 0.5721 0.6585
vn 0.0496 0.0581 0.9971
vn 0.5793 0.6835 0.4441
vn 0.3183 0.6921 0.6478
vn 0.0333 0.0725 0.9968
vn 0.3781 0.8295 0.4111
vn 0.0220 0.7885 0.6146
vn 0.0024 0.0848 0.9964
vn 0.0272 0.9262 0.3760
vn 0.0273 0.9264 0.3755
vn -0.0024 0.0848 0.9964
vn -0.0220 0.7885 0.6146
vn -0.0272 0.9262 0.3761
vn -0.0273 0.9264 0.3755
vn -0.0333 0.0725 0.9968
vn -0.3183 0.6921 0.6478
vn -0.3781 0.8295 0.4111
vn -0.5793 0.6835 0.4441
vn -0.5909 0.6719 0.4465
vn -0.3507 0.8427 0.4085
vn -0.1145 0.9196 0.3757
vn -0.1144 0.9196 0.3757
vn 0.0007 0.9320 0.3625
vn -0.8589 0.0000 0.5121
vn -0.7568 -0.0020 0.6536
vn -0.7568 0.0000 0.6536
vn -0.0765 0.0000 0.9971
vn -0.1072 0.7776 0.6196
vn -0.0112 0.0841 0.9964
vn 0.0005 0.0877 0.9961
vn 0.0072 0.7746 0.6324
vn -0.1072 -0.7776 0.6196
vn 0.0072 -0.7746 0.6324
vn 0.0005 -0.0877 0.9961
vn -0.0111 -0.0841 0.9964
vn -0.1144 -0.9196 0.3757
vn 0.0007 -0.9320 0.3624
vn -0.1145 -0.9196 0.3757
vn -0.3011 -0.7220 0.6229
vn -0.0311 -0.0737 0.9968
vn -0.3507 -0.8427 0.4086
vn -0.5010 -0.5751 0.6467
vn -0.0497 -0.0580 0.9971
vn -0.5909 -0.6719 0.4465
vn -0.4889 -0.5721 0.6585
vn -0.0495 -0.0582 0.9971
vn -0.5793 -0.6835 0.4441
vn -0.6497 -0.7602 0.0076
vn -0.6567 -0.7541 0.0076
vn -0.4179 -0.9085 0.0069
vn -0.0279 -0.9996 0.0061
vn -0.3954 -0.8551 0.3354
vn -0.6087 -0.7088 0.3564
vn -0.3191 -0.3724 0.8715
vn -0.2179 -0.4722 0.8541
vn -0.0258 -0.9522 0.3044
vn -0.0153 -0.5551 0.8317
vn 0.0153 -0.5554 0.8315
vn 0.0258 -0.9522 0.3044
vn 0.0279 -0.9996 0.0061
vn 0.2179 -0.4722 0.8541
vn 0.3955 -0.8550 0.3354
vn 0.4179 -0.9085 0.0068
vn 0.3191 -0.3724 0.8715
vn 0.6087 -0.7088 0.3564
vn 0.6497 -0.7602 0.0075
vn 0.3212 -0.3698 0.8718
vn 0.6133 -0.7076 0.3509
vn 0.6568 -0.7540 0.0075
vn 0.2011 -0.4821 0.8527
vn 0.3645 -0.8735 0.3228
vn 0.3849 -0.9230 0.0068
vn 0.0783 -0.5489 0.8322
vn 0.1376 -0.9416 0.3073
vn 0.1370 -0.9906 0.0061
vn -0.0075 -0.5735 0.8192
vn -0.0144 -0.9517 0.3066
vn -0.0096 -0.9999 0.0058
vn 0.9190 0.0000 0.3943
vn 0.4444 0.0000 0.8958
vn 1.0000 0.0000 0.0090
vn 0.1376 0.9416 0.3073
vn -0.0154 0.9517 0.3065
vn -0.0075 0.5735 0.8191
vn 0.0783 0.5489 0.8322
vn 0.1370 0.9906 0.0062
vn -0.0096 0.9999 0.0059
vn 0.3645 0.8735 0.3228
vn 0.2011 0.4822 0.8527
vn 0.3849 0.9230 0.0069
vn 0.6133 0.7076 0.3509
vn 0.3212 0.3698 0.8718
vn 0.6567 0.7541 0.0076
vn 0.6087 0.7088 0.3564
vn 0.3191 0.3724 0.8715
vn 0.6497 0.7601 0.0075
vn 0.3954 0.8551 0.3354
vn 0.2179 0.4722 0.8541
vn 0.4179 0.9085 0.0068
vn 0.0258 0.9522 0.3044
vn 0.0152 0.5551 0.8317
vn 0.0279 0.9996 0.0061
vn -0.0153 0.5554 0.8315
vn -0.0258 0.9522 0.3044
vn -0.0279 0.9996 0.0061
vn -0.2179 0.4722 0.8541
vn -0.3955 0.8550 0.3354
vn -0.4179 0.9085 0.0068
vn -0.3192 0.3724 0.8715
vn -0.6087 0.7088 0.3564
vn -0.4889 0.5721 0.6585
vn -0.6497 0.7601 0.0075
vn -0.3212 0.3698 0.8718
vn -0.6133 0.7076 0.3509
vn -0.5010 0.5751 0.6467
vn -0.6567 0.7541 0.0075
vn -0.2011 0.4822 0.8527
vn -0.3645 0.8735 0.3228
vn -0.3010 0.7220 0.6229
vn -0.3848 0.9230 0.0068
vn -0.0783 0.5489 0.8322
vn -0.1376 0.9416 0.3073
vn -0.1370 0.9906 0.0062
vn 0.0075 0.5735 0.8191
vn 0.0144 0.9517 0.3065
vn 0.0096 0.9999 0.0059
vn -0.9190 0.0000 0.3943
vn -0.4444 0.0000 0.8958
vn -1.0000 0.0000 0.0090
vn -0.1375 -0.9416 0.3073
vn 0.0154 -0.9517 0.3066
vn 0.0075 -0.5735 0.8192
vn -0.0783 -0.5489 0.8322
vn -0.1370 -0.9906 0.0062
vn 0.0096 -0.9999 0.0058
vn -0.3645 -0.8735 0.3228
vn -0.2011 -0.4821 0.8527
vn -0.3849 -0.9230 0.0069
vn -0.6133 -0.7076 0.3509
vn -0.3212 -0.3698 0.8718
vn -0.6517 -0.7585 -0.0000
vn -0.6548 -0.7558 -0.0000
vn -0.3851 -0.9229 -0.0000
vn 0.3852 -0.9228 -0.0000
vn 0.6548 -0.7558 -0.0000
vn 0.6517 -0.7585 -0.0000
vn 0.4200 -0.9075 -0.0000
vn 0.0270 -0.9996 0.0000
vn -0.4200 -0.9075 -0.0000
vn -0.0270 -0.9996 -0.0000
vn 0.1455 -0.9894 -0.0000
vn 0.3851 0.9229 -0.0000
vn 0.1455 0.9894 -0.0000
vn 0.6548 0.7558 -0.0000
vn -0.1455 0.9894 -0.0000
vn -0.3851 0.9229 -0.0000
vn -0.6548 0.7558 -0.0000
vn -0.6517 0.7585 -0.0000
vn -0.4200 0.9075 -0.0000
vn 0.6517 0.7585 -0.0000
vn 0.4200 0.9075 -0.0000
vn 0.0000 -0.0000 1.0000
vn 0.0270 0.9996 -0.0000
vn -0.0270 0.9996 -0.0000
vn 0.0170 0.9999 -0.0000
vn 0.0170 -0.9999 -0.0000
vn -0.1455 -0.9894 -0.0000
vn -0.0170 0.9999 -0.0000
vn -0.0170 -0.9999 -0.0000
vn -0.0311 0.0737 0.9968
vn -0.0500 0.0577 0.9971
vn -0.0496 0.0581 0.9971
vn 0.5419 -0.2876 -0.7897
vn 0.5372 -0.1583 -0.8285
vn 0.5334 -0.6192 -0.5763
vn 0.6856 -0.2676 -0.6770
vn 0.6986 -0.1343 -0.7028
vn 0.9974 -0.0134 -0.0703
vn 0.9975 -0.0253 -0.0661
vn 0.6552 -0.5530 -0.5147
vn 0.9974 -0.0527 -0.0494
vn 0.6606 -0.7507 -0.0027
vn 0.6606 -0.7507 0.0000
vn 0.9971 -0.0767 -0.0000
vn 0.9971 -0.0767 0.0000
vn 0.5107 -0.8598 0.0000
vn 0.6986 -0.1359 0.7024
vn 0.6856 -0.2676 0.6770
vn 0.9975 -0.0253 0.0660
vn 0.9974 -0.0134 0.0703
vn 0.5372 -0.1583 0.8285
vn 0.5419 -0.2876 0.7897
vn 0.5334 -0.6192 0.5763
vn 0.5202 -0.8145 0.2569
vn 0.5116 -0.8477 0.1403
vn 0.5381 0.0000 0.8429
vn 0.5202 0.8145 0.2569
vn 0.5116 0.8477 0.1403
vn 0.5419 0.2876 0.7897
vn 0.5334 0.6192 0.5763
vn 0.5372 0.1583 0.8285
vn 0.6856 0.2676 0.6770
vn 0.9975 0.0253 0.0661
vn 0.9974 0.0530 0.0492
vn 0.6553 0.5530 0.5146
vn 0.6986 0.1343 0.7028
vn 0.9974 0.0134 0.0703
vn 0.9972 0.0710 0.0235
vn 0.6655 0.7061 0.2418
vn 0.9971 0.0755 0.0125
vn 0.6742 0.7282 0.1231
vn 0.0092 0.9458 0.3246
vn 0.0090 0.9865 0.1633
vn 0.0095 0.7320 0.6813
vn 0.0097 0.0000 1.0000
vn 0.6789 -0.0000 0.7343
vn 0.6789 -0.0021 0.7342
vn 0.9974 0.0000 0.0714
vn 0.0092 -0.9458 0.3246
vn 0.0090 -0.9865 0.1633
vn 0.6742 -0.7286 0.1206
vn 0.6655 -0.7062 0.2418
vn 0.9971 -0.0755 0.0125
vn 0.9972 -0.0710 0.0235
vn 0.0095 -0.7320 0.6813
vn 0.6552 -0.5530 0.5147
vn 0.9974 -0.0530 0.0492
vn 0.0098 -0.3683 0.9297
vn 0.0097 -0.1877 0.9822
vn 0.4224 -0.3466 0.8375
vn 0.4037 -0.6697 0.6233
vn 0.9054 -0.3109 0.2893
vn 0.9088 -0.1570 0.3866
vn 0.4295 -0.1695 0.8870
vn 0.9070 -0.0791 0.4137
vn 0.3977 -0.9175 0.0000
vn 0.3977 -0.9175 -0.0000
vn 0.8952 -0.4457 -0.0000
vn 0.8952 -0.4456 0.0000
vn 0.0090 -1.0000 0.0000
vn 0.0090 -1.0000 -0.0000
vn 0.4224 -0.3466 -0.8375
vn 0.4295 -0.1695 -0.8870
vn 0.9070 -0.0791 -0.4137
vn 0.9088 -0.1570 -0.3865
vn 0.0098 -0.3683 -0.9297
vn 0.0096 -0.1877 -0.9822
vn 0.4037 -0.6697 -0.6233
vn 0.9054 -0.3108 -0.2893
vn 0.0096 -0.7319 -0.6813
vn 0.4041 -0.8610 -0.3087
vn 0.9000 -0.4113 -0.1447
vn 0.0092 -0.9458 -0.3246
vn 0.6655 -0.7061 -0.2418
vn 0.9972 -0.0710 -0.0235
vn 0.0090 -0.9865 -0.1633
vn 0.6742 -0.7282 -0.1231
vn 0.9971 -0.0755 -0.0125
vn 0.5116 -0.8477 -0.1403
vn 0.5202 -0.8145 -0.2569
vn 0.9974 0.0000 -0.0714
vn 0.6789 0.0021 -0.7342
vn 0.6789 0.0000 -0.7343
vn 0.5381 0.0000 -0.8429
vn 0.6742 0.7286 -0.1206
vn 0.9971 0.0755 -0.0125
vn 0.9972 0.0710 -0.0235
vn 0.6655 0.7061 -0.2418
vn 0.5116 0.8477 -0.1403
vn 0.5202 0.8145 -0.2569
vn 0.5334 0.6192 -0.5763
vn 0.5419 0.2876 -0.7897
vn 0.5372 0.1583 -0.8285
vn 0.5108 0.8597 -0.0000
vn 0.6606 0.7507 -0.0000
vn 0.9971 0.0767 -0.0000
vn 0.6606 0.7507 0.0027
vn 0.6856 0.2676 -0.6770
vn 0.9975 0.0252 -0.0661
vn 0.9974 0.0134 -0.0703
vn 0.6986 0.1359 -0.7024
vn 0.0090 1.0000 -0.0000
vn 0.0098 0.3683 -0.9297
vn 0.0096 0.1877 -0.9822
vn 0.0096 0.1877 0.9822
vn 0.0098 0.3683 0.9297
vn 0.3977 0.9175 0.0000
vn 0.8952 0.4457 -0.0000
vn 0.3977 0.9175 -0.0000
vn 0.4295 0.1695 0.8870
vn 0.9070 0.0791 0.4137
vn 0.9088 0.1570 0.3865
vn 0.4224 0.3467 0.8375
vn 0.9054 0.3109 0.2893
vn 0.4037 0.6697 0.6233
vn 0.9000 0.4113 0.1447
vn 0.4042 0.8610 0.3087
vn -0.0000 0.7320 0.6813
vn 0.0000 0.3842 0.9233
vn 0.0000 0.9408 0.3391
vn 0.4042 0.8610 -0.3087
vn 0.4037 0.6697 -0.6233
vn 0.0000 0.7320 -0.6813
vn 0.0000 0.9408 -0.3391
vn 0.4224 0.3455 -0.8380
vn 0.0000 0.3841 -0.9233
vn 0.9000 0.4113 -0.1447
vn 0.9054 0.3109 -0.2893
vn 0.9088 0.1570 -0.3866
vn 0.9070 0.0791 -0.4137
vn 0.4295 0.1695 -0.8870
vn 0.0000 0.1877 -0.9822
vn 0.0000 0.1877 0.9822
vn 0.0096 0.7320 -0.6813
vn 0.6552 0.5530 -0.5147
vn 0.0093 0.9458 -0.3246
vn 0.9974 0.0530 -0.0492
vn 0.0090 0.9865 -0.1633
vn 0.4063 0.9015 -0.1492
vn 0.8956 0.4389 -0.0727
vn 0.9073 0.0000 -0.4204
vn 0.4174 0.0000 -0.9087
vn 0.0097 0.0000 -1.0000
vn 0.4063 -0.9015 -0.1492
vn 0.8956 -0.4390 -0.0727
vn 0.0000 -0.9866 -0.1633
vn 0.0000 -0.9408 -0.3391
vn 0.0000 0.9866 -0.1633
vn 0.0000 -0.7320 -0.6813
vn 0.0000 -0.9866 0.1633
vn 0.4063 -0.9015 0.1492
vn 0.4042 -0.8610 0.3087
vn 0.0000 -0.9408 0.3391
vn 0.0000 -0.7320 0.6813
vn 0.9000 -0.4113 0.1447
vn 0.8956 -0.4390 0.0727
vn 0.4175 0.0000 0.9087
vn 0.9073 0.0000 0.4204
vn 0.8956 0.4390 0.0727
vn 0.4063 0.9015 0.1492
vn 0.0000 0.9866 0.1633
vn 0.0000 -0.3842 0.9233
vn 0.0000 -0.1877 0.9822
vn 0.0000 -0.3842 -0.9233
vn 0.0000 -0.1877 -0.9822
vn -0.5419 -0.2876 -0.7897
vn -0.5372 -0.1583 -0.8285
vn -0.5334 -0.6192 -0.5763
vn -0.6856 -0.2676 -0.6770
vn -0.9975 -0.0253 -0.0661
vn -0.9974 -0.0134 -0.0703
vn -0.6986 -0.1359 -0.7025
vn -0.6552 -0.5530 -0.5147
vn -0.9974 -0.0530 -0.0492
vn -0.6606 -0.7507 -0.0000
vn -0.9971 -0.0767 -0.0000
vn -0.6606 -0.7507 0.0027
vn -0.5107 -0.8598 0.0000
vn -0.6986 -0.1343 0.7028
vn -0.9974 -0.0134 0.0703
vn -0.9975 -0.0253 0.0660
vn -0.6856 -0.2676 0.6770
vn -0.5372 -0.1583 0.8285
vn -0.5419 -0.2876 0.7897
vn -0.5334 -0.6192 0.5762
vn -0.5334 -0.6192 0.5763
vn -0.5202 -0.8145 0.2569
vn -0.5116 -0.8477 0.1403
vn -0.5381 0.0000 0.8429
vn -0.5202 0.8145 0.2569
vn -0.5116 0.8477 0.1403
vn -0.5419 0.2876 0.7897
vn -0.5334 0.6192 0.5763
vn -0.5372 0.1583 0.8285
vn -0.6856 0.2676 0.6770
vn -0.6553 0.5530 0.5146
vn -0.9974 0.0530 0.0492
vn -0.9975 0.0253 0.0661
vn -0.6986 0.1359 0.7024
vn -0.9974 0.0134 0.0703
vn -0.6655 0.7061 0.2418
vn -0.9972 0.0710 0.0235
vn -0.6742 0.7286 0.1206
vn -0.9971 0.0755 0.0125
vn -0.0093 0.9458 0.3246
vn -0.0090 0.9865 0.1633
vn -0.0095 0.7320 0.6813
vn -0.0097 0.0000 1.0000
vn -0.6789 0.0000 0.7343
vn -0.6789 0.0021 0.7342
vn -0.9974 0.0000 0.0714
vn -0.0092 -0.9458 0.3246
vn -0.6655 -0.7062 0.2418
vn -0.6742 -0.7282 0.1231
vn -0.0090 -0.9865 0.1633
vn -0.9972 -0.0710 0.0235
vn -0.9971 -0.0755 0.0125
vn -0.0095 -0.7320 0.6813
vn -0.6552 -0.5530 0.5147
vn -0.9974 -0.0530 0.0492
vn -0.0098 -0.3683 0.9297
vn -0.0097 -0.1877 0.9822
vn -0.4224 -0.3467 0.8375
vn -0.9088 -0.1570 0.3866
vn -0.9054 -0.3109 0.2893
vn -0.4037 -0.6697 0.6233
vn -0.4295 -0.1695 0.8870
vn -0.9070 -0.0791 0.4137
vn -0.3977 -0.9175 0.0000
vn -0.8952 -0.4457 0.0000
vn -0.8952 -0.4457 -0.0000
vn -0.3977 -0.9175 -0.0000
vn -0.0090 -1.0000 0.0000
vn -0.4224 -0.3467 -0.8375
vn -0.9088 -0.1570 -0.3866
vn -0.9070 -0.0791 -0.4137
vn -0.4295 -0.1695 -0.8870
vn -0.0098 -0.3683 -0.9297
vn -0.0096 -0.1877 -0.9822
vn -0.4037 -0.6697 -0.6233
vn -0.9054 -0.3108 -0.2893
vn -0.0096 -0.7320 -0.6813
vn -0.4042 -0.8610 -0.3087
vn -0.9000 -0.4113 -0.1448
vn -0.0093 -0.9458 -0.3246
vn -0.6655 -0.7062 -0.2418
vn -0.9972 -0.0710 -0.0235
vn -0.0090 -0.9865 -0.1633
vn -0.6742 -0.7286 -0.1206
vn -0.9971 -0.0755 -0.0125
vn -0.5116 -0.8477 -0.1403
vn -0.5202 -0.8145 -0.2569
vn -0.9974 0.0000 -0.0714
vn -0.6789 -0.0021 -0.7342
vn -0.6789 -0.0000 -0.7343
vn -0.5381 0.0000 -0.8429
vn -0.6742 0.7282 -0.1231
vn -0.6655 0.7061 -0.2418
vn -0.9972 0.0710 -0.0235
vn -0.9971 0.0755 -0.0125
vn -0.5116 0.8477 -0.1403
vn -0.5202 0.8145 -0.2569
vn -0.5334 0.6192 -0.5763
vn -0.5419 0.2876 -0.7897
vn -0.5372 0.1583 -0.8285
vn -0.5108 0.8597 -0.0000
vn -0.6606 0.7507 -0.0027
vn -0.6606 0.7507 0.0000
vn -0.9971 0.0767 -0.0000
vn -0.6856 0.2676 -0.6770
vn -0.6986 0.1343 -0.7028
vn -0.9974 0.0134 -0.0703
vn -0.9975 0.0252 -0.0661
vn -0.0090 1.0000 -0.0000
vn -0.0098 0.3683 -0.9297
vn -0.0096 0.1877 -0.9822
vn -0.0096 0.1877 0.9822
vn -0.0098 0.3683 0.9297
vn -0.3977 0.9175 -0.0000
vn -0.8952 0.4457 -0.0000
vn -0.4296 0.1695 0.8870
vn -0.4224 0.3467 0.8375
vn -0.9088 0.1570 0.3866
vn -0.9070 0.0791 0.4137
vn -0.4037 0.6697 0.6233
vn -0.9054 0.3109 0.2893
vn -0.4042 0.8610 0.3087
vn -0.9000 0.4113 0.1448
vn 0.0000 0.7320 0.6813
vn 0.0000 0.3841 0.9233
vn -0.4042 0.8610 -0.3087
vn -0.0000 0.7320 -0.6813
vn -0.4037 0.6697 -0.6233
vn -0.0000 0.3842 -0.9233
vn -0.4224 0.3467 -0.8375
vn -0.9054 0.3108 -0.2893
vn -0.9000 0.4113 -0.1447
vn -0.9088 0.1570 -0.3866
vn -0.4296 0.1695 -0.8870
vn -0.9070 0.0791 -0.4137
vn -0.0095 0.7320 -0.6813
vn -0.6553 0.5530 -0.5146
vn -0.0092 0.9458 -0.3246
vn -0.9974 0.0531 -0.0491
vn -0.0090 0.9865 -0.1633
vn -0.4063 0.9015 -0.1492
vn -0.8956 0.4390 -0.0727
vn -0.9073 0.0000 -0.4204
vn -0.4175 0.0000 -0.9087
vn -0.0097 0.0000 -1.0000
vn -0.4063 -0.9015 -0.1492
vn -0.8956 -0.4390 -0.0727
vn 0.0000 -0.9407 -0.3391
vn 0.0000 -0.9407 0.3392
vn -0.4042 -0.8610 0.3087
vn -0.4063 -0.9015 0.1492
vn -0.9000 -0.4113 0.1447
vn -0.8956 -0.4390 0.0727
vn -0.4175 0.0000 0.9087
vn -0.9073 0.0000 0.4204
vn -0.4063 0.9015 0.1492
vn -0.8956 0.4390 0.0727
vn 0.0000 -0.3842 -0.9232
vn -0.9392 0.3432 -0.0016
vn -0.9708 0.2400 -0.0013
vn 0.0017 -0.0006 -1.0000
vn 0.0013 0.0004 -1.0000
vn 0.0043 1.0000 0.0000
vn 0.0000 0.0002 -1.0000
vn -1.0000 -0.0003 -0.0000
vn -0.0000 -1.0000 -0.0001
vn 0.0000 -1.0000 -0.0001
vn 1.0000 -0.0003 -0.0000
vn -0.0043 1.0000 0.0000
vn -0.0012 0.0003 -1.0000
vn 0.9392 0.3432 -0.0016
vn 0.9708 0.2400 -0.0013
vn -0.0017 -0.0006 -1.0000
vn 0.8351 0.5501 -0.0019
vn 0.7054 0.7088 -0.0019
vn 0.7055 0.7087 -0.0019
vn -0.0014 -0.0014 -1.0000
vn -0.0016 -0.0010 -1.0000
vn 0.5558 0.8313 -0.0019
vn -0.0011 -0.0016 -1.0000
vn 0.3640 0.9314 -0.0020
vn 0.3634 0.9316 -0.0020
vn -0.0007 -0.0019 -1.0000
vn 0.1611 0.9869 -0.0020
vn 0.1615 0.9869 -0.0020
vn 0.0000 1.0000 -0.0020
vn -0.0003 -0.0020 -1.0000
vn 0.0000 -0.0021 -1.0000
vn -0.1610 0.9870 -0.0020
vn -0.1615 0.9869 -0.0020
vn 0.0003 -0.0020 -1.0000
vn -0.3633 0.9317 -0.0020
vn -0.3637 0.9315 -0.0020
vn 0.0007 -0.0019 -1.0000
vn -0.5558 0.8313 -0.0019
vn -0.7055 0.7087 -0.0019
vn -0.7056 0.7087 -0.0019
vn 0.0011 -0.0016 -1.0000
vn 0.0014 -0.0014 -1.0000
vn -0.8355 0.5495 -0.0019
vn 0.0016 -0.0010 -1.0000
vn 0.6830 -0.0159 -0.7302
vn 0.9993 -0.0159 -0.0335
vn 0.4331 -0.9012 -0.0145
vn 0.2961 -0.9013 -0.3162
vn 0.7302 -0.0159 0.6831
vn 0.3164 -0.9013 0.2960
vn -0.0154 -0.9017 -0.4321
vn 0.0145 -0.9015 0.4326
vn -0.2953 -0.9015 0.3162
vn -0.4312 -0.9022 0.0066
vn -0.3195 -0.8994 -0.2983
vn -0.6830 -0.0159 0.7302
vn -0.9997 -0.0159 0.0168
vn 0.0334 -0.0159 0.9993
vn -0.6835 0.0160 0.7298
vn 0.0335 0.0160 0.9993
vn -0.9997 0.0160 0.0182
vn -0.2909 0.9024 0.3178
vn -0.4304 0.9026 0.0109
vn 0.0187 0.9025 0.4303
vn -0.3232 0.8989 -0.2958
vn -0.7303 0.0157 -0.6829
vn -0.7302 -0.0157 -0.6831
vn -0.0355 0.0157 -0.9992
vn -0.0198 0.9007 -0.4340
vn -0.0354 -0.0159 -0.9992
vn 0.6840 0.0156 -0.7293
vn 0.9994 0.0158 -0.0318
vn 0.2940 0.9005 -0.3205
vn 0.4333 0.9010 -0.0188
vn 0.7303 0.0159 0.6830
vn 0.3186 0.9018 0.2920
vn 0.8925 0.0000 -0.4510
vn 0.8121 -0.0005 0.5835
vn 0.8107 -0.0005 0.5854
vn 0.7233 0.0000 -0.6905
vn 0.7139 -0.1609 -0.6815
vn 0.8910 -0.1451 -0.4302
vn 0.8066 -0.0271 0.5905
vn 0.6393 0.0039 0.7689
vn 0.6394 -0.0045 0.7688
vn 0.5526 -0.0272 0.8330
vn 0.7914 0.0000 0.6114
vn 0.5740 0.0000 0.8188
vn 0.8066 -0.4828 -0.3410
vn 0.8065 0.4263 -0.4097
vn 0.8108 0.0922 0.5780
vn 0.7101 0.6369 -0.3002
vn 0.5398 0.0922 0.8367
vn -0.3328 0.6369 0.6955
vn -0.4463 0.4262 0.7869
vn -0.4662 -0.1458 0.8726
vn -0.3780 -0.4828 0.7900
vn -0.7139 -0.1609 0.6815
vn -0.6138 -0.5291 0.5860
vn -0.5285 0.6827 0.5046
vn -0.6416 0.4617 0.6125
vn -0.7230 0.0269 0.6903
vn -0.7231 0.0269 0.6902
vn -0.4559 -0.7764 0.4353
vn 0.5161 0.0056 0.8565
vn -0.5280 0.0246 0.8489
vn 0.4364 0.1072 0.8934
vn -0.3524 -0.7485 0.5617
vn 0.8317 0.0055 0.5552
vn 0.8722 0.1072 0.4773
vn 0.8515 0.2617 0.4544
vn 0.4144 0.2617 0.8717
vn -0.4233 0.5094 0.7492
vn 0.2710 0.9197 0.2839
vn 0.7680 0.5094 -0.3881
vn 0.6159 0.5244 -0.5880
vn 0.4560 -0.7763 -0.4352
vn 0.7230 0.0269 -0.6904
vn 0.7231 0.0269 -0.6903
vn 0.6416 0.4617 -0.6125
vn 0.8724 0.0246 -0.4881
vn 0.5774 -0.7485 -0.3260
vn 0.5285 0.6827 -0.5046
vn 0.6138 -0.5291 -0.5860
vn -0.6159 0.5244 0.5880
vn -0.9132 0.0000 0.4076
vn -0.7233 0.0000 0.6905
vn -0.9131 0.0003 0.4077
vn -0.8878 0.0001 -0.4601
vn -0.8879 -0.0000 -0.4601
vn 0.0008 1.0000 -0.0021
vn 0.0008 1.0000 -0.0020
vn -0.4843 0.0634 0.8726
vn -0.9999 0.0000 -0.0101
vn -0.9999 0.0000 -0.0100
vn 0.0004 1.0000 -0.0015
vn 0.0004 1.0000 -0.0014
vn 0.9999 -0.0012 -0.0168
vn 0.9999 -0.0013 -0.0168
vn 0.8732 -0.0034 0.4874
vn 0.8731 -0.0031 0.4874
vn 0.9360 0.0000 -0.3520
vn 0.9211 0.0000 -0.3894
vn -0.9468 0.0000 0.3219
vn -0.9188 0.0000 0.3947
vn 0.0000 -1.0000 0.0006
vn 0.0001 -1.0000 0.0008
vn -1.0000 0.0000 -0.0064
vn -0.7143 0.0000 -0.6999
vn 0.9965 0.0000 0.0839
vn 0.7145 0.0000 0.6997
vn 0.9965 0.0001 0.0839
vn 0.0386 0.0000 0.9993
vn -0.6893 0.0000 0.7245
vn -0.6893 -0.0000 0.7245
vn -0.0102 0.0000 -0.9999
vn 0.7097 0.0000 -0.7045
vn 0.9999 0.0000 -0.0109
vn 0.9227 0.0000 0.3854
vn 0.5798 0.0000 -0.8147
vn -0.9968 0.0000 0.0797
vn -0.9471 0.0000 -0.3210
vn 0.0005 -1.0000 0.0019
vn -0.5736 -0.0544 0.8173
vn 0.5533 0.0270 0.8326
vn 0.8036 0.0277 0.5946
vn -0.5439 0.1448 0.8266
vn 0.5740 -0.0005 0.8188
vn 0.7903 0.0024 0.6127
vn -0.4227 0.4720 0.7736
vn -0.7139 0.1607 0.6815
vn -0.7139 0.1608 0.6815
vn -0.6139 0.5287 0.5861
vn -0.6418 -0.4611 0.6127
vn -0.5289 -0.6822 0.5049
vn -0.7230 -0.0269 0.6903
vn -0.5280 -0.0246 0.8489
vn 0.5160 -0.0055 0.8565
vn 0.5399 -0.0920 0.8367
vn -0.4468 -0.4258 0.7868
vn -0.3330 -0.6363 0.6959
vn -0.3523 0.7485 0.5617
vn 0.4364 -0.1073 0.8934
vn -0.4559 0.7763 0.4353
vn -0.4233 -0.5094 0.7492
vn 0.4144 -0.2616 0.8717
vn -0.6159 -0.5244 0.5880
vn 0.6159 -0.5244 -0.5880
vn 0.7680 -0.5094 -0.3881
vn 0.8722 -0.1072 0.4773
vn 0.8515 -0.2616 0.4544
vn 0.2711 -0.9197 0.2839
vn 0.8724 -0.0246 -0.4881
vn 0.8317 -0.0055 0.5552
vn 0.5775 0.7485 -0.3259
vn 0.7230 -0.0269 -0.6903
vn 0.4559 0.7763 -0.4353
vn 0.7231 -0.0269 -0.6902
vn 0.8069 -0.4257 -0.4094
vn 0.8108 -0.0920 0.5780
vn 0.6418 -0.4611 -0.6127
vn 0.5289 -0.6822 -0.5049
vn 0.7141 0.1591 -0.6817
vn 0.6139 0.5287 -0.5861
vn 0.7105 -0.6363 -0.3004
vn 0.8911 0.1435 -0.4305
vn 0.8068 0.4824 -0.3411
vn -0.0003 -1.0000 -0.0000
vn 0.0001 -1.0000 0.0000
vn -0.0075 -0.0000 1.0000
vn -0.0075 0.0000 1.0000
vn 0.0001 0.0000 1.0000
vn -0.2131 -0.0006 0.9770
vn -0.2206 -0.0001 0.9754
vn -0.2206 0.0001 0.9754
vn -0.6984 0.0005 0.7157
vn -0.5540 0.0002 0.8325
vn -0.5539 -0.0004 0.8326
vn 0.8065 0.0508 0.5891
vn 0.8065 0.0508 0.5890
vn 0.0028 1.0000 0.0047
vn 0.0029 1.0000 0.0047
vn 0.8076 0.0000 0.5898
vn -0.9236 0.0005 0.3832
vn -0.9237 0.0010 0.3832
vn 0.0006 1.0000 0.0018
vn 0.0007 1.0000 0.0021
vn -0.9229 0.0000 0.3851
vn -0.6671 0.0000 0.7449
vn 0.0334 0.0000 0.9994
vn 0.7303 0.0000 0.6831
vn 0.9994 0.0000 -0.0334
vn -0.0334 0.0000 -0.9994
vn -0.7303 0.0000 -0.6831
vn -0.9994 0.0000 0.0334
vn -0.6831 0.0000 0.7303
vn -0.3517 0.0000 0.9361
vn 0.3679 0.0000 -0.9298
vn 0.7017 0.0000 -0.7125
vn 0.7017 -0.0000 -0.7125
vn -0.9938 0.0000 -0.1108
vn 0.6831 0.0000 -0.7303
vn -0.0003 -1.0000 -0.0010
vn -0.0004 -1.0000 -0.0011
vn 0.9382 0.0000 -0.3462
vn 0.9382 0.0000 -0.3461
vn 0.9047 -0.0000 -0.4260
vn -0.0015 -1.0000 -0.0026
vn -0.0016 -1.0000 -0.0026
vn 0.6787 0.0000 -0.7344
vn 0.5457 0.0000 -0.8380
vn -0.0021 -1.0000 -0.0018
vn -0.0012 -1.0000 -0.0005
vn -0.0014 -1.0000 -0.0007
vn 0.4151 0.0000 -0.9098
vn -0.0012 -1.0000 -0.0006
vn 0.6788 -0.0002 -0.7344
vn 0.9048 0.0000 -0.4259
vn 0.9048 -0.0000 -0.4259
vn -0.0029 -1.0000 -0.0049
vn -0.0043 -1.0000 -0.0049
vn -0.0005 -1.0000 -0.0017
vn -0.0006 -1.0000 -0.0017
vn -0.9237 -0.0005 0.3832
vn -0.6984 0.0001 0.7157
vn 0.7323 -0.0016 0.6810
vn 0.6960 -0.0162 -0.7178
vn 0.9991 -0.0083 -0.0424
vn 0.3688 -0.0182 -0.9293
vn -0.9949 0.0023 -0.1013
vn 0.0004 1.0000 0.0012
vn 0.0003 1.0000 0.0010
vn 0.0017 1.0000 0.0028
vn 0.0016 1.0000 0.0028
vn 0.0022 1.0000 0.0019
vn -0.2132 0.0003 0.9770
vn 0.0013 1.0000 0.0006
vn 0.0012 1.0000 0.0005
vn 0.0003 1.0000 0.0000
vn -0.0002 1.0000 -0.0000
vn -0.0003 1.0000 0.0001
vn -0.0075 0.0000 -1.0000
vn 0.0001 0.0000 -1.0000
vn -0.0075 0.0003 -1.0000
vn -0.2100 0.0001 -0.9777
vn -0.2024 0.0000 -0.9793
vn -0.0077 1.0000 0.0033
vn -0.0078 1.0000 0.0034
vn -0.0004 1.0000 0.0001
vn -0.6619 -0.0001 -0.7496
vn -0.3816 0.0000 -0.9243
vn -0.0133 0.9999 0.0072
vn 0.7879 0.0000 -0.6158
vn -0.0063 0.9999 0.0108
vn -0.0062 0.9999 0.0109
vn -0.0088 0.9999 0.0107
vn -0.6616 -0.0001 -0.7498
vn -0.2161 0.0001 -0.9764
vn -0.9236 -0.0001 -0.3832
vn -0.9237 -0.0001 -0.3832
vn 0.8077 0.0000 -0.5896
vn 0.0170 -0.9997 -0.0197
vn 0.0115 -0.9997 -0.0196
vn 0.0113 -0.9997 -0.0196
vn -0.4124 0.0000 -0.9110
vn -0.2233 0.0000 -0.9748
vn 0.0230 -0.9997 -0.0119
vn 0.0132 -0.9999 -0.0055
vn 0.0133 -0.9999 -0.0056
vn -0.0075 0.0002 -1.0000
vn 0.0005 -1.0000 -0.0001
vn 0.0006 -1.0000 -0.0001
vn 0.6447 0.0000 0.7644
vn 0.3312 0.0000 0.9436
vn 0.2427 0.0000 0.9701
vn 0.4151 0.0000 0.9098
vn 0.1140 0.0000 0.9935
vn 0.6439 0.0000 0.7651
vn 0.3325 0.0000 0.9431
vn 0.1165 0.0000 0.9932
vn 0.2463 -0.0001 0.9692
vn 0.0024 -1.0000 -0.0073
vn -0.9229 0.0000 -0.3851
vn -0.6671 0.0000 -0.7449
vn 0.0334 0.0000 -0.9994
vn -0.0000 -1.0000 0.0000
vn 0.7303 0.0000 -0.6831
vn 0.9994 0.0000 0.0334
vn 0.0000 -1.0000 0.0000
vn -0.0334 0.0000 0.9994
vn -0.7303 0.0000 0.6831
vn -0.9994 0.0000 -0.0334
vn -0.9106 0.0000 -0.4133
vn 0.0001 -1.0000 -0.0000
vn 0.9106 0.0000 0.4133
vn 0.0000 1.0000 0.0000
vn 0.6831 0.0000 0.7303
vn -0.0014 1.0000 0.0041
vn 0.9382 0.0000 0.3461
vn 0.9382 -0.0000 0.3461
vn 0.9047 0.0000 0.4260
vn 0.9047 0.0000 0.4259
vn 0.0005 -1.0000 0.0001
vn -0.0001 -1.0000 -0.0000
vn 0.0075 -0.0001 -1.0000
vn 0.0075 0.0000 -1.0000
vn -0.0001 0.0000 -1.0000
vn 0.2132 -0.0005 -0.9770
vn 0.2206 -0.0000 -0.9754
vn 0.2206 0.0001 -0.9754
vn 0.6984 0.0003 -0.7157
vn 0.5539 0.0002 -0.8326
vn 0.5539 -0.0002 -0.8326
vn -0.0066 0.9999 -0.0077
vn -0.0044 1.0000 -0.0076
vn -0.0046 1.0000 -0.0076
vn -0.8076 0.0000 -0.5898
vn 0.9237 0.0004 -0.3832
vn 0.9236 0.0003 -0.3833
vn -0.0009 1.0000 -0.0029
vn 0.9229 0.0000 -0.3851
vn 0.6671 0.0000 -0.7449
vn 0.9106 0.0000 -0.4133
vn 0.0001 1.0000 -0.0000
vn -0.9106 0.0000 0.4133
vn 0.0005 -1.0000 0.0018
vn -0.9382 0.0000 0.3461
vn -0.9048 0.0000 0.4259
vn -0.9047 -0.0000 0.4260
vn 0.0024 -1.0000 0.0042
vn -0.6787 0.0000 0.7344
vn -0.5457 0.0000 0.8380
vn 0.0031 -1.0000 0.0029
vn 0.0032 -1.0000 0.0033
vn 0.0014 -1.0000 0.0005
vn 0.0015 -1.0000 0.0006
vn -0.4151 0.0000 0.9098
vn 0.0012 -1.0000 0.0004
vn -0.6787 -0.0003 0.7344
vn -0.9048 -0.0000 0.4259
vn 0.0048 -1.0000 0.0079
vn 0.0047 -1.0000 0.0079
vn 0.0070 -0.9999 0.0080
vn 0.0010 -1.0000 0.0031
vn 0.0010 -1.0000 0.0030
vn 0.9237 -0.0001 -0.3832
vn 0.9237 -0.0003 -0.3832
vn 0.6984 0.0004 -0.7157
vn -0.7327 -0.0010 -0.6805
vn -0.9043 -0.0076 0.4267
vn -0.9044 -0.0076 0.4267
vn -0.9991 -0.0052 0.0425
vn -0.0005 1.0000 -0.0017
vn -0.0006 1.0000 -0.0019
vn -0.0027 1.0000 -0.0046
vn -0.0035 1.0000 -0.0035
vn -0.0034 1.0000 -0.0032
vn 0.2131 0.0002 -0.9770
vn -0.0019 1.0000 -0.0009
vn -0.0019 1.0000 -0.0008
vn -0.0005 1.0000 -0.0001
vn -0.0000 1.0000 0.0000
vn -0.6831 -0.0098 0.7303
vn -0.9994 -0.0098 0.0333
vn -0.3803 -0.9248 0.0127
vn -0.2599 -0.9249 0.2777
vn -0.7302 -0.0098 -0.6832
vn -0.2778 -0.9248 -0.2599
vn -0.0126 -0.9250 -0.3798
vn 0.2595 -0.9250 -0.2775
vn 0.3785 -0.9256 -0.0058
vn 0.2806 -0.9233 0.2621
vn 0.0135 -0.9252 0.3793
vn -0.0334 -0.0098 -0.9994
vn 0.6831 -0.0098 -0.7302
vn -0.0320 0.0099 -0.9994
vn -0.7303 0.0098 -0.6830
vn 0.6838 0.0099 -0.7296
vn -0.0164 0.9258 -0.3776
vn 0.2553 0.9258 -0.2789
vn -0.2796 0.9253 -0.2563
vn 0.9998 0.0099 -0.0169
vn 0.3777 0.9259 -0.0095
vn 0.9998 -0.0098 -0.0168
vn 0.2840 0.9230 0.2598
vn 0.7303 0.0096 0.6830
vn 0.7303 -0.0097 0.6831
vn 0.0354 -0.0098 0.9993
vn 0.0400 0.0097 0.9992
vn -0.6843 0.0097 0.7292
vn 0.0174 0.9244 0.3811
vn -0.2582 0.9242 0.2814
vn -0.3805 0.9246 0.0165
vn -0.9994 0.0098 0.0335
vn 0.9996 0.0000 0.0298
vn -0.9996 0.0000 -0.0299
vn -0.3710 0.0000 0.9286
vn -0.9286 0.0000 -0.3710
vn -0.3943 0.0000 -0.9190
vn 0.3710 0.0000 -0.9286
vn 0.9190 0.0000 -0.3943
vn 0.9286 0.0000 0.3710
vn 0.3943 0.0000 0.9190
vn 0.3710 0.0000 0.9286
vn 0.9286 0.0000 -0.3710
vn 0.3943 0.0000 -0.9190
vn -0.3710 0.0000 -0.9286
vn -0.9190 0.0000 -0.3943
vn -0.9286 0.0000 0.3710
vn -0.3943 0.0000 0.9190
vn -0.8660 0.0000 0.5000
vn -0.8660 0.0000 -0.5000
vn -0.5000 0.0000 -0.8660
vn -0.3485 0.9154 -0.2012
vn -0.2012 0.9154 -0.3485
vn -0.4024 0.9154 -0.0000
vn -0.8336 0.2709 -0.4813
vn -0.4813 0.2709 -0.8336
vn -0.9626 0.2709 0.0000
vn -0.4333 -0.8659 -0.2501
vn -0.2501 -0.8659 -0.4333
vn -0.5003 -0.8658 -0.0000
vn -0.5251 0.7952 -0.3032
vn -0.2201 0.9672 -0.1271
vn -0.1271 0.9672 -0.2201
vn -0.3032 0.7952 -0.5251
vn -0.6064 0.7952 -0.0000
vn -0.2541 0.9672 -0.0000
vn -0.0000 0.9672 -0.2541
vn -0.0000 0.7952 -0.6064
vn 0.1271 0.9672 -0.2201
vn 0.3032 0.7952 -0.5251
vn 0.2201 0.9672 -0.1271
vn 0.5251 0.7952 -0.3032
vn 0.2541 0.9672 -0.0000
vn 0.6064 0.7952 -0.0000
vn 0.2201 0.9672 0.1270
vn 0.5251 0.7952 0.3032
vn 0.1271 0.9672 0.2201
vn 0.3032 0.7952 0.5251
vn 0.0000 0.9672 0.2541
vn -0.0000 0.7952 0.6064
vn -0.1271 0.9672 0.2201
vn -0.3032 0.7952 0.5251
vn -0.2201 0.9672 0.1271
vn -0.5251 0.7952 0.3032
vn -0.5000 0.0000 0.8660
vn -0.4333 -0.8659 0.2501
vn -0.2502 -0.8659 0.4333
vn -0.8336 0.2709 0.4813
vn -0.4813 0.2709 0.8337
vn -0.4813 0.2709 0.8336
vn -0.3485 0.9154 0.2012
vn -0.2012 0.9154 0.3485
vn 0.0000 0.9154 0.4024
vn 0.5000 0.0000 0.8660
vn 0.2012 0.9154 0.3485
vn 0.0000 0.2709 0.9626
vn 0.4813 0.2709 0.8337
vn 0.4813 0.2709 0.8336
vn -0.0000 -0.8659 0.5003
vn 0.2501 -0.8659 0.4333
vn 0.8660 0.0000 0.5000
vn 0.4333 -0.8659 0.2501
vn 0.5003 -0.8659 -0.0000
vn 0.8336 0.2709 0.4813
vn 0.9626 0.2709 0.0000
vn 0.3485 0.9154 0.2012
vn 0.4024 0.9154 -0.0000
vn 0.8660 0.0000 -0.5000
vn 0.3485 0.9154 -0.2012
vn 0.5000 0.0000 -0.8660
vn 0.2012 0.9154 -0.3485
vn 0.8336 0.2709 -0.4813
vn 0.4813 0.2709 -0.8336
vn 0.4333 -0.8659 -0.2501
vn 0.2501 -0.8659 -0.4333
vn -0.0000 -0.8659 -0.5003
vn -0.0000 0.2709 -0.9626
vn 0.0000 0.9154 -0.4024
vn 0.4025 0.9154 -0.0000
vn 0.4813 0.2709 -0.8337
vn 0.6063 0.7952 0.0000
vn 0.2541 0.9672 -0.0001
vn 0.0000 0.9672 -0.2541
vn 0.0000 0.7952 -0.6064
vn -0.2541 0.9672 0.0000
vn -0.6063 0.7952 0.0000
vn -0.0000 0.9672 0.2541
vn 0.2201 0.9672 0.1271
vn 0.4332 -0.8659 0.2501
vn -0.0000 0.2709 0.9626
vn 0.0000 -0.8659 0.5003
vn -0.2501 -0.8659 0.4333
vn -0.4332 -0.8659 0.2501
vn -0.5003 -0.8659 -0.0000
vn -0.4025 0.9154 -0.0000
vn -0.4813 0.2709 -0.8337
vn 0.0000 -0.8659 -0.5003
vn -0.0000 0.9154 -0.4024
vn 0.3485 -0.9154 -0.2012
vn 0.2012 -0.9154 -0.3485
vn 0.4025 -0.9154 -0.0000
vn 0.8336 -0.2709 -0.4813
vn 0.4813 -0.2709 -0.8336
vn 0.9626 -0.2709 -0.0000
vn 0.4333 0.8658 -0.2502
vn 0.2502 0.8658 -0.4333
vn 0.5003 0.8658 0.0000
vn 0.5003 0.8659 0.0000
vn 0.5251 -0.7952 -0.3032
vn 0.2201 -0.9672 -0.1271
vn 0.1271 -0.9672 -0.2201
vn 0.3032 -0.7952 -0.5251
vn 0.6063 -0.7952 -0.0000
vn 0.2541 -0.9672 -0.0000
vn 0.0000 -0.9672 -0.2542
vn -0.0000 -0.7952 -0.6064
vn -0.1271 -0.9672 -0.2201
vn -0.3032 -0.7952 -0.5251
vn -0.2201 -0.9672 -0.1271
vn -0.5251 -0.7952 -0.3032
vn -0.2541 -0.9672 -0.0000
vn -0.6063 -0.7952 -0.0000
vn -0.2201 -0.9672 0.1271
vn -0.5251 -0.7952 0.3032
vn -0.1271 -0.9672 0.2201
vn -0.3032 -0.7952 0.5251
vn -0.0000 -0.9672 0.2541
vn 0.0000 -0.7952 0.6064
vn 0.1271 -0.9672 0.2201
vn 0.3032 -0.7952 0.5251
vn 0.2201 -0.9672 0.1270
vn 0.5251 -0.7952 0.3032
vn 0.4333 0.8659 0.2502
vn 0.2502 0.8658 0.4333
vn 0.2501 0.8659 0.4333
vn 0.8336 -0.2709 0.4813
vn 0.4813 -0.2709 0.8336
vn 0.4813 -0.2709 0.8337
vn 0.3486 -0.9154 0.2012
vn 0.2012 -0.9154 0.3485
vn 0.0000 -0.9154 0.4025
vn -0.2012 -0.9154 0.3485
vn 0.0000 -0.2709 0.9626
vn -0.4813 -0.2709 0.8336
vn 0.0000 0.8658 0.5003
vn 0.0000 0.8659 0.5003
vn -0.2502 0.8658 0.4333
vn -0.4333 0.8658 0.2502
vn -0.4333 0.8659 0.2502
vn -0.5003 0.8658 0.0000
vn -0.5003 0.8659 0.0000
vn -0.8336 -0.2709 0.4813
vn -0.9626 -0.2709 -0.0000
vn -0.3485 -0.9154 0.2012
vn -0.4025 -0.9154 -0.0000
vn -0.3485 -0.9154 -0.2012
vn -0.2012 -0.9154 -0.3485
vn -0.8336 -0.2709 -0.4813
vn -0.4813 -0.2709 -0.8337
vn -0.4333 0.8658 -0.2502
vn -0.2502 0.8658 -0.4333
vn 0.0000 0.8658 -0.5003
vn 0.0000 -0.2709 -0.9626
vn 0.0000 -0.9154 -0.4025
vn -0.3486 -0.9154 -0.2012
vn -0.4813 -0.2709 -0.8336
vn -0.2541 -0.9672 0.0000
vn -0.0000 -0.9672 -0.2541
vn 0.2201 -0.9672 0.1271
vn 0.0000 -0.9672 0.2541
vn 0.0000 -0.7952 0.6063
vn -0.2501 0.8658 0.4333
vn -0.2501 0.8659 0.4333
vn -0.3486 -0.9154 0.2012
vn -0.0000 -0.2709 0.9626
vn 0.4333 0.8658 0.2502
vn 0.3485 -0.9154 0.2012
vn 0.3486 -0.9154 -0.2012
vn -0.0000 -0.2709 -0.9626
vn 0.3029 -0.1778 0.9363
vn 0.1250 -0.2998 0.9458
vn 0.0867 -0.2346 0.9682
vn 0.2148 -0.1223 0.9690
vn -0.8691 0.4947 0.0004
vn -0.3799 0.9250 0.0003
vn -0.2285 0.5566 0.7988
vn -0.5866 0.3339 0.7379
vn 0.0122 -0.3741 0.9273
vn 0.0088 -0.2983 0.9544
vn -0.0000 1.0000 0.0002
vn -0.0000 0.6597 0.7516
vn 0.2355 -0.5828 0.7777
vn 0.6005 -0.3249 0.7306
vn 0.0000 -0.6955 0.7185
vn -0.7576 0.6528 0.0007
vn -0.5209 0.4486 0.7262
vn 0.5217 -0.4433 0.7289
vn 0.8795 -0.4758 -0.0004
vn 0.7622 -0.6473 -0.0007
vn 0.3746 -0.9272 -0.0002
vn 0.0004 -0.0005 1.0000
vn 0.0003 -0.0002 1.0000
vn 0.0001 -0.0002 1.0000
vn 0.0002 -0.0002 1.0000
vn 0.0006 -0.0013 1.0000
vn 0.6033 -0.7975 -0.0015
vn 0.4136 -0.5475 0.7274
vn 0.0009 -0.0024 1.0000
vn 0.4491 -0.8935 -0.0024
vn 0.3084 -0.6142 0.7264
vn -0.3126 0.6204 0.7193
vn -0.4189 0.5543 0.7192
vn -0.4494 0.8933 0.0024
vn -0.6021 0.7984 0.0015
vn 0.2139 -0.2884 0.9333
vn 0.2622 -0.2334 0.9364
vn 0.1799 -0.1553 0.9713
vn 0.1420 -0.1904 0.9714
vn 0.1609 -0.3248 0.9320
vn 0.1068 -0.2142 0.9709
vn 0.3242 -0.4408 0.8370
vn 0.3964 -0.3637 0.8430
vn 0.2434 -0.4942 0.8346
vn 0.1121 -0.3481 0.9307
vn 0.1675 -0.5284 0.8323
vn 0.0754 -0.2290 0.9705
vn 0.0586 -0.3575 0.9321
vn 0.0876 -0.5431 0.8351
vn 0.0393 -0.2349 0.9712
vn -0.3107 0.9505 0.0025
vn -0.2160 0.6613 0.7183
vn -0.1599 0.9871 0.0016
vn -0.1105 0.6859 0.7192
vn 0.2142 -0.6544 0.7252
vn 0.1106 -0.6778 0.7269
vn 0.3107 -0.9505 -0.0025
vn 0.1602 -0.9871 -0.0017
vn 0.0007 -0.0015 1.0000
vn 0.0010 -0.0026 1.0000
vn 0.0000 -0.0007 1.0000
vn -0.0000 -1.0000 -0.0011
vn -0.0000 -0.6873 0.7263
vn -0.0007 -0.0015 1.0000
vn -0.1602 -0.9871 -0.0017
vn -0.1106 -0.6778 0.7269
vn -0.0010 -0.0026 1.0000
vn -0.3108 -0.9505 -0.0025
vn -0.2142 -0.6544 0.7252
vn 0.0000 0.6958 0.7183
vn 0.1105 0.6859 0.7192
vn 0.2160 0.6613 0.7183
vn 0.0000 1.0000 0.0011
vn 0.1600 0.9871 0.0016
vn 0.3106 0.9505 0.0025
vn -0.0586 -0.3575 0.9321
vn -0.0393 -0.2349 0.9712
vn -0.0754 -0.2290 0.9705
vn -0.1121 -0.3481 0.9307
vn -0.0000 -0.3593 0.9332
vn 0.0000 -0.2362 0.9717
vn -0.1675 -0.5284 0.8323
vn -0.0876 -0.5431 0.8351
vn -0.0000 -0.5462 0.8377
vn -0.0000 -0.7103 0.7039
vn 0.1131 -0.7050 0.7001
vn -0.1131 -0.7050 0.7001
vn 0.0000 -0.5021 0.8648
vn 0.0808 -0.4966 0.8642
vn -0.0808 -0.4966 0.8642
vn -0.2147 -0.6849 0.6963
vn -0.1509 -0.4818 0.8632
vn -0.0025 -0.0011 1.0000
vn 0.0000 -0.0005 1.0000
vn -0.0016 -0.0025 1.0000
vn -0.2929 -0.9561 -0.0025
vn -0.2600 -0.8484 0.4611
vn -0.1390 -0.8760 0.4618
vn -0.1554 -0.9878 -0.0016
vn 0.0000 -0.8865 0.4628
vn -0.0000 -1.0000 -0.0009
vn -0.0022 0.0049 1.0000
vn 0.0000 0.0042 1.0000
vn -0.0008 0.0050 1.0000
vn 0.1357 0.8771 0.4607
vn -0.0000 0.8873 0.4612
vn 0.2554 0.8499 0.4610
vn 0.0028 0.0051 1.0000
vn 0.3818 0.7995 0.4638
vn -0.3845 -0.7975 0.4649
vn 0.0039 0.0052 1.0000
vn 0.5105 0.7225 0.4662
vn -0.5141 -0.7183 0.4688
vn -0.0007 0.0022 1.0000
vn 0.6195 0.6272 0.4721
vn -0.6280 -0.6191 0.4716
vn -0.0067 0.0011 1.0000
vn 0.7197 0.5058 0.4756
vn -0.7328 -0.4902 0.4718
vn -0.0027 -0.0179 0.9998
vn 0.3053 0.7868 0.5364
vn -0.2922 -0.8037 0.5184
vn -0.0000 -0.0299 0.9996
vn 0.0000 0.8683 0.4960
vn -0.0001 -0.8836 0.4682
vn 0.6007 0.7995 0.0000
vn 1.0000 0.0001 -0.0000
vn 0.5949 -0.8038 -0.0000
vn -0.0024 -0.0179 -0.9998
vn 0.3003 0.7887 -0.5364
vn 0.0001 0.8681 -0.4964
vn 0.0000 -0.0297 -0.9996
vn -0.2873 -0.8050 -0.5190
vn -0.0000 -0.8830 -0.4693
vn -0.0064 0.0017 -1.0000
vn 0.7207 0.5047 -0.4753
vn -0.7337 -0.4885 -0.4723
vn -0.0013 0.0043 -1.0000
vn 0.6287 0.6192 -0.4705
vn -0.6376 -0.6088 -0.4721
vn 0.0024 0.0095 -1.0000
vn 0.5164 0.7197 -0.4640
vn -0.5214 -0.7113 -0.4715
vn 0.0023 0.0112 -0.9999
vn 0.3982 0.7945 -0.4585
vn -0.4027 -0.7866 -0.4681
vn 0.0032 0.0096 -0.9999
vn 0.2528 0.8529 -0.4567
vn -0.2539 -0.8476 -0.4659
vn 0.0035 0.0068 -1.0000
vn 0.1243 0.8803 -0.4578
vn -0.1216 -0.8773 -0.4642
vn 0.0000 0.0052 -1.0000
vn 0.0000 0.8879 -0.4600
vn 0.0000 -0.8856 -0.4645
vn -0.0035 0.0068 -1.0000
vn -0.1242 0.8804 -0.4577
vn 0.1216 -0.8773 -0.4642
vn -0.0032 0.0096 -0.9999
vn -0.2528 0.8529 -0.4567
vn 0.2539 -0.8476 -0.4659
vn -0.0023 0.0112 -0.9999
vn -0.3982 0.7945 -0.4585
vn 0.4027 -0.7866 -0.4681
vn -0.0024 0.0095 -1.0000
vn -0.5164 0.7197 -0.4640
vn 0.5214 -0.7113 -0.4715
vn 0.0013 0.0043 -1.0000
vn -0.6287 0.6192 -0.4705
vn 0.6376 -0.6088 -0.4721
vn 0.0064 0.0017 -1.0000
vn -0.7207 0.5047 -0.4753
vn 0.7337 -0.4885 -0.4723
vn 0.0024 -0.0179 -0.9998
vn -0.3003 0.7887 -0.5365
vn 0.2873 -0.8050 -0.5190
vn -0.0000 -0.0297 -0.9996
vn -0.0001 0.8681 -0.4964
vn 0.0000 -0.8830 -0.4693
vn -1.0000 0.0001 -0.0000
vn -0.6007 0.7995 0.0000
vn -0.5949 -0.8038 -0.0000
vn 0.0000 -0.0299 0.9996
vn 0.0027 -0.0179 0.9998
vn -0.3053 0.7868 0.5364
vn -0.0000 0.8683 0.4960
vn 0.0001 -0.8836 0.4682
vn 0.2922 -0.8037 0.5184
vn 0.0067 0.0011 1.0000
vn -0.7197 0.5058 0.4756
vn 0.7328 -0.4902 0.4719
vn 0.0007 0.0022 1.0000
vn -0.6195 0.6272 0.4721
vn 0.6280 -0.6191 0.4716
vn -0.0039 0.0052 1.0000
vn -0.5105 0.7225 0.4662
vn 0.5141 -0.7183 0.4688
vn -0.0028 0.0051 1.0000
vn -0.3818 0.7995 0.4638
vn 0.3845 -0.7975 0.4649
vn 0.0008 0.0050 1.0000
vn -0.2554 0.8499 0.4610
vn 0.2600 -0.8484 0.4611
vn 0.0022 0.0049 1.0000
vn -0.1358 0.8771 0.4608
vn 0.1390 -0.8760 0.4618
vn 0.1555 -0.9878 -0.0016
vn 0.2929 -0.9561 -0.0025
vn 0.0025 -0.0011 1.0000
vn 0.1509 -0.4818 0.8632
vn 0.0020 -0.0023 1.0000
vn 0.2202 -0.4518 0.8645
vn -0.0001 -0.0029 1.0000
vn 0.4355 -0.9002 -0.0023
vn 0.2938 -0.4046 0.8660
vn -0.0006 -0.0021 1.0000
vn 0.5836 -0.8121 -0.0014
vn 0.3623 -0.3444 0.8661
vn -0.0002 -0.0009 1.0000
vn 0.7137 -0.7005 -0.0006
vn 0.4258 -0.2676 0.8643
vn 0.0002 -0.0003 1.0000
vn 0.8328 -0.5536 -0.0003
vn 0.1689 -0.4059 0.8982
vn 0.0000 -0.0002 1.0000
vn 0.3467 -0.9380 -0.0003
vn -0.0002 -0.4871 0.8734
vn -0.0004 -0.0003 1.0000
vn -0.0000 -1.0000 -0.0002
vn -0.8514 -0.5246 -0.0004
vn -0.0001 0.0002 -1.0000
vn 0.0004 0.0005 -1.0000
vn -0.0000 0.0003 -1.0000
vn 0.3418 -0.9398 -0.0004
vn 0.0000 -1.0000 -0.0002
vn -0.0003 0.0002 -1.0000
vn -0.0002 0.0003 -1.0000
vn 0.8339 -0.5519 -0.0003
vn -0.0001 0.0007 -1.0000
vn 0.0001 0.0009 -1.0000
vn 0.7240 -0.6898 -0.0006
vn -0.0000 0.0017 -1.0000
vn 0.0003 0.0020 -1.0000
vn 0.5912 -0.8065 -0.0013
vn -0.0004 0.0027 -1.0000
vn -0.0002 0.0028 -1.0000
vn 0.4556 -0.8902 -0.0023
vn -0.0014 0.0025 -1.0000
vn -0.0017 0.0024 -1.0000
vn 0.2881 -0.9576 -0.0025
vn -0.0016 0.0013 -1.0000
vn -0.0021 0.0012 -1.0000
vn 0.1387 -0.9903 -0.0016
vn 0.0000 0.0006 -1.0000
vn 0.0000 0.0005 -1.0000
vn 0.0000 -1.0000 -0.0009
vn 0.0021 0.0012 -1.0000
vn 0.0016 0.0013 -1.0000
vn -0.1387 -0.9903 -0.0016
vn 0.0017 0.0024 -1.0000
vn 0.0014 0.0025 -1.0000
vn -0.2880 -0.9576 -0.0025
vn 0.0002 0.0028 -1.0000
vn 0.0004 0.0027 -1.0000
vn -0.4557 -0.8901 -0.0023
vn -0.0003 0.0020 -1.0000
vn 0.0000 0.0017 -1.0000
vn -0.5912 -0.8066 -0.0014
vn -0.0001 0.0009 -1.0000
vn 0.0001 0.0007 -1.0000
vn -0.7240 -0.6898 -0.0006
vn 0.0002 0.0003 -1.0000
vn 0.0003 0.0002 -1.0000
vn -0.8339 -0.5520 -0.0003
vn 0.0000 0.0003 -1.0000
vn 0.0001 0.0002 -1.0000
vn -0.3418 -0.9398 -0.0002
vn -0.0004 0.0005 -1.0000
vn 0.8514 -0.5246 -0.0004
vn 0.0002 -0.4871 0.8734
vn 0.0004 -0.0003 1.0000
vn -0.0000 -0.0002 1.0000
vn -0.1689 -0.4059 0.8982
vn -0.3467 -0.9380 -0.0004
vn -0.0002 -0.0003 1.0000
vn -0.4258 -0.2676 0.8643
vn -0.8327 -0.5537 -0.0003
vn 0.0002 -0.0009 1.0000
vn -0.3623 -0.3444 0.8661
vn -0.7137 -0.7005 -0.0006
vn 0.0006 -0.0021 1.0000
vn -0.2938 -0.4046 0.8660
vn -0.5836 -0.8121 -0.0014
vn 0.0001 -0.0029 1.0000
vn -0.2202 -0.4518 0.8645
vn -0.4356 -0.9001 -0.0023
vn -0.3145 -0.6417 0.6995
vn -0.4195 -0.5741 0.7032
vn -0.2434 -0.4942 0.8346
vn -0.3242 -0.4408 0.8370
vn -0.3964 -0.3637 0.8430
vn -0.5122 -0.4806 0.7118
vn -0.4602 -0.2788 0.8429
vn -0.5952 -0.3694 0.7136
vn -0.1953 -0.4509 0.8709
vn -0.2520 -0.5992 0.7599
vn -0.0115 -0.5473 0.8368
vn -0.0041 -0.7025 0.7117
vn 0.6600 -0.7512 -0.0013
vn 0.6601 -0.7512 -0.0014
vn 0.7885 -0.6151 -0.0024
vn -0.0002 0.0001 -1.0000
vn -0.0002 0.0002 -1.0000
vn 0.8905 -0.4550 -0.0022
vn 0.9263 -0.3769 -0.0015
vn -0.0122 -0.3741 0.9273
vn -0.1250 -0.2998 0.9458
vn -0.0867 -0.2346 0.9682
vn -0.0088 -0.2983 0.9544
vn 0.3799 0.9250 0.0002
vn 0.2285 0.5565 0.7988
vn 0.0000 1.0000 0.0002
vn 0.7762 0.6305 0.0046
vn 0.7761 0.6305 0.0045
vn 0.0001 1.0000 0.0000
vn -0.2355 -0.5828 0.7777
vn -0.0000 -0.6955 0.7185
vn 0.7761 -0.6306 0.0045
vn -0.0001 0.0001 -1.0000
vn -0.0001 0.0003 -1.0000
vn 0.0002 0.0002 -1.0000
vn -0.0001 -0.0002 1.0000
vn -0.0002 -0.0002 1.0000
vn -0.3746 -0.9272 -0.0003
vn -0.0003 -0.0002 1.0000
vn -0.6005 -0.3250 0.7306
vn -0.8795 -0.4759 -0.0004
vn 0.5866 0.3339 0.7379
vn -0.5217 -0.4433 0.7289
vn -0.7622 -0.6474 -0.0007
vn 0.5209 0.4486 0.7262
vn 0.7576 0.6527 0.0007
vn 0.8691 0.4947 0.0004
vn -0.3029 -0.1778 0.9363
vn -0.2148 -0.1223 0.9690
vn -0.2622 -0.2334 0.9364
vn -0.1800 -0.1553 0.9713
vn -0.2139 -0.2884 0.9333
vn -0.1421 -0.1904 0.9714
vn -0.1609 -0.3248 0.9320
vn -0.1066 -0.2143 0.9709
vn 0.6021 0.7984 0.0015
vn 0.4187 0.5544 0.7193
vn 0.4494 0.8933 0.0024
vn 0.3126 0.6204 0.7193
vn -0.3084 -0.6142 0.7264
vn -0.4136 -0.5475 0.7274
vn -0.6033 -0.7975 -0.0015
vn -0.4491 -0.8935 -0.0024
vn -0.0009 -0.0024 1.0000
vn -0.0006 -0.0013 1.0000
vn -0.0004 -0.0005 1.0000
vn -0.6064 -0.7952 -0.0013
vn -0.6061 -0.7954 -0.0013
vn -0.4500 -0.8930 -0.0028
vn -0.4502 -0.8929 -0.0028
vn -0.3103 -0.9506 -0.0035
vn -0.3106 -0.9505 -0.0035
vn -0.7721 -0.6355 -0.0007
vn -0.8981 -0.4398 -0.0003
vn -0.9480 -0.3183 -0.0002
vn -0.9491 -0.3149 -0.0002
vn -0.8996 -0.4367 -0.0003
vn -0.7804 -0.6252 -0.0008
vn -0.7804 -0.6253 -0.0007
vn -0.6138 -0.7894 -0.0014
vn -0.6138 -0.7895 -0.0014
vn -0.4769 -0.8790 -0.0029
vn -0.3052 -0.9523 -0.0035
vn -0.1392 -0.9903 -0.0013
vn 0.1393 -0.9903 -0.0013
vn 0.3052 -0.9523 -0.0035
vn 0.4768 -0.8790 -0.0029
vn 0.6139 -0.7894 -0.0014
vn 0.6138 -0.7894 -0.0014
vn 0.7805 -0.6252 -0.0008
vn 0.7804 -0.6252 -0.0007
vn 0.8996 -0.4367 -0.0003
vn 0.9491 -0.3149 -0.0002
vn 0.0001 0.0001 -1.0000
vn 0.0001 0.0003 -1.0000
vn -0.7761 -0.6306 0.0046
vn -0.7761 -0.6306 0.0045
vn -0.7762 0.6305 0.0045
vn -0.7761 0.6305 0.0045
vn 0.0002 0.0001 -1.0000
vn -0.0001 1.0000 0.0000
vn -0.8905 -0.4550 -0.0022
vn -0.9263 -0.3769 -0.0015
vn -0.7885 -0.6151 -0.0024
vn -0.7885 -0.6150 -0.0024
vn 0.1953 -0.4509 0.8709
vn 0.0115 -0.5473 0.8368
vn -0.6601 -0.7512 -0.0014
vn -0.6600 -0.7512 -0.0014
vn 0.2520 -0.5992 0.7599
vn 0.0041 -0.7025 0.7117
vn 0.4602 -0.2788 0.8429
vn 0.5953 -0.3694 0.7136
vn 0.5122 -0.4806 0.7118
vn 0.4195 -0.5741 0.7032
vn 0.3145 -0.6417 0.6995
vn 0.2147 -0.6849 0.6963
vn 0.9480 -0.3183 -0.0002
vn 0.8981 -0.4398 -0.0003
vn 0.7721 -0.6355 -0.0007
vn 0.6060 -0.7955 -0.0013
vn 0.6062 -0.7953 -0.0013
vn 0.4502 -0.8929 -0.0028
vn 0.4506 -0.8927 -0.0028
vn 0.3105 -0.9506 -0.0035
vn 0.3103 -0.9506 -0.0035
vn 0.1592 -0.9872 -0.0014
vn -0.1592 -0.9872 -0.0014
vn -0.1593 -0.9872 -0.0014
vn -0.0003 0.0001 -1.0000
vn -0.0003 0.0005 -1.0000
vn -0.0004 0.0015 -1.0000
vn -0.0008 0.0025 -1.0000
vn -0.0012 0.0025 -1.0000
vn -0.0010 0.0014 -1.0000
vn 0.0010 0.0014 -1.0000
vn 0.0012 0.0025 -1.0000
vn 0.0008 0.0025 -1.0000
vn 0.0004 0.0015 -1.0000
vn 0.0003 0.0005 -1.0000
vn 0.0003 0.0001 -1.0000
vn -0.0000 1.0000 0.0009
vn -0.1542 0.9880 0.0015
vn -0.2879 0.9577 0.0025
vn 0.0032 -0.0011 1.0000
vn -0.0000 -0.0005 1.0000
vn 0.0031 -0.0010 1.0000
vn 0.0021 -0.0023 1.0000
vn 0.0023 -0.0023 1.0000
vn -0.0004 -0.0030 1.0000
vn -0.0003 -0.0030 1.0000
vn -0.4297 0.9030 0.0024
vn -0.0009 -0.0022 1.0000
vn -0.0010 -0.0023 1.0000
vn -0.5756 0.8177 0.0014
vn -0.0004 -0.0010 1.0000
vn -0.0004 -0.0011 1.0000
vn -0.7012 0.7129 0.0007
vn 0.0001 -0.0003 1.0000
vn -0.8168 0.5770 0.0003
vn -0.3730 0.9278 0.0002
vn -0.0008 -0.0005 1.0000
vn 0.0001 1.0000 0.0003
vn 0.0008 0.0005 -1.0000
vn -0.3673 0.9301 0.0002
vn -0.8177 0.5756 0.0003
vn 0.0004 0.0010 -1.0000
vn 0.0004 0.0011 -1.0000
vn -0.7118 0.7024 0.0006
vn 0.0009 0.0022 -1.0000
vn 0.0009 0.0023 -1.0000
vn -0.5831 0.8124 0.0014
vn 0.0004 0.0030 -1.0000
vn 0.0003 0.0030 -1.0000
vn -0.4481 0.8940 0.0024
vn -0.0024 0.0022 -1.0000
vn -0.0022 0.0023 -1.0000
vn -0.2831 0.9591 0.0025
vn -0.0030 0.0011 -1.0000
vn -0.1384 0.9904 0.0016
vn 0.0000 1.0000 0.0009
vn 0.0030 0.0011 -1.0000
vn 0.1384 0.9904 0.0015
vn 0.0022 0.0023 -1.0000
vn 0.0026 0.0021 -1.0000
vn 0.2832 0.9591 0.0024
vn -0.0003 0.0030 -1.0000
vn -0.0004 0.0030 -1.0000
vn 0.4481 0.8940 0.0024
vn -0.0009 0.0023 -1.0000
vn -0.0009 0.0022 -1.0000
vn 0.5831 0.8124 0.0014
vn -0.0004 0.0011 -1.0000
vn -0.0006 0.0015 -1.0000
vn 0.7118 0.7024 0.0007
vn 0.8177 0.5757 0.0003
vn -0.0000 0.0002 -1.0000
vn 0.3673 0.9301 0.0003
vn -0.0008 0.0005 -1.0000
vn 0.0008 -0.0005 1.0000
vn 0.3730 0.9278 0.0002
vn -0.0001 1.0000 0.0003
vn -0.0001 -0.0003 1.0000
vn -0.0000 -0.0004 1.0000
vn 0.8167 0.5771 0.0003
vn 0.0004 -0.0011 1.0000
vn 0.0006 -0.0014 1.0000
vn 0.7012 0.7129 0.0006
vn 0.0010 -0.0023 1.0000
vn 0.0009 -0.0022 1.0000
vn 0.5756 0.8177 0.0014
vn 0.0003 -0.0030 1.0000
vn 0.0004 -0.0030 1.0000
vn 0.4297 0.9030 0.0024
vn -0.0023 -0.0023 1.0000
vn -0.0021 -0.0023 1.0000
vn 0.2879 0.9577 0.0025
vn -0.0031 -0.0010 1.0000
vn -0.0032 -0.0011 1.0000
vn 0.1542 0.9880 0.0016
vn 0.1458 0.9893 0.0012
vn 0.1458 0.9893 0.0011
vn 0.2834 0.9590 0.0029
vn 0.2832 0.9591 0.0029
vn -0.1459 0.9893 0.0011
vn -0.1458 0.9893 0.0012
vn 0.4357 0.9001 0.0026
vn 0.4359 0.9000 0.0025
vn 0.5756 0.8177 0.0013
vn 0.5756 0.8178 0.0013
vn 0.7003 0.7139 0.0006
vn 0.8085 0.5885 0.0001
vn 0.8086 0.5884 0.0001
vn 0.4038 0.9148 0.0000
vn -0.2834 0.9590 0.0029
vn -0.4358 0.9001 0.0026
vn -0.5756 0.8178 0.0013
vn -0.7003 0.7139 0.0006
vn -0.8086 0.5884 0.0001
vn -0.8085 0.5884 0.0001
vn -0.4038 0.9148 0.0001
vn -0.4038 0.9148 0.0000
vn -0.9239 0.3827 -0.0000
vn -0.9808 0.1951 -0.0000
vn -0.9808 -0.1951 -0.0000
vn -0.9239 -0.3827 -0.0000
vn -0.8315 -0.5556 -0.0000
vn -0.5556 0.8315 -0.0000
vn -0.8315 0.5556 -0.0000
vn 0.8315 -0.5556 -0.0000
vn 0.9239 -0.3827 -0.0000
vn 0.9808 -0.1951 -0.0000
vn 0.9808 0.1951 -0.0000
vn 0.9239 0.3827 -0.0000
vn 0.8315 0.5556 -0.0000
vn -0.5556 -0.8315 -0.0000
vn -0.3827 -0.9239 -0.0000
vn 0.5556 0.8315 -0.0000
vn 0.3827 0.9239 -0.0000
vn 0.1951 0.9808 -0.0000
vn -0.1951 -0.9808 -0.0000
vn 0.1951 -0.9808 -0.0000
vn 0.3827 -0.9239 -0.0000
vn -0.3827 0.9239 -0.0000
vn -0.1951 0.9808 -0.0000
vn 0.5556 -0.8315 -0.0000
vn -0.8660 0.5000 -0.0000
vn -0.5000 0.8660 -0.0000
vn 0.5000 0.8660 -0.0000
vn 0.8660 0.5000 -0.0000
vn 0.0000 -0.9987 0.0513
vn -0.7062 -0.7062 0.0513
vn -0.0000 -0.6956 0.7184
vn -0.4919 -0.4919 0.7184
vn -0.9987 0.0000 0.0513
vn -0.6956 0.0000 0.7184
vn 0.4919 -0.4919 0.7184
vn 0.4919 0.4919 0.7184
vn -0.0000 0.6956 0.7185
vn -0.4919 0.4919 0.7184
vn 0.6956 0.0000 0.7184
vn 0.7062 -0.7062 0.0513
vn 0.9987 0.0000 0.0513
vn 0.7062 0.7062 0.0513
vn -0.0000 0.9987 0.0514
vn -0.7062 0.7062 0.0513
vn -0.9978 -0.0657 -0.0000
vn -0.9749 -0.2225 -0.0000
vn 0.9974 0.0725 -0.0000
vn 0.9749 0.2225 -0.0000
vn 0.9010 0.4339 -0.0000
vn 0.7818 0.6235 -0.0000
vn 0.6235 0.7818 -0.0000
vn 0.4339 0.9010 -0.0000
vn 0.2225 0.9749 -0.0000
vn -0.2225 -0.9749 -0.0000
vn -0.4339 -0.9010 -0.0000
vn -0.6235 -0.7818 -0.0000
vn -0.7818 -0.6235 -0.0000
vn -0.9010 -0.4339 -0.0000
vn 0.2225 -0.9749 -0.0000
vn 0.4339 -0.9010 -0.0000
vn -0.4339 0.9010 -0.0000
vn -0.2225 0.9749 -0.0000
vn -0.6235 0.7818 -0.0000
vn -0.7818 0.6235 -0.0000
vn -0.9010 0.4339 -0.0000
vn -0.9749 0.2225 -0.0000
vn -0.9974 0.0725 -0.0000
vn 0.9978 -0.0657 0.0000
vn 0.9978 -0.0657 -0.0000
vn 0.9749 -0.2225 -0.0000
vn 0.9010 -0.4339 -0.0000
vn 0.7818 -0.6235 -0.0000
vn 0.6235 -0.7818 -0.0000
vn 0.0183 0.0000 0.9998
vn 0.0286 -0.0046 0.9996
vn 0.0041 1.0000 -0.0000
vn 0.0388 0.0000 0.9992
vn 0.0388 -0.0063 0.9992
vn 0.0380 -0.0123 0.9992
vn 0.0379 -0.0125 0.9992
vn 0.0348 -0.0201 0.9992
vn 0.0349 -0.0200 0.9992
vn -0.9512 0.3086 -0.0000
vn -0.9735 0.2286 -0.0000
vn -0.8678 0.4969 -0.0000
vn 0.0302 -0.0270 0.9992
vn 0.0303 -0.0269 0.9992
vn -0.7461 0.6658 0.0000
vn -0.6014 0.7990 0.0000
vn -0.6014 0.7989 0.0000
vn -0.4023 0.9155 0.0000
vn 0.0244 -0.0325 0.9992
vn 0.0162 -0.0372 0.9992
vn 0.0163 -0.0371 0.9992
vn 0.0076 -0.0401 0.9992
vn 0.0075 -0.0402 0.9992
vn 0.0000 -0.0411 0.9992
vn -0.1807 0.9835 0.0000
vn 0.1812 0.9834 0.0000
vn 0.1807 0.9835 0.0000
vn 0.4022 0.9155 0.0000
vn -0.0075 -0.0402 0.9992
vn -0.0073 -0.0402 0.9992
vn -0.0162 -0.0372 0.9992
vn -0.0163 -0.0371 0.9992
vn -0.0244 -0.0325 0.9992
vn -0.0302 -0.0270 0.9992
vn -0.0303 -0.0269 0.9992
vn 0.6013 0.7990 0.0000
vn 0.7461 0.6658 0.0000
vn 0.8678 0.4969 -0.0000
vn 0.9512 0.3086 -0.0000
vn 0.9735 0.2286 -0.0000
vn -0.0041 1.0000 -0.0000
vn -0.0286 -0.0046 0.9996
vn -0.0183 0.0000 0.9998
vn -0.0379 -0.0125 0.9992
vn -0.0380 -0.0123 0.9992
vn -0.0388 -0.0063 0.9992
vn -0.0388 0.0000 0.9992
vn -0.0349 -0.0200 0.9992
vn -0.0350 -0.0199 0.9992
vn 0.3420 0.9397 -0.0000
vn -0.3420 0.9397 -0.0000
vn -0.6428 0.7660 -0.0000
vn -0.9848 0.1736 -0.0000
vn -0.9848 -0.1736 -0.0000
vn -0.8660 -0.5000 -0.0000
vn -0.6428 -0.7660 -0.0000
vn -0.3420 -0.9397 -0.0000
vn 0.3420 -0.9397 -0.0000
vn 0.6428 -0.7660 -0.0000
vn 0.8660 -0.5000 -0.0000
vn 0.9848 -0.1736 -0.0000
vn 0.9848 0.1736 -0.0000
vn 0.6428 0.7660 -0.0000
vn -0.9848 0.1737 -0.0000
vn 0.9848 0.1737 -0.0000
vn 0.5777 -0.8163 -0.0000
vn -0.8162 -0.5777 -0.0000
vn -0.8162 -0.5778 -0.0000
vn -0.5778 0.8162 -0.0000
vn 0.8162 0.5777 -0.0000
vn 0.6896 0.3981 0.6049
vn 0.3982 0.6896 0.6049
vn 0.3053 0.5288 0.7919
vn 0.5288 0.3053 0.7919
vn 0.7963 0.0000 0.6049
vn 0.6107 0.0000 0.7919
vn 0.1508 0.2612 0.9534
vn 0.2612 0.1508 0.9534
vn 0.3016 0.0000 0.9534
vn 0.8199 0.4734 0.3220
vn 0.4734 0.8199 0.3220
vn 0.9468 0.0000 0.3220
vn -0.8199 0.4734 0.3220
vn -0.9468 0.0000 0.3220
vn -0.4734 0.8199 0.3220
vn -0.5288 0.3053 0.7919
vn -0.6107 0.0000 0.7919
vn -0.3016 0.0000 0.9534
vn -0.2612 0.1508 0.9534
vn -0.3053 0.5288 0.7919
vn -0.1508 0.2612 0.9534
vn -0.6896 0.3981 0.6049
vn -0.7963 0.0000 0.6049
vn -0.3982 0.6896 0.6049
vn 0.0000 0.7963 0.6049
vn 0.0000 0.6106 0.7919
vn 0.0000 0.3016 0.9534
vn -0.0000 0.9468 0.3220
vn -0.5000 -0.8660 -0.0000
vn -0.6896 -0.3981 0.6049
vn -0.3982 -0.6896 0.6049
vn -0.3053 -0.5288 0.7919
vn -0.5289 -0.3054 0.7919
vn -0.1508 -0.2612 0.9534
vn -0.2612 -0.1508 0.9534
vn -0.8199 -0.4733 0.3219
vn -0.4734 -0.8199 0.3219
vn 0.0000 -0.9468 0.3219
vn 0.0000 -0.6107 0.7919
vn 0.0000 -0.3016 0.9534
vn 0.4734 -0.8199 0.3219
vn 0.3054 -0.5289 0.7919
vn 0.1508 -0.2612 0.9534
vn -0.0000 -0.7963 0.6049
vn 0.3982 -0.6896 0.6049
vn 0.5000 -0.8660 -0.0000
vn 0.6896 -0.3981 0.6049
vn 0.5288 -0.3053 0.7919
vn 0.2612 -0.1508 0.9534
vn 0.8199 -0.4733 0.3219
vn -0.7068 0.7068 0.0279
vn 0.7068 0.7068 0.0279
vn -0.3863 0.0000 0.9224
vn 0.0000 0.3863 0.9224
vn 0.3863 -0.0000 0.9224
vn 0.7068 -0.7068 0.0279
vn -0.0001 -0.3863 0.9224
vn -0.7068 -0.7068 0.0279
vn 0.3863 -0.0002 0.9224
vn -0.0000 -0.3863 0.9224
vn 0.8309 0.0000 -0.5564
vn 0.8271 -0.1534 -0.5407
vn 0.6393 0.0040 0.7689
vn 0.6394 -0.0045 0.7689
vn 0.7914 -0.0000 0.6113
vn 0.8535 -0.0000 -0.5211
vn 0.7435 0.4450 -0.4993
vn -0.5601 -0.0000 0.8284
vn -0.5332 0.4450 0.7195
vn -0.5757 -0.1539 0.8030
vn -0.7233 -0.0000 0.6905
vn -0.6144 0.0258 0.7886
vn -0.5665 0.3319 0.7543
vn -0.6809 0.3367 0.6505
vn 0.5160 0.0055 0.8566
vn 0.4364 0.1073 0.8934
vn 0.8515 0.2616 0.4544
vn -0.4217 0.6443 0.6380
vn 0.6568 0.6443 -0.3917
vn 0.7798 0.3319 -0.5309
vn 0.5478 0.6530 -0.5230
vn -0.5478 0.6530 0.5230
vn 0.6811 0.3367 -0.6502
vn 0.8162 0.0258 -0.5772
vn 0.7230 0.0269 -0.6903
vn 0.7233 -0.0000 -0.6905
vn -0.8118 0.0213 0.5835
vn -0.8332 -0.0175 0.5527
vn -0.8855 -0.0733 -0.4588
vn -0.8850 0.0797 -0.4588
vn 0.8653 0.1350 0.4828
vn -0.9975 -0.0698 -0.0100
vn -0.9975 0.0703 -0.0101
vn 0.9873 0.1583 -0.0167
vn 0.9870 -0.1596 -0.0164
vn 0.8656 -0.1307 0.4834
vn 0.9306 0.1071 -0.3500
vn 0.9306 -0.1071 -0.3500
vn -0.9436 0.0817 0.3209
vn 0.9176 -0.0855 -0.3881
vn 0.9170 0.0855 -0.3896
vn -0.9143 0.0995 0.3927
vn -0.9460 -0.0817 0.3136
vn -0.9143 -0.0995 0.3927
vn 0.9933 -0.0804 0.0836
vn -0.9920 -0.1259 -0.0064
vn -0.9920 0.1258 -0.0064
vn 0.7126 -0.0761 0.6975
vn -0.7075 -0.1371 -0.6932
vn -0.7075 0.1371 -0.6932
vn 0.7125 0.0762 0.6975
vn 0.9933 0.0804 0.0836
vn -0.0103 0.1343 -0.9909
vn 0.0385 0.0777 0.9962
vn 0.0385 -0.0777 0.9962
vn -0.0101 -0.1343 -0.9909
vn -0.6873 0.0764 0.7224
vn -0.6873 -0.0764 0.7223
vn 0.7035 -0.1322 -0.6983
vn 0.7034 0.1322 -0.6983
vn 0.9911 -0.1327 -0.0108
vn 0.9911 0.1327 -0.0108
vn -0.9941 0.0745 0.0794
vn 0.9499 -0.0764 -0.3030
vn 0.9499 0.0764 -0.3029
vn -0.5916 0.0688 -0.8033
vn -0.5915 -0.0688 -0.8034
vn -0.9940 -0.0745 0.0795
vn -0.6199 0.1525 0.7697
vn -0.5768 -0.0110 0.8168
vn -0.7139 0.1607 0.6816
vn -0.5334 -0.4444 0.7197
vn -0.6144 -0.0257 0.7886
vn -0.7230 -0.0268 0.6903
vn 0.5161 -0.0055 0.8565
vn -0.5665 -0.3319 0.7543
vn 0.4364 -0.1072 0.8933
vn -0.6811 -0.3366 0.6502
vn -0.4217 -0.6444 0.6380
vn 0.4144 -0.2617 0.8717
vn -0.5477 -0.6530 0.5231
vn 0.6568 -0.6444 -0.3917
vn 0.5478 -0.6530 -0.5230
vn 0.7798 -0.3319 -0.5309
vn 0.6808 -0.3366 -0.6506
vn 0.8515 -0.2617 0.4544
vn 0.8162 -0.0257 -0.5772
vn 0.7230 -0.0268 -0.6903
vn 0.7437 -0.4444 -0.4994
vn 0.8535 0.0000 -0.5211
vn 0.8272 0.1517 -0.5410
vn -0.0002 -1.0000 -0.0000
vn -0.0073 -0.2375 0.9714
vn -0.1685 -0.2286 0.9588
vn -0.5936 -0.8048 -0.0000
vn -0.1731 -0.0002 0.9849
vn -0.1731 0.0001 0.9849
vn -0.2015 -0.3313 0.9217
vn -0.6506 -0.3665 0.6652
vn 0.4972 0.0455 0.8665
vn 0.4971 -0.0455 0.8665
vn 0.9832 0.0369 -0.1789
vn -0.8765 0.3133 0.3655
vn 0.8899 0.1827 -0.4179
vn 0.9831 -0.0370 -0.1792
vn -0.8766 -0.3164 0.3627
vn -0.9023 0.2091 0.3769
vn 0.9103 0.2429 -0.3353
vn -0.9025 -0.2092 0.3764
vn -0.6552 0.1884 0.7316
vn 0.6485 0.3142 -0.6933
vn -0.6552 -0.1884 0.7316
vn 0.0326 0.1855 0.9821
vn -0.0316 0.3180 -0.9476
vn 0.0328 -0.1855 0.9821
vn 0.7177 0.1855 0.6712
vn -0.6924 0.3180 -0.6477
vn 0.7176 -0.1855 0.6713
vn 0.9821 -0.1855 -0.0328
vn 0.9821 0.1855 -0.0328
vn -0.9476 0.3180 0.0316
vn -0.6924 -0.3180 -0.6477
vn -0.0316 -0.3180 -0.9476
vn -0.9476 -0.3180 0.0316
vn -0.6489 0.3127 0.6937
vn -0.6489 -0.3127 0.6937
vn 0.6890 0.1889 -0.6997
vn -0.8375 0.1862 0.5137
vn -0.8368 -0.1862 0.5149
vn -0.2288 0.1755 -0.9575
vn -0.2288 -0.1755 -0.9575
vn 0.6890 -0.1889 -0.6997
vn 0.6485 -0.3142 -0.6933
vn 0.9100 -0.2429 -0.3360
vn 0.8888 -0.1853 -0.4191
vn 0.6677 -0.1762 -0.7233
vn 0.3808 -0.3875 -0.8396
vn 0.6685 0.1763 -0.7225
vn 0.3829 0.3878 -0.8385
vn 0.8891 -0.1827 -0.4196
vn 0.8869 0.1851 -0.4232
vn -0.8779 -0.3132 0.3623
vn 0.9100 -0.2427 -0.3362
vn 0.9115 0.2427 -0.3321
vn -0.9026 -0.2090 0.3763
vn -0.9024 0.2090 0.3768
vn -0.8758 0.3164 0.3645
vn -0.6490 0.3667 0.6666
vn 0.6486 -0.3139 -0.6934
vn -0.6552 -0.1882 0.7317
vn -0.6552 0.1882 0.7317
vn -0.0316 -0.3177 -0.9477
vn 0.0327 -0.1853 0.9821
vn 0.0327 0.1853 0.9821
vn 0.7200 -0.1859 0.6686
vn 0.7198 0.1843 0.6693
vn -0.6930 -0.3152 -0.6483
vn 0.6486 0.3139 -0.6934
vn -0.0316 0.3177 -0.9477
vn -0.6925 0.3177 -0.6477
vn -0.9477 0.3177 0.0316
vn -0.9518 -0.3052 0.0318
vn 0.9815 -0.1869 -0.0417
vn -0.6489 0.3125 0.6937
vn -0.6539 -0.2896 0.6990
vn 0.6833 -0.1908 -0.7047
vn 0.6854 0.1747 -0.7069
vn 0.9829 0.1791 -0.0437
vn -0.2151 -0.1789 -0.9601
vn -0.2157 0.1630 -0.9627
vn -0.8292 -0.1706 0.5323
vn -0.8262 0.1900 0.5304
vn -0.2008 0.3316 0.9218
vn -0.0072 0.2378 0.9713
vn -0.0001 1.0000 -0.0000
vn -0.1685 0.2289 0.9588
vn -0.5932 0.8050 0.0001
vn 0.6830 -0.0158 -0.7302
vn 0.9993 -0.0159 -0.0332
vn 0.4330 -0.9013 -0.0145
vn 0.7301 -0.0159 0.6832
vn -0.2954 -0.9015 0.3162
vn -0.3195 -0.8994 -0.2984
vn -0.9997 -0.0160 0.0168
vn -0.2909 0.9025 0.3177
vn -0.4303 0.9026 0.0109
vn 0.0187 0.9025 0.4302
vn -0.3231 0.8990 -0.2956
vn -0.7303 0.0156 -0.6829
vn -0.7302 -0.0157 -0.6830
vn -0.0356 0.0157 -0.9992
vn -0.0355 -0.0159 -0.9992
vn 0.6840 0.0157 -0.7293
vn 0.2940 0.9005 -0.3204
vn 0.7303 0.0160 0.6829
vn 0.3185 0.9018 0.2920
vn 0.8107 -0.0004 0.5854
vn 0.8271 -0.1535 -0.5407
vn 0.5526 -0.0273 0.8330
vn 0.7435 0.4449 -0.4993
vn 0.8108 0.0921 0.5780
vn -0.5601 0.0000 0.8284
vn -0.6809 0.3367 0.6504
vn 0.4364 0.1072 0.8933
vn 0.6811 0.3366 -0.6502
vn 0.6416 0.4616 -0.6125
vn -0.8849 0.0797 -0.4589
vn 0.8653 0.1350 0.4827
vn 0.9873 0.1582 -0.0168
vn 0.9870 -0.1596 -0.0165
vn -0.9920 -0.1258 -0.0064
vn -0.7075 -0.1372 -0.6932
vn -0.0102 0.1343 -0.9909
vn -0.6872 0.0764 0.7224
vn 0.7034 -0.1322 -0.6983
vn 0.7035 0.1322 -0.6983
vn 0.9499 -0.0764 -0.3029
vn -0.9940 -0.0746 0.0795
vn -0.5767 -0.0110 0.8169
vn -0.5333 -0.4444 0.7197
vn 0.4364 -0.1072 0.8934
vn -0.6811 -0.3367 0.6502
vn -0.4217 -0.6444 0.6379
vn -0.5478 -0.6530 0.5230
vn 0.6568 -0.6443 -0.3916
vn 0.7797 -0.3319 -0.5309
vn 0.6811 -0.3366 -0.6502
vn 0.8722 -0.1073 0.4773
vn -0.0002 -1.0000 -0.0001
vn -0.0073 -0.2376 0.9713
vn -0.1686 -0.2287 0.9588
vn -0.1731 0.0002 0.9849
vn -0.1731 -0.0004 0.9849
vn -0.2014 -0.3314 0.9217
vn 0.4972 0.0456 0.8664
vn 0.4972 -0.0455 0.8664
vn 0.9832 0.0370 -0.1789
vn -0.8765 0.3134 0.3655
vn 0.9831 -0.0370 -0.1791
vn -0.9026 -0.2092 0.3764
vn 0.0328 0.1855 0.9821
vn 0.9821 0.1855 -0.0327
vn -0.2288 0.1754 -0.9575
vn 0.8888 -0.1852 -0.4192
vn 0.3809 -0.3874 -0.8395
vn 0.3830 0.3877 -0.8384
vn 0.8891 -0.1828 -0.4196
vn 0.8869 0.1852 -0.4232
vn -0.8759 0.3163 0.3644
vn 0.6483 -0.3139 -0.6937
vn 0.9815 -0.1870 -0.0417
vn 0.6834 -0.1908 -0.7047
vn -0.2150 -0.1789 -0.9601
vn -0.2157 0.1630 -0.9628
vn -0.2007 0.3316 0.9218
vn -0.0073 0.2378 0.9713
vn 0.0002 1.0000 0.0000
vn 0.2960 -0.9013 -0.3162
vn 0.7301 -0.0158 0.6832
vn 0.0145 -0.9014 0.4326
vn 0.0334 -0.0158 0.9993
vn 0.0335 0.0161 0.9993
vn 0.0187 0.9025 0.4304
vn -0.3233 0.8989 -0.2959
vn -0.0198 0.9006 -0.4341
vn 0.2941 0.9004 -0.3205
vn 0.4334 0.9010 -0.0188
vn 0.3185 0.9018 0.2921
vn 0.0002 -1.0000 0.0000
vn 0.2131 -0.0005 -0.9770
vn 0.5540 0.0002 -0.8325
vn 0.5539 -0.0001 -0.8326
vn -0.0067 0.9999 -0.0077
vn -0.0045 1.0000 -0.0076
vn -0.0009 1.0000 -0.0028
vn 0.0333 0.0000 0.9994
vn 0.0006 -1.0000 0.0019
vn -0.9047 -0.0001 0.4260
vn 0.0025 -1.0000 0.0043
vn 0.0026 -1.0000 0.0042
vn 0.0033 -1.0000 0.0028
vn 0.0019 -1.0000 0.0008
vn 0.0021 -1.0000 0.0009
vn -0.6788 -0.0003 0.7344
vn 0.0044 -1.0000 0.0079
vn 0.0043 -1.0000 0.0079
vn 0.0068 -0.9999 0.0079
vn -0.9382 0.0000 0.3462
vn 0.0012 -1.0000 0.0034
vn 0.0010 -1.0000 0.0029
vn -0.7325 -0.0010 -0.6807
vn -0.9991 -0.0052 0.0424
vn -0.0007 1.0000 -0.0020
vn -0.0006 1.0000 -0.0018
vn -0.0024 1.0000 -0.0046
vn -0.0026 1.0000 -0.0046
vn -0.0036 1.0000 -0.0034
vn -0.0036 1.0000 -0.0037
vn -0.0020 1.0000 -0.0009
vn -0.0004 1.0000 -0.0001
vn -0.2600 -0.9248 0.2776
vn -0.7303 -0.0098 -0.6831
vn -0.2779 -0.9248 -0.2599
vn -0.0127 -0.9250 -0.3798
vn 0.2594 -0.9250 -0.2775
vn 0.2807 -0.9233 0.2621
vn -0.7304 0.0098 -0.6830
vn 0.2840 0.9230 0.2599
vn 0.7303 0.0097 0.6831
vn 0.0399 0.0097 0.9992
vn -0.2583 0.9242 0.2814
vn -0.3806 0.9246 0.0165
vn -0.9994 0.0097 0.0335
vn -0.2025 0.0000 -0.9793
vn -0.0075 1.0000 0.0033
vn -0.0005 1.0000 0.0001
vn -0.3817 0.0000 -0.9243
vn -0.0131 0.9999 0.0072
vn -0.0058 0.9999 0.0109
vn -0.0090 0.9999 0.0107
vn -0.2162 0.0001 -0.9764
vn -0.9236 -0.0001 -0.3833
vn 0.0108 -0.9998 -0.0196
vn 0.0110 -0.9997 -0.0196
vn 0.0227 -0.9997 -0.0119
vn 0.0007 -1.0000 -0.0001
vn 0.1141 0.0000 0.9935
vn 0.0024 -1.0000 -0.0074
vn -0.0014 1.0000 0.0042
vn 0.9048 0.0000 0.4259
vn -0.0045 -0.0066 1.0000
vn -0.0045 -0.0067 1.0000
# 3720 vertex normals

vt 0.0746 0.5261 0.0000
vt 0.0747 0.5261 0.0000
vt 0.0748 0.5262 0.0000
vt 0.0746 0.5263 0.0000
vt 0.0743 0.5257 0.0000
vt 0.0743 0.5258 0.0000
vt 0.0741 0.5258 0.0000
vt 0.0742 0.5256 0.0000
vt 0.0747 0.5260 0.0000
vt 0.0747 0.5258 0.0000
vt 0.0749 0.5258 0.0000
vt 0.0749 0.5260 0.0000
vt 0.0743 0.5260 0.0000
vt 0.0743 0.5261 0.0000
vt 0.0742 0.5262 0.0000
vt 0.0741 0.5260 0.0000
vt 0.0747 0.5257 0.0000
vt 0.0746 0.5256 0.0000
vt 0.0746 0.5255 0.0000
vt 0.0748 0.5256 0.0000
vt 0.0667 0.5388 0.0000
vt 0.0662 0.5388 0.0000
vt 0.0662 0.5386 0.0000
vt 0.0667 0.5386 0.0000
vt 0.0662 0.5384 0.0000
vt 0.0667 0.5384 0.0000
vt 0.0662 0.5382 0.0000
vt 0.0667 0.5382 0.0000
vt 0.0662 0.5379 0.0000
vt 0.0667 0.5379 0.0000
vt 0.0662 0.5377 0.0000
vt 0.0667 0.5377 0.0000
vt 0.0662 0.5375 0.0000
vt 0.0667 0.5375 0.0000
vt 0.0662 0.5373 0.0000
vt 0.0667 0.5373 0.0000
vt 0.0662 0.5370 0.0000
vt 0.0667 0.5370 0.0000
vt 0.0662 0.5368 0.0000
vt 0.0667 0.5368 0.0000
vt 0.0667 0.5395 0.0000
vt 0.0662 0.5395 0.0000
vt 0.0662 0.5393 0.0000
vt 0.0667 0.5393 0.0000
vt 0.0662 0.5391 0.0000
vt 0.0667 0.5391 0.0000
vt 0.0744 0.5256 0.0000
vt 0.0744 0.5255 0.0000
vt 0.0744 0.5261 0.0000
vt 0.0744 0.5263 0.0000
vt 0.1329 0.8038 0.0000
vt 0.1329 0.8036 0.0000
vt 0.1334 0.8036 0.0000
vt 0.1334 0.8038 0.0000
vt 0.1329 0.8044 0.0000
vt 0.1329 0.8043 0.0000
vt 0.1334 0.8043 0.0000
vt 0.1334 0.8044 0.0000
vt 0.1329 0.8035 0.0000
vt 0.1329 0.8034 0.0000
vt 0.1334 0.8034 0.0000
vt 0.1334 0.8035 0.0000
vt 0.1329 0.8047 0.0000
vt 0.1329 0.8046 0.0000
vt 0.1334 0.8046 0.0000
vt 0.1334 0.8047 0.0000
vt 0.1329 0.8039 0.0000
vt 0.1334 0.8039 0.0000
vt 0.1329 0.8042 0.0000
vt 0.1334 0.8042 0.0000
vt 0.1329 0.8048 0.0000
vt 0.1334 0.8048 0.0000
vt 0.1329 0.8040 0.0000
vt 0.1334 0.8040 0.0000
vt 0.1329 0.8033 0.0000
vt 0.1334 0.8033 0.0000
vt 0.0400 0.8170 0.0000
vt 0.0389 0.8169 0.0000
vt 0.0390 0.8163 0.0000
vt 0.0400 0.8163 0.0000
vt 0.1676 0.9665 0.0000
vt 0.1676 0.9184 0.0000
vt 0.1685 0.9184 0.0000
vt 0.1685 0.9665 0.0000
vt 0.1743 0.7751 0.0000
vt 0.1743 0.7386 0.0000
vt 0.1749 0.7386 0.0000
vt 0.1749 0.7751 0.0000
vt 0.1676 0.9157 0.0000
vt 0.1685 0.9157 0.0000
vt 0.1743 0.7365 0.0000
vt 0.1749 0.7365 0.0000
vt 0.4317 0.8868 0.0000
vt 0.4310 0.8868 0.0000
vt 0.4310 0.8847 0.0000
vt 0.4317 0.8847 0.0000
vt 0.4317 0.9247 0.0000
vt 0.4310 0.9247 0.0000
vt 0.3559 0.6618 0.0000
vt 0.3578 0.6618 0.0000
vt 0.3578 0.6642 0.0000
vt 0.3559 0.6642 0.0000
vt 0.3559 0.6176 0.0000
vt 0.3578 0.6176 0.0000
vt 0.0390 0.7075 0.0000
vt 0.0383 0.8145 0.0000
vt 0.0383 0.7092 0.0000
vt 0.0400 0.7075 0.0000
vt 0.3859 0.7907 0.0000
vt 0.3859 0.7466 0.0000
vt 0.3878 0.7466 0.0000
vt 0.3878 0.7907 0.0000
vt 0.0389 0.7068 0.0000
vt 0.0400 0.7068 0.0000
vt 0.0806 0.9322 0.0000
vt 0.0806 0.9687 0.0000
vt 0.0800 0.9687 0.0000
vt 0.0800 0.9322 0.0000
vt 0.0806 0.9707 0.0000
vt 0.0800 0.9707 0.0000
vt 0.3878 0.7932 0.0000
vt 0.3859 0.7932 0.0000
vt 0.0867 0.9617 0.0000
vt 0.0858 0.9617 0.0000
vt 0.0858 0.9590 0.0000
vt 0.0867 0.9590 0.0000
vt 0.0867 0.9110 0.0000
vt 0.0858 0.9110 0.0000
vt 0.4955 0.6111 0.0000
vt 0.4962 0.6111 0.0000
vt 0.4962 0.6132 0.0000
vt 0.4955 0.6132 0.0000
vt 0.4955 0.5737 0.0000
vt 0.4962 0.5737 0.0000
vt 0.4962 0.6152 0.0000
vt 0.4955 0.6152 0.0000
vt 0.0867 0.9643 0.0000
vt 0.0858 0.9643 0.0000
vt 0.3514 0.9663 0.0000
vt 0.3506 0.9663 0.0000
vt 0.3506 0.9647 0.0000
vt 0.3514 0.9647 0.0000
vt 0.0531 0.9130 0.0000
vt 0.0521 0.9130 0.0000
vt 0.0521 0.9110 0.0000
vt 0.0531 0.9110 0.0000
vt 0.3470 0.9159 0.0000
vt 0.3478 0.9159 0.0000
vt 0.3478 0.9175 0.0000
vt 0.3470 0.9175 0.0000
vt 0.0806 0.9727 0.0000
vt 0.0800 0.9727 0.0000
vt 0.4274 0.8577 0.0000
vt 0.4293 0.8577 0.0000
vt 0.4293 0.8601 0.0000
vt 0.4274 0.8601 0.0000
vt 0.3878 0.7956 0.0000
vt 0.3859 0.7956 0.0000
vt 0.4257 0.8577 0.0000
vt 0.4257 0.8601 0.0000
vt 0.3896 0.7956 0.0000
vt 0.3896 0.7932 0.0000
vt 0.4240 0.8577 0.0000
vt 0.4240 0.8601 0.0000
vt 0.3913 0.7956 0.0000
vt 0.3913 0.7932 0.0000
vt 0.4225 0.8577 0.0000
vt 0.4225 0.8601 0.0000
vt 0.3928 0.7956 0.0000
vt 0.3928 0.7932 0.0000
vt 0.0560 0.9730 0.0000
vt 0.0569 0.9730 0.0000
vt 0.0569 0.9750 0.0000
vt 0.0560 0.9750 0.0000
vt 0.3694 0.9152 0.0000
vt 0.3702 0.9152 0.0000
vt 0.3702 0.9177 0.0000
vt 0.3694 0.9177 0.0000
vt 0.3858 0.9064 0.0000
vt 0.3846 0.9064 0.0000
vt 0.3846 0.9039 0.0000
vt 0.3858 0.9039 0.0000
vt 0.0610 0.9609 0.0000
vt 0.0598 0.9609 0.0000
vt 0.0598 0.9583 0.0000
vt 0.0610 0.9583 0.0000
vt 0.0598 0.9557 0.0000
vt 0.0610 0.9557 0.0000
vt 0.3702 0.9201 0.0000
vt 0.3694 0.9201 0.0000
vt 0.0598 0.9110 0.0000
vt 0.0610 0.9110 0.0000
vt 0.3702 0.9644 0.0000
vt 0.3694 0.9644 0.0000
vt 0.0322 0.7114 0.0000
vt 0.0338 0.7114 0.0000
vt 0.0338 0.7124 0.0000
vt 0.0322 0.7124 0.0000
vt 0.0356 0.7118 0.0000
vt 0.0356 0.8120 0.0000
vt 0.0338 0.8113 0.0000
vt 0.3913 0.7907 0.0000
vt 0.3913 0.7466 0.0000
vt 0.3928 0.7466 0.0000
vt 0.3928 0.7907 0.0000
vt 0.0322 0.8113 0.0000
vt 0.0338 0.8123 0.0000
vt 0.0322 0.8123 0.0000
vt 0.1713 0.9665 0.0000
vt 0.1713 0.9223 0.0000
vt 0.1721 0.9223 0.0000
vt 0.1721 0.9665 0.0000
vt 0.3510 0.6618 0.0000
vt 0.3510 0.6176 0.0000
vt 0.3525 0.6176 0.0000
vt 0.3525 0.6618 0.0000
vt 0.3525 0.6642 0.0000
vt 0.3510 0.6642 0.0000
vt 0.1713 0.9198 0.0000
vt 0.1721 0.9198 0.0000
vt 0.3541 0.6618 0.0000
vt 0.3541 0.6642 0.0000
vt 0.3541 0.6176 0.0000
vt 0.0372 0.7107 0.0000
vt 0.0372 0.8131 0.0000
vt 0.3896 0.7466 0.0000
vt 0.3896 0.7907 0.0000
vt 0.3559 0.6667 0.0000
vt 0.3541 0.6667 0.0000
vt 0.3525 0.6667 0.0000
vt 0.4257 0.7848 0.0000
vt 0.4274 0.7848 0.0000
vt 0.4274 0.7872 0.0000
vt 0.4257 0.7872 0.0000
vt 0.4240 0.7848 0.0000
vt 0.4240 0.7872 0.0000
vt 0.3510 0.6667 0.0000
vt 0.4225 0.7848 0.0000
vt 0.4225 0.7872 0.0000
vt 0.0569 0.9130 0.0000
vt 0.0560 0.9130 0.0000
vt 0.0560 0.9110 0.0000
vt 0.0569 0.9110 0.0000
vt 0.1713 0.9173 0.0000
vt 0.1721 0.9173 0.0000
vt 0.3846 0.9783 0.0000
vt 0.3858 0.9783 0.0000
vt 0.3858 0.9808 0.0000
vt 0.3846 0.9808 0.0000
vt 0.3316 0.7310 0.0000
vt 0.3329 0.7310 0.0000
vt 0.3329 0.7336 0.0000
vt 0.3316 0.7336 0.0000
vt 0.3329 0.7362 0.0000
vt 0.3316 0.7362 0.0000
vt 0.4134 0.9272 0.0000
vt 0.4080 0.9216 0.0000
vt 0.4148 0.9251 0.0000
vt 0.4153 0.9225 0.0000
vt 0.1981 0.8483 0.0000
vt 0.2058 0.8475 0.0000
vt 0.1987 0.8508 0.0000
vt 0.1981 0.7817 0.0000
vt 0.2058 0.7825 0.0000
vt 0.4153 0.8778 0.0000
vt 0.4080 0.8815 0.0000
vt 0.2001 0.8529 0.0000
vt 0.1559 0.9644 0.0000
vt 0.1595 0.9709 0.0000
vt 0.1595 0.9717 0.0000
vt 0.1559 0.8994 0.0000
vt 0.1595 0.8928 0.0000
vt 0.3622 0.8566 0.0000
vt 0.3622 0.8119 0.0000
vt 0.3695 0.8156 0.0000
vt 0.3695 0.8557 0.0000
vt 0.1595 0.8921 0.0000
vt 0.3316 0.7809 0.0000
vt 0.3329 0.7809 0.0000
vt 0.3846 0.9757 0.0000
vt 0.3858 0.9757 0.0000
vt 0.1987 0.7792 0.0000
vt 0.3627 0.8592 0.0000
vt 0.3641 0.8613 0.0000
vt 0.2001 0.7771 0.0000
vt 0.3858 0.9090 0.0000
vt 0.3846 0.9090 0.0000
vt 0.0560 0.9710 0.0000
vt 0.0569 0.9710 0.0000
vt 0.0569 0.9150 0.0000
vt 0.0560 0.9150 0.0000
vt 0.4240 0.7895 0.0000
vt 0.4225 0.7895 0.0000
vt 0.4240 0.8554 0.0000
vt 0.4225 0.8554 0.0000
vt 0.4257 0.7895 0.0000
vt 0.4257 0.8554 0.0000
vt 0.4274 0.8554 0.0000
vt 0.4274 0.7895 0.0000
vt 0.4293 0.8554 0.0000
vt 0.4293 0.7895 0.0000
vt 0.4293 0.7872 0.0000
vt 0.3478 0.9641 0.0000
vt 0.3470 0.9641 0.0000
vt 0.3470 0.9625 0.0000
vt 0.3478 0.9625 0.0000
vt 0.3478 0.9190 0.0000
vt 0.3470 0.9190 0.0000
vt 0.0531 0.9745 0.0000
vt 0.0521 0.9745 0.0000
vt 0.0521 0.9725 0.0000
vt 0.0531 0.9725 0.0000
vt 0.0531 0.9151 0.0000
vt 0.0521 0.9151 0.0000
vt 0.3506 0.9631 0.0000
vt 0.3514 0.9631 0.0000
vt 0.3514 0.9197 0.0000
vt 0.3506 0.9197 0.0000
vt 0.4639 0.5099 0.0000
vt 0.4599 0.5099 0.0000
vt 0.4599 0.5053 0.0000
vt 0.4639 0.5053 0.0000
vt 0.4639 0.6389 0.0000
vt 0.4599 0.6389 0.0000
vt 0.3506 0.9182 0.0000
vt 0.3514 0.9182 0.0000
vt 0.4639 0.6435 0.0000
vt 0.4599 0.6435 0.0000
vt 0.0153 0.8732 0.0000
vt 0.0153 0.9494 0.0000
vt 0.0135 0.9494 0.0000
vt 0.0135 0.8732 0.0000
vt 0.0153 0.9521 0.0000
vt 0.0135 0.9521 0.0000
vt 0.0153 0.9548 0.0000
vt 0.0135 0.9548 0.0000
vt 0.4639 0.6482 0.0000
vt 0.4599 0.6482 0.0000
vt 0.3577 0.5682 0.0000
vt 0.3559 0.5682 0.0000
vt 0.3559 0.5654 0.0000
vt 0.3577 0.5654 0.0000
vt 0.0938 0.8433 0.0000
vt 0.0899 0.8431 0.0000
vt 0.0900 0.8387 0.0000
vt 0.0939 0.8389 0.0000
vt 0.1743 0.7345 0.0000
vt 0.1749 0.7345 0.0000
vt 0.3506 0.9166 0.0000
vt 0.3514 0.9166 0.0000
vt 0.0531 0.9766 0.0000
vt 0.0521 0.9766 0.0000
vt 0.1676 0.9131 0.0000
vt 0.1685 0.9131 0.0000
vt 0.4310 0.8826 0.0000
vt 0.4317 0.8826 0.0000
vt 0.3478 0.9657 0.0000
vt 0.3470 0.9657 0.0000
vt 0.3578 0.6667 0.0000
vt 0.4293 0.7848 0.0000
vt 0.0938 0.8477 0.0000
vt 0.0898 0.8475 0.0000
vt 0.3559 0.5626 0.0000
vt 0.3577 0.5626 0.0000
vt 0.3577 0.5128 0.0000
vt 0.3559 0.5128 0.0000
vt 0.0939 0.9331 0.0000
vt 0.0900 0.9331 0.0000
vt 0.0441 0.7062 0.0000
vt 0.0441 0.8176 0.0000
vt 0.0429 0.8164 0.0000
vt 0.0429 0.7074 0.0000
vt 0.3741 0.8110 0.0000
vt 0.3755 0.8110 0.0000
vt 0.3755 0.8602 0.0000
vt 0.3741 0.8602 0.0000
vt 0.1182 0.7731 0.0000
vt 0.1142 0.7731 0.0000
vt 0.1142 0.6880 0.0000
vt 0.1182 0.6880 0.0000
vt 0.3755 0.8630 0.0000
vt 0.3741 0.8630 0.0000
vt 0.1142 0.6832 0.0000
vt 0.1182 0.6832 0.0000
vt 0.3755 0.8657 0.0000
vt 0.3741 0.8657 0.0000
vt 0.1142 0.6785 0.0000
vt 0.1182 0.6785 0.0000
vt 0.0135 0.8677 0.0000
vt 0.0153 0.8677 0.0000
vt 0.0153 0.8705 0.0000
vt 0.0135 0.8705 0.0000
vt 0.4599 0.5007 0.0000
vt 0.4639 0.5007 0.0000
vt 0.0112 0.8677 0.0000
vt 0.0112 0.8705 0.0000
vt 0.0112 0.8732 0.0000
vt 0.0112 0.9494 0.0000
vt 0.2233 0.8356 0.0000
vt 0.2228 0.8333 0.0000
vt 0.2308 0.8290 0.0000
vt 0.2229 0.7577 0.0000
vt 0.2308 0.7620 0.0000
vt 0.2345 0.8327 0.0000
vt 0.2246 0.8375 0.0000
vt 0.2267 0.8390 0.0000
vt 0.2247 0.8376 0.0000
vt 0.3724 0.8630 0.0000
vt 0.3724 0.8657 0.0000
vt 0.2292 0.8394 0.0000
vt 0.3724 0.8602 0.0000
vt 0.3724 0.8110 0.0000
vt 0.2734 0.8326 0.0000
vt 0.2790 0.8394 0.0000
vt 0.0470 0.7062 0.0000
vt 0.0470 0.8176 0.0000
vt 0.2734 0.7583 0.0000
vt 0.2790 0.7515 0.0000
vt 0.2345 0.7583 0.0000
vt 0.2292 0.7515 0.0000
vt 0.2247 0.7533 0.0000
vt 0.2268 0.7520 0.0000
vt 0.3599 0.5626 0.0000
vt 0.3599 0.5654 0.0000
vt 0.3599 0.5127 0.0000
vt 0.2233 0.7553 0.0000
vt 0.0112 0.9521 0.0000
vt 0.0112 0.9548 0.0000
vt 0.3599 0.5682 0.0000
vt 0.2910 0.6070 0.0000
vt 0.2931 0.6145 0.0000
vt 0.2931 0.6786 0.0000
vt 0.2910 0.6857 0.0000
vt 0.3205 0.8918 0.0000
vt 0.3205 0.9559 0.0000
vt 0.3182 0.9559 0.0000
vt 0.3182 0.8918 0.0000
vt 0.3103 0.9486 0.0000
vt 0.3076 0.9486 0.0000
vt 0.3076 0.8918 0.0000
vt 0.3103 0.8918 0.0000
vt 0.3606 0.6145 0.0000
vt 0.3627 0.6070 0.0000
vt 0.3627 0.6857 0.0000
vt 0.3606 0.6786 0.0000
vt 0.3131 0.8918 0.0000
vt 0.3154 0.8918 0.0000
vt 0.3154 0.9559 0.0000
vt 0.3131 0.9559 0.0000
vt 0.3772 0.5007 0.0000
vt 0.3855 0.5007 0.0000
vt 0.3855 0.5794 0.0000
vt 0.3772 0.5794 0.0000
vt 0.3620 0.6857 0.0000
vt 0.3555 0.6786 0.0000
vt 0.3542 0.6840 0.0000
vt 0.3593 0.6924 0.0000
vt 0.3516 0.6893 0.0000
vt 0.4825 0.9552 0.0000
vt 0.4848 0.9552 0.0000
vt 0.4848 0.9611 0.0000
vt 0.4825 0.9611 0.0000
vt 0.4848 0.9666 0.0000
vt 0.4825 0.9666 0.0000
vt 0.3825 0.9011 0.0000
vt 0.3811 0.8999 0.0000
vt 0.3835 0.8951 0.0000
vt 0.3851 0.8958 0.0000
vt 0.3851 0.8890 0.0000
vt 0.3864 0.8904 0.0000
vt 0.4848 0.9718 0.0000
vt 0.4825 0.9718 0.0000
vt 0.3901 0.8890 0.0000
vt 0.3916 0.8904 0.0000
vt 0.0039 0.8727 0.0000
vt 0.0039 0.8677 0.0000
vt 0.0084 0.8677 0.0000
vt 0.0084 0.8727 0.0000
vt 0.0084 0.8790 0.0000
vt 0.0039 0.8790 0.0000
vt 0.2344 0.8090 0.0000
vt 0.2337 0.8090 0.0000
vt 0.2344 0.8079 0.0000
vt 0.2356 0.8079 0.0000
vt 0.2359 0.8093 0.0000
vt 0.0084 0.8845 0.0000
vt 0.0039 0.8845 0.0000
vt 0.2365 0.8104 0.0000
vt 0.2354 0.8110 0.0000
vt 0.0084 0.8898 0.0000
vt 0.0039 0.8898 0.0000
vt 0.2363 0.8122 0.0000
vt 0.2373 0.8113 0.0000
vt 0.3788 0.9056 0.0000
vt 0.3777 0.9041 0.0000
vt 0.0039 0.8953 0.0000
vt 0.0084 0.8953 0.0000
vt 0.3743 0.9093 0.0000
vt 0.3735 0.9076 0.0000
vt 0.4825 0.9493 0.0000
vt 0.4848 0.9493 0.0000
vt 0.4825 0.9435 0.0000
vt 0.4848 0.9435 0.0000
vt 0.3546 0.6988 0.0000
vt 0.3479 0.6938 0.0000
vt 0.3483 0.7038 0.0000
vt 0.3434 0.6974 0.0000
vt 0.4825 0.9377 0.0000
vt 0.4848 0.9377 0.0000
vt 0.3410 0.7075 0.0000
vt 0.3383 0.7002 0.0000
vt 0.3341 0.7095 0.0000
vt 0.3326 0.7017 0.0000
vt 0.3269 0.7101 0.0000
vt 0.3269 0.7021 0.0000
vt 0.3212 0.7017 0.0000
vt 0.3197 0.7095 0.0000
vt 0.3155 0.7002 0.0000
vt 0.3128 0.7075 0.0000
vt 0.3104 0.6975 0.0000
vt 0.3055 0.7038 0.0000
vt 0.4825 0.9146 0.0000
vt 0.4825 0.9088 0.0000
vt 0.4848 0.9088 0.0000
vt 0.4848 0.9146 0.0000
vt 0.4825 0.9204 0.0000
vt 0.4848 0.9204 0.0000
vt 0.3464 0.9120 0.0000
vt 0.3413 0.9093 0.0000
vt 0.3421 0.9076 0.0000
vt 0.3470 0.9101 0.0000
vt 0.3521 0.9135 0.0000
vt 0.3523 0.9115 0.0000
vt 0.0084 0.9228 0.0000
vt 0.0039 0.9228 0.0000
vt 0.0039 0.9173 0.0000
vt 0.0084 0.9173 0.0000
vt 0.0084 0.9283 0.0000
vt 0.0039 0.9283 0.0000
vt 0.0039 0.9118 0.0000
vt 0.0084 0.9118 0.0000
vt 0.3578 0.9139 0.0000
vt 0.3578 0.9119 0.0000
vt 0.3633 0.9115 0.0000
vt 0.3635 0.9135 0.0000
vt 0.0084 0.9063 0.0000
vt 0.0039 0.9063 0.0000
vt 0.0084 0.9008 0.0000
vt 0.0039 0.9008 0.0000
vt 0.3686 0.9101 0.0000
vt 0.3692 0.9120 0.0000
vt 0.4825 0.9319 0.0000
vt 0.4848 0.9319 0.0000
vt 0.2403 0.8143 0.0000
vt 0.2389 0.8139 0.0000
vt 0.2393 0.8127 0.0000
vt 0.2405 0.8130 0.0000
vt 0.2375 0.8132 0.0000
vt 0.2382 0.8121 0.0000
vt 0.2086 0.8462 0.0000
vt 0.2086 0.8445 0.0000
vt 0.2204 0.8445 0.0000
vt 0.2204 0.8462 0.0000
vt 0.2204 0.8428 0.0000
vt 0.2086 0.8428 0.0000
vt 0.2086 0.8411 0.0000
vt 0.2204 0.8411 0.0000
vt 0.1507 0.8188 0.0000
vt 0.1497 0.8200 0.0000
vt 0.1488 0.8191 0.0000
vt 0.1495 0.8182 0.0000
vt 0.1485 0.8210 0.0000
vt 0.1478 0.8199 0.0000
vt 0.3048 0.9626 0.0000
vt 0.3026 0.9626 0.0000
vt 0.3026 0.9572 0.0000
vt 0.3048 0.9572 0.0000
vt 0.3026 0.9517 0.0000
vt 0.3048 0.9517 0.0000
vt 0.3051 0.5926 0.0000
vt 0.3003 0.5861 0.0000
vt 0.3094 0.5818 0.0000
vt 0.3128 0.5859 0.0000
vt 0.3113 0.5975 0.0000
vt 0.3170 0.5894 0.0000
vt 0.3186 0.6012 0.0000
vt 0.3219 0.5920 0.0000
vt 0.3026 0.9462 0.0000
vt 0.3048 0.9462 0.0000
vt 0.3026 0.9407 0.0000
vt 0.3048 0.9407 0.0000
vt 0.3255 0.6032 0.0000
vt 0.3272 0.5934 0.0000
vt 0.1471 0.8217 0.0000
vt 0.1467 0.8205 0.0000
vt 0.1457 0.8221 0.0000
vt 0.1455 0.8208 0.0000
vt 0.2204 0.8478 0.0000
vt 0.2086 0.8478 0.0000
vt 0.2204 0.8494 0.0000
vt 0.2086 0.8494 0.0000
vt 0.1443 0.8222 0.0000
vt 0.1443 0.8209 0.0000
vt 0.1428 0.8221 0.0000
vt 0.1430 0.8208 0.0000
vt 0.2204 0.8510 0.0000
vt 0.2086 0.8510 0.0000
vt 0.3048 0.9297 0.0000
vt 0.3048 0.9352 0.0000
vt 0.3026 0.9352 0.0000
vt 0.3026 0.9297 0.0000
vt 0.3327 0.6038 0.0000
vt 0.3327 0.5938 0.0000
vt 0.3382 0.5934 0.0000
vt 0.3399 0.6032 0.0000
vt 0.3435 0.5920 0.0000
vt 0.3468 0.6012 0.0000
vt 0.3484 0.5895 0.0000
vt 0.3541 0.5975 0.0000
vt 0.3048 0.9187 0.0000
vt 0.3048 0.9242 0.0000
vt 0.3026 0.9242 0.0000
vt 0.3026 0.9187 0.0000
vt 0.1400 0.8210 0.0000
vt 0.1408 0.8199 0.0000
vt 0.1418 0.8205 0.0000
vt 0.1414 0.8217 0.0000
vt 0.2204 0.8525 0.0000
vt 0.2086 0.8525 0.0000
vt 0.2204 0.8543 0.0000
vt 0.2086 0.8543 0.0000
vt 0.2204 0.8559 0.0000
vt 0.2086 0.8559 0.0000
vt 0.1389 0.8200 0.0000
vt 0.1398 0.8191 0.0000
vt 0.2460 0.8132 0.0000
vt 0.2452 0.8121 0.0000
vt 0.2462 0.8113 0.0000
vt 0.2471 0.8122 0.0000
vt 0.2446 0.8139 0.0000
vt 0.2442 0.8127 0.0000
vt 0.0084 0.9338 0.0000
vt 0.0039 0.9338 0.0000
vt 0.0084 0.9392 0.0000
vt 0.0039 0.9392 0.0000
vt 0.2470 0.8104 0.0000
vt 0.2481 0.8110 0.0000
vt 0.3368 0.9056 0.0000
vt 0.3331 0.9011 0.0000
vt 0.3345 0.8999 0.0000
vt 0.3379 0.9041 0.0000
vt 0.4825 0.9029 0.0000
vt 0.4825 0.8971 0.0000
vt 0.4848 0.8971 0.0000
vt 0.4848 0.9029 0.0000
vt 0.3022 0.6893 0.0000
vt 0.3059 0.6938 0.0000
vt 0.2992 0.6989 0.0000
vt 0.2944 0.6924 0.0000
vt 0.2996 0.6840 0.0000
vt 0.2918 0.6857 0.0000
vt 0.2982 0.6786 0.0000
vt 0.1031 0.7573 0.0000
vt 0.1031 0.6785 0.0000
vt 0.1114 0.6785 0.0000
vt 0.1114 0.7573 0.0000
vt 0.3581 0.8125 0.0000
vt 0.3564 0.8136 0.0000
vt 0.3467 0.7990 0.0000
vt 0.3532 0.8142 0.0000
vt 0.3592 0.8108 0.0000
vt 0.3597 0.8076 0.0000
vt 0.3532 0.8626 0.0000
vt 0.3467 0.8777 0.0000
vt 0.3798 0.8076 0.0000
vt 0.3930 0.7990 0.0000
vt 0.0366 0.9139 0.0000
vt 0.0366 0.9623 0.0000
vt 0.0362 0.9621 0.0000
vt 0.0362 0.9141 0.0000
vt 0.2621 0.9411 0.0000
vt 0.2621 0.9386 0.0000
vt 0.2624 0.9386 0.0000
vt 0.2624 0.9411 0.0000
vt 0.2849 0.9479 0.0000
vt 0.2849 0.9454 0.0000
vt 0.2852 0.9454 0.0000
vt 0.2852 0.9479 0.0000
vt 0.3564 0.8631 0.0000
vt 0.3581 0.8642 0.0000
vt 0.2849 0.9433 0.0000
vt 0.2852 0.9433 0.0000
vt 0.3592 0.8659 0.0000
vt 0.2849 0.9411 0.0000
vt 0.2852 0.9411 0.0000
vt 0.3597 0.8691 0.0000
vt 0.2849 0.9386 0.0000
vt 0.2852 0.9386 0.0000
vt 0.1768 0.9224 0.0000
vt 0.1768 0.9424 0.0000
vt 0.1765 0.9423 0.0000
vt 0.1765 0.9226 0.0000
vt 0.3798 0.8691 0.0000
vt 0.3930 0.8777 0.0000
vt 0.3617 0.9472 0.0000
vt 0.3617 0.9447 0.0000
vt 0.3621 0.9447 0.0000
vt 0.3621 0.9472 0.0000
vt 0.3803 0.8659 0.0000
vt 0.3814 0.8642 0.0000
vt 0.3831 0.8631 0.0000
vt 0.3863 0.8626 0.0000
vt 0.3863 0.8142 0.0000
vt 0.3650 0.5096 0.0000
vt 0.3744 0.5007 0.0000
vt 0.3744 0.5794 0.0000
vt 0.3651 0.5709 0.0000
vt 0.2910 0.5007 0.0000
vt 0.3004 0.5096 0.0000
vt 0.4073 0.9301 0.0000
vt 0.3958 0.9436 0.0000
vt 0.4056 0.9290 0.0000
vt 0.4084 0.9318 0.0000
vt 0.4024 0.9285 0.0000
vt 0.4090 0.9350 0.0000
vt 0.3958 0.8649 0.0000
vt 0.4024 0.8801 0.0000
vt 0.3004 0.5709 0.0000
vt 0.2910 0.5794 0.0000
vt 0.4421 0.9436 0.0000
vt 0.4290 0.9350 0.0000
vt 0.3255 0.9552 0.0000
vt 0.3233 0.9552 0.0000
vt 0.3233 0.8940 0.0000
vt 0.3255 0.8940 0.0000
vt 0.1342 0.8940 0.0000
vt 0.1342 0.9586 0.0000
vt 0.1320 0.9586 0.0000
vt 0.1320 0.8940 0.0000
vt 0.1523 0.8011 0.0000
vt 0.1523 0.8168 0.0000
vt 0.1516 0.8157 0.0000
vt 0.1516 0.8019 0.0000
vt 0.1363 0.8011 0.0000
vt 0.1370 0.8019 0.0000
vt 0.2378 0.8429 0.0000
vt 0.2496 0.8429 0.0000
vt 0.2496 0.8601 0.0000
vt 0.2378 0.8601 0.0000
vt 0.0931 0.5481 0.0000
vt 0.0931 0.5657 0.0000
vt 0.0813 0.5657 0.0000
vt 0.0813 0.5481 0.0000
vt 0.2337 0.7933 0.0000
vt 0.2344 0.7941 0.0000
vt 0.2497 0.7933 0.0000
vt 0.2490 0.7941 0.0000
vt 0.2401 0.9481 0.0000
vt 0.2401 0.8869 0.0000
vt 0.2446 0.8869 0.0000
vt 0.2446 0.9481 0.0000
vt 0.1071 0.5892 0.0000
vt 0.1071 0.6539 0.0000
vt 0.1026 0.6539 0.0000
vt 0.1026 0.5892 0.0000
vt 0.3815 0.9711 0.0000
vt 0.3800 0.9696 0.0000
vt 0.3800 0.9084 0.0000
vt 0.3815 0.9070 0.0000
vt 0.2488 0.9746 0.0000
vt 0.2474 0.9731 0.0000
vt 0.2474 0.9085 0.0000
vt 0.2488 0.9070 0.0000
vt 0.3344 0.9077 0.0000
vt 0.3344 0.9718 0.0000
vt 0.3329 0.9704 0.0000
vt 0.3329 0.9091 0.0000
vt 0.1202 0.8904 0.0000
vt 0.1247 0.8904 0.0000
vt 0.1247 0.9517 0.0000
vt 0.1202 0.9517 0.0000
vt 0.3292 0.8904 0.0000
vt 0.3240 0.8904 0.0000
vt 0.3255 0.8890 0.0000
vt 0.3305 0.8890 0.0000
vt 0.0039 0.9509 0.0000
vt 0.0084 0.9509 0.0000
vt 0.0084 0.9559 0.0000
vt 0.0039 0.9559 0.0000
vt 0.2497 0.8090 0.0000
vt 0.2490 0.8079 0.0000
vt 0.2490 0.8090 0.0000
vt 0.2478 0.8079 0.0000
vt 0.2350 0.8429 0.0000
vt 0.2350 0.8601 0.0000
vt 0.2232 0.8601 0.0000
vt 0.2232 0.8429 0.0000
vt 0.1923 0.7607 0.0000
vt 0.2041 0.7607 0.0000
vt 0.2041 0.7615 0.0000
vt 0.1923 0.7615 0.0000
vt 0.1370 0.8157 0.0000
vt 0.1363 0.8168 0.0000
vt 0.1381 0.8157 0.0000
vt 0.1370 0.8168 0.0000
vt 0.2204 0.8600 0.0000
vt 0.2086 0.8600 0.0000
vt 0.2086 0.8576 0.0000
vt 0.2204 0.8576 0.0000
vt 0.1385 0.8171 0.0000
vt 0.1390 0.8182 0.0000
vt 0.1379 0.8188 0.0000
vt 0.3048 0.9024 0.0000
vt 0.3048 0.9078 0.0000
vt 0.3026 0.9078 0.0000
vt 0.3026 0.9024 0.0000
vt 0.3048 0.8961 0.0000
vt 0.3026 0.8961 0.0000
vt 0.3048 0.9132 0.0000
vt 0.3026 0.9132 0.0000
vt 0.3604 0.5926 0.0000
vt 0.3526 0.5860 0.0000
vt 0.3560 0.5818 0.0000
vt 0.3651 0.5862 0.0000
vt 0.3584 0.5770 0.0000
vt 0.3678 0.5794 0.0000
vt 0.3600 0.5709 0.0000
vt 0.1371 0.9573 0.0000
vt 0.1371 0.8961 0.0000
vt 0.1393 0.8961 0.0000
vt 0.1393 0.9573 0.0000
vt 0.3048 0.8911 0.0000
vt 0.3026 0.8911 0.0000
vt 0.2475 0.8093 0.0000
vt 0.0039 0.9446 0.0000
vt 0.0084 0.9446 0.0000
vt 0.3305 0.8958 0.0000
vt 0.3321 0.8951 0.0000
vt 0.4825 0.8912 0.0000
vt 0.4848 0.8912 0.0000
vt 0.4825 0.8857 0.0000
vt 0.4848 0.8857 0.0000
vt 0.4825 0.8805 0.0000
vt 0.4848 0.8805 0.0000
vt 0.1356 0.7615 0.0000
vt 0.1356 0.7607 0.0000
vt 0.1474 0.7607 0.0000
vt 0.1474 0.7615 0.0000
vt 0.1516 0.8168 0.0000
vt 0.1504 0.8157 0.0000
vt 0.2204 0.8387 0.0000
vt 0.2086 0.8387 0.0000
vt 0.1501 0.8171 0.0000
vt 0.3048 0.9680 0.0000
vt 0.3026 0.9680 0.0000
vt 0.3048 0.9743 0.0000
vt 0.3026 0.9743 0.0000
vt 0.3054 0.5709 0.0000
vt 0.3070 0.5769 0.0000
vt 0.2976 0.5794 0.0000
vt 0.3048 0.9793 0.0000
vt 0.3026 0.9793 0.0000
vt 0.1056 0.8423 0.0000
vt 0.1060 0.8425 0.0000
vt 0.1060 0.8622 0.0000
vt 0.1056 0.8623 0.0000
vt 0.3428 0.9386 0.0000
vt 0.3432 0.9386 0.0000
vt 0.3432 0.9411 0.0000
vt 0.3428 0.9411 0.0000
vt 0.0240 0.9489 0.0000
vt 0.0244 0.9489 0.0000
vt 0.0244 0.9515 0.0000
vt 0.0240 0.9514 0.0000
vt 0.4296 0.9318 0.0000
vt 0.4307 0.9301 0.0000
vt 0.0240 0.9468 0.0000
vt 0.0244 0.9468 0.0000
vt 0.4324 0.9290 0.0000
vt 0.0240 0.9447 0.0000
vt 0.0244 0.9447 0.0000
vt 0.4356 0.9285 0.0000
vt 0.0240 0.9421 0.0000
vt 0.0244 0.9421 0.0000
vt 0.0413 0.9623 0.0000
vt 0.0409 0.9621 0.0000
vt 0.0409 0.9141 0.0000
vt 0.0413 0.9139 0.0000
vt 0.4356 0.8801 0.0000
vt 0.4421 0.8649 0.0000
vt 0.3749 0.9432 0.0000
vt 0.3753 0.9432 0.0000
vt 0.3753 0.9458 0.0000
vt 0.3749 0.9458 0.0000
vt 0.4324 0.8795 0.0000
vt 0.4307 0.8784 0.0000
vt 0.3749 0.9411 0.0000
vt 0.3753 0.9411 0.0000
vt 0.4296 0.8767 0.0000
vt 0.3749 0.9390 0.0000
vt 0.3753 0.9390 0.0000
vt 0.4290 0.8735 0.0000
vt 0.3749 0.9365 0.0000
vt 0.3753 0.9365 0.0000
vt 0.2260 0.9189 0.0000
vt 0.2263 0.9190 0.0000
vt 0.2263 0.9387 0.0000
vt 0.2260 0.9389 0.0000
vt 0.4090 0.8735 0.0000
vt 0.3562 0.9447 0.0000
vt 0.3566 0.9447 0.0000
vt 0.3566 0.9472 0.0000
vt 0.3562 0.9472 0.0000
vt 0.4084 0.8767 0.0000
vt 0.4073 0.8784 0.0000
vt 0.3562 0.9425 0.0000
vt 0.3566 0.9425 0.0000
vt 0.4056 0.8795 0.0000
vt 0.3562 0.9404 0.0000
vt 0.3566 0.9404 0.0000
vt 0.3562 0.9379 0.0000
vt 0.3566 0.9379 0.0000
vt 0.0315 0.9141 0.0000
vt 0.0318 0.9139 0.0000
vt 0.0318 0.9623 0.0000
vt 0.0315 0.9621 0.0000
vt 0.0312 0.9146 0.0000
vt 0.0312 0.9616 0.0000
vt 0.3556 0.9379 0.0000
vt 0.3556 0.9404 0.0000
vt 0.3423 0.9454 0.0000
vt 0.3428 0.9454 0.0000
vt 0.3428 0.9479 0.0000
vt 0.3423 0.9479 0.0000
vt 0.3432 0.9454 0.0000
vt 0.3432 0.9479 0.0000
vt 0.3423 0.9433 0.0000
vt 0.3428 0.9433 0.0000
vt 0.3432 0.9433 0.0000
vt 0.3423 0.9411 0.0000
vt 0.3423 0.9386 0.0000
vt 0.3418 0.9411 0.0000
vt 0.3418 0.9433 0.0000
vt 0.3418 0.9386 0.0000
vt 0.1063 0.8430 0.0000
vt 0.1068 0.8431 0.0000
vt 0.1068 0.8616 0.0000
vt 0.1063 0.8616 0.0000
vt 0.0230 0.9489 0.0000
vt 0.0234 0.9489 0.0000
vt 0.0234 0.9514 0.0000
vt 0.0230 0.9514 0.0000
vt 0.0230 0.9468 0.0000
vt 0.0234 0.9468 0.0000
vt 0.0230 0.9447 0.0000
vt 0.0234 0.9447 0.0000
vt 0.0230 0.9421 0.0000
vt 0.0234 0.9421 0.0000
vt 0.0406 0.9616 0.0000
vt 0.0401 0.9615 0.0000
vt 0.0401 0.9146 0.0000
vt 0.0406 0.9146 0.0000
vt 0.3739 0.9432 0.0000
vt 0.3743 0.9432 0.0000
vt 0.3743 0.9458 0.0000
vt 0.3739 0.9458 0.0000
vt 0.3739 0.9411 0.0000
vt 0.3743 0.9411 0.0000
vt 0.3739 0.9390 0.0000
vt 0.3743 0.9390 0.0000
vt 0.3739 0.9365 0.0000
vt 0.3743 0.9365 0.0000
vt 0.2266 0.9196 0.0000
vt 0.2271 0.9196 0.0000
vt 0.2271 0.9382 0.0000
vt 0.2266 0.9382 0.0000
vt 0.3552 0.9447 0.0000
vt 0.3556 0.9447 0.0000
vt 0.3556 0.9472 0.0000
vt 0.3552 0.9472 0.0000
vt 0.3552 0.9425 0.0000
vt 0.3556 0.9425 0.0000
vt 0.3552 0.9404 0.0000
vt 0.3552 0.9379 0.0000
vt 0.3548 0.9404 0.0000
vt 0.3548 0.9425 0.0000
vt 0.3548 0.9379 0.0000
vt 0.0304 0.9149 0.0000
vt 0.0307 0.9146 0.0000
vt 0.0307 0.9615 0.0000
vt 0.0304 0.9612 0.0000
vt 0.3414 0.9454 0.0000
vt 0.3418 0.9454 0.0000
vt 0.3418 0.9479 0.0000
vt 0.3414 0.9479 0.0000
vt 0.3414 0.9433 0.0000
vt 0.3414 0.9411 0.0000
vt 0.3409 0.9433 0.0000
vt 0.3409 0.9411 0.0000
vt 0.3409 0.9454 0.0000
vt 0.3227 0.7308 0.0000
vt 0.3241 0.7330 0.0000
vt 0.3037 0.7330 0.0000
vt 0.3051 0.7308 0.0000
vt 0.3263 0.7344 0.0000
vt 0.3263 0.7802 0.0000
vt 0.3241 0.7816 0.0000
vt 0.3037 0.7816 0.0000
vt 0.3015 0.7344 0.0000
vt 0.3015 0.7802 0.0000
vt 0.0226 0.9447 0.0000
vt 0.0226 0.9468 0.0000
vt 0.0221 0.9468 0.0000
vt 0.0221 0.9447 0.0000
vt 0.0226 0.9489 0.0000
vt 0.0221 0.9489 0.0000
vt 0.3227 0.7838 0.0000
vt 0.3051 0.7838 0.0000
vt 0.3735 0.9390 0.0000
vt 0.3735 0.9411 0.0000
vt 0.3730 0.9411 0.0000
vt 0.3730 0.9390 0.0000
vt 0.3735 0.9432 0.0000
vt 0.3730 0.9432 0.0000
vt 0.3735 0.9458 0.0000
vt 0.3730 0.9458 0.0000
vt 0.0399 0.9612 0.0000
vt 0.0399 0.9149 0.0000
vt 0.0394 0.9612 0.0000
vt 0.0394 0.9149 0.0000
vt 0.2990 0.7349 0.0000
vt 0.2990 0.7797 0.0000
vt 0.0226 0.9421 0.0000
vt 0.0221 0.9421 0.0000
vt 0.3735 0.9365 0.0000
vt 0.3730 0.9365 0.0000
vt 0.2274 0.9199 0.0000
vt 0.2274 0.9378 0.0000
vt 0.2278 0.9199 0.0000
vt 0.2278 0.9378 0.0000
vt 0.3548 0.9447 0.0000
vt 0.3548 0.9472 0.0000
vt 0.3543 0.9472 0.0000
vt 0.3543 0.9447 0.0000
vt 0.3223 0.7865 0.0000
vt 0.3055 0.7865 0.0000
vt 0.3543 0.9425 0.0000
vt 0.3543 0.9404 0.0000
vt 0.0226 0.9514 0.0000
vt 0.0221 0.9514 0.0000
vt 0.1070 0.8434 0.0000
vt 0.1070 0.8613 0.0000
vt 0.1075 0.8434 0.0000
vt 0.1075 0.8613 0.0000
vt 0.3414 0.9386 0.0000
vt 0.3409 0.9386 0.0000
vt 0.3223 0.7281 0.0000
vt 0.3055 0.7281 0.0000
vt 0.3288 0.7349 0.0000
vt 0.3288 0.7797 0.0000
vt 0.3543 0.9379 0.0000
vt 0.0300 0.9612 0.0000
vt 0.0300 0.9149 0.0000
vt 0.3409 0.9479 0.0000
vt 0.2925 0.9572 0.0000
vt 0.2925 0.9091 0.0000
vt 0.2928 0.9090 0.0000
vt 0.2928 0.9573 0.0000
vt 0.3617 0.9404 0.0000
vt 0.3617 0.9379 0.0000
vt 0.3621 0.9379 0.0000
vt 0.3621 0.9404 0.0000
vt 0.4468 0.9514 0.0000
vt 0.4468 0.9489 0.0000
vt 0.4472 0.9489 0.0000
vt 0.4472 0.9514 0.0000
vt 0.3831 0.8136 0.0000
vt 0.3814 0.8125 0.0000
vt 0.4468 0.9468 0.0000
vt 0.4472 0.9468 0.0000
vt 0.3803 0.8108 0.0000
vt 0.4468 0.9447 0.0000
vt 0.4472 0.9447 0.0000
vt 0.4468 0.9421 0.0000
vt 0.4472 0.9421 0.0000
vt 0.2229 0.9210 0.0000
vt 0.2229 0.9410 0.0000
vt 0.2226 0.9408 0.0000
vt 0.2226 0.9212 0.0000
vt 0.2223 0.9403 0.0000
vt 0.2223 0.9217 0.0000
vt 0.4463 0.9447 0.0000
vt 0.4463 0.9421 0.0000
vt 0.2615 0.9479 0.0000
vt 0.2615 0.9454 0.0000
vt 0.2621 0.9454 0.0000
vt 0.2621 0.9479 0.0000
vt 0.2624 0.9454 0.0000
vt 0.2624 0.9479 0.0000
vt 0.2615 0.9433 0.0000
vt 0.2621 0.9433 0.0000
vt 0.2624 0.9433 0.0000
vt 0.2615 0.9411 0.0000
vt 0.2615 0.9386 0.0000
vt 0.2610 0.9411 0.0000
vt 0.2610 0.9386 0.0000
vt 0.2610 0.9433 0.0000
vt 0.0359 0.9146 0.0000
vt 0.0359 0.9616 0.0000
vt 0.0354 0.9616 0.0000
vt 0.0354 0.9147 0.0000
vt 0.2838 0.9479 0.0000
vt 0.2838 0.9454 0.0000
vt 0.2843 0.9454 0.0000
vt 0.2843 0.9479 0.0000
vt 0.2838 0.9433 0.0000
vt 0.2843 0.9433 0.0000
vt 0.2838 0.9411 0.0000
vt 0.2843 0.9411 0.0000
vt 0.2838 0.9386 0.0000
vt 0.2843 0.9386 0.0000
vt 0.1762 0.9231 0.0000
vt 0.1762 0.9417 0.0000
vt 0.1757 0.9417 0.0000
vt 0.1757 0.9231 0.0000
vt 0.3607 0.9472 0.0000
vt 0.3607 0.9447 0.0000
vt 0.3612 0.9447 0.0000
vt 0.3612 0.9472 0.0000
vt 0.3607 0.9425 0.0000
vt 0.3612 0.9425 0.0000
vt 0.3617 0.9425 0.0000
vt 0.3607 0.9404 0.0000
vt 0.3612 0.9404 0.0000
vt 0.3607 0.9379 0.0000
vt 0.3612 0.9379 0.0000
vt 0.2917 0.9566 0.0000
vt 0.2917 0.9097 0.0000
vt 0.2922 0.9097 0.0000
vt 0.2922 0.9566 0.0000
vt 0.4458 0.9514 0.0000
vt 0.4458 0.9489 0.0000
vt 0.4463 0.9489 0.0000
vt 0.4463 0.9514 0.0000
vt 0.4458 0.9468 0.0000
vt 0.4463 0.9468 0.0000
vt 0.4458 0.9447 0.0000
vt 0.4458 0.9421 0.0000
vt 0.4454 0.9447 0.0000
vt 0.4454 0.9421 0.0000
vt 0.4454 0.9468 0.0000
vt 0.2218 0.9217 0.0000
vt 0.2218 0.9403 0.0000
vt 0.2215 0.9400 0.0000
vt 0.2215 0.9220 0.0000
vt 0.2606 0.9479 0.0000
vt 0.2606 0.9454 0.0000
vt 0.2610 0.9454 0.0000
vt 0.2610 0.9479 0.0000
vt 0.2606 0.9433 0.0000
vt 0.2606 0.9411 0.0000
vt 0.2602 0.9454 0.0000
vt 0.2602 0.9433 0.0000
vt 0.2602 0.9411 0.0000
vt 0.3007 0.6710 0.0000
vt 0.3216 0.6710 0.0000
vt 0.3202 0.6732 0.0000
vt 0.3021 0.6732 0.0000
vt 0.3238 0.6239 0.0000
vt 0.3238 0.6695 0.0000
vt 0.3216 0.6225 0.0000
vt 0.3007 0.6225 0.0000
vt 0.2834 0.9454 0.0000
vt 0.2830 0.9454 0.0000
vt 0.2830 0.9433 0.0000
vt 0.2834 0.9433 0.0000
vt 0.3021 0.6202 0.0000
vt 0.3202 0.6202 0.0000
vt 0.2830 0.9411 0.0000
vt 0.2834 0.9411 0.0000
vt 0.3603 0.9447 0.0000
vt 0.3598 0.9447 0.0000
vt 0.3598 0.9425 0.0000
vt 0.3603 0.9425 0.0000
vt 0.2985 0.6696 0.0000
vt 0.2985 0.6239 0.0000
vt 0.3598 0.9404 0.0000
vt 0.3603 0.9404 0.0000
vt 0.3603 0.9379 0.0000
vt 0.3598 0.9379 0.0000
vt 0.2914 0.9563 0.0000
vt 0.2914 0.9100 0.0000
vt 0.2910 0.9563 0.0000
vt 0.2910 0.9100 0.0000
vt 0.2959 0.6691 0.0000
vt 0.2959 0.6244 0.0000
vt 0.4449 0.9489 0.0000
vt 0.4454 0.9489 0.0000
vt 0.4454 0.9514 0.0000
vt 0.4449 0.9514 0.0000
vt 0.4449 0.9468 0.0000
vt 0.4449 0.9447 0.0000
vt 0.3603 0.9472 0.0000
vt 0.3598 0.9472 0.0000
vt 0.1754 0.9414 0.0000
vt 0.1754 0.9235 0.0000
vt 0.1750 0.9414 0.0000
vt 0.1750 0.9235 0.0000
vt 0.2834 0.9386 0.0000
vt 0.2830 0.9386 0.0000
vt 0.3026 0.6176 0.0000
vt 0.3197 0.6176 0.0000
vt 0.2834 0.9479 0.0000
vt 0.2830 0.9479 0.0000
vt 0.0352 0.9613 0.0000
vt 0.0352 0.9150 0.0000
vt 0.0347 0.9613 0.0000
vt 0.0347 0.9150 0.0000
vt 0.3264 0.6244 0.0000
vt 0.3264 0.6691 0.0000
vt 0.2602 0.9386 0.0000
vt 0.2606 0.9386 0.0000
vt 0.4449 0.9421 0.0000
vt 0.3197 0.6758 0.0000
vt 0.3026 0.6758 0.0000
vt 0.2210 0.9400 0.0000
vt 0.2210 0.9220 0.0000
vt 0.2602 0.9479 0.0000
vt 0.3621 0.9425 0.0000
vt 0.2432 0.8143 0.0000
vt 0.2430 0.8130 0.0000
vt 0.2417 0.8144 0.0000
vt 0.2417 0.8131 0.0000
vt 0.4825 0.9261 0.0000
vt 0.4848 0.9261 0.0000
vt 0.0943 0.6592 0.0000
vt 0.0662 0.6592 0.0000
vt 0.0998 0.6537 0.0000
vt 0.4536 0.8439 0.0000
vt 0.4562 0.8439 0.0000
vt 0.4562 0.8996 0.0000
vt 0.4536 0.8996 0.0000
vt 0.0998 0.6153 0.0000
vt 0.0662 0.6098 0.0000
vt 0.0287 0.8661 0.0000
vt 0.0287 0.8688 0.0000
vt 0.0279 0.8688 0.0000
vt 0.0223 0.8679 0.0000
vt 0.4865 0.5008 0.0000
vt 0.4865 0.6006 0.0000
vt 0.4846 0.5942 0.0000
vt 0.4846 0.5073 0.0000
vt 0.0943 0.6098 0.0000
vt 0.4536 0.7341 0.0000
vt 0.4536 0.6785 0.0000
vt 0.4562 0.6785 0.0000
vt 0.4562 0.7341 0.0000
vt 0.4322 0.7853 0.0000
vt 0.4330 0.7880 0.0000
vt 0.4322 0.7880 0.0000
vt 0.4386 0.7871 0.0000
vt 0.4330 0.7885 0.0000
vt 0.4323 0.7884 0.0000
vt 0.4326 0.7885 0.0000
vt 0.4237 0.5531 0.0000
vt 0.4225 0.5531 0.0000
vt 0.4225 0.5007 0.0000
vt 0.4237 0.5007 0.0000
vt 0.4571 0.7341 0.0000
vt 0.4571 0.6785 0.0000
vt 0.4575 0.6785 0.0000
vt 0.4575 0.7341 0.0000
vt 0.4337 0.7895 0.0000
vt 0.4339 0.7908 0.0000
vt 0.4339 0.7944 0.0000
vt 0.4341 0.7956 0.0000
vt 0.4348 0.7964 0.0000
vt 0.4359 0.7966 0.0000
vt 0.4360 0.7979 0.0000
vt 0.4370 0.7979 0.0000
vt 0.4844 0.6785 0.0000
vt 0.4855 0.6785 0.0000
vt 0.4855 0.7276 0.0000
vt 0.4844 0.7276 0.0000
vt 0.4803 0.6785 0.0000
vt 0.4816 0.6785 0.0000
vt 0.4816 0.7285 0.0000
vt 0.4803 0.7285 0.0000
vt 0.4803 0.7432 0.0000
vt 0.4816 0.7432 0.0000
vt 0.4844 0.7421 0.0000
vt 0.4855 0.7421 0.0000
vt 0.4309 0.5685 0.0000
vt 0.4309 0.5531 0.0000
vt 0.4323 0.5531 0.0000
vt 0.4323 0.5685 0.0000
vt 0.4309 0.5007 0.0000
vt 0.4323 0.5007 0.0000
vt 0.4297 0.5685 0.0000
vt 0.4297 0.5531 0.0000
vt 0.4297 0.5007 0.0000
vt 0.4285 0.5531 0.0000
vt 0.4285 0.5007 0.0000
vt 0.4251 0.5531 0.0000
vt 0.4251 0.5007 0.0000
vt 0.4285 0.5685 0.0000
vt 0.4251 0.5685 0.0000
vt 0.4237 0.5685 0.0000
vt 0.4225 0.5685 0.0000
vt 0.4251 0.6410 0.0000
vt 0.4237 0.6410 0.0000
vt 0.4225 0.6410 0.0000
vt 0.4237 0.6565 0.0000
vt 0.4225 0.6565 0.0000
vt 0.4251 0.6565 0.0000
vt 0.4575 0.8439 0.0000
vt 0.4571 0.8439 0.0000
vt 0.4571 0.8275 0.0000
vt 0.4575 0.8275 0.0000
vt 0.4571 0.7506 0.0000
vt 0.4575 0.7506 0.0000
vt 0.4566 0.7506 0.0000
vt 0.4566 0.8275 0.0000
vt 0.4566 0.8439 0.0000
vt 0.4566 0.7341 0.0000
vt 0.4566 0.6785 0.0000
vt 0.4562 0.7506 0.0000
vt 0.4536 0.7506 0.0000
vt 0.4562 0.8275 0.0000
vt 0.4536 0.8275 0.0000
vt 0.4566 0.8996 0.0000
vt 0.4571 0.8996 0.0000
vt 0.4575 0.8996 0.0000
vt 0.4237 0.7089 0.0000
vt 0.4225 0.7089 0.0000
vt 0.0279 0.8693 0.0000
vt 0.0272 0.8703 0.0000
vt 0.0283 0.8693 0.0000
vt 0.0286 0.8691 0.0000
vt 0.0270 0.8716 0.0000
vt 0.0270 0.8752 0.0000
vt 0.0268 0.8763 0.0000
vt 0.0261 0.8772 0.0000
vt 0.0250 0.8774 0.0000
vt 0.0249 0.8786 0.0000
vt 0.0239 0.8786 0.0000
vt 0.4844 0.8735 0.0000
vt 0.4844 0.8244 0.0000
vt 0.4855 0.8244 0.0000
vt 0.4855 0.8735 0.0000
vt 0.4803 0.8770 0.0000
vt 0.4803 0.8271 0.0000
vt 0.4816 0.8271 0.0000
vt 0.4816 0.8770 0.0000
vt 0.4803 0.8123 0.0000
vt 0.4816 0.8123 0.0000
vt 0.4844 0.8099 0.0000
vt 0.4855 0.8099 0.0000
vt 0.4309 0.6410 0.0000
vt 0.4323 0.6410 0.0000
vt 0.4323 0.6565 0.0000
vt 0.4309 0.6565 0.0000
vt 0.4323 0.7089 0.0000
vt 0.4309 0.7089 0.0000
vt 0.4297 0.6565 0.0000
vt 0.4297 0.6410 0.0000
vt 0.4297 0.7089 0.0000
vt 0.4285 0.7089 0.0000
vt 0.4285 0.6565 0.0000
vt 0.4251 0.7089 0.0000
vt 0.4285 0.6410 0.0000
vt 0.0534 0.6516 0.0000
vt 0.0039 0.6517 0.0000
vt 0.0039 0.6353 0.0000
vt 0.0534 0.6352 0.0000
vt 0.0534 0.7030 0.0000
vt 0.0039 0.7031 0.0000
vt 0.0039 0.5685 0.0000
vt 0.0534 0.5686 0.0000
vt 0.0534 0.5521 0.0000
vt 0.0039 0.5521 0.0000
vt 0.3736 0.8815 0.0000
vt 0.3736 0.9005 0.0000
vt 0.3693 0.9014 0.0000
vt 0.3693 0.8824 0.0000
vt 0.3917 0.5813 0.0000
vt 0.3892 0.5849 0.0000
vt 0.3892 0.5009 0.0000
vt 0.3917 0.5045 0.0000
vt 0.4604 0.7216 0.0000
vt 0.4604 0.7051 0.0000
vt 0.4626 0.7051 0.0000
vt 0.4627 0.7216 0.0000
vt 0.4627 0.7946 0.0000
vt 0.4604 0.7945 0.0000
vt 0.3622 0.8815 0.0000
vt 0.3665 0.8824 0.0000
vt 0.3665 0.9014 0.0000
vt 0.3622 0.9005 0.0000
vt 0.4626 0.8111 0.0000
vt 0.4604 0.8111 0.0000
vt 0.4883 0.6558 0.0000
vt 0.4890 0.6558 0.0000
vt 0.4890 0.6712 0.0000
vt 0.4883 0.6712 0.0000
vt 0.4890 0.7436 0.0000
vt 0.4883 0.7436 0.0000
vt 0.4145 0.7707 0.0000
vt 0.4137 0.7707 0.0000
vt 0.4137 0.7438 0.0000
vt 0.4145 0.7438 0.0000
vt 0.4137 0.6183 0.0000
vt 0.4145 0.6183 0.0000
vt 0.4883 0.7591 0.0000
vt 0.4890 0.7591 0.0000
vt 0.4145 0.5914 0.0000
vt 0.4137 0.5914 0.0000
vt 0.4151 0.5914 0.0000
vt 0.4151 0.6183 0.0000
vt 0.4151 0.7438 0.0000
vt 0.4171 0.5914 0.0000
vt 0.4171 0.6183 0.0000
vt 0.4171 0.7438 0.0000
vt 0.4151 0.7707 0.0000
vt 0.4171 0.7707 0.0000
vt 0.4183 0.7438 0.0000
vt 0.4183 0.7707 0.0000
vt 0.4183 0.6183 0.0000
vt 0.4197 0.7707 0.0000
vt 0.4197 0.7438 0.0000
vt 0.4197 0.6183 0.0000
vt 0.4183 0.5914 0.0000
vt 0.4197 0.5914 0.0000
vt 0.4442 0.6806 0.0000
vt 0.4442 0.6651 0.0000
vt 0.4449 0.6651 0.0000
vt 0.4449 0.6806 0.0000
vt 0.4442 0.7532 0.0000
vt 0.4449 0.7532 0.0000
vt 0.4457 0.6651 0.0000
vt 0.4457 0.6806 0.0000
vt 0.4457 0.7532 0.0000
vt 0.4449 0.7687 0.0000
vt 0.4442 0.7687 0.0000
vt 0.4457 0.7687 0.0000
vt 0.4466 0.7532 0.0000
vt 0.4466 0.7687 0.0000
vt 0.4466 0.6806 0.0000
vt 0.4474 0.7532 0.0000
vt 0.4474 0.7687 0.0000
vt 0.4474 0.6806 0.0000
vt 0.4466 0.6651 0.0000
vt 0.4474 0.6651 0.0000
vt 0.4482 0.6651 0.0000
vt 0.4482 0.6806 0.0000
vt 0.4482 0.7532 0.0000
vt 0.4489 0.6651 0.0000
vt 0.4489 0.6806 0.0000
vt 0.4489 0.7532 0.0000
vt 0.4482 0.7687 0.0000
vt 0.4489 0.7687 0.0000
vt 0.3358 0.7292 0.0000
vt 0.3315 0.7248 0.0000
vt 0.3363 0.7133 0.0000
vt 0.3474 0.7244 0.0000
vt 0.3358 0.7893 0.0000
vt 0.3474 0.7941 0.0000
vt 0.3315 0.7937 0.0000
vt 0.3363 0.8053 0.0000
vt 0.2962 0.7937 0.0000
vt 0.2846 0.8053 0.0000
vt 0.4482 0.6126 0.0000
vt 0.4489 0.6126 0.0000
vt 0.4361 0.8578 0.0000
vt 0.4357 0.8573 0.0000
vt 0.4386 0.8565 0.0000
vt 0.2962 0.7248 0.0000
vt 0.2846 0.7133 0.0000
vt 0.4474 0.5903 0.0000
vt 0.4474 0.5035 0.0000
vt 0.4486 0.5009 0.0000
vt 0.4486 0.5929 0.0000
vt 0.4353 0.8566 0.0000
vt 0.4351 0.8557 0.0000
vt 0.4353 0.8549 0.0000
vt 0.4357 0.8542 0.0000
vt 0.4361 0.8537 0.0000
vt 0.4386 0.8532 0.0000
vt 0.0248 0.9385 0.0000
vt 0.0223 0.9373 0.0000
vt 0.0252 0.9380 0.0000
vt 0.0256 0.9374 0.0000
vt 0.0258 0.9365 0.0000
vt 0.0256 0.9357 0.0000
vt 0.0252 0.9350 0.0000
vt 0.0248 0.9345 0.0000
vt 0.0223 0.9340 0.0000
vt 0.0248 0.9340 0.0000
vt 0.4197 0.8614 0.0000
vt 0.4183 0.8614 0.0000
vt 0.4442 0.8211 0.0000
vt 0.4449 0.8211 0.0000
vt 0.4457 0.8211 0.0000
vt 0.4466 0.8211 0.0000
vt 0.4474 0.8211 0.0000
vt 0.4482 0.8211 0.0000
vt 0.0251 0.9327 0.0000
vt 0.4171 0.8614 0.0000
vt 0.0239 0.9282 0.0000
vt 0.0255 0.9316 0.0000
vt 0.4151 0.8614 0.0000
vt 0.0260 0.9309 0.0000
vt 0.4145 0.8614 0.0000
vt 0.4797 0.8805 0.0000
vt 0.4797 0.9397 0.0000
vt 0.4760 0.9421 0.0000
vt 0.4760 0.8805 0.0000
vt 0.0265 0.9305 0.0000
vt 0.0271 0.9282 0.0000
vt 0.0271 0.9305 0.0000
vt 0.4137 0.8614 0.0000
vt 0.4883 0.6034 0.0000
vt 0.4890 0.6034 0.0000
vt 0.4627 0.8646 0.0000
vt 0.4604 0.8646 0.0000
vt 0.4489 0.8211 0.0000
vt 0.4361 0.8532 0.0000
vt 0.4183 0.5007 0.0000
vt 0.4197 0.5007 0.0000
vt 0.4442 0.6126 0.0000
vt 0.4449 0.6126 0.0000
vt 0.4457 0.6126 0.0000
vt 0.4466 0.6126 0.0000
vt 0.4474 0.6126 0.0000
vt 0.4358 0.8519 0.0000
vt 0.4171 0.5007 0.0000
vt 0.4354 0.8508 0.0000
vt 0.4370 0.8474 0.0000
vt 0.4151 0.5007 0.0000
vt 0.4349 0.8501 0.0000
vt 0.4145 0.5007 0.0000
vt 0.0039 0.5007 0.0000
vt 0.0534 0.5007 0.0000
vt 0.2960 0.8897 0.0000
vt 0.2997 0.8897 0.0000
vt 0.2997 0.9513 0.0000
vt 0.2960 0.9489 0.0000
vt 0.4345 0.8497 0.0000
vt 0.4338 0.8497 0.0000
vt 0.4338 0.8474 0.0000
vt 0.4137 0.5007 0.0000
vt 0.4890 0.8114 0.0000
vt 0.4883 0.8114 0.0000
vt 0.4604 0.6516 0.0000
vt 0.4627 0.6516 0.0000
vt 0.0366 0.8218 0.0000
vt 0.0375 0.8198 0.0000
vt 0.0441 0.8264 0.0000
vt 0.0420 0.8273 0.0000
vt 0.0404 0.8280 0.0000
vt 0.0360 0.8235 0.0000
vt 0.0442 0.8318 0.0000
vt 0.0420 0.8318 0.0000
vt 0.0404 0.8318 0.0000
vt 0.3907 0.9046 0.0000
vt 0.3907 0.9233 0.0000
vt 0.3888 0.9233 0.0000
vt 0.3888 0.9046 0.0000
vt 0.3888 0.9341 0.0000
vt 0.3907 0.9341 0.0000
vt 0.3910 0.9046 0.0000
vt 0.3910 0.9233 0.0000
vt 0.3910 0.9341 0.0000
vt 0.3594 0.6035 0.0000
vt 0.3550 0.6015 0.0000
vt 0.3551 0.6012 0.0000
vt 0.3550 0.6035 0.0000
vt 0.3552 0.6011 0.0000
vt 0.3912 0.9341 0.0000
vt 0.3912 0.9233 0.0000
vt 0.3556 0.6010 0.0000
vt 0.3916 0.9233 0.0000
vt 0.3916 0.9341 0.0000
vt 0.3912 0.9046 0.0000
vt 0.3916 0.9046 0.0000
vt 0.4760 0.8626 0.0000
vt 0.4760 0.8447 0.0000
vt 0.4765 0.8447 0.0000
vt 0.4765 0.8626 0.0000
vt 0.4765 0.8730 0.0000
vt 0.4760 0.8730 0.0000
vt 0.4771 0.8447 0.0000
vt 0.4771 0.8626 0.0000
vt 0.4771 0.8730 0.0000
vt 0.3564 0.6005 0.0000
vt 0.3558 0.6006 0.0000
vt 0.3569 0.5989 0.0000
vt 0.3783 0.8428 0.0000
vt 0.3799 0.8428 0.0000
vt 0.3799 0.8524 0.0000
vt 0.3783 0.8524 0.0000
vt 0.3807 0.8428 0.0000
vt 0.3807 0.8524 0.0000
vt 0.3577 0.5985 0.0000
vt 0.3783 0.8262 0.0000
vt 0.3799 0.8262 0.0000
vt 0.3807 0.8262 0.0000
vt 0.3824 0.8428 0.0000
vt 0.3824 0.8262 0.0000
vt 0.3824 0.8524 0.0000
vt 0.3594 0.5985 0.0000
vt 0.3628 0.5985 0.0000
vt 0.3628 0.6035 0.0000
vt 0.1809 0.8507 0.0000
vt 0.1858 0.8507 0.0000
vt 0.1858 0.8584 0.0000
vt 0.1808 0.8584 0.0000
vt 0.1858 0.8709 0.0000
vt 0.1808 0.8709 0.0000
vt 0.1858 0.8784 0.0000
vt 0.1809 0.8784 0.0000
vt 0.1443 0.8054 0.0000
vt 0.1477 0.8054 0.0000
vt 0.1477 0.8104 0.0000
vt 0.1443 0.8104 0.0000
vt 0.1426 0.8104 0.0000
vt 0.3807 0.8167 0.0000
vt 0.3824 0.8167 0.0000
vt 0.3799 0.8167 0.0000
vt 0.1418 0.8099 0.0000
vt 0.3783 0.8167 0.0000
vt 0.1412 0.8084 0.0000
vt 0.4771 0.8344 0.0000
vt 0.4765 0.8344 0.0000
vt 0.1406 0.8083 0.0000
vt 0.4760 0.8344 0.0000
vt 0.1405 0.8078 0.0000
vt 0.3916 0.8940 0.0000
vt 0.3912 0.8940 0.0000
vt 0.1401 0.8077 0.0000
vt 0.3910 0.8940 0.0000
vt 0.1399 0.8076 0.0000
vt 0.3907 0.8940 0.0000
vt 0.1398 0.8074 0.0000
vt 0.3888 0.8940 0.0000
vt 0.1398 0.8054 0.0000
vt 0.0322 0.8218 0.0000
vt 0.0322 0.8196 0.0000
vt 0.0322 0.8235 0.0000
vt 0.1601 0.8082 0.0000
vt 0.1601 0.8232 0.0000
vt 0.1551 0.8232 0.0000
vt 0.1551 0.8082 0.0000
vt 0.3233 0.6917 0.0000
vt 0.3233 0.6842 0.0000
vt 0.3259 0.6842 0.0000
vt 0.3259 0.6900 0.0000
vt 0.3233 0.6939 0.0000
vt 0.3322 0.6917 0.0000
vt 0.3322 0.6939 0.0000
vt 0.3322 0.6900 0.0000
vt 0.1601 0.8277 0.0000
vt 0.1582 0.8277 0.0000
vt 0.1551 0.8250 0.0000
vt 0.1556 0.8257 0.0000
vt 0.1571 0.8263 0.0000
vt 0.1573 0.8269 0.0000
vt 0.1578 0.8275 0.0000
vt 0.1577 0.8271 0.0000
vt 0.1579 0.8276 0.0000
vt 0.2019 0.5396 0.0000
vt 0.2019 0.5574 0.0000
vt 0.2017 0.5574 0.0000
vt 0.2017 0.5396 0.0000
vt 0.2014 0.5574 0.0000
vt 0.2014 0.5396 0.0000
vt 0.2720 0.9228 0.0000
vt 0.2744 0.9271 0.0000
vt 0.2742 0.9273 0.0000
vt 0.2740 0.9274 0.0000
vt 0.1995 0.5396 0.0000
vt 0.1995 0.5574 0.0000
vt 0.2720 0.9274 0.0000
vt 0.2744 0.9267 0.0000
vt 0.2023 0.5574 0.0000
vt 0.2023 0.5396 0.0000
vt 0.2749 0.9266 0.0000
vt 0.2028 0.5574 0.0000
vt 0.2028 0.5396 0.0000
vt 0.2750 0.9260 0.0000
vt 0.2034 0.5574 0.0000
vt 0.2034 0.5396 0.0000
vt 0.2051 0.5574 0.0000
vt 0.2051 0.5396 0.0000
vt 0.2766 0.9254 0.0000
vt 0.2060 0.5574 0.0000
vt 0.2060 0.5397 0.0000
vt 0.2770 0.9246 0.0000
vt 0.2077 0.5397 0.0000
vt 0.2077 0.5574 0.0000
vt 0.2770 0.9228 0.0000
vt 0.2720 0.9195 0.0000
vt 0.2770 0.9195 0.0000
vt 0.0471 0.8335 0.0000
vt 0.0471 0.8210 0.0000
vt 0.0521 0.8210 0.0000
vt 0.0521 0.8335 0.0000
vt 0.0932 0.5687 0.0000
vt 0.0932 0.5803 0.0000
vt 0.0882 0.5803 0.0000
vt 0.0882 0.5687 0.0000
vt 0.3542 0.9025 0.0000
vt 0.3542 0.9075 0.0000
vt 0.3490 0.9075 0.0000
vt 0.3490 0.9025 0.0000
vt 0.0732 0.5206 0.0000
vt 0.0786 0.5151 0.0000
vt 0.0807 0.5160 0.0000
vt 0.0741 0.5226 0.0000
vt 0.0726 0.5189 0.0000
vt 0.0770 0.5144 0.0000
vt 0.0786 0.5106 0.0000
vt 0.0808 0.5106 0.0000
vt 0.0770 0.5106 0.0000
vt 0.3584 0.8462 0.0000
vt 0.3564 0.8462 0.0000
vt 0.3564 0.8276 0.0000
vt 0.3584 0.8276 0.0000
vt 0.3564 0.8167 0.0000
vt 0.3584 0.8167 0.0000
vt 0.3586 0.8276 0.0000
vt 0.3586 0.8462 0.0000
vt 0.3586 0.8167 0.0000
vt 0.0662 0.5295 0.0000
vt 0.0684 0.5339 0.0000
vt 0.0682 0.5339 0.0000
vt 0.0662 0.5339 0.0000
vt 0.0686 0.5337 0.0000
vt 0.3588 0.8167 0.0000
vt 0.3588 0.8276 0.0000
vt 0.0687 0.5333 0.0000
vt 0.3593 0.8167 0.0000
vt 0.3593 0.8276 0.0000
vt 0.3588 0.8462 0.0000
vt 0.3593 0.8462 0.0000
vt 0.4322 0.8108 0.0000
vt 0.4326 0.8108 0.0000
vt 0.4326 0.8288 0.0000
vt 0.4322 0.8288 0.0000
vt 0.4322 0.8004 0.0000
vt 0.4326 0.8004 0.0000
vt 0.4332 0.8108 0.0000
vt 0.4332 0.8288 0.0000
vt 0.4332 0.8004 0.0000
vt 0.0692 0.5326 0.0000
vt 0.0691 0.5332 0.0000
vt 0.0708 0.5320 0.0000
vt 0.4242 0.8909 0.0000
vt 0.4242 0.8812 0.0000
vt 0.4257 0.8812 0.0000
vt 0.4257 0.8909 0.0000
vt 0.4265 0.8812 0.0000
vt 0.4265 0.8909 0.0000
vt 0.0712 0.5313 0.0000
vt 0.4257 0.9076 0.0000
vt 0.4242 0.9076 0.0000
vt 0.4265 0.9076 0.0000
vt 0.4282 0.8909 0.0000
vt 0.4282 0.9076 0.0000
vt 0.4282 0.8812 0.0000
vt 0.0712 0.5295 0.0000
vt 0.0662 0.5262 0.0000
vt 0.0712 0.5262 0.0000
vt 0.1031 0.7884 0.0000
vt 0.1031 0.7808 0.0000
vt 0.1081 0.7808 0.0000
vt 0.1081 0.7884 0.0000
vt 0.1081 0.7682 0.0000
vt 0.1031 0.7682 0.0000
vt 0.1031 0.7607 0.0000
vt 0.1081 0.7607 0.0000
vt 0.1522 0.8286 0.0000
vt 0.1472 0.8286 0.0000
vt 0.1472 0.8252 0.0000
vt 0.1522 0.8252 0.0000
vt 0.1472 0.8304 0.0000
vt 0.4282 0.9171 0.0000
vt 0.4265 0.9171 0.0000
vt 0.4257 0.9171 0.0000
vt 0.1476 0.8311 0.0000
vt 0.4242 0.9171 0.0000
vt 0.1492 0.8317 0.0000
vt 0.4332 0.8390 0.0000
vt 0.4326 0.8390 0.0000
vt 0.1493 0.8323 0.0000
vt 0.4322 0.8390 0.0000
vt 0.1498 0.8324 0.0000
vt 0.3593 0.8569 0.0000
vt 0.3588 0.8569 0.0000
vt 0.1498 0.8329 0.0000
vt 0.3586 0.8569 0.0000
vt 0.1500 0.8330 0.0000
vt 0.3584 0.8569 0.0000
vt 0.1502 0.8331 0.0000
vt 0.3564 0.8569 0.0000
vt 0.1522 0.8331 0.0000
vt 0.0688 0.5206 0.0000
vt 0.0688 0.5228 0.0000
vt 0.0688 0.5189 0.0000
vt 0.1283 0.8082 0.0000
vt 0.1333 0.8082 0.0000
vt 0.1333 0.8232 0.0000
vt 0.1283 0.8232 0.0000
vt 0.3453 0.5766 0.0000
vt 0.3479 0.5783 0.0000
vt 0.3479 0.5841 0.0000
vt 0.3453 0.5841 0.0000
vt 0.3453 0.5744 0.0000
vt 0.3542 0.5744 0.0000
vt 0.3542 0.5766 0.0000
vt 0.3542 0.5783 0.0000
vt 0.1283 0.8277 0.0000
vt 0.1302 0.8277 0.0000
vt 0.1333 0.8250 0.0000
vt 0.1328 0.8257 0.0000
vt 0.1313 0.8263 0.0000
vt 0.1311 0.8269 0.0000
vt 0.1306 0.8275 0.0000
vt 0.1307 0.8271 0.0000
vt 0.1305 0.8276 0.0000
vt 0.1414 0.5411 0.0000
vt 0.1416 0.5411 0.0000
vt 0.1416 0.5588 0.0000
vt 0.1414 0.5588 0.0000
vt 0.1418 0.5411 0.0000
vt 0.1418 0.5588 0.0000
vt 0.0932 0.5402 0.0000
vt 0.0910 0.5446 0.0000
vt 0.0909 0.5445 0.0000
vt 0.0912 0.5447 0.0000
vt 0.1438 0.5411 0.0000
vt 0.1438 0.5588 0.0000
vt 0.0932 0.5447 0.0000
vt 0.0908 0.5440 0.0000
vt 0.1410 0.5588 0.0000
vt 0.1410 0.5411 0.0000
vt 0.0903 0.5439 0.0000
vt 0.1405 0.5588 0.0000
vt 0.1405 0.5411 0.0000
vt 0.0902 0.5433 0.0000
vt 0.1399 0.5588 0.0000
vt 0.1399 0.5411 0.0000
vt 0.1382 0.5588 0.0000
vt 0.1382 0.5411 0.0000
vt 0.0887 0.5427 0.0000
vt 0.1373 0.5588 0.0000
vt 0.1373 0.5411 0.0000
vt 0.0882 0.5420 0.0000
vt 0.1355 0.5411 0.0000
vt 0.1355 0.5588 0.0000
vt 0.0882 0.5402 0.0000
vt 0.0882 0.5368 0.0000
vt 0.0932 0.5368 0.0000
vt 0.2232 0.8635 0.0000
vt 0.2282 0.8635 0.0000
vt 0.2282 0.8761 0.0000
vt 0.2232 0.8761 0.0000
vt 0.3958 0.8614 0.0000
vt 0.3958 0.8564 0.0000
vt 0.4074 0.8564 0.0000
vt 0.4074 0.8614 0.0000
vt 0.0322 0.8302 0.0000
vt 0.0374 0.8302 0.0000
vt 0.0374 0.8352 0.0000
vt 0.0322 0.8352 0.0000
vt 0.2103 0.7511 0.0000
vt 0.2081 0.7511 0.0000
vt 0.2081 0.7487 0.0000
vt 0.2103 0.7487 0.0000
vt 0.2081 0.7463 0.0000
vt 0.2103 0.7463 0.0000
vt 0.2081 0.7438 0.0000
vt 0.2103 0.7438 0.0000
vt 0.2081 0.7414 0.0000
vt 0.2103 0.7414 0.0000
vt 0.2081 0.7390 0.0000
vt 0.2103 0.7390 0.0000
vt 0.2081 0.7365 0.0000
vt 0.2103 0.7365 0.0000
vt 0.2081 0.7341 0.0000
vt 0.2103 0.7341 0.0000
vt 0.2081 0.7317 0.0000
vt 0.2103 0.7317 0.0000
vt 0.1891 0.9456 0.0000
vt 0.1891 0.9434 0.0000
vt 0.1903 0.9434 0.0000
vt 0.1903 0.9456 0.0000
vt 0.1910 0.9434 0.0000
vt 0.1910 0.9456 0.0000
vt 0.1891 0.9412 0.0000
vt 0.1903 0.9412 0.0000
vt 0.1910 0.9412 0.0000
vt 0.1891 0.9390 0.0000
vt 0.1903 0.9390 0.0000
vt 0.1910 0.9390 0.0000
vt 0.1891 0.9368 0.0000
vt 0.1903 0.9368 0.0000
vt 0.1910 0.9368 0.0000
vt 0.1891 0.9346 0.0000
vt 0.1903 0.9346 0.0000
vt 0.1910 0.9346 0.0000
vt 0.1891 0.9324 0.0000
vt 0.1903 0.9324 0.0000
vt 0.1910 0.9324 0.0000
vt 0.1891 0.9302 0.0000
vt 0.1903 0.9302 0.0000
vt 0.1910 0.9302 0.0000
vt 0.1891 0.9280 0.0000
vt 0.1903 0.9280 0.0000
vt 0.1910 0.9280 0.0000
vt 0.0665 0.9268 0.0000
vt 0.0665 0.9291 0.0000
vt 0.0649 0.9291 0.0000
vt 0.0649 0.9268 0.0000
vt 0.0638 0.9291 0.0000
vt 0.0638 0.9268 0.0000
vt 0.0649 0.9245 0.0000
vt 0.0638 0.9245 0.0000
vt 0.0665 0.9245 0.0000
vt 0.0649 0.9223 0.0000
vt 0.0638 0.9223 0.0000
vt 0.0665 0.9223 0.0000
vt 0.0649 0.9200 0.0000
vt 0.0638 0.9200 0.0000
vt 0.0665 0.9200 0.0000
vt 0.0649 0.9177 0.0000
vt 0.0638 0.9177 0.0000
vt 0.0665 0.9177 0.0000
vt 0.0649 0.9155 0.0000
vt 0.0638 0.9155 0.0000
vt 0.0665 0.9155 0.0000
vt 0.0649 0.9132 0.0000
vt 0.0638 0.9132 0.0000
vt 0.0665 0.9132 0.0000
vt 0.0649 0.9110 0.0000
vt 0.0638 0.9110 0.0000
vt 0.0665 0.9110 0.0000
vt 0.1938 0.9458 0.0000
vt 0.1938 0.9437 0.0000
vt 0.1954 0.9437 0.0000
vt 0.1954 0.9458 0.0000
vt 0.2053 0.7288 0.0000
vt 0.2053 0.7325 0.0000
vt 0.2031 0.7325 0.0000
vt 0.2031 0.7288 0.0000
vt 0.2010 0.7325 0.0000
vt 0.2010 0.7288 0.0000
vt 0.2010 0.7361 0.0000
vt 0.2031 0.7361 0.0000
vt 0.2053 0.7361 0.0000
vt 0.2010 0.7397 0.0000
vt 0.2031 0.7397 0.0000
vt 0.2053 0.7397 0.0000
vt 0.1938 0.9415 0.0000
vt 0.1938 0.9394 0.0000
vt 0.1954 0.9394 0.0000
vt 0.1954 0.9415 0.0000
vt 0.2053 0.7433 0.0000
vt 0.2031 0.7433 0.0000
vt 0.1938 0.9372 0.0000
vt 0.1954 0.9372 0.0000
vt 0.2053 0.7470 0.0000
vt 0.2031 0.7470 0.0000
vt 0.1938 0.9351 0.0000
vt 0.1954 0.9351 0.0000
vt 0.2010 0.7470 0.0000
vt 0.2010 0.7433 0.0000
vt 0.2010 0.7506 0.0000
vt 0.2031 0.7506 0.0000
vt 0.2053 0.7506 0.0000
vt 0.2010 0.7542 0.0000
vt 0.2031 0.7542 0.0000
vt 0.2053 0.7542 0.0000
vt 0.1938 0.9330 0.0000
vt 0.1938 0.9308 0.0000
vt 0.1954 0.9308 0.0000
vt 0.1954 0.9330 0.0000
vt 0.2053 0.7578 0.0000
vt 0.2031 0.7578 0.0000
vt 0.1938 0.9287 0.0000
vt 0.1954 0.9287 0.0000
vt 0.2010 0.7578 0.0000
vt 0.1990 0.7578 0.0000
vt 0.1990 0.7542 0.0000
vt 0.1990 0.7506 0.0000
vt 0.1875 0.7542 0.0000
vt 0.1875 0.7506 0.0000
vt 0.1875 0.7578 0.0000
vt 0.3388 0.8799 0.0000
vt 0.3388 0.8777 0.0000
vt 0.3402 0.8777 0.0000
vt 0.3402 0.8799 0.0000
vt 0.3388 0.8821 0.0000
vt 0.3402 0.8821 0.0000
vt 0.3410 0.8799 0.0000
vt 0.3410 0.8821 0.0000
vt 0.3410 0.8777 0.0000
vt 0.3416 0.8777 0.0000
vt 0.3416 0.8799 0.0000
vt 0.3426 0.8777 0.0000
vt 0.3426 0.8799 0.0000
vt 0.3438 0.8777 0.0000
vt 0.3438 0.8799 0.0000
vt 0.2044 0.7259 0.0000
vt 0.2044 0.6112 0.0000
vt 0.2064 0.6112 0.0000
vt 0.2064 0.7259 0.0000
vt 0.3504 0.8834 0.0000
vt 0.3516 0.8834 0.0000
vt 0.3516 0.8812 0.0000
vt 0.3504 0.8812 0.0000
vt 0.3494 0.8834 0.0000
vt 0.3494 0.8812 0.0000
vt 0.3488 0.8834 0.0000
vt 0.3488 0.8812 0.0000
vt 0.3480 0.8834 0.0000
vt 0.3480 0.8812 0.0000
vt 0.3480 0.8857 0.0000
vt 0.3488 0.8857 0.0000
vt 0.3494 0.8857 0.0000
vt 0.3480 0.8879 0.0000
vt 0.3488 0.8879 0.0000
vt 0.3494 0.8879 0.0000
vt 0.3504 0.8857 0.0000
vt 0.3504 0.8879 0.0000
vt 0.3516 0.8857 0.0000
vt 0.3516 0.8879 0.0000
vt 0.2024 0.7259 0.0000
vt 0.2024 0.6112 0.0000
vt 0.2004 0.7259 0.0000
vt 0.2004 0.6112 0.0000
vt 0.3426 0.8821 0.0000
vt 0.3438 0.8821 0.0000
vt 0.3426 0.8844 0.0000
vt 0.3438 0.8844 0.0000
vt 0.3416 0.8821 0.0000
vt 0.3416 0.8844 0.0000
vt 0.3410 0.8844 0.0000
vt 0.3402 0.8844 0.0000
vt 0.3402 0.8866 0.0000
vt 0.3410 0.8866 0.0000
vt 0.3416 0.8866 0.0000
vt 0.3402 0.8888 0.0000
vt 0.3410 0.8888 0.0000
vt 0.3416 0.8888 0.0000
vt 0.3426 0.8866 0.0000
vt 0.3426 0.8888 0.0000
vt 0.3438 0.8866 0.0000
vt 0.3438 0.8888 0.0000
vt 0.1964 0.7259 0.0000
vt 0.1964 0.6113 0.0000
vt 0.1984 0.6112 0.0000
vt 0.1984 0.7259 0.0000
vt 0.3504 0.8924 0.0000
vt 0.3516 0.8924 0.0000
vt 0.3516 0.8901 0.0000
vt 0.3504 0.8901 0.0000
vt 0.3494 0.8924 0.0000
vt 0.3494 0.8901 0.0000
vt 0.3488 0.8924 0.0000
vt 0.3488 0.8901 0.0000
vt 0.3480 0.8901 0.0000
vt 0.3480 0.8924 0.0000
vt 0.3480 0.8946 0.0000
vt 0.3488 0.8946 0.0000
vt 0.3494 0.8946 0.0000
vt 0.3480 0.8968 0.0000
vt 0.3488 0.8968 0.0000
vt 0.3494 0.8968 0.0000
vt 0.3504 0.8968 0.0000
vt 0.3504 0.8946 0.0000
vt 0.3516 0.8968 0.0000
vt 0.3516 0.8946 0.0000
vt 0.1924 0.7260 0.0000
vt 0.1924 0.6113 0.0000
vt 0.1944 0.6113 0.0000
vt 0.1944 0.7260 0.0000
vt 0.3426 0.8933 0.0000
vt 0.3426 0.8910 0.0000
vt 0.3438 0.8910 0.0000
vt 0.3438 0.8933 0.0000
vt 0.3416 0.8933 0.0000
vt 0.3416 0.8910 0.0000
vt 0.3410 0.8933 0.0000
vt 0.3410 0.8910 0.0000
vt 0.3402 0.8910 0.0000
vt 0.3402 0.8933 0.0000
vt 0.3402 0.8955 0.0000
vt 0.3410 0.8955 0.0000
vt 0.3416 0.8955 0.0000
vt 0.3426 0.8955 0.0000
vt 0.3438 0.8955 0.0000
vt 0.1904 0.7260 0.0000
vt 0.1904 0.6113 0.0000
vt 0.3504 0.8990 0.0000
vt 0.3516 0.8990 0.0000
vt 0.3494 0.8990 0.0000
vt 0.3488 0.8990 0.0000
vt 0.3480 0.8990 0.0000
vt 0.3466 0.8990 0.0000
vt 0.3466 0.8968 0.0000
vt 0.3768 0.7466 0.0000
vt 0.3653 0.7466 0.0000
vt 0.3653 0.7502 0.0000
vt 0.3768 0.7502 0.0000
vt 0.3788 0.7502 0.0000
vt 0.3788 0.7466 0.0000
vt 0.3768 0.7538 0.0000
vt 0.3788 0.7538 0.0000
vt 0.3653 0.7538 0.0000
vt 0.3809 0.7538 0.0000
vt 0.3809 0.7502 0.0000
vt 0.3809 0.7466 0.0000
vt 0.3831 0.7502 0.0000
vt 0.3831 0.7538 0.0000
vt 0.3831 0.7466 0.0000
vt 0.2720 0.9458 0.0000
vt 0.2736 0.9458 0.0000
vt 0.2736 0.9437 0.0000
vt 0.2720 0.9437 0.0000
vt 0.2720 0.9479 0.0000
vt 0.2736 0.9479 0.0000
vt 0.0814 0.9132 0.0000
vt 0.0803 0.9132 0.0000
vt 0.0803 0.9155 0.0000
vt 0.0814 0.9155 0.0000
vt 0.0814 0.9110 0.0000
vt 0.0803 0.9110 0.0000
vt 0.0830 0.9110 0.0000
vt 0.0830 0.9132 0.0000
vt 0.0830 0.9155 0.0000
vt 0.1856 0.9442 0.0000
vt 0.1862 0.9442 0.0000
vt 0.1862 0.9420 0.0000
vt 0.1856 0.9420 0.0000
vt 0.1862 0.9398 0.0000
vt 0.1856 0.9398 0.0000
vt 0.1844 0.9442 0.0000
vt 0.1844 0.9420 0.0000
vt 0.1536 0.7313 0.0000
vt 0.1536 0.7288 0.0000
vt 0.1514 0.7288 0.0000
vt 0.1514 0.7313 0.0000
vt 0.1536 0.7337 0.0000
vt 0.1514 0.7337 0.0000
vt 0.1536 0.7361 0.0000
vt 0.1514 0.7361 0.0000
vt 0.1844 0.9398 0.0000
vt 0.1856 0.9376 0.0000
vt 0.1844 0.9376 0.0000
vt 0.1862 0.9376 0.0000
vt 0.1856 0.9354 0.0000
vt 0.1844 0.9354 0.0000
vt 0.1862 0.9354 0.0000
vt 0.1856 0.9332 0.0000
vt 0.1844 0.9332 0.0000
vt 0.1862 0.9332 0.0000
vt 0.1856 0.9310 0.0000
vt 0.1844 0.9310 0.0000
vt 0.1862 0.9310 0.0000
vt 0.1856 0.9288 0.0000
vt 0.1844 0.9288 0.0000
vt 0.1862 0.9288 0.0000
vt 0.1856 0.9266 0.0000
vt 0.1844 0.9266 0.0000
vt 0.1862 0.9266 0.0000
vt 0.0830 0.9268 0.0000
vt 0.0814 0.9268 0.0000
vt 0.0814 0.9290 0.0000
vt 0.0830 0.9290 0.0000
vt 0.0803 0.9268 0.0000
vt 0.0803 0.9290 0.0000
vt 0.0814 0.9245 0.0000
vt 0.0803 0.9245 0.0000
vt 0.0830 0.9245 0.0000
vt 0.0814 0.9223 0.0000
vt 0.0803 0.9223 0.0000
vt 0.0830 0.9223 0.0000
vt 0.0814 0.9200 0.0000
vt 0.0803 0.9200 0.0000
vt 0.0830 0.9200 0.0000
vt 0.0814 0.9177 0.0000
vt 0.0803 0.9177 0.0000
vt 0.0830 0.9177 0.0000
vt 0.2720 0.9415 0.0000
vt 0.2736 0.9415 0.0000
vt 0.2736 0.9394 0.0000
vt 0.2720 0.9394 0.0000
vt 0.3831 0.7574 0.0000
vt 0.3809 0.7574 0.0000
vt 0.3809 0.7611 0.0000
vt 0.3831 0.7611 0.0000
vt 0.3788 0.7611 0.0000
vt 0.3788 0.7574 0.0000
vt 0.3788 0.7647 0.0000
vt 0.3809 0.7647 0.0000
vt 0.3831 0.7647 0.0000
vt 0.3788 0.7683 0.0000
vt 0.3809 0.7683 0.0000
vt 0.3831 0.7683 0.0000
vt 0.2720 0.9372 0.0000
vt 0.2736 0.9372 0.0000
vt 0.2736 0.9351 0.0000
vt 0.2720 0.9351 0.0000
vt 0.3809 0.7719 0.0000
vt 0.3831 0.7719 0.0000
vt 0.2736 0.9329 0.0000
vt 0.2720 0.9329 0.0000
vt 0.3809 0.7756 0.0000
vt 0.3831 0.7756 0.0000
vt 0.2736 0.9308 0.0000
vt 0.2720 0.9308 0.0000
vt 0.3788 0.7756 0.0000
vt 0.3788 0.7719 0.0000
vt 0.3768 0.7756 0.0000
vt 0.3768 0.7719 0.0000
vt 0.3653 0.7719 0.0000
vt 0.3653 0.7756 0.0000
vt 0.3466 0.8834 0.0000
vt 0.3466 0.8812 0.0000
vt 0.3466 0.8857 0.0000
vt 0.3768 0.7683 0.0000
vt 0.3653 0.7683 0.0000
vt 0.3466 0.8879 0.0000
vt 0.3768 0.7647 0.0000
vt 0.3653 0.7647 0.0000
vt 0.3768 0.7611 0.0000
vt 0.3653 0.7611 0.0000
vt 0.3768 0.7574 0.0000
vt 0.3653 0.7574 0.0000
vt 0.3466 0.8901 0.0000
vt 0.3466 0.8924 0.0000
vt 0.3466 0.8946 0.0000
vt 0.1536 0.7483 0.0000
vt 0.1536 0.7459 0.0000
vt 0.1514 0.7459 0.0000
vt 0.1514 0.7483 0.0000
vt 0.1536 0.7434 0.0000
vt 0.1514 0.7434 0.0000
vt 0.1536 0.7410 0.0000
vt 0.1514 0.7410 0.0000
vt 0.1536 0.7386 0.0000
vt 0.1514 0.7386 0.0000
vt 0.3388 0.8955 0.0000
vt 0.3388 0.8933 0.0000
vt 0.1990 0.7288 0.0000
vt 0.1990 0.7325 0.0000
vt 0.1875 0.7325 0.0000
vt 0.1875 0.7288 0.0000
vt 0.1990 0.7361 0.0000
vt 0.1875 0.7361 0.0000
vt 0.1990 0.7397 0.0000
vt 0.1875 0.7397 0.0000
vt 0.3388 0.8910 0.0000
vt 0.3388 0.8888 0.0000
vt 0.3388 0.8866 0.0000
vt 0.1990 0.7433 0.0000
vt 0.1875 0.7433 0.0000
vt 0.1990 0.7470 0.0000
vt 0.1875 0.7470 0.0000
vt 0.3388 0.8844 0.0000
vt 0.0289 0.9013 0.0000
vt 0.0289 0.8989 0.0000
vt 0.0267 0.8989 0.0000
vt 0.0267 0.9013 0.0000
vt 0.0289 0.8965 0.0000
vt 0.0267 0.8965 0.0000
vt 0.0289 0.8941 0.0000
vt 0.0267 0.8941 0.0000
vt 0.0289 0.8916 0.0000
vt 0.0267 0.8916 0.0000
vt 0.0289 0.8892 0.0000
vt 0.0267 0.8892 0.0000
vt 0.0289 0.8868 0.0000
vt 0.0267 0.8868 0.0000
vt 0.0289 0.8843 0.0000
vt 0.0267 0.8843 0.0000
vt 0.0289 0.8819 0.0000
vt 0.0267 0.8819 0.0000
vt 0.2147 0.9435 0.0000
vt 0.2160 0.9435 0.0000
vt 0.2160 0.9413 0.0000
vt 0.2147 0.9413 0.0000
vt 0.2166 0.9435 0.0000
vt 0.2166 0.9413 0.0000
vt 0.2160 0.9391 0.0000
vt 0.2147 0.9391 0.0000
vt 0.2166 0.9391 0.0000
vt 0.2160 0.9369 0.0000
vt 0.2147 0.9369 0.0000
vt 0.2166 0.9369 0.0000
vt 0.2160 0.9347 0.0000
vt 0.2147 0.9347 0.0000
vt 0.2166 0.9347 0.0000
vt 0.2160 0.9325 0.0000
vt 0.2147 0.9325 0.0000
vt 0.2166 0.9325 0.0000
vt 0.2160 0.9303 0.0000
vt 0.2147 0.9303 0.0000
vt 0.2166 0.9303 0.0000
vt 0.2160 0.9281 0.0000
vt 0.2147 0.9281 0.0000
vt 0.2166 0.9281 0.0000
vt 0.2160 0.9258 0.0000
vt 0.2147 0.9258 0.0000
vt 0.2166 0.9258 0.0000
vt 0.0720 0.9268 0.0000
vt 0.0704 0.9268 0.0000
vt 0.0704 0.9291 0.0000
vt 0.0720 0.9291 0.0000
vt 0.0693 0.9268 0.0000
vt 0.0693 0.9291 0.0000
vt 0.0704 0.9245 0.0000
vt 0.0693 0.9245 0.0000
vt 0.0720 0.9245 0.0000
vt 0.0704 0.9223 0.0000
vt 0.0693 0.9223 0.0000
vt 0.0720 0.9223 0.0000
vt 0.0704 0.9200 0.0000
vt 0.0693 0.9200 0.0000
vt 0.0720 0.9200 0.0000
vt 0.0704 0.9177 0.0000
vt 0.0693 0.9177 0.0000
vt 0.0720 0.9177 0.0000
vt 0.0704 0.9155 0.0000
vt 0.0693 0.9155 0.0000
vt 0.0720 0.9155 0.0000
vt 0.0704 0.9132 0.0000
vt 0.0693 0.9132 0.0000
vt 0.0720 0.9132 0.0000
vt 0.0704 0.9110 0.0000
vt 0.0693 0.9110 0.0000
vt 0.0720 0.9110 0.0000
vt 0.2082 0.9451 0.0000
vt 0.2098 0.9451 0.0000
vt 0.2098 0.9430 0.0000
vt 0.2082 0.9430 0.0000
vt 0.2540 0.7614 0.0000
vt 0.2518 0.7614 0.0000
vt 0.2518 0.7651 0.0000
vt 0.2540 0.7651 0.0000
vt 0.2498 0.7651 0.0000
vt 0.2498 0.7614 0.0000
vt 0.2498 0.7687 0.0000
vt 0.2518 0.7687 0.0000
vt 0.2540 0.7687 0.0000
vt 0.2498 0.7723 0.0000
vt 0.2518 0.7723 0.0000
vt 0.2540 0.7723 0.0000
vt 0.2082 0.9408 0.0000
vt 0.2098 0.9408 0.0000
vt 0.2098 0.9387 0.0000
vt 0.2082 0.9387 0.0000
vt 0.2518 0.7759 0.0000
vt 0.2540 0.7759 0.0000
vt 0.2098 0.9365 0.0000
vt 0.2082 0.9365 0.0000
vt 0.2518 0.7796 0.0000
vt 0.2540 0.7796 0.0000
vt 0.2098 0.9344 0.0000
vt 0.2082 0.9344 0.0000
vt 0.2498 0.7796 0.0000
vt 0.2498 0.7759 0.0000
vt 0.2498 0.7832 0.0000
vt 0.2518 0.7832 0.0000
vt 0.2540 0.7832 0.0000
vt 0.2498 0.7868 0.0000
vt 0.2518 0.7868 0.0000
vt 0.2540 0.7868 0.0000
vt 0.2082 0.9323 0.0000
vt 0.2098 0.9323 0.0000
vt 0.2098 0.9301 0.0000
vt 0.2082 0.9301 0.0000
vt 0.2518 0.7904 0.0000
vt 0.2540 0.7904 0.0000
vt 0.2098 0.9280 0.0000
vt 0.2082 0.9280 0.0000
vt 0.2498 0.7904 0.0000
vt 0.2477 0.7904 0.0000
vt 0.2477 0.7868 0.0000
vt 0.2477 0.7832 0.0000
vt 0.2362 0.7832 0.0000
vt 0.2362 0.7868 0.0000
vt 0.2362 0.7904 0.0000
vt 0.3544 0.8834 0.0000
vt 0.3558 0.8834 0.0000
vt 0.3558 0.8812 0.0000
vt 0.3544 0.8812 0.0000
vt 0.3544 0.8857 0.0000
vt 0.3558 0.8857 0.0000
vt 0.3566 0.8857 0.0000
vt 0.3566 0.8834 0.0000
vt 0.3566 0.8812 0.0000
vt 0.3572 0.8834 0.0000
vt 0.3572 0.8812 0.0000
vt 0.3582 0.8834 0.0000
vt 0.3582 0.8812 0.0000
vt 0.3594 0.8834 0.0000
vt 0.3594 0.8812 0.0000
vt 0.1488 0.6113 0.0000
vt 0.1508 0.6113 0.0000
vt 0.1508 0.7260 0.0000
vt 0.1488 0.7260 0.0000
vt 0.2749 0.8530 0.0000
vt 0.2749 0.8507 0.0000
vt 0.2761 0.8507 0.0000
vt 0.2761 0.8530 0.0000
vt 0.2739 0.8530 0.0000
vt 0.2739 0.8507 0.0000
vt 0.2733 0.8530 0.0000
vt 0.2733 0.8507 0.0000
vt 0.2725 0.8530 0.0000
vt 0.2725 0.8507 0.0000
vt 0.2725 0.8552 0.0000
vt 0.2733 0.8552 0.0000
vt 0.2739 0.8552 0.0000
vt 0.2725 0.8574 0.0000
vt 0.2733 0.8574 0.0000
vt 0.2739 0.8574 0.0000
vt 0.2749 0.8552 0.0000
vt 0.2749 0.8574 0.0000
vt 0.2761 0.8552 0.0000
vt 0.2761 0.8574 0.0000
vt 0.1468 0.6113 0.0000
vt 0.1468 0.7260 0.0000
vt 0.1448 0.6113 0.0000
vt 0.1448 0.7259 0.0000
vt 0.3582 0.8857 0.0000
vt 0.3594 0.8857 0.0000
vt 0.3582 0.8879 0.0000
vt 0.3594 0.8879 0.0000
vt 0.3572 0.8857 0.0000
vt 0.3572 0.8879 0.0000
vt 0.3566 0.8879 0.0000
vt 0.3558 0.8879 0.0000
vt 0.3558 0.8901 0.0000
vt 0.3566 0.8901 0.0000
vt 0.3572 0.8901 0.0000
vt 0.3558 0.8924 0.0000
vt 0.3566 0.8924 0.0000
vt 0.3572 0.8924 0.0000
vt 0.3582 0.8924 0.0000
vt 0.3582 0.8901 0.0000
vt 0.3594 0.8924 0.0000
vt 0.3594 0.8901 0.0000
vt 0.1408 0.6112 0.0000
vt 0.1428 0.6113 0.0000
vt 0.1428 0.7259 0.0000
vt 0.1408 0.7259 0.0000
vt 0.2749 0.8619 0.0000
vt 0.2749 0.8597 0.0000
vt 0.2761 0.8597 0.0000
vt 0.2761 0.8619 0.0000
vt 0.2739 0.8619 0.0000
vt 0.2739 0.8597 0.0000
vt 0.2733 0.8619 0.0000
vt 0.2733 0.8597 0.0000
vt 0.2725 0.8597 0.0000
vt 0.2725 0.8619 0.0000
vt 0.2725 0.8641 0.0000
vt 0.2733 0.8641 0.0000
vt 0.2739 0.8641 0.0000
vt 0.2725 0.8663 0.0000
vt 0.2733 0.8663 0.0000
vt 0.2739 0.8663 0.0000
vt 0.2749 0.8641 0.0000
vt 0.2749 0.8663 0.0000
vt 0.2761 0.8641 0.0000
vt 0.2761 0.8663 0.0000
vt 0.1368 0.6112 0.0000
vt 0.1388 0.6112 0.0000
vt 0.1388 0.7259 0.0000
vt 0.1368 0.7259 0.0000
vt 0.3582 0.8968 0.0000
vt 0.3594 0.8968 0.0000
vt 0.3594 0.8946 0.0000
vt 0.3582 0.8946 0.0000
vt 0.3572 0.8968 0.0000
vt 0.3572 0.8946 0.0000
vt 0.3566 0.8968 0.0000
vt 0.3566 0.8946 0.0000
vt 0.3558 0.8946 0.0000
vt 0.3558 0.8968 0.0000
vt 0.3558 0.8990 0.0000
vt 0.3566 0.8990 0.0000
vt 0.3572 0.8990 0.0000
vt 0.3582 0.8990 0.0000
vt 0.3594 0.8990 0.0000
vt 0.1348 0.6112 0.0000
vt 0.1348 0.7259 0.0000
vt 0.2749 0.8686 0.0000
vt 0.2761 0.8686 0.0000
vt 0.2739 0.8686 0.0000
vt 0.2733 0.8686 0.0000
vt 0.2725 0.8686 0.0000
vt 0.2711 0.8686 0.0000
vt 0.2711 0.8663 0.0000
vt 0.1422 0.7288 0.0000
vt 0.1422 0.7325 0.0000
vt 0.1307 0.7325 0.0000
vt 0.1307 0.7288 0.0000
vt 0.1443 0.7288 0.0000
vt 0.1443 0.7325 0.0000
vt 0.1422 0.7361 0.0000
vt 0.1443 0.7361 0.0000
vt 0.1307 0.7361 0.0000
vt 0.1464 0.7325 0.0000
vt 0.1464 0.7361 0.0000
vt 0.1464 0.7288 0.0000
vt 0.1485 0.7325 0.0000
vt 0.1485 0.7361 0.0000
vt 0.1485 0.7288 0.0000
vt 0.2019 0.9437 0.0000
vt 0.2019 0.9415 0.0000
vt 0.2035 0.9415 0.0000
vt 0.2035 0.9437 0.0000
vt 0.2019 0.9458 0.0000
vt 0.2035 0.9458 0.0000
vt 0.0759 0.9132 0.0000
vt 0.0759 0.9155 0.0000
vt 0.0748 0.9155 0.0000
vt 0.0748 0.9132 0.0000
vt 0.0759 0.9110 0.0000
vt 0.0748 0.9110 0.0000
vt 0.0775 0.9110 0.0000
vt 0.0775 0.9132 0.0000
vt 0.0775 0.9155 0.0000
vt 0.1809 0.9421 0.0000
vt 0.1809 0.9399 0.0000
vt 0.1815 0.9399 0.0000
vt 0.1815 0.9421 0.0000
vt 0.1809 0.9377 0.0000
vt 0.1815 0.9377 0.0000
vt 0.1797 0.9421 0.0000
vt 0.1797 0.9399 0.0000
vt 0.3394 0.9148 0.0000
vt 0.3372 0.9148 0.0000
vt 0.3372 0.9124 0.0000
vt 0.3394 0.9124 0.0000
vt 0.3394 0.9172 0.0000
vt 0.3372 0.9172 0.0000
vt 0.3394 0.9197 0.0000
vt 0.3372 0.9197 0.0000
vt 0.1797 0.9377 0.0000
vt 0.1797 0.9355 0.0000
vt 0.1809 0.9355 0.0000
vt 0.1815 0.9355 0.0000
vt 0.1797 0.9333 0.0000
vt 0.1809 0.9333 0.0000
vt 0.1815 0.9333 0.0000
vt 0.1797 0.9311 0.0000
vt 0.1809 0.9311 0.0000
vt 0.1815 0.9311 0.0000
vt 0.1797 0.9288 0.0000
vt 0.1809 0.9288 0.0000
vt 0.1815 0.9288 0.0000
vt 0.1797 0.9266 0.0000
vt 0.1809 0.9266 0.0000
vt 0.1815 0.9266 0.0000
vt 0.1797 0.9244 0.0000
vt 0.1809 0.9244 0.0000
vt 0.1815 0.9244 0.0000
vt 0.0775 0.9268 0.0000
vt 0.0775 0.9291 0.0000
vt 0.0759 0.9291 0.0000
vt 0.0759 0.9268 0.0000
vt 0.0748 0.9291 0.0000
vt 0.0748 0.9268 0.0000
vt 0.0759 0.9245 0.0000
vt 0.0748 0.9245 0.0000
vt 0.0775 0.9245 0.0000
vt 0.0759 0.9223 0.0000
vt 0.0748 0.9223 0.0000
vt 0.0775 0.9223 0.0000
vt 0.0759 0.9200 0.0000
vt 0.0748 0.9200 0.0000
vt 0.0775 0.9200 0.0000
vt 0.0759 0.9177 0.0000
vt 0.0748 0.9177 0.0000
vt 0.0775 0.9177 0.0000
vt 0.2019 0.9394 0.0000
vt 0.2019 0.9372 0.0000
vt 0.2035 0.9372 0.0000
vt 0.2035 0.9394 0.0000
vt 0.1485 0.7397 0.0000
vt 0.1485 0.7433 0.0000
vt 0.1464 0.7433 0.0000
vt 0.1464 0.7397 0.0000
vt 0.1443 0.7433 0.0000
vt 0.1443 0.7397 0.0000
vt 0.1443 0.7470 0.0000
vt 0.1464 0.7470 0.0000
vt 0.1485 0.7470 0.0000
vt 0.1443 0.7506 0.0000
vt 0.1464 0.7506 0.0000
vt 0.1485 0.7506 0.0000
vt 0.2019 0.9351 0.0000
vt 0.2019 0.9330 0.0000
vt 0.2035 0.9330 0.0000
vt 0.2035 0.9351 0.0000
vt 0.1485 0.7542 0.0000
vt 0.1464 0.7542 0.0000
vt 0.2019 0.9308 0.0000
vt 0.2035 0.9308 0.0000
vt 0.1485 0.7578 0.0000
vt 0.1464 0.7578 0.0000
vt 0.2019 0.9287 0.0000
vt 0.2035 0.9287 0.0000
vt 0.1443 0.7578 0.0000
vt 0.1443 0.7542 0.0000
vt 0.1422 0.7578 0.0000
vt 0.1422 0.7542 0.0000
vt 0.1307 0.7578 0.0000
vt 0.1307 0.7542 0.0000
vt 0.2711 0.8530 0.0000
vt 0.2711 0.8507 0.0000
vt 0.2711 0.8552 0.0000
vt 0.1422 0.7506 0.0000
vt 0.1307 0.7506 0.0000
vt 0.2711 0.8574 0.0000
vt 0.1422 0.7470 0.0000
vt 0.1307 0.7470 0.0000
vt 0.1422 0.7433 0.0000
vt 0.1307 0.7433 0.0000
vt 0.1422 0.7397 0.0000
vt 0.1307 0.7397 0.0000
vt 0.2711 0.8597 0.0000
vt 0.2711 0.8619 0.0000
vt 0.2711 0.8641 0.0000
vt 0.3394 0.9318 0.0000
vt 0.3372 0.9318 0.0000
vt 0.3372 0.9294 0.0000
vt 0.3394 0.9294 0.0000
vt 0.3372 0.9270 0.0000
vt 0.3394 0.9270 0.0000
vt 0.3372 0.9245 0.0000
vt 0.3394 0.9245 0.0000
vt 0.3372 0.9221 0.0000
vt 0.3394 0.9221 0.0000
vt 0.3544 0.8990 0.0000
vt 0.3544 0.8968 0.0000
vt 0.2477 0.7614 0.0000
vt 0.2362 0.7614 0.0000
vt 0.2362 0.7651 0.0000
vt 0.2477 0.7651 0.0000
vt 0.2477 0.7687 0.0000
vt 0.2362 0.7687 0.0000
vt 0.2477 0.7723 0.0000
vt 0.2362 0.7723 0.0000
vt 0.3544 0.8946 0.0000
vt 0.3544 0.8924 0.0000
vt 0.3544 0.8901 0.0000
vt 0.2362 0.7759 0.0000
vt 0.2477 0.7759 0.0000
vt 0.2362 0.7796 0.0000
vt 0.2477 0.7796 0.0000
vt 0.3544 0.8879 0.0000
vt 0.4108 0.6785 0.0000
vt 0.4108 0.8531 0.0000
vt 0.3958 0.8531 0.0000
vt 0.3958 0.6785 0.0000
vt 0.1184 0.6752 0.0000
vt 0.1087 0.6631 0.0000
vt 0.1112 0.6631 0.0000
vt 0.1184 0.5007 0.0000
vt 0.1112 0.5128 0.0000
vt 0.1061 0.6637 0.0000
vt 0.1046 0.6648 0.0000
vt 0.1033 0.6661 0.0000
vt 0.1012 0.6676 0.0000
vt 0.0985 0.6683 0.0000
vt 0.0562 0.6752 0.0000
vt 0.0761 0.6683 0.0000
vt 0.1087 0.5128 0.0000
vt 0.1061 0.5122 0.0000
vt 0.1046 0.5111 0.0000
vt 0.1033 0.5097 0.0000
vt 0.1012 0.5083 0.0000
vt 0.0985 0.5076 0.0000
vt 0.0761 0.5076 0.0000
vt 0.0562 0.5007 0.0000
vt 0.4096 0.6752 0.0000
vt 0.3946 0.6752 0.0000
vt 0.3946 0.5007 0.0000
vt 0.4096 0.5007 0.0000
vt 0.0634 0.5128 0.0000
vt 0.0634 0.6631 0.0000
vt 0.0659 0.5128 0.0000
vt 0.0685 0.5122 0.0000
vt 0.0701 0.5111 0.0000
vt 0.0713 0.5097 0.0000
vt 0.0734 0.5083 0.0000
vt 0.1627 0.9387 0.0000
vt 0.1627 0.9407 0.0000
vt 0.1624 0.9407 0.0000
vt 0.1624 0.9387 0.0000
vt 0.1624 0.9155 0.0000
vt 0.1627 0.9155 0.0000
vt 0.1632 0.9387 0.0000
vt 0.1632 0.9407 0.0000
vt 0.1632 0.9155 0.0000
vt 0.1627 0.9134 0.0000
vt 0.1632 0.9134 0.0000
vt 0.1624 0.9134 0.0000
vt 0.1627 0.9116 0.0000
vt 0.1632 0.9116 0.0000
vt 0.1624 0.9116 0.0000
vt 0.1627 0.9101 0.0000
vt 0.1632 0.9101 0.0000
vt 0.1624 0.9101 0.0000
vt 0.1627 0.9085 0.0000
vt 0.1632 0.9085 0.0000
vt 0.1624 0.9085 0.0000
vt 0.1627 0.9062 0.0000
vt 0.1632 0.9062 0.0000
vt 0.1624 0.9062 0.0000
vt 0.1627 0.9046 0.0000
vt 0.1632 0.9046 0.0000
vt 0.1624 0.9046 0.0000
vt 0.4671 0.8142 0.0000
vt 0.4676 0.8138 0.0000
vt 0.4676 0.9638 0.0000
vt 0.4671 0.9633 0.0000
vt 0.4680 0.8137 0.0000
vt 0.4680 0.9639 0.0000
vt 0.2357 0.9458 0.0000
vt 0.2357 0.9475 0.0000
vt 0.2352 0.9475 0.0000
vt 0.2352 0.9458 0.0000
vt 0.2348 0.9475 0.0000
vt 0.2348 0.9458 0.0000
vt 0.2357 0.9436 0.0000
vt 0.2352 0.9436 0.0000
vt 0.2348 0.9436 0.0000
vt 0.2357 0.9419 0.0000
vt 0.2352 0.9419 0.0000
vt 0.2348 0.9419 0.0000
vt 0.2357 0.9405 0.0000
vt 0.2352 0.9405 0.0000
vt 0.2348 0.9405 0.0000
vt 0.2357 0.9386 0.0000
vt 0.2352 0.9386 0.0000
vt 0.2348 0.9386 0.0000
vt 0.2357 0.9366 0.0000
vt 0.2352 0.9366 0.0000
vt 0.2348 0.9366 0.0000
vt 0.2352 0.9134 0.0000
vt 0.2357 0.9134 0.0000
vt 0.2348 0.9134 0.0000
vt 0.2352 0.9113 0.0000
vt 0.2357 0.9113 0.0000
vt 0.2348 0.9113 0.0000
vt 0.0734 0.6676 0.0000
vt 0.2348 0.9095 0.0000
vt 0.2352 0.9095 0.0000
vt 0.0713 0.6661 0.0000
vt 0.2348 0.9080 0.0000
vt 0.2352 0.9080 0.0000
vt 0.0701 0.6648 0.0000
vt 0.2348 0.9064 0.0000
vt 0.2352 0.9064 0.0000
vt 0.0685 0.6637 0.0000
vt 0.2348 0.9041 0.0000
vt 0.2352 0.9041 0.0000
vt 0.0659 0.6631 0.0000
vt 0.2348 0.9025 0.0000
vt 0.2352 0.9025 0.0000
vt 0.4676 0.8093 0.0000
vt 0.4676 0.6594 0.0000
vt 0.4679 0.6593 0.0000
vt 0.4679 0.8094 0.0000
vt 0.4671 0.8089 0.0000
vt 0.4671 0.6598 0.0000
vt 0.2357 0.9041 0.0000
vt 0.2357 0.9025 0.0000
vt 0.1632 0.9480 0.0000
vt 0.1632 0.9496 0.0000
vt 0.1627 0.9496 0.0000
vt 0.1627 0.9480 0.0000
vt 0.1624 0.9496 0.0000
vt 0.1624 0.9480 0.0000
vt 0.1632 0.9457 0.0000
vt 0.1627 0.9457 0.0000
vt 0.1624 0.9457 0.0000
vt 0.1632 0.9441 0.0000
vt 0.1627 0.9441 0.0000
vt 0.1624 0.9441 0.0000
vt 0.1632 0.9426 0.0000
vt 0.1627 0.9426 0.0000
vt 0.1624 0.9426 0.0000
vt 0.1638 0.9426 0.0000
vt 0.1638 0.9441 0.0000
vt 0.1638 0.9407 0.0000
vt 0.1638 0.9387 0.0000
vt 0.1642 0.9407 0.0000
vt 0.1642 0.9426 0.0000
vt 0.1642 0.9387 0.0000
vt 0.1638 0.9155 0.0000
vt 0.1642 0.9155 0.0000
vt 0.1638 0.9134 0.0000
vt 0.1642 0.9134 0.0000
vt 0.1638 0.9116 0.0000
vt 0.1642 0.9116 0.0000
vt 0.1638 0.9101 0.0000
vt 0.1642 0.9101 0.0000
vt 0.1638 0.9085 0.0000
vt 0.1642 0.9085 0.0000
vt 0.1638 0.9062 0.0000
vt 0.1642 0.9062 0.0000
vt 0.1638 0.9046 0.0000
vt 0.1642 0.9046 0.0000
vt 0.4662 0.8145 0.0000
vt 0.4666 0.8142 0.0000
vt 0.4666 0.9633 0.0000
vt 0.4662 0.9631 0.0000
vt 0.2366 0.9458 0.0000
vt 0.2366 0.9475 0.0000
vt 0.2363 0.9475 0.0000
vt 0.2363 0.9458 0.0000
vt 0.2366 0.9436 0.0000
vt 0.2363 0.9436 0.0000
vt 0.2366 0.9419 0.0000
vt 0.2363 0.9419 0.0000
vt 0.2366 0.9405 0.0000
vt 0.2363 0.9405 0.0000
vt 0.2366 0.9386 0.0000
vt 0.2363 0.9386 0.0000
vt 0.2366 0.9366 0.0000
vt 0.2363 0.9366 0.0000
vt 0.2363 0.9134 0.0000
vt 0.2366 0.9134 0.0000
vt 0.2363 0.9113 0.0000
vt 0.2366 0.9113 0.0000
vt 0.2363 0.9095 0.0000
vt 0.2366 0.9095 0.0000
vt 0.2357 0.9095 0.0000
vt 0.2363 0.9080 0.0000
vt 0.2366 0.9080 0.0000
vt 0.2357 0.9080 0.0000
vt 0.2363 0.9064 0.0000
vt 0.2366 0.9064 0.0000
vt 0.2357 0.9064 0.0000
vt 0.2363 0.9041 0.0000
vt 0.2366 0.9041 0.0000
vt 0.2363 0.9025 0.0000
vt 0.2366 0.9025 0.0000
vt 0.4662 0.8087 0.0000
vt 0.4662 0.6600 0.0000
vt 0.4665 0.6598 0.0000
vt 0.4665 0.8089 0.0000
vt 0.1642 0.9480 0.0000
vt 0.1642 0.9496 0.0000
vt 0.1638 0.9496 0.0000
vt 0.1638 0.9480 0.0000
vt 0.1642 0.9457 0.0000
vt 0.1638 0.9457 0.0000
vt 0.1642 0.9441 0.0000
vt 0.1648 0.9426 0.0000
vt 0.1648 0.9441 0.0000
vt 0.1648 0.9457 0.0000
vt 0.0958 0.6830 0.0000
vt 0.0607 0.6830 0.0000
vt 0.0624 0.6818 0.0000
vt 0.0941 0.6818 0.0000
vt 0.0636 0.6804 0.0000
vt 0.0929 0.6804 0.0000
vt 0.1648 0.9085 0.0000
vt 0.1648 0.9101 0.0000
vt 0.1648 0.9116 0.0000
vt 0.0654 0.6792 0.0000
vt 0.0911 0.6792 0.0000
vt 0.1648 0.9134 0.0000
vt 0.1648 0.9155 0.0000
vt 0.0676 0.6785 0.0000
vt 0.0889 0.6785 0.0000
vt 0.1648 0.9407 0.0000
vt 0.1648 0.9387 0.0000
vt 0.1648 0.9062 0.0000
vt 0.0986 0.6837 0.0000
vt 0.0986 0.8304 0.0000
vt 0.0958 0.8311 0.0000
vt 0.0607 0.8311 0.0000
vt 0.2373 0.9436 0.0000
vt 0.2373 0.9458 0.0000
vt 0.0941 0.8324 0.0000
vt 0.0624 0.8324 0.0000
vt 0.2373 0.9419 0.0000
vt 0.0579 0.8304 0.0000
vt 0.0579 0.6837 0.0000
vt 0.2373 0.9041 0.0000
vt 0.2373 0.9064 0.0000
vt 0.2373 0.9080 0.0000
vt 0.2373 0.9095 0.0000
vt 0.0929 0.8337 0.0000
vt 0.0636 0.8337 0.0000
vt 0.2373 0.9113 0.0000
vt 0.0911 0.8349 0.0000
vt 0.0654 0.8349 0.0000
vt 0.2373 0.9405 0.0000
vt 0.2373 0.9386 0.0000
vt 0.0889 0.8356 0.0000
vt 0.0676 0.8356 0.0000
vt 0.2373 0.9366 0.0000
vt 0.2373 0.9134 0.0000
vt 0.0562 0.8304 0.0000
vt 0.0562 0.6837 0.0000
vt 0.2373 0.9025 0.0000
vt 0.1648 0.9496 0.0000
vt 0.1648 0.9480 0.0000
vt 0.4655 0.8087 0.0000
vt 0.4655 0.6600 0.0000
vt 0.1003 0.6837 0.0000
vt 0.1003 0.8304 0.0000
vt 0.2373 0.9475 0.0000
vt 0.4655 0.9631 0.0000
vt 0.4656 0.8145 0.0000
vt 0.1648 0.9046 0.0000
vt 0.1279 0.7613 0.0000
vt 0.1212 0.7730 0.0000
vt 0.1212 0.5985 0.0000
vt 0.1279 0.6102 0.0000
vt 0.1633 0.7730 0.0000
vt 0.1338 0.7667 0.0000
vt 0.1507 0.7667 0.0000
vt 0.1308 0.7618 0.0000
vt 0.1333 0.7641 0.0000
vt 0.1323 0.7627 0.0000
vt 0.1753 0.9528 0.0000
vt 0.1753 0.9552 0.0000
vt 0.1750 0.9552 0.0000
vt 0.1750 0.9528 0.0000
vt 0.1753 0.9509 0.0000
vt 0.1750 0.9509 0.0000
vt 0.1759 0.9528 0.0000
vt 0.1759 0.9552 0.0000
vt 0.1759 0.9509 0.0000
vt 0.2610 0.9180 0.0000
vt 0.2610 0.9338 0.0000
vt 0.2605 0.9342 0.0000
vt 0.2605 0.9176 0.0000
vt 0.2602 0.9344 0.0000
vt 0.2602 0.9174 0.0000
vt 0.4341 0.9471 0.0000
vt 0.4341 0.9494 0.0000
vt 0.4335 0.9494 0.0000
vt 0.4335 0.9471 0.0000
vt 0.4332 0.9494 0.0000
vt 0.4332 0.9471 0.0000
vt 0.1512 0.7641 0.0000
vt 0.4335 0.9513 0.0000
vt 0.4332 0.9513 0.0000
vt 0.1522 0.7627 0.0000
vt 0.4335 0.9533 0.0000
vt 0.4332 0.9533 0.0000
vt 0.1537 0.7618 0.0000
vt 0.4335 0.9558 0.0000
vt 0.4332 0.9558 0.0000
vt 0.1566 0.7613 0.0000
vt 0.4728 0.9619 0.0000
vt 0.4728 0.8112 0.0000
vt 0.4732 0.8111 0.0000
vt 0.4732 0.9621 0.0000
vt 0.1566 0.6102 0.0000
vt 0.1633 0.5985 0.0000
vt 0.2250 0.9475 0.0000
vt 0.2247 0.9475 0.0000
vt 0.2247 0.9450 0.0000
vt 0.2250 0.9450 0.0000
vt 0.1537 0.6097 0.0000
vt 0.1507 0.6047 0.0000
vt 0.1338 0.6047 0.0000
vt 0.4517 0.5007 0.0000
vt 0.4571 0.5007 0.0000
vt 0.4571 0.6752 0.0000
vt 0.4517 0.6752 0.0000
vt 0.1512 0.6074 0.0000
vt 0.1522 0.6088 0.0000
vt 0.2250 0.9514 0.0000
vt 0.2247 0.9514 0.0000
vt 0.2247 0.9495 0.0000
vt 0.2250 0.9495 0.0000
vt 0.2250 0.9538 0.0000
vt 0.2247 0.9538 0.0000
vt 0.2256 0.9514 0.0000
vt 0.2256 0.9495 0.0000
vt 0.2256 0.9538 0.0000
vt 0.2256 0.9475 0.0000
vt 0.2256 0.9450 0.0000
vt 0.2261 0.9475 0.0000
vt 0.2261 0.9450 0.0000
vt 0.2261 0.9495 0.0000
vt 0.4718 0.9615 0.0000
vt 0.4718 0.8116 0.0000
vt 0.4723 0.8116 0.0000
vt 0.4723 0.9615 0.0000
vt 0.4346 0.9533 0.0000
vt 0.4346 0.9558 0.0000
vt 0.4341 0.9558 0.0000
vt 0.4341 0.9533 0.0000
vt 0.4346 0.9513 0.0000
vt 0.4341 0.9513 0.0000
vt 0.4346 0.9494 0.0000
vt 0.4346 0.9471 0.0000
vt 0.4350 0.9494 0.0000
vt 0.4350 0.9513 0.0000
vt 0.4350 0.9471 0.0000
vt 0.2619 0.9183 0.0000
vt 0.2619 0.9335 0.0000
vt 0.2615 0.9338 0.0000
vt 0.2615 0.9180 0.0000
vt 0.1768 0.9528 0.0000
vt 0.1768 0.9552 0.0000
vt 0.1764 0.9552 0.0000
vt 0.1764 0.9528 0.0000
vt 0.1768 0.9509 0.0000
vt 0.1764 0.9509 0.0000
vt 0.1768 0.9489 0.0000
vt 0.1764 0.9489 0.0000
vt 0.1759 0.9489 0.0000
vt 0.1753 0.9489 0.0000
vt 0.1764 0.9464 0.0000
vt 0.1759 0.9464 0.0000
vt 0.1753 0.9464 0.0000
vt 0.1750 0.9489 0.0000
vt 0.1750 0.9464 0.0000
vt 0.4687 0.5015 0.0000
vt 0.4687 0.6522 0.0000
vt 0.4682 0.6518 0.0000
vt 0.4682 0.5019 0.0000
vt 0.4691 0.5014 0.0000
vt 0.4691 0.6524 0.0000
vt 0.2135 0.9551 0.0000
vt 0.2130 0.9551 0.0000
vt 0.2130 0.9526 0.0000
vt 0.2135 0.9526 0.0000
vt 0.2126 0.9551 0.0000
vt 0.2126 0.9526 0.0000
vt 0.1308 0.6097 0.0000
vt 0.2126 0.9506 0.0000
vt 0.2130 0.9506 0.0000
vt 0.1323 0.6088 0.0000
vt 0.2126 0.9487 0.0000
vt 0.2130 0.9487 0.0000
vt 0.1333 0.6074 0.0000
vt 0.2126 0.9464 0.0000
vt 0.2130 0.9464 0.0000
vt 0.2821 0.9169 0.0000
vt 0.2824 0.9167 0.0000
vt 0.2824 0.9336 0.0000
vt 0.2821 0.9335 0.0000
vt 0.2816 0.9173 0.0000
vt 0.2816 0.9331 0.0000
vt 0.2135 0.9487 0.0000
vt 0.2135 0.9464 0.0000
vt 0.2811 0.9173 0.0000
vt 0.2811 0.9330 0.0000
vt 0.2140 0.9487 0.0000
vt 0.2140 0.9464 0.0000
vt 0.2261 0.9538 0.0000
vt 0.2261 0.9514 0.0000
vt 0.2807 0.9176 0.0000
vt 0.2807 0.9328 0.0000
vt 0.2265 0.9538 0.0000
vt 0.2265 0.9514 0.0000
vt 0.2265 0.9495 0.0000
vt 0.2265 0.9475 0.0000
vt 0.2271 0.9495 0.0000
vt 0.2271 0.9514 0.0000
vt 0.2271 0.9475 0.0000
vt 0.0061 0.7110 0.0000
vt 0.0079 0.7099 0.0000
vt 0.0255 0.7099 0.0000
vt 0.0273 0.7110 0.0000
vt 0.0090 0.7082 0.0000
vt 0.0243 0.7082 0.0000
vt 0.2144 0.9526 0.0000
vt 0.2144 0.9506 0.0000
vt 0.2150 0.9506 0.0000
vt 0.2150 0.9526 0.0000
vt 0.2144 0.9487 0.0000
vt 0.2150 0.9487 0.0000
vt 0.2140 0.9526 0.0000
vt 0.2140 0.9506 0.0000
vt 0.2144 0.9464 0.0000
vt 0.2150 0.9464 0.0000
vt 0.2801 0.9328 0.0000
vt 0.2801 0.9176 0.0000
vt 0.0094 0.7062 0.0000
vt 0.0239 0.7062 0.0000
vt 0.2271 0.9538 0.0000
vt 0.2135 0.9506 0.0000
vt 0.2140 0.9551 0.0000
vt 0.2144 0.9551 0.0000
vt 0.4677 0.5019 0.0000
vt 0.4677 0.6518 0.0000
vt 0.4673 0.6516 0.0000
vt 0.4673 0.5022 0.0000
vt 0.1768 0.9464 0.0000
vt 0.1774 0.9464 0.0000
vt 0.1774 0.9489 0.0000
vt 0.4667 0.6516 0.0000
vt 0.4667 0.5022 0.0000
vt 0.0061 0.8596 0.0000
vt 0.0039 0.8592 0.0000
vt 0.0039 0.7114 0.0000
vt 0.2150 0.9551 0.0000
vt 0.0273 0.8596 0.0000
vt 0.0255 0.8607 0.0000
vt 0.0079 0.8607 0.0000
vt 0.1774 0.9509 0.0000
vt 0.4356 0.9558 0.0000
vt 0.4350 0.9558 0.0000
vt 0.4350 0.9533 0.0000
vt 0.4356 0.9533 0.0000
vt 0.0294 0.8592 0.0000
vt 0.0294 0.7114 0.0000
vt 0.4356 0.9513 0.0000
vt 0.4714 0.9612 0.0000
vt 0.4714 0.8119 0.0000
vt 0.4708 0.9612 0.0000
vt 0.4708 0.8119 0.0000
vt 0.2265 0.9450 0.0000
vt 0.2271 0.9450 0.0000
vt 0.4356 0.9494 0.0000
vt 0.0243 0.8624 0.0000
vt 0.0090 0.8624 0.0000
vt 0.0239 0.8644 0.0000
vt 0.0094 0.8644 0.0000
vt 0.4356 0.9471 0.0000
vt 0.1774 0.9528 0.0000
vt 0.1774 0.9552 0.0000
vt 0.2625 0.9183 0.0000
vt 0.2625 0.9335 0.0000
vt 0.4760 0.8310 0.0000
vt 0.4760 0.6566 0.0000
vt 0.4775 0.6566 0.0000
vt 0.4775 0.8310 0.0000
vt 0.2133 0.7613 0.0000
vt 0.2133 0.6102 0.0000
vt 0.2200 0.5985 0.0000
vt 0.2200 0.7730 0.0000
vt 0.1779 0.7730 0.0000
vt 0.1905 0.7667 0.0000
vt 0.2074 0.7667 0.0000
vt 0.2104 0.7618 0.0000
vt 0.2080 0.7641 0.0000
vt 0.2089 0.7627 0.0000
vt 0.1806 0.9494 0.0000
vt 0.1802 0.9494 0.0000
vt 0.1802 0.9471 0.0000
vt 0.1806 0.9471 0.0000
vt 0.1806 0.9513 0.0000
vt 0.1802 0.9513 0.0000
vt 0.1811 0.9494 0.0000
vt 0.1811 0.9471 0.0000
vt 0.1811 0.9513 0.0000
vt 0.3614 0.9338 0.0000
vt 0.3610 0.9342 0.0000
vt 0.3610 0.9176 0.0000
vt 0.3614 0.9180 0.0000
vt 0.3606 0.9344 0.0000
vt 0.3606 0.9174 0.0000
vt 0.4769 0.9545 0.0000
vt 0.4764 0.9545 0.0000
vt 0.4764 0.9521 0.0000
vt 0.4769 0.9521 0.0000
vt 0.4760 0.9545 0.0000
vt 0.4760 0.9521 0.0000
vt 0.1900 0.7641 0.0000
vt 0.4760 0.9502 0.0000
vt 0.4764 0.9502 0.0000
vt 0.1891 0.7627 0.0000
vt 0.4760 0.9482 0.0000
vt 0.4764 0.9482 0.0000
vt 0.1875 0.7618 0.0000
vt 0.4760 0.9457 0.0000
vt 0.4764 0.9457 0.0000
vt 0.1847 0.7613 0.0000
vt 0.4728 0.6553 0.0000
vt 0.4732 0.6552 0.0000
vt 0.4732 0.8062 0.0000
vt 0.4728 0.8060 0.0000
vt 0.1779 0.5985 0.0000
vt 0.1847 0.6102 0.0000
vt 0.4283 0.9533 0.0000
vt 0.4283 0.9558 0.0000
vt 0.4280 0.9558 0.0000
vt 0.4280 0.9533 0.0000
vt 0.1875 0.6097 0.0000
vt 0.2074 0.6047 0.0000
vt 0.1905 0.6047 0.0000
vt 0.1715 0.6020 0.0000
vt 0.1715 0.7765 0.0000
vt 0.1661 0.7765 0.0000
vt 0.1661 0.6020 0.0000
vt 0.1900 0.6074 0.0000
vt 0.1891 0.6088 0.0000
vt 0.4283 0.9494 0.0000
vt 0.4283 0.9513 0.0000
vt 0.4280 0.9513 0.0000
vt 0.4280 0.9494 0.0000
vt 0.4283 0.9471 0.0000
vt 0.4280 0.9471 0.0000
vt 0.4289 0.9494 0.0000
vt 0.4289 0.9513 0.0000
vt 0.4289 0.9471 0.0000
vt 0.4289 0.9533 0.0000
vt 0.4289 0.9558 0.0000
vt 0.4294 0.9533 0.0000
vt 0.4294 0.9558 0.0000
vt 0.4294 0.9513 0.0000
vt 0.4718 0.6557 0.0000
vt 0.4723 0.6557 0.0000
vt 0.4723 0.8056 0.0000
vt 0.4718 0.8056 0.0000
vt 0.4774 0.9482 0.0000
vt 0.4769 0.9482 0.0000
vt 0.4769 0.9457 0.0000
vt 0.4774 0.9457 0.0000
vt 0.4774 0.9502 0.0000
vt 0.4769 0.9502 0.0000
vt 0.4774 0.9521 0.0000
vt 0.4774 0.9545 0.0000
vt 0.4778 0.9521 0.0000
vt 0.4778 0.9502 0.0000
vt 0.4778 0.9545 0.0000
vt 0.3623 0.9335 0.0000
vt 0.3619 0.9338 0.0000
vt 0.3619 0.9180 0.0000
vt 0.3623 0.9183 0.0000
vt 0.1820 0.9494 0.0000
vt 0.1816 0.9494 0.0000
vt 0.1816 0.9471 0.0000
vt 0.1820 0.9471 0.0000
vt 0.1820 0.9513 0.0000
vt 0.1816 0.9513 0.0000
vt 0.1820 0.9533 0.0000
vt 0.1816 0.9533 0.0000
vt 0.1811 0.9533 0.0000
vt 0.1806 0.9533 0.0000
vt 0.1816 0.9558 0.0000
vt 0.1811 0.9558 0.0000
vt 0.1806 0.9558 0.0000
vt 0.1802 0.9558 0.0000
vt 0.1802 0.9533 0.0000
vt 0.4763 0.6522 0.0000
vt 0.4758 0.6518 0.0000
vt 0.4758 0.5019 0.0000
vt 0.4763 0.5015 0.0000
vt 0.4767 0.6524 0.0000
vt 0.4767 0.5014 0.0000
vt 0.2203 0.9443 0.0000
vt 0.2203 0.9468 0.0000
vt 0.2198 0.9468 0.0000
vt 0.2198 0.9443 0.0000
vt 0.2194 0.9468 0.0000
vt 0.2194 0.9443 0.0000
vt 0.2104 0.6097 0.0000
vt 0.2198 0.9488 0.0000
vt 0.2194 0.9488 0.0000
vt 0.2089 0.6088 0.0000
vt 0.2198 0.9507 0.0000
vt 0.2194 0.9507 0.0000
vt 0.2080 0.6074 0.0000
vt 0.2198 0.9531 0.0000
vt 0.2194 0.9531 0.0000
vt 0.3546 0.9176 0.0000
vt 0.3546 0.9342 0.0000
vt 0.3542 0.9343 0.0000
vt 0.3542 0.9174 0.0000
vt 0.3550 0.9180 0.0000
vt 0.3550 0.9337 0.0000
vt 0.2203 0.9507 0.0000
vt 0.2203 0.9531 0.0000
vt 0.3556 0.9180 0.0000
vt 0.3556 0.9337 0.0000
vt 0.2208 0.9507 0.0000
vt 0.2208 0.9531 0.0000
vt 0.4294 0.9471 0.0000
vt 0.4294 0.9494 0.0000
vt 0.3559 0.9183 0.0000
vt 0.3559 0.9334 0.0000
vt 0.4298 0.9471 0.0000
vt 0.4298 0.9494 0.0000
vt 0.4298 0.9513 0.0000
vt 0.4298 0.9533 0.0000
vt 0.4304 0.9513 0.0000
vt 0.4304 0.9494 0.0000
vt 0.4304 0.9533 0.0000
vt 0.3896 0.5899 0.0000
vt 0.3682 0.5899 0.0000
vt 0.3700 0.5888 0.0000
vt 0.3878 0.5888 0.0000
vt 0.3712 0.5870 0.0000
vt 0.3866 0.5870 0.0000
vt 0.2212 0.9468 0.0000
vt 0.2218 0.9468 0.0000
vt 0.2218 0.9488 0.0000
vt 0.2212 0.9488 0.0000
vt 0.2218 0.9507 0.0000
vt 0.2212 0.9507 0.0000
vt 0.2208 0.9488 0.0000
vt 0.2208 0.9468 0.0000
vt 0.2212 0.9531 0.0000
vt 0.2218 0.9531 0.0000
vt 0.3565 0.9183 0.0000
vt 0.3565 0.9334 0.0000
vt 0.3715 0.5850 0.0000
vt 0.3862 0.5850 0.0000
vt 0.4304 0.9471 0.0000
vt 0.2203 0.9488 0.0000
vt 0.2208 0.9443 0.0000
vt 0.2212 0.9443 0.0000
vt 0.4753 0.6518 0.0000
vt 0.4749 0.6516 0.0000
vt 0.4749 0.5022 0.0000
vt 0.4753 0.5019 0.0000
vt 0.1820 0.9558 0.0000
vt 0.1826 0.9533 0.0000
vt 0.1826 0.9558 0.0000
vt 0.4743 0.6516 0.0000
vt 0.4743 0.5022 0.0000
vt 0.3896 0.7383 0.0000
vt 0.3918 0.5902 0.0000
vt 0.3918 0.7380 0.0000
vt 0.2218 0.9443 0.0000
vt 0.3878 0.7394 0.0000
vt 0.3700 0.7394 0.0000
vt 0.3682 0.7383 0.0000
vt 0.1826 0.9513 0.0000
vt 0.4784 0.9457 0.0000
vt 0.4784 0.9482 0.0000
vt 0.4778 0.9482 0.0000
vt 0.4778 0.9457 0.0000
vt 0.3660 0.7380 0.0000
vt 0.3660 0.5902 0.0000
vt 0.4784 0.9502 0.0000
vt 0.4714 0.6560 0.0000
vt 0.4714 0.8053 0.0000
vt 0.4708 0.8053 0.0000
vt 0.4708 0.6560 0.0000
vt 0.4298 0.9558 0.0000
vt 0.4304 0.9558 0.0000
vt 0.4784 0.9521 0.0000
vt 0.3866 0.7412 0.0000
vt 0.3712 0.7412 0.0000
vt 0.3862 0.7432 0.0000
vt 0.3715 0.7432 0.0000
vt 0.4784 0.9545 0.0000
vt 0.1826 0.9494 0.0000
vt 0.1826 0.9471 0.0000
vt 0.3629 0.9183 0.0000
vt 0.3629 0.9335 0.0000
vt 0.4803 0.5007 0.0000
vt 0.4818 0.5007 0.0000
vt 0.4818 0.6752 0.0000
vt 0.4803 0.6752 0.0000
vt 0.0771 0.9950 0.0000
vt 0.0767 0.9950 0.0000
vt 0.0767 0.9322 0.0000
vt 0.0771 0.9322 0.0000
vt 0.2882 0.5007 0.0000
vt 0.2882 0.6335 0.0000
vt 0.2255 0.6335 0.0000
vt 0.2255 0.5007 0.0000
vt 0.4962 0.7161 0.0000
vt 0.4962 0.8492 0.0000
vt 0.4957 0.8492 0.0000
vt 0.4957 0.7161 0.0000
vt 0.2769 0.9928 0.0000
vt 0.2764 0.9928 0.0000
vt 0.2764 0.9301 0.0000
vt 0.2769 0.9301 0.0000
vt 0.4962 0.8521 0.0000
vt 0.4962 0.9852 0.0000
vt 0.4957 0.9852 0.0000
vt 0.4957 0.8521 0.0000
vt 0.0870 0.8387 0.0000
vt 0.0870 0.9078 0.0000
vt 0.0322 0.9078 0.0000
vt 0.0322 0.8387 0.0000
vt 0.2801 0.9365 0.0000
vt 0.2801 0.9913 0.0000
vt 0.2797 0.9913 0.0000
vt 0.2797 0.9365 0.0000
vt 0.1528 0.8947 0.0000
vt 0.1528 0.9638 0.0000
vt 0.1524 0.9638 0.0000
vt 0.1524 0.8947 0.0000
vt 0.0936 0.9913 0.0000
vt 0.0932 0.9913 0.0000
vt 0.0932 0.9365 0.0000
vt 0.0936 0.9365 0.0000
vt 0.3662 0.9166 0.0000
vt 0.3662 0.9857 0.0000
vt 0.3657 0.9857 0.0000
vt 0.3657 0.9166 0.0000
vt 0.1292 0.9687 0.0000
vt 0.1292 0.9750 0.0000
vt 0.1275 0.9750 0.0000
vt 0.1275 0.9687 0.0000
vt 0.3376 0.8728 0.0000
vt 0.3128 0.8669 0.0000
vt 0.3390 0.8669 0.0000
vt 0.1292 0.9801 0.0000
vt 0.1275 0.9801 0.0000
vt 0.3128 0.8082 0.0000
vt 0.3438 0.8669 0.0000
vt 0.3284 0.9637 0.0000
vt 0.3284 0.9025 0.0000
vt 0.3301 0.9025 0.0000
vt 0.3301 0.9637 0.0000
vt 0.2702 0.7614 0.0000
vt 0.2702 0.7938 0.0000
vt 0.2685 0.7938 0.0000
vt 0.2685 0.7614 0.0000
vt 0.3438 0.8082 0.0000
vt 0.2702 0.8261 0.0000
vt 0.2685 0.8261 0.0000
vt 0.4536 0.9025 0.0000
vt 0.4553 0.9025 0.0000
vt 0.4553 0.9637 0.0000
vt 0.4536 0.9637 0.0000
vt 0.2818 0.8669 0.0000
vt 0.2818 0.8082 0.0000
vt 0.1292 0.8969 0.0000
vt 0.1275 0.8968 0.0000
vt 0.1275 0.8918 0.0000
vt 0.1292 0.8918 0.0000
vt 0.2866 0.8669 0.0000
vt 0.1292 0.9031 0.0000
vt 0.1275 0.9031 0.0000
vt 0.2881 0.8728 0.0000
vt 0.1291 0.9086 0.0000
vt 0.1275 0.9086 0.0000
vt 0.1291 0.9139 0.0000
vt 0.1274 0.9139 0.0000
vt 0.2937 0.8814 0.0000
vt 0.2905 0.8774 0.0000
vt 0.1291 0.9194 0.0000
vt 0.1274 0.9194 0.0000
vt 0.2978 0.8847 0.0000
vt 0.1291 0.9249 0.0000
vt 0.1274 0.9249 0.0000
vt 0.3024 0.8872 0.0000
vt 0.1291 0.9304 0.0000
vt 0.1274 0.9304 0.0000
vt 0.1291 0.9359 0.0000
vt 0.1274 0.9359 0.0000
vt 0.3075 0.8885 0.0000
vt 0.3128 0.8889 0.0000
vt 0.1291 0.9415 0.0000
vt 0.1274 0.9415 0.0000
vt 0.3181 0.8885 0.0000
vt 0.1291 0.9470 0.0000
vt 0.1274 0.9470 0.0000
vt 0.3232 0.8872 0.0000
vt 0.1291 0.9525 0.0000
vt 0.1274 0.9525 0.0000
vt 0.1291 0.9579 0.0000
vt 0.1274 0.9580 0.0000
vt 0.3279 0.8847 0.0000
vt 0.3319 0.8814 0.0000
vt 0.1291 0.9633 0.0000
vt 0.1275 0.9633 0.0000
vt 0.3352 0.8774 0.0000
vt 0.3092 0.5733 0.0000
vt 0.3096 0.5730 0.0000
vt 0.3097 0.5732 0.0000
vt 0.3095 0.5734 0.0000
vt 0.3101 0.5730 0.0000
vt 0.3100 0.5732 0.0000
vt 0.3098 0.5736 0.0000
vt 0.3095 0.5737 0.0000
vt 0.3102 0.5734 0.0000
vt 0.3102 0.5737 0.0000
vt 0.3100 0.5739 0.0000
vt 0.3097 0.5739 0.0000
vt 0.3104 0.5738 0.0000
vt 0.3101 0.5742 0.0000
vt 0.3104 0.5733 0.0000
vt 0.2079 0.8644 0.0000
vt 0.2177 0.8644 0.0000
vt 0.2177 0.8649 0.0000
vt 0.2079 0.8649 0.0000
vt 0.2079 0.8640 0.0000
vt 0.2177 0.8640 0.0000
vt 0.0736 0.5120 0.0000
vt 0.0740 0.5124 0.0000
vt 0.0737 0.5125 0.0000
vt 0.0735 0.5123 0.0000
vt 0.0740 0.5129 0.0000
vt 0.0737 0.5128 0.0000
vt 0.0732 0.5123 0.0000
vt 0.0731 0.5120 0.0000
vt 0.2177 0.8635 0.0000
vt 0.2079 0.8635 0.0000
vt 0.0727 0.5124 0.0000
vt 0.0730 0.5125 0.0000
vt 0.2177 0.8667 0.0000
vt 0.2177 0.8672 0.0000
vt 0.2079 0.8672 0.0000
vt 0.2079 0.8667 0.0000
vt 0.3096 0.5742 0.0000
vt 0.3092 0.5738 0.0000
vt 0.2079 0.8663 0.0000
vt 0.2177 0.8663 0.0000
vt 0.2079 0.8658 0.0000
vt 0.2177 0.8658 0.0000
vt 0.0731 0.5132 0.0000
vt 0.0727 0.5129 0.0000
vt 0.0730 0.5128 0.0000
vt 0.0732 0.5130 0.0000
vt 0.0736 0.5132 0.0000
vt 0.0735 0.5130 0.0000
vt 0.2079 0.8653 0.0000
vt 0.2177 0.8653 0.0000
vt 0.0734 0.5126 0.0000
vt 0.3414 0.9606 0.0000
vt 0.3409 0.9606 0.0000
vt 0.3409 0.9556 0.0000
vt 0.3414 0.9556 0.0000
vt 0.3418 0.9556 0.0000
vt 0.3417 0.9606 0.0000
vt 0.3414 0.9635 0.0000
vt 0.3418 0.9635 0.0000
vt 0.3409 0.9635 0.0000
vt 0.1371 0.8750 0.0000
vt 0.1421 0.8749 0.0000
vt 0.1421 0.8773 0.0000
vt 0.1371 0.8773 0.0000
vt 0.1342 0.8773 0.0000
vt 0.1342 0.8750 0.0000
vt 0.1331 0.8779 0.0000
vt 0.1331 0.8744 0.0000
vt 0.3415 0.9647 0.0000
vt 0.3410 0.9647 0.0000
vt 0.1772 0.8489 0.0000
vt 0.1767 0.8489 0.0000
vt 0.1768 0.8480 0.0000
vt 0.1773 0.8479 0.0000
vt 0.1324 0.8773 0.0000
vt 0.1324 0.8750 0.0000
vt 0.4327 0.8620 0.0000
vt 0.4322 0.8619 0.0000
vt 0.4322 0.8610 0.0000
vt 0.4327 0.8610 0.0000
vt 0.0969 0.9540 0.0000
vt 0.0965 0.9540 0.0000
vt 0.0966 0.9528 0.0000
vt 0.0971 0.9528 0.0000
vt 0.0974 0.9528 0.0000
vt 0.0973 0.9540 0.0000
vt 0.4330 0.8610 0.0000
vt 0.4331 0.8620 0.0000
vt 0.4327 0.8597 0.0000
vt 0.4330 0.8597 0.0000
vt 0.4327 0.8592 0.0000
vt 0.4331 0.8593 0.0000
vt 0.4322 0.8597 0.0000
vt 0.4323 0.8593 0.0000
vt 0.1311 0.8753 0.0000
vt 0.1311 0.8770 0.0000
vt 0.1309 0.8773 0.0000
vt 0.1309 0.8750 0.0000
vt 0.1294 0.8763 0.0000
vt 0.1294 0.8760 0.0000
vt 0.0276 0.9049 0.0000
vt 0.0280 0.9051 0.0000
vt 0.0276 0.9069 0.0000
vt 0.0271 0.9069 0.0000
vt 0.0276 0.9073 0.0000
vt 0.0271 0.9073 0.0000
vt 0.0280 0.9090 0.0000
vt 0.0276 0.9092 0.0000
vt 0.0268 0.9073 0.0000
vt 0.0268 0.9068 0.0000
vt 0.0272 0.9092 0.0000
vt 0.1773 0.8507 0.0000
vt 0.1772 0.8502 0.0000
vt 0.1776 0.8502 0.0000
vt 0.1776 0.8506 0.0000
vt 0.1776 0.8489 0.0000
vt 0.1767 0.8502 0.0000
vt 0.1768 0.8506 0.0000
vt 0.1776 0.8479 0.0000
vt 0.3419 0.9647 0.0000
vt 0.0272 0.9049 0.0000
vt 0.0970 0.9569 0.0000
vt 0.0973 0.9569 0.0000
vt 0.0970 0.9620 0.0000
vt 0.0973 0.9620 0.0000
vt 0.2033 0.5361 0.0000
vt 0.2033 0.5311 0.0000
vt 0.2035 0.5311 0.0000
vt 0.2035 0.5361 0.0000
vt 0.1502 0.5808 0.0000
vt 0.1499 0.5812 0.0000
vt 0.1497 0.5812 0.0000
vt 0.1500 0.5808 0.0000
vt 0.0965 0.9569 0.0000
vt 0.2030 0.5361 0.0000
vt 0.2030 0.5311 0.0000
vt 0.1504 0.5810 0.0000
vt 0.1500 0.5813 0.0000
vt 0.3560 0.6703 0.0000
vt 0.3510 0.6703 0.0000
vt 0.3510 0.6702 0.0000
vt 0.3560 0.6702 0.0000
vt 0.3510 0.6701 0.0000
vt 0.3560 0.6700 0.0000
vt 0.3560 0.6705 0.0000
vt 0.3510 0.6705 0.0000
vt 0.1505 0.5814 0.0000
vt 0.1500 0.5815 0.0000
vt 0.3510 0.6709 0.0000
vt 0.3560 0.6709 0.0000
vt 0.1505 0.5818 0.0000
vt 0.1500 0.5819 0.0000
vt 0.2026 0.5361 0.0000
vt 0.2026 0.5311 0.0000
vt 0.2022 0.5311 0.0000
vt 0.2022 0.5361 0.0000
vt 0.2970 0.6749 0.0000
vt 0.2966 0.6746 0.0000
vt 0.2966 0.6744 0.0000
vt 0.2971 0.6745 0.0000
vt 0.2966 0.6740 0.0000
vt 0.2971 0.6741 0.0000
vt 0.2967 0.6735 0.0000
vt 0.2971 0.6737 0.0000
vt 0.2018 0.5311 0.0000
vt 0.2018 0.5361 0.0000
vt 0.2973 0.6729 0.0000
vt 0.2974 0.6734 0.0000
vt 0.2013 0.5361 0.0000
vt 0.2013 0.5311 0.0000
vt 0.1509 0.5825 0.0000
vt 0.1507 0.5830 0.0000
vt 0.1501 0.5824 0.0000
vt 0.1505 0.5822 0.0000
vt 0.3560 0.6715 0.0000
vt 0.3560 0.6723 0.0000
vt 0.3510 0.6723 0.0000
vt 0.3510 0.6715 0.0000
vt 0.1513 0.5825 0.0000
vt 0.1515 0.5830 0.0000
vt 0.3560 0.6732 0.0000
vt 0.3510 0.6732 0.0000
vt 0.2981 0.6729 0.0000
vt 0.2979 0.6734 0.0000
vt 0.3560 0.6739 0.0000
vt 0.3510 0.6739 0.0000
vt 0.2986 0.6735 0.0000
vt 0.2982 0.6737 0.0000
vt 0.2009 0.5361 0.0000
vt 0.2004 0.5361 0.0000
vt 0.2004 0.5311 0.0000
vt 0.2009 0.5311 0.0000
vt 0.1516 0.5822 0.0000
vt 0.1521 0.5824 0.0000
vt 0.1999 0.5361 0.0000
vt 0.1999 0.5311 0.0000
vt 0.1516 0.5817 0.0000
vt 0.1521 0.5815 0.0000
vt 0.1995 0.5361 0.0000
vt 0.1995 0.5311 0.0000
vt 0.1513 0.5814 0.0000
vt 0.1515 0.5810 0.0000
vt 0.4917 0.9585 0.0000
vt 0.4913 0.9585 0.0000
vt 0.4913 0.9535 0.0000
vt 0.4917 0.9535 0.0000
vt 0.3510 0.6748 0.0000
vt 0.3560 0.6748 0.0000
vt 0.3560 0.6756 0.0000
vt 0.3510 0.6756 0.0000
vt 0.2982 0.6742 0.0000
vt 0.2986 0.6744 0.0000
vt 0.2981 0.6749 0.0000
vt 0.2978 0.6745 0.0000
vt 0.2968 0.6751 0.0000
vt 0.2965 0.6747 0.0000
vt 0.2966 0.6751 0.0000
vt 0.2964 0.6747 0.0000
vt 0.1450 0.8749 0.0000
vt 0.1450 0.8773 0.0000
vt 0.0970 0.9649 0.0000
vt 0.0965 0.9649 0.0000
vt 0.0965 0.9620 0.0000
vt 0.1461 0.8744 0.0000
vt 0.1461 0.8779 0.0000
vt 0.0971 0.9662 0.0000
vt 0.0966 0.9661 0.0000
vt 0.0973 0.9649 0.0000
vt 0.0974 0.9661 0.0000
vt 0.2532 0.8177 0.0000
vt 0.2532 0.8167 0.0000
vt 0.2536 0.8168 0.0000
vt 0.2535 0.8177 0.0000
vt 0.2532 0.8190 0.0000
vt 0.2535 0.8190 0.0000
vt 0.2527 0.8191 0.0000
vt 0.2527 0.8177 0.0000
vt 0.2527 0.8168 0.0000
vt 0.2533 0.8195 0.0000
vt 0.2528 0.8195 0.0000
vt 0.2536 0.8194 0.0000
vt 0.2061 0.9505 0.0000
vt 0.2066 0.9505 0.0000
vt 0.2070 0.9522 0.0000
vt 0.2065 0.9524 0.0000
vt 0.2062 0.9525 0.0000
vt 0.2057 0.9505 0.0000
vt 0.2061 0.9501 0.0000
vt 0.2057 0.9501 0.0000
vt 0.2065 0.9482 0.0000
vt 0.2062 0.9481 0.0000
vt 0.2070 0.9484 0.0000
vt 0.2066 0.9501 0.0000
vt 0.1847 0.8370 0.0000
vt 0.1842 0.8370 0.0000
vt 0.1843 0.8366 0.0000
vt 0.1848 0.8366 0.0000
vt 0.1851 0.8366 0.0000
vt 0.1850 0.8370 0.0000
vt 0.1847 0.8384 0.0000
vt 0.1842 0.8383 0.0000
vt 0.1850 0.8384 0.0000
vt 0.1848 0.8393 0.0000
vt 0.1851 0.8393 0.0000
vt 0.3414 0.9526 0.0000
vt 0.3415 0.9514 0.0000
vt 0.3419 0.9514 0.0000
vt 0.3418 0.9526 0.0000
vt 0.1843 0.8392 0.0000
vt 0.3409 0.9526 0.0000
vt 0.3410 0.9514 0.0000
vt 0.1468 0.8750 0.0000
vt 0.1468 0.8773 0.0000
vt 0.1481 0.8753 0.0000
vt 0.1481 0.8770 0.0000
vt 0.1484 0.8750 0.0000
vt 0.1484 0.8773 0.0000
vt 0.1499 0.8760 0.0000
vt 0.1499 0.8763 0.0000
vt 0.2998 0.7862 0.0000
vt 0.3002 0.7860 0.0000
vt 0.3011 0.7885 0.0000
vt 0.3007 0.7887 0.0000
vt 0.2024 0.6077 0.0000
vt 0.2024 0.6081 0.0000
vt 0.2004 0.6081 0.0000
vt 0.2004 0.6077 0.0000
vt 0.3558 0.7736 0.0000
vt 0.3558 0.7716 0.0000
vt 0.3585 0.7716 0.0000
vt 0.3585 0.7736 0.0000
vt 0.1950 0.6081 0.0000
vt 0.1950 0.6077 0.0000
vt 0.3558 0.7662 0.0000
vt 0.3585 0.7662 0.0000
vt 0.3556 0.7736 0.0000
vt 0.3556 0.7716 0.0000
vt 0.3556 0.7662 0.0000
vt 0.3555 0.7736 0.0000
vt 0.3555 0.7716 0.0000
vt 0.3555 0.7662 0.0000
vt 0.0675 0.5823 0.0000
vt 0.0670 0.5824 0.0000
vt 0.0669 0.5822 0.0000
vt 0.0673 0.5820 0.0000
vt 0.0683 0.5877 0.0000
vt 0.0679 0.5877 0.0000
vt 0.3553 0.7736 0.0000
vt 0.3553 0.7716 0.0000
vt 0.0667 0.5820 0.0000
vt 0.0670 0.5817 0.0000
vt 0.3551 0.7716 0.0000
vt 0.3551 0.7736 0.0000
vt 0.0663 0.5814 0.0000
vt 0.0667 0.5813 0.0000
vt 0.3543 0.7736 0.0000
vt 0.3543 0.7716 0.0000
vt 0.0664 0.5806 0.0000
vt 0.0668 0.5808 0.0000
vt 0.3535 0.7736 0.0000
vt 0.3535 0.7716 0.0000
vt 0.0670 0.5801 0.0000
vt 0.0671 0.5805 0.0000
vt 0.3526 0.7736 0.0000
vt 0.3526 0.7716 0.0000
vt 0.3518 0.7736 0.0000
vt 0.3518 0.7716 0.0000
vt 0.0678 0.5802 0.0000
vt 0.0676 0.5806 0.0000
vt 0.1418 0.5643 0.0000
vt 0.1414 0.5643 0.0000
vt 0.1414 0.5623 0.0000
vt 0.1418 0.5623 0.0000
vt 0.1409 0.5643 0.0000
vt 0.1409 0.5623 0.0000
vt 0.1404 0.5643 0.0000
vt 0.1404 0.5623 0.0000
vt 0.0683 0.5808 0.0000
vt 0.0679 0.5810 0.0000
vt 0.1400 0.5643 0.0000
vt 0.1400 0.5623 0.0000
vt 0.0683 0.5816 0.0000
vt 0.0678 0.5814 0.0000
vt 0.3502 0.7736 0.0000
vt 0.3502 0.7716 0.0000
vt 0.3510 0.7716 0.0000
vt 0.3510 0.7736 0.0000
vt 0.0039 0.7062 0.0000
vt 0.0044 0.7062 0.0000
vt 0.0044 0.7081 0.0000
vt 0.0039 0.7081 0.0000
vt 0.2995 0.7846 0.0000
vt 0.2991 0.7847 0.0000
vt 0.2991 0.7840 0.0000
vt 0.2995 0.7842 0.0000
vt 0.2997 0.7834 0.0000
vt 0.2999 0.7839 0.0000
vt 0.3005 0.7834 0.0000
vt 0.3003 0.7839 0.0000
vt 0.3011 0.7840 0.0000
vt 0.3007 0.7842 0.0000
vt 0.1423 0.5643 0.0000
vt 0.1423 0.5623 0.0000
vt 0.3011 0.7849 0.0000
vt 0.3007 0.7847 0.0000
vt 0.3005 0.7854 0.0000
vt 0.3003 0.7850 0.0000
vt 0.1428 0.5643 0.0000
vt 0.1428 0.5623 0.0000
vt 0.1432 0.5623 0.0000
vt 0.1432 0.5643 0.0000
vt 0.3003 0.7856 0.0000
vt 0.3000 0.7852 0.0000
vt 0.1436 0.5623 0.0000
vt 0.1436 0.5643 0.0000
vt 0.3002 0.7857 0.0000
vt 0.2997 0.7856 0.0000
vt 0.3002 0.7858 0.0000
vt 0.2997 0.7858 0.0000
vt 0.1439 0.5623 0.0000
vt 0.1439 0.5643 0.0000
vt 0.1436 0.5697 0.0000
vt 0.1439 0.5697 0.0000
vt 0.1436 0.5716 0.0000
vt 0.1439 0.5716 0.0000
vt 0.1432 0.5697 0.0000
vt 0.1432 0.5716 0.0000
vt 0.0973 0.6800 0.0000
vt 0.0973 0.6805 0.0000
vt 0.0971 0.6805 0.0000
vt 0.0969 0.6801 0.0000
vt 0.1428 0.5697 0.0000
vt 0.1428 0.5716 0.0000
vt 0.0977 0.6801 0.0000
vt 0.0976 0.6805 0.0000
vt 0.3551 0.7643 0.0000
vt 0.3553 0.7643 0.0000
vt 0.3553 0.7662 0.0000
vt 0.3551 0.7662 0.0000
vt 0.3555 0.7643 0.0000
vt 0.0981 0.6801 0.0000
vt 0.0983 0.6805 0.0000
vt 0.3543 0.7662 0.0000
vt 0.3543 0.7643 0.0000
vt 0.0985 0.6798 0.0000
vt 0.0989 0.6799 0.0000
vt 0.3535 0.7662 0.0000
vt 0.3535 0.7643 0.0000
vt 0.3526 0.7662 0.0000
vt 0.3526 0.7643 0.0000
vt 0.0985 0.6793 0.0000
vt 0.0989 0.6791 0.0000
vt 0.1423 0.5716 0.0000
vt 0.1418 0.5716 0.0000
vt 0.1418 0.5697 0.0000
vt 0.1423 0.5697 0.0000
vt 0.1414 0.5716 0.0000
vt 0.1414 0.5697 0.0000
vt 0.1409 0.5716 0.0000
vt 0.1409 0.5697 0.0000
vt 0.0981 0.6790 0.0000
vt 0.0983 0.6786 0.0000
vt 0.1404 0.5716 0.0000
vt 0.1404 0.5697 0.0000
vt 0.0975 0.6786 0.0000
vt 0.0977 0.6790 0.0000
vt 0.3510 0.7662 0.0000
vt 0.3510 0.7643 0.0000
vt 0.3518 0.7643 0.0000
vt 0.3518 0.7662 0.0000
vt 0.3503 0.7663 0.0000
vt 0.3502 0.7643 0.0000
vt 0.0970 0.6791 0.0000
vt 0.0974 0.6793 0.0000
vt 0.3090 0.7102 0.0000
vt 0.3090 0.7097 0.0000
vt 0.3109 0.7098 0.0000
vt 0.3109 0.7102 0.0000
vt 0.1036 0.7968 0.0000
vt 0.1032 0.7970 0.0000
vt 0.1032 0.7962 0.0000
vt 0.1036 0.7963 0.0000
vt 0.1400 0.5716 0.0000
vt 0.1400 0.5697 0.0000
vt 0.1040 0.7971 0.0000
vt 0.1038 0.7975 0.0000
vt 0.1044 0.7971 0.0000
vt 0.1046 0.7975 0.0000
vt 0.1047 0.7968 0.0000
vt 0.1052 0.7969 0.0000
vt 0.1047 0.7963 0.0000
vt 0.1052 0.7961 0.0000
vt 0.1044 0.7960 0.0000
vt 0.1046 0.7956 0.0000
vt 0.1040 0.7957 0.0000
vt 0.1044 0.7954 0.0000
vt 0.1038 0.7954 0.0000
vt 0.1043 0.7952 0.0000
vt 0.3556 0.7643 0.0000
vt 0.1038 0.7951 0.0000
vt 0.1043 0.7951 0.0000
vt 0.3558 0.7643 0.0000
vt 0.1039 0.7948 0.0000
vt 0.1043 0.7949 0.0000
vt 0.3585 0.7643 0.0000
vt 0.1048 0.7923 0.0000
vt 0.1052 0.7925 0.0000
vt 0.1931 0.6081 0.0000
vt 0.1931 0.6077 0.0000
vt 0.1854 0.9498 0.0000
vt 0.1860 0.9498 0.0000
vt 0.1860 0.9561 0.0000
vt 0.1854 0.9561 0.0000
vt 0.1854 0.9471 0.0000
vt 0.1860 0.9471 0.0000
vt 0.0713 0.5871 0.0000
vt 0.0718 0.5871 0.0000
vt 0.0718 0.5897 0.0000
vt 0.0713 0.5897 0.0000
vt 0.2907 0.7066 0.0000
vt 0.2940 0.7066 0.0000
vt 0.2940 0.7093 0.0000
vt 0.2907 0.7093 0.0000
vt 0.2904 0.7066 0.0000
vt 0.2904 0.7093 0.0000
vt 0.0713 0.5867 0.0000
vt 0.0718 0.5869 0.0000
vt 0.2903 0.7066 0.0000
vt 0.2903 0.7093 0.0000
vt 0.0714 0.5865 0.0000
vt 0.0718 0.5868 0.0000
vt 0.2076 0.5636 0.0000
vt 0.2070 0.5636 0.0000
vt 0.2070 0.5609 0.0000
vt 0.2076 0.5609 0.0000
vt 0.3000 0.7296 0.0000
vt 0.3000 0.7301 0.0000
vt 0.2998 0.7301 0.0000
vt 0.2996 0.7297 0.0000
vt 0.2903 0.7003 0.0000
vt 0.2904 0.7003 0.0000
vt 0.2901 0.7066 0.0000
vt 0.2901 0.7003 0.0000
vt 0.2834 0.8699 0.0000
vt 0.2840 0.8699 0.0000
vt 0.2840 0.8725 0.0000
vt 0.2834 0.8725 0.0000
vt 0.3898 0.7422 0.0000
vt 0.3901 0.7417 0.0000
vt 0.3902 0.7418 0.0000
vt 0.3902 0.7422 0.0000
vt 0.2903 0.6977 0.0000
vt 0.2904 0.6977 0.0000
vt 0.3457 0.9047 0.0000
vt 0.3453 0.9050 0.0000
vt 0.3452 0.9048 0.0000
vt 0.3456 0.9046 0.0000
vt 0.2907 0.7003 0.0000
vt 0.2907 0.6977 0.0000
vt 0.3456 0.9044 0.0000
vt 0.3451 0.9044 0.0000
vt 0.2002 0.5635 0.0000
vt 0.1999 0.5635 0.0000
vt 0.1999 0.5609 0.0000
vt 0.2002 0.5609 0.0000
vt 0.1995 0.5635 0.0000
vt 0.1995 0.5609 0.0000
vt 0.2002 0.5698 0.0000
vt 0.1999 0.5698 0.0000
vt 0.1995 0.5698 0.0000
vt 0.1999 0.5725 0.0000
vt 0.1995 0.5725 0.0000
vt 0.2002 0.5725 0.0000
vt 0.3457 0.9018 0.0000
vt 0.3452 0.9018 0.0000
vt 0.1860 0.9587 0.0000
vt 0.1854 0.9587 0.0000
vt 0.2940 0.7003 0.0000
vt 0.2940 0.6977 0.0000
vt 0.3905 0.7417 0.0000
vt 0.3906 0.7422 0.0000
vt 0.2897 0.7003 0.0000
vt 0.2897 0.7066 0.0000
vt 0.3913 0.7417 0.0000
vt 0.3911 0.7422 0.0000
vt 0.2887 0.7066 0.0000
vt 0.2887 0.7003 0.0000
vt 0.3918 0.7423 0.0000
vt 0.3914 0.7425 0.0000
vt 0.2877 0.7066 0.0000
vt 0.2877 0.7003 0.0000
vt 0.3918 0.7431 0.0000
vt 0.3914 0.7430 0.0000
vt 0.2867 0.7066 0.0000
vt 0.2867 0.7003 0.0000
vt 0.2856 0.7066 0.0000
vt 0.2856 0.7003 0.0000
vt 0.3913 0.7437 0.0000
vt 0.3911 0.7433 0.0000
vt 0.2025 0.5635 0.0000
vt 0.2030 0.5635 0.0000
vt 0.2030 0.5698 0.0000
vt 0.2025 0.5698 0.0000
vt 0.2036 0.5635 0.0000
vt 0.2036 0.5698 0.0000
vt 0.2042 0.5635 0.0000
vt 0.2042 0.5698 0.0000
vt 0.3904 0.7437 0.0000
vt 0.3906 0.7433 0.0000
vt 0.2957 0.9598 0.0000
vt 0.2957 0.9535 0.0000
vt 0.2963 0.9535 0.0000
vt 0.2963 0.9598 0.0000
vt 0.2846 0.7066 0.0000
vt 0.2846 0.7003 0.0000
vt 0.3004 0.7286 0.0000
vt 0.3003 0.7281 0.0000
vt 0.3011 0.7281 0.0000
vt 0.3009 0.7286 0.0000
vt 0.3017 0.7287 0.0000
vt 0.3012 0.7289 0.0000
vt 0.3017 0.7295 0.0000
vt 0.3012 0.7294 0.0000
vt 0.2019 0.5635 0.0000
vt 0.2019 0.5698 0.0000
vt 0.3011 0.7301 0.0000
vt 0.3009 0.7297 0.0000
vt 0.3003 0.7301 0.0000
vt 0.3004 0.7297 0.0000
vt 0.2013 0.5635 0.0000
vt 0.2013 0.5698 0.0000
vt 0.2007 0.5698 0.0000
vt 0.2007 0.5635 0.0000
vt 0.3802 0.8584 0.0000
vt 0.3798 0.8584 0.0000
vt 0.3797 0.8558 0.0000
vt 0.3802 0.8557 0.0000
vt 0.3353 0.8826 0.0000
vt 0.3359 0.8826 0.0000
vt 0.3359 0.8851 0.0000
vt 0.3353 0.8851 0.0000
vt 0.2972 0.6038 0.0000
vt 0.2972 0.6014 0.0000
vt 0.3005 0.6014 0.0000
vt 0.3005 0.6038 0.0000
vt 0.3359 0.8919 0.0000
vt 0.3353 0.8919 0.0000
vt 0.2972 0.5945 0.0000
vt 0.3005 0.5945 0.0000
vt 0.2969 0.6038 0.0000
vt 0.2969 0.6014 0.0000
vt 0.2969 0.5945 0.0000
vt 0.2968 0.6038 0.0000
vt 0.2968 0.6014 0.0000
vt 0.2968 0.5945 0.0000
vt 0.3660 0.7421 0.0000
vt 0.3663 0.7417 0.0000
vt 0.3664 0.7417 0.0000
vt 0.3664 0.7422 0.0000
vt 0.2025 0.9560 0.0000
vt 0.2019 0.9560 0.0000
vt 0.2019 0.9492 0.0000
vt 0.2025 0.9492 0.0000
vt 0.2965 0.6038 0.0000
vt 0.2965 0.6014 0.0000
vt 0.3667 0.7417 0.0000
vt 0.3668 0.7421 0.0000
vt 0.2962 0.6014 0.0000
vt 0.2962 0.6038 0.0000
vt 0.3675 0.7417 0.0000
vt 0.3673 0.7421 0.0000
vt 0.2952 0.6038 0.0000
vt 0.2952 0.6014 0.0000
vt 0.3681 0.7423 0.0000
vt 0.3676 0.7425 0.0000
vt 0.2942 0.6038 0.0000
vt 0.2942 0.6014 0.0000
vt 0.3681 0.7431 0.0000
vt 0.3676 0.7429 0.0000
vt 0.2931 0.6038 0.0000
vt 0.2931 0.6014 0.0000
vt 0.2921 0.6038 0.0000
vt 0.2921 0.6014 0.0000
vt 0.3675 0.7437 0.0000
vt 0.3673 0.7432 0.0000
vt 0.2542 0.8454 0.0000
vt 0.2536 0.8454 0.0000
vt 0.2536 0.8429 0.0000
vt 0.2542 0.8429 0.0000
vt 0.2530 0.8454 0.0000
vt 0.2530 0.8429 0.0000
vt 0.2525 0.8454 0.0000
vt 0.2525 0.8429 0.0000
vt 0.3667 0.7437 0.0000
vt 0.3668 0.7432 0.0000
vt 0.0638 0.9566 0.0000
vt 0.0638 0.9542 0.0000
vt 0.0644 0.9542 0.0000
vt 0.0644 0.9566 0.0000
vt 0.2911 0.6038 0.0000
vt 0.2911 0.6014 0.0000
vt 0.3799 0.8603 0.0000
vt 0.3802 0.8606 0.0000
vt 0.3795 0.8610 0.0000
vt 0.3795 0.8605 0.0000
vt 0.3787 0.8607 0.0000
vt 0.3790 0.8604 0.0000
vt 0.3784 0.8600 0.0000
vt 0.3788 0.8600 0.0000
vt 0.2548 0.8454 0.0000
vt 0.2548 0.8429 0.0000
vt 0.3786 0.8592 0.0000
vt 0.3790 0.8595 0.0000
vt 0.3793 0.8589 0.0000
vt 0.3794 0.8593 0.0000
vt 0.2554 0.8454 0.0000
vt 0.2554 0.8429 0.0000
vt 0.2559 0.8429 0.0000
vt 0.2559 0.8454 0.0000
vt 0.3796 0.8588 0.0000
vt 0.3798 0.8592 0.0000
vt 0.2564 0.8429 0.0000
vt 0.2564 0.8454 0.0000
vt 0.3797 0.8587 0.0000
vt 0.3801 0.8590 0.0000
vt 0.3798 0.8586 0.0000
vt 0.3802 0.8587 0.0000
vt 0.2567 0.8429 0.0000
vt 0.2567 0.8454 0.0000
vt 0.2564 0.8522 0.0000
vt 0.2567 0.8522 0.0000
vt 0.2564 0.8547 0.0000
vt 0.2567 0.8547 0.0000
vt 0.2559 0.8522 0.0000
vt 0.2559 0.8547 0.0000
vt 0.1691 0.7814 0.0000
vt 0.1692 0.7818 0.0000
vt 0.1690 0.7818 0.0000
vt 0.1687 0.7814 0.0000
vt 0.2554 0.8522 0.0000
vt 0.2554 0.8547 0.0000
vt 0.1696 0.7814 0.0000
vt 0.1694 0.7819 0.0000
vt 0.2962 0.5921 0.0000
vt 0.2965 0.5921 0.0000
vt 0.2965 0.5945 0.0000
vt 0.2962 0.5945 0.0000
vt 0.2968 0.5921 0.0000
vt 0.1700 0.7814 0.0000
vt 0.1702 0.7819 0.0000
vt 0.2952 0.5945 0.0000
vt 0.2952 0.5921 0.0000
vt 0.1703 0.7811 0.0000
vt 0.1708 0.7813 0.0000
vt 0.2942 0.5945 0.0000
vt 0.2942 0.5921 0.0000
vt 0.2931 0.5945 0.0000
vt 0.2931 0.5921 0.0000
vt 0.1703 0.7806 0.0000
vt 0.1708 0.7805 0.0000
vt 0.2548 0.8547 0.0000
vt 0.2542 0.8547 0.0000
vt 0.2542 0.8522 0.0000
vt 0.2548 0.8522 0.0000
vt 0.2536 0.8547 0.0000
vt 0.2536 0.8522 0.0000
vt 0.2530 0.8547 0.0000
vt 0.2530 0.8522 0.0000
vt 0.1700 0.7803 0.0000
vt 0.1702 0.7799 0.0000
vt 0.2525 0.8547 0.0000
vt 0.2525 0.8522 0.0000
vt 0.1694 0.7799 0.0000
vt 0.1696 0.7803 0.0000
vt 0.2911 0.5945 0.0000
vt 0.2911 0.5921 0.0000
vt 0.2921 0.5921 0.0000
vt 0.2921 0.5945 0.0000
vt 0.0704 0.5162 0.0000
vt 0.0679 0.5162 0.0000
vt 0.0679 0.5156 0.0000
vt 0.0704 0.5156 0.0000
vt 0.2491 0.8152 0.0000
vt 0.2491 0.8147 0.0000
vt 0.2499 0.8151 0.0000
vt 0.2495 0.8154 0.0000
vt 0.2487 0.8153 0.0000
vt 0.2484 0.8150 0.0000
vt 0.2485 0.8157 0.0000
vt 0.2480 0.8157 0.0000
vt 0.2486 0.8162 0.0000
vt 0.2483 0.8165 0.0000
vt 0.2490 0.8164 0.0000
vt 0.2489 0.8168 0.0000
vt 0.2494 0.8165 0.0000
vt 0.2492 0.8169 0.0000
vt 0.2497 0.8167 0.0000
vt 0.2494 0.8170 0.0000
vt 0.2969 0.5921 0.0000
vt 0.2498 0.8170 0.0000
vt 0.2494 0.8171 0.0000
vt 0.2972 0.5921 0.0000
vt 0.2499 0.8173 0.0000
vt 0.2494 0.8173 0.0000
vt 0.3005 0.5921 0.0000
vt 0.2498 0.8200 0.0000
vt 0.2493 0.8199 0.0000
vt 0.3359 0.8943 0.0000
vt 0.3353 0.8943 0.0000
vt 0.3127 0.6024 0.0000
vt 0.3131 0.6020 0.0000
vt 0.3132 0.6022 0.0000
vt 0.3129 0.6024 0.0000
vt 0.3136 0.6020 0.0000
vt 0.3135 0.6022 0.0000
vt 0.3133 0.6026 0.0000
vt 0.3137 0.6024 0.0000
vt 0.3137 0.6028 0.0000
vt 0.3135 0.6030 0.0000
vt 0.3132 0.6030 0.0000
vt 0.3129 0.6028 0.0000
vt 0.3139 0.6024 0.0000
vt 0.3139 0.6028 0.0000
vt 0.1042 0.5281 0.0000
vt 0.1042 0.5156 0.0000
vt 0.1048 0.5156 0.0000
vt 0.1048 0.5281 0.0000
vt 0.1036 0.5281 0.0000
vt 0.1036 0.5156 0.0000
vt 0.3045 0.5960 0.0000
vt 0.3045 0.5965 0.0000
vt 0.3043 0.5964 0.0000
vt 0.3043 0.5961 0.0000
vt 0.3042 0.5968 0.0000
vt 0.3041 0.5966 0.0000
vt 0.3042 0.5956 0.0000
vt 0.3041 0.5959 0.0000
vt 0.1030 0.5281 0.0000
vt 0.1030 0.5156 0.0000
vt 0.3038 0.5959 0.0000
vt 0.3037 0.5957 0.0000
vt 0.1025 0.5156 0.0000
vt 0.1025 0.5281 0.0000
vt 0.3136 0.6032 0.0000
vt 0.3131 0.6032 0.0000
vt 0.3127 0.6029 0.0000
vt 0.1019 0.5156 0.0000
vt 0.1019 0.5281 0.0000
vt 0.1060 0.5281 0.0000
vt 0.1060 0.5156 0.0000
vt 0.1065 0.5156 0.0000
vt 0.1065 0.5281 0.0000
vt 0.3033 0.5965 0.0000
vt 0.3033 0.5960 0.0000
vt 0.3035 0.5961 0.0000
vt 0.3035 0.5964 0.0000
vt 0.3039 0.5962 0.0000
vt 0.3037 0.5966 0.0000
vt 0.3037 0.5968 0.0000
vt 0.1054 0.5156 0.0000
vt 0.1054 0.5281 0.0000
vt 0.3801 0.8812 0.0000
vt 0.3799 0.8816 0.0000
vt 0.3767 0.8816 0.0000
vt 0.3765 0.8814 0.0000
vt 0.3767 0.8930 0.0000
vt 0.3765 0.8933 0.0000
vt 0.3799 0.8930 0.0000
vt 0.3801 0.8934 0.0000
vt 0.2429 0.7976 0.0000
vt 0.2427 0.7979 0.0000
vt 0.2390 0.7980 0.0000
vt 0.2387 0.7977 0.0000
vt 0.2390 0.8077 0.0000
vt 0.2387 0.8079 0.0000
vt 0.2427 0.8077 0.0000
vt 0.2429 0.8080 0.0000
vt 0.4320 0.7118 0.0000
vt 0.4343 0.7118 0.0000
vt 0.4343 0.7815 0.0000
vt 0.4320 0.7815 0.0000
vt 0.4367 0.7118 0.0000
vt 0.4367 0.7815 0.0000
vt 0.4390 0.7118 0.0000
vt 0.4390 0.7815 0.0000
vt 0.4414 0.7118 0.0000
vt 0.4414 0.7815 0.0000
vt 0.4225 0.7118 0.0000
vt 0.4249 0.7118 0.0000
vt 0.4249 0.7815 0.0000
vt 0.4225 0.7815 0.0000
vt 0.4272 0.7118 0.0000
vt 0.4272 0.7815 0.0000
vt 0.4296 0.7118 0.0000
vt 0.4296 0.7815 0.0000
vt 0.3387 0.6176 0.0000
vt 0.3387 0.6873 0.0000
vt 0.3363 0.6873 0.0000
vt 0.3363 0.6176 0.0000
vt 0.3340 0.6873 0.0000
vt 0.3340 0.6176 0.0000
vt 0.3316 0.6873 0.0000
vt 0.3316 0.6176 0.0000
vt 0.3292 0.6873 0.0000
vt 0.3292 0.6176 0.0000
vt 0.3481 0.6176 0.0000
vt 0.3481 0.6873 0.0000
vt 0.3458 0.6873 0.0000
vt 0.3458 0.6176 0.0000
vt 0.3434 0.6873 0.0000
vt 0.3434 0.6176 0.0000
vt 0.3410 0.6873 0.0000
vt 0.3410 0.6176 0.0000
vt 0.3381 0.9574 0.0000
vt 0.3381 0.9552 0.0000
vt 0.3372 0.9552 0.0000
vt 0.3372 0.9574 0.0000
vt 0.3381 0.9596 0.0000
vt 0.3372 0.9596 0.0000
vt 0.3381 0.9619 0.0000
vt 0.3372 0.9619 0.0000
vt 0.4384 0.9491 0.0000
vt 0.4392 0.9491 0.0000
vt 0.4392 0.9471 0.0000
vt 0.4384 0.9471 0.0000
vt 0.4384 0.9512 0.0000
vt 0.4392 0.9512 0.0000
vt 0.3422 0.9169 0.0000
vt 0.3442 0.9169 0.0000
vt 0.3442 0.9152 0.0000
vt 0.3422 0.9152 0.0000
vt 0.3422 0.9186 0.0000
vt 0.3442 0.9186 0.0000
vt 0.3549 0.9698 0.0000
vt 0.3542 0.9698 0.0000
vt 0.3542 0.9716 0.0000
vt 0.3549 0.9716 0.0000
vt 0.3549 0.9681 0.0000
vt 0.3542 0.9681 0.0000
vt 0.4500 0.9441 0.0000
vt 0.4507 0.9441 0.0000
vt 0.4507 0.9421 0.0000
vt 0.4500 0.9421 0.0000
vt 0.4500 0.9460 0.0000
vt 0.4507 0.9460 0.0000
vt 0.0724 0.9338 0.0000
vt 0.0729 0.9338 0.0000
vt 0.0729 0.9322 0.0000
vt 0.0724 0.9322 0.0000
vt 0.0724 0.9354 0.0000
vt 0.0729 0.9354 0.0000
vt 0.0739 0.9354 0.0000
vt 0.0739 0.9338 0.0000
vt 0.0739 0.9322 0.0000
vt 0.0729 0.9510 0.0000
vt 0.0739 0.9510 0.0000
vt 0.0739 0.9495 0.0000
vt 0.0729 0.9495 0.0000
vt 0.0724 0.9510 0.0000
vt 0.0724 0.9495 0.0000
vt 0.0729 0.9479 0.0000
vt 0.0724 0.9479 0.0000
vt 0.0739 0.9479 0.0000
vt 0.0729 0.9463 0.0000
vt 0.0724 0.9463 0.0000
vt 0.0739 0.9463 0.0000
vt 0.0739 0.9448 0.0000
vt 0.0729 0.9448 0.0000
vt 0.0724 0.9448 0.0000
vt 0.0729 0.9432 0.0000
vt 0.0724 0.9432 0.0000
vt 0.0739 0.9432 0.0000
vt 0.0729 0.9416 0.0000
vt 0.0724 0.9416 0.0000
vt 0.0739 0.9416 0.0000
vt 0.0739 0.9401 0.0000
vt 0.0729 0.9401 0.0000
vt 0.0724 0.9401 0.0000
vt 0.0729 0.9385 0.0000
vt 0.0724 0.9385 0.0000
vt 0.0739 0.9385 0.0000
vt 0.0729 0.9369 0.0000
vt 0.0724 0.9369 0.0000
vt 0.0739 0.9369 0.0000
vt 0.4500 0.9479 0.0000
vt 0.4507 0.9479 0.0000
vt 0.4500 0.9498 0.0000
vt 0.4507 0.9498 0.0000
vt 0.3549 0.9663 0.0000
vt 0.3542 0.9663 0.0000
vt 0.3549 0.9646 0.0000
vt 0.3542 0.9646 0.0000
vt 0.3422 0.9203 0.0000
vt 0.3442 0.9203 0.0000
vt 0.3422 0.9221 0.0000
vt 0.3442 0.9221 0.0000
vt 0.4384 0.9532 0.0000
vt 0.4392 0.9532 0.0000
vt 0.4384 0.9553 0.0000
vt 0.4392 0.9553 0.0000
vt 0.3381 0.9529 0.0000
vt 0.3372 0.9529 0.0000
vt 0.3381 0.9507 0.0000
vt 0.3372 0.9507 0.0000
vt 0.4384 0.9573 0.0000
vt 0.4392 0.9573 0.0000
vt 0.3381 0.9485 0.0000
vt 0.3372 0.9485 0.0000
vt 0.4384 0.9593 0.0000
vt 0.4392 0.9593 0.0000
vt 0.3422 0.9238 0.0000
vt 0.3442 0.9238 0.0000
vt 0.3422 0.9255 0.0000
vt 0.3442 0.9255 0.0000
vt 0.3549 0.9629 0.0000
vt 0.3542 0.9629 0.0000
vt 0.3549 0.9611 0.0000
vt 0.3542 0.9611 0.0000
vt 0.4500 0.9517 0.0000
vt 0.4507 0.9517 0.0000
vt 0.4500 0.9536 0.0000
vt 0.4507 0.9536 0.0000
vt 0.4500 0.9555 0.0000
vt 0.4507 0.9555 0.0000
vt 0.3549 0.9594 0.0000
vt 0.3542 0.9594 0.0000
vt 0.4500 0.9575 0.0000
vt 0.4507 0.9575 0.0000
vt 0.3549 0.9576 0.0000
vt 0.3542 0.9576 0.0000
vt 0.3422 0.9272 0.0000
vt 0.3442 0.9272 0.0000
vt 0.3422 0.9289 0.0000
vt 0.3442 0.9289 0.0000
vt 0.4384 0.9614 0.0000
vt 0.4392 0.9614 0.0000
vt 0.4384 0.9634 0.0000
vt 0.4392 0.9634 0.0000
vt 0.3381 0.9462 0.0000
vt 0.3372 0.9462 0.0000
vt 0.3381 0.9440 0.0000
vt 0.3372 0.9440 0.0000
vt 0.3381 0.9418 0.0000
vt 0.3372 0.9418 0.0000
vt 0.4384 0.9655 0.0000
vt 0.4392 0.9655 0.0000
vt 0.3381 0.9395 0.0000
vt 0.3372 0.9395 0.0000
vt 0.4384 0.9675 0.0000
vt 0.4392 0.9675 0.0000
vt 0.3422 0.9306 0.0000
vt 0.3442 0.9306 0.0000
vt 0.3422 0.9323 0.0000
vt 0.3442 0.9323 0.0000
vt 0.3549 0.9559 0.0000
vt 0.3542 0.9559 0.0000
vt 0.3549 0.9541 0.0000
vt 0.3542 0.9541 0.0000
vt 0.4500 0.9594 0.0000
vt 0.4507 0.9594 0.0000
vt 0.4500 0.9613 0.0000
vt 0.4507 0.9613 0.0000
vt 0.4500 0.9632 0.0000
vt 0.4507 0.9632 0.0000
vt 0.3549 0.9524 0.0000
vt 0.3542 0.9524 0.0000
vt 0.4500 0.9651 0.0000
vt 0.4507 0.9651 0.0000
vt 0.3549 0.9506 0.0000
vt 0.3542 0.9506 0.0000
vt 0.3422 0.9340 0.0000
vt 0.3442 0.9340 0.0000
vt 0.3422 0.9357 0.0000
vt 0.3442 0.9357 0.0000
vt 0.4384 0.9695 0.0000
vt 0.4392 0.9695 0.0000
vt 0.4384 0.9716 0.0000
vt 0.4392 0.9716 0.0000
vt 0.3381 0.9373 0.0000
vt 0.3372 0.9373 0.0000
vt 0.3381 0.9351 0.0000
vt 0.3372 0.9351 0.0000
vt 0.1991 0.9517 0.0000
vt 0.1982 0.9517 0.0000
vt 0.1982 0.9495 0.0000
vt 0.1991 0.9495 0.0000
vt 0.1991 0.9540 0.0000
vt 0.1982 0.9540 0.0000
vt 0.1991 0.9562 0.0000
vt 0.1982 0.9562 0.0000
vt 0.4876 0.9414 0.0000
vt 0.4876 0.9393 0.0000
vt 0.4884 0.9393 0.0000
vt 0.4884 0.9414 0.0000
vt 0.4876 0.9434 0.0000
vt 0.4884 0.9434 0.0000
vt 0.3742 0.9148 0.0000
vt 0.3742 0.9131 0.0000
vt 0.3762 0.9131 0.0000
vt 0.3762 0.9148 0.0000
vt 0.3742 0.9165 0.0000
vt 0.3762 0.9165 0.0000
vt 0.3585 0.9698 0.0000
vt 0.3585 0.9716 0.0000
vt 0.3578 0.9716 0.0000
vt 0.3578 0.9698 0.0000
vt 0.3585 0.9681 0.0000
vt 0.3578 0.9681 0.0000
vt 0.3613 0.9526 0.0000
vt 0.3613 0.9506 0.0000
vt 0.3620 0.9506 0.0000
vt 0.3620 0.9526 0.0000
vt 0.3613 0.9545 0.0000
vt 0.3620 0.9545 0.0000
vt 0.0681 0.9338 0.0000
vt 0.0681 0.9322 0.0000
vt 0.0686 0.9322 0.0000
vt 0.0686 0.9338 0.0000
vt 0.0681 0.9354 0.0000
vt 0.0686 0.9354 0.0000
vt 0.0696 0.9338 0.0000
vt 0.0696 0.9354 0.0000
vt 0.0696 0.9322 0.0000
vt 0.0686 0.9510 0.0000
vt 0.0686 0.9495 0.0000
vt 0.0696 0.9495 0.0000
vt 0.0696 0.9510 0.0000
vt 0.0681 0.9510 0.0000
vt 0.0681 0.9495 0.0000
vt 0.0681 0.9479 0.0000
vt 0.0686 0.9479 0.0000
vt 0.0696 0.9479 0.0000
vt 0.0681 0.9463 0.0000
vt 0.0686 0.9463 0.0000
vt 0.0696 0.9463 0.0000
vt 0.0686 0.9448 0.0000
vt 0.0696 0.9448 0.0000
vt 0.0681 0.9448 0.0000
vt 0.0681 0.9432 0.0000
vt 0.0686 0.9432 0.0000
vt 0.0696 0.9432 0.0000
vt 0.0681 0.9416 0.0000
vt 0.0686 0.9416 0.0000
vt 0.0696 0.9416 0.0000
vt 0.0686 0.9401 0.0000
vt 0.0696 0.9401 0.0000
vt 0.0681 0.9401 0.0000
vt 0.0681 0.9385 0.0000
vt 0.0686 0.9385 0.0000
vt 0.0696 0.9385 0.0000
vt 0.0681 0.9369 0.0000
vt 0.0686 0.9369 0.0000
vt 0.0696 0.9369 0.0000
vt 0.3613 0.9564 0.0000
vt 0.3620 0.9564 0.0000
vt 0.3613 0.9583 0.0000
vt 0.3620 0.9583 0.0000
vt 0.3585 0.9663 0.0000
vt 0.3578 0.9663 0.0000
vt 0.3585 0.9646 0.0000
vt 0.3578 0.9646 0.0000
vt 0.3742 0.9182 0.0000
vt 0.3762 0.9182 0.0000
vt 0.3742 0.9199 0.0000
vt 0.3762 0.9199 0.0000
vt 0.4876 0.9454 0.0000
vt 0.4884 0.9454 0.0000
vt 0.4876 0.9475 0.0000
vt 0.4884 0.9475 0.0000
vt 0.1982 0.9473 0.0000
vt 0.1991 0.9473 0.0000
vt 0.1982 0.9450 0.0000
vt 0.1991 0.9450 0.0000
vt 0.4876 0.9495 0.0000
vt 0.4884 0.9495 0.0000
vt 0.1982 0.9428 0.0000
vt 0.1991 0.9428 0.0000
vt 0.4876 0.9515 0.0000
vt 0.4884 0.9515 0.0000
vt 0.3742 0.9216 0.0000
vt 0.3762 0.9216 0.0000
vt 0.3742 0.9233 0.0000
vt 0.3762 0.9233 0.0000
vt 0.3585 0.9629 0.0000
vt 0.3578 0.9629 0.0000
vt 0.3585 0.9611 0.0000
vt 0.3578 0.9611 0.0000
vt 0.3613 0.9602 0.0000
vt 0.3620 0.9602 0.0000
vt 0.3613 0.9621 0.0000
vt 0.3620 0.9621 0.0000
vt 0.3613 0.9640 0.0000
vt 0.3620 0.9640 0.0000
vt 0.3585 0.9594 0.0000
vt 0.3578 0.9594 0.0000
vt 0.3613 0.9660 0.0000
vt 0.3620 0.9660 0.0000
vt 0.3585 0.9576 0.0000
vt 0.3578 0.9576 0.0000
vt 0.3742 0.9251 0.0000
vt 0.3762 0.9251 0.0000
vt 0.3742 0.9268 0.0000
vt 0.3762 0.9268 0.0000
vt 0.4876 0.9536 0.0000
vt 0.4884 0.9536 0.0000
vt 0.4876 0.9556 0.0000
vt 0.4884 0.9556 0.0000
vt 0.1982 0.9406 0.0000
vt 0.1991 0.9406 0.0000
vt 0.1982 0.9383 0.0000
vt 0.1991 0.9383 0.0000
vt 0.1982 0.9361 0.0000
vt 0.1991 0.9361 0.0000
vt 0.4876 0.9577 0.0000
vt 0.4884 0.9577 0.0000
vt 0.1982 0.9339 0.0000
vt 0.1991 0.9339 0.0000
vt 0.4876 0.9597 0.0000
vt 0.4884 0.9597 0.0000
vt 0.3742 0.9285 0.0000
vt 0.3762 0.9285 0.0000
vt 0.3742 0.9302 0.0000
vt 0.3762 0.9302 0.0000
vt 0.3585 0.9559 0.0000
vt 0.3578 0.9559 0.0000
vt 0.3585 0.9541 0.0000
vt 0.3578 0.9541 0.0000
vt 0.3613 0.9679 0.0000
vt 0.3620 0.9679 0.0000
vt 0.3613 0.9698 0.0000
vt 0.3620 0.9698 0.0000
vt 0.3613 0.9717 0.0000
vt 0.3620 0.9717 0.0000
vt 0.3585 0.9524 0.0000
vt 0.3578 0.9524 0.0000
vt 0.3613 0.9736 0.0000
vt 0.3620 0.9736 0.0000
vt 0.3585 0.9506 0.0000
vt 0.3578 0.9506 0.0000
vt 0.3742 0.9319 0.0000
vt 0.3762 0.9319 0.0000
vt 0.3742 0.9336 0.0000
vt 0.3762 0.9336 0.0000
vt 0.4876 0.9617 0.0000
vt 0.4884 0.9617 0.0000
vt 0.4876 0.9638 0.0000
vt 0.4884 0.9638 0.0000
vt 0.1982 0.9316 0.0000
vt 0.1991 0.9316 0.0000
vt 0.1982 0.9294 0.0000
vt 0.1991 0.9294 0.0000
vt 0.2662 0.9546 0.0000
vt 0.2662 0.9523 0.0000
vt 0.2653 0.9523 0.0000
vt 0.2653 0.9546 0.0000
vt 0.2662 0.9568 0.0000
vt 0.2653 0.9568 0.0000
vt 0.2662 0.9590 0.0000
vt 0.2653 0.9590 0.0000
vt 0.2554 0.9428 0.0000
vt 0.2562 0.9428 0.0000
vt 0.2562 0.9407 0.0000
vt 0.2554 0.9407 0.0000
vt 0.2554 0.9448 0.0000
vt 0.2562 0.9448 0.0000
vt 0.2858 0.9169 0.0000
vt 0.2877 0.9169 0.0000
vt 0.2877 0.9152 0.0000
vt 0.2858 0.9152 0.0000
vt 0.2858 0.9186 0.0000
vt 0.2877 0.9186 0.0000
vt 0.2598 0.9705 0.0000
vt 0.2590 0.9705 0.0000
vt 0.2590 0.9723 0.0000
vt 0.2598 0.9723 0.0000
vt 0.2598 0.9688 0.0000
vt 0.2590 0.9688 0.0000
vt 0.3730 0.9511 0.0000
vt 0.3737 0.9511 0.0000
vt 0.3737 0.9492 0.0000
vt 0.3730 0.9492 0.0000
vt 0.3730 0.9531 0.0000
vt 0.3737 0.9531 0.0000
vt 0.2525 0.7949 0.0000
vt 0.2530 0.7949 0.0000
vt 0.2530 0.7933 0.0000
vt 0.2525 0.7933 0.0000
vt 0.2525 0.7965 0.0000
vt 0.2530 0.7965 0.0000
vt 0.2540 0.7965 0.0000
vt 0.2540 0.7949 0.0000
vt 0.2540 0.7933 0.0000
vt 0.2530 0.8122 0.0000
vt 0.2540 0.8122 0.0000
vt 0.2540 0.8106 0.0000
vt 0.2530 0.8106 0.0000
vt 0.2525 0.8122 0.0000
vt 0.2525 0.8106 0.0000
vt 0.2530 0.8090 0.0000
vt 0.2525 0.8090 0.0000
vt 0.2540 0.8090 0.0000
vt 0.2530 0.8075 0.0000
vt 0.2525 0.8075 0.0000
vt 0.2540 0.8075 0.0000
vt 0.2540 0.8059 0.0000
vt 0.2530 0.8059 0.0000
vt 0.2525 0.8059 0.0000
vt 0.2530 0.8043 0.0000
vt 0.2525 0.8043 0.0000
vt 0.2540 0.8043 0.0000
vt 0.2530 0.8027 0.0000
vt 0.2525 0.8027 0.0000
vt 0.2540 0.8027 0.0000
vt 0.2540 0.8012 0.0000
vt 0.2530 0.8012 0.0000
vt 0.2525 0.8012 0.0000
vt 0.2530 0.7996 0.0000
vt 0.2525 0.7996 0.0000
vt 0.2540 0.7996 0.0000
vt 0.2530 0.7980 0.0000
vt 0.2525 0.7980 0.0000
vt 0.2540 0.7980 0.0000
vt 0.3730 0.9550 0.0000
vt 0.3737 0.9550 0.0000
vt 0.3730 0.9569 0.0000
vt 0.3737 0.9569 0.0000
vt 0.2598 0.9671 0.0000
vt 0.2590 0.9671 0.0000
vt 0.2598 0.9653 0.0000
vt 0.2590 0.9653 0.0000
vt 0.2858 0.9203 0.0000
vt 0.2877 0.9203 0.0000
vt 0.2858 0.9221 0.0000
vt 0.2877 0.9221 0.0000
vt 0.2554 0.9468 0.0000
vt 0.2562 0.9468 0.0000
vt 0.2554 0.9489 0.0000
vt 0.2562 0.9489 0.0000
vt 0.2662 0.9501 0.0000
vt 0.2653 0.9501 0.0000
vt 0.2662 0.9479 0.0000
vt 0.2653 0.9479 0.0000
vt 0.2554 0.9509 0.0000
vt 0.2562 0.9509 0.0000
vt 0.2662 0.9456 0.0000
vt 0.2653 0.9456 0.0000
vt 0.2554 0.9530 0.0000
vt 0.2562 0.9530 0.0000
vt 0.2858 0.9238 0.0000
vt 0.2877 0.9238 0.0000
vt 0.2858 0.9255 0.0000
vt 0.2877 0.9255 0.0000
vt 0.2598 0.9636 0.0000
vt 0.2590 0.9636 0.0000
vt 0.2598 0.9618 0.0000
vt 0.2590 0.9618 0.0000
vt 0.3730 0.9588 0.0000
vt 0.3737 0.9588 0.0000
vt 0.3730 0.9607 0.0000
vt 0.3737 0.9607 0.0000
vt 0.3730 0.9626 0.0000
vt 0.3737 0.9626 0.0000
vt 0.2598 0.9601 0.0000
vt 0.2590 0.9601 0.0000
vt 0.3730 0.9645 0.0000
vt 0.3737 0.9645 0.0000
vt 0.2598 0.9583 0.0000
vt 0.2590 0.9583 0.0000
vt 0.2858 0.9272 0.0000
vt 0.2877 0.9272 0.0000
vt 0.2858 0.9289 0.0000
vt 0.2877 0.9289 0.0000
vt 0.2554 0.9550 0.0000
vt 0.2562 0.9550 0.0000
vt 0.2554 0.9570 0.0000
vt 0.2562 0.9570 0.0000
vt 0.2662 0.9434 0.0000
vt 0.2653 0.9434 0.0000
vt 0.2662 0.9412 0.0000
vt 0.2653 0.9412 0.0000
vt 0.2662 0.9389 0.0000
vt 0.2653 0.9389 0.0000
vt 0.2554 0.9591 0.0000
vt 0.2562 0.9591 0.0000
vt 0.2662 0.9367 0.0000
vt 0.2653 0.9367 0.0000
vt 0.2554 0.9611 0.0000
vt 0.2562 0.9611 0.0000
vt 0.2858 0.9306 0.0000
vt 0.2877 0.9306 0.0000
vt 0.2858 0.9323 0.0000
vt 0.2877 0.9323 0.0000
vt 0.2598 0.9566 0.0000
vt 0.2590 0.9566 0.0000
vt 0.2598 0.9548 0.0000
vt 0.2590 0.9548 0.0000
vt 0.3730 0.9665 0.0000
vt 0.3737 0.9665 0.0000
vt 0.3730 0.9684 0.0000
vt 0.3737 0.9684 0.0000
vt 0.3730 0.9703 0.0000
vt 0.3737 0.9703 0.0000
vt 0.2598 0.9531 0.0000
vt 0.2590 0.9531 0.0000
vt 0.3730 0.9722 0.0000
vt 0.3737 0.9722 0.0000
vt 0.2598 0.9514 0.0000
vt 0.2590 0.9514 0.0000
vt 0.2858 0.9340 0.0000
vt 0.2877 0.9340 0.0000
vt 0.2858 0.9357 0.0000
vt 0.2877 0.9357 0.0000
vt 0.2554 0.9632 0.0000
vt 0.2562 0.9632 0.0000
vt 0.2554 0.9652 0.0000
vt 0.2562 0.9652 0.0000
vt 0.2662 0.9345 0.0000
vt 0.2653 0.9345 0.0000
vt 0.2662 0.9322 0.0000
vt 0.2653 0.9322 0.0000
vt 0.0904 0.9588 0.0000
vt 0.0895 0.9588 0.0000
vt 0.0895 0.9566 0.0000
vt 0.0904 0.9566 0.0000
vt 0.0904 0.9611 0.0000
vt 0.0895 0.9611 0.0000
vt 0.0904 0.9633 0.0000
vt 0.0895 0.9633 0.0000
vt 0.1127 0.9499 0.0000
vt 0.1127 0.9478 0.0000
vt 0.1135 0.9478 0.0000
vt 0.1135 0.9499 0.0000
vt 0.1127 0.9519 0.0000
vt 0.1135 0.9519 0.0000
vt 0.2554 0.9191 0.0000
vt 0.2554 0.9173 0.0000
vt 0.2573 0.9173 0.0000
vt 0.2573 0.9191 0.0000
vt 0.2554 0.9208 0.0000
vt 0.2573 0.9208 0.0000
vt 0.2698 0.9705 0.0000
vt 0.2698 0.9723 0.0000
vt 0.2690 0.9723 0.0000
vt 0.2690 0.9705 0.0000
vt 0.2698 0.9688 0.0000
vt 0.2690 0.9688 0.0000
vt 0.1163 0.9497 0.0000
vt 0.1163 0.9478 0.0000
vt 0.1170 0.9478 0.0000
vt 0.1170 0.9497 0.0000
vt 0.1163 0.9516 0.0000
vt 0.1170 0.9516 0.0000
vt 0.0638 0.9338 0.0000
vt 0.0638 0.9322 0.0000
vt 0.0643 0.9322 0.0000
vt 0.0643 0.9338 0.0000
vt 0.0638 0.9354 0.0000
vt 0.0643 0.9354 0.0000
vt 0.0653 0.9338 0.0000
vt 0.0653 0.9354 0.0000
vt 0.0653 0.9322 0.0000
vt 0.0643 0.9510 0.0000
vt 0.0643 0.9495 0.0000
vt 0.0653 0.9495 0.0000
vt 0.0653 0.9510 0.0000
vt 0.0638 0.9510 0.0000
vt 0.0638 0.9495 0.0000
vt 0.0638 0.9479 0.0000
vt 0.0643 0.9479 0.0000
vt 0.0653 0.9479 0.0000
vt 0.0638 0.9463 0.0000
vt 0.0643 0.9463 0.0000
vt 0.0653 0.9463 0.0000
vt 0.0643 0.9448 0.0000
vt 0.0653 0.9448 0.0000
vt 0.0638 0.9448 0.0000
vt 0.0638 0.9432 0.0000
vt 0.0643 0.9432 0.0000
vt 0.0653 0.9432 0.0000
vt 0.0638 0.9416 0.0000
vt 0.0643 0.9416 0.0000
vt 0.0653 0.9416 0.0000
vt 0.0643 0.9401 0.0000
vt 0.0653 0.9401 0.0000
vt 0.0638 0.9401 0.0000
vt 0.0638 0.9385 0.0000
vt 0.0643 0.9385 0.0000
vt 0.0653 0.9385 0.0000
vt 0.0638 0.9369 0.0000
vt 0.0643 0.9369 0.0000
vt 0.0653 0.9369 0.0000
vt 0.1163 0.9536 0.0000
vt 0.1170 0.9536 0.0000
vt 0.1163 0.9555 0.0000
vt 0.1170 0.9555 0.0000
vt 0.2698 0.9671 0.0000
vt 0.2690 0.9671 0.0000
vt 0.2698 0.9653 0.0000
vt 0.2690 0.9653 0.0000
vt 0.2554 0.9225 0.0000
vt 0.2573 0.9225 0.0000
vt 0.2554 0.9242 0.0000
vt 0.2573 0.9242 0.0000
vt 0.1127 0.9539 0.0000
vt 0.1135 0.9539 0.0000
vt 0.1127 0.9560 0.0000
vt 0.1135 0.9560 0.0000
vt 0.0895 0.9544 0.0000
vt 0.0904 0.9544 0.0000
vt 0.0895 0.9521 0.0000
vt 0.0904 0.9521 0.0000
vt 0.1127 0.9580 0.0000
vt 0.1135 0.9580 0.0000
vt 0.0895 0.9499 0.0000
vt 0.0904 0.9499 0.0000
vt 0.1127 0.9600 0.0000
vt 0.1135 0.9600 0.0000
vt 0.2554 0.9259 0.0000
vt 0.2573 0.9259 0.0000
vt 0.2554 0.9276 0.0000
vt 0.2573 0.9276 0.0000
vt 0.2698 0.9636 0.0000
vt 0.2690 0.9636 0.0000
vt 0.2698 0.9618 0.0000
vt 0.2690 0.9618 0.0000
vt 0.1163 0.9574 0.0000
vt 0.1170 0.9574 0.0000
vt 0.1163 0.9593 0.0000
vt 0.1170 0.9593 0.0000
vt 0.1163 0.9612 0.0000
vt 0.1170 0.9612 0.0000
vt 0.2698 0.9601 0.0000
vt 0.2690 0.9601 0.0000
vt 0.1163 0.9631 0.0000
vt 0.1170 0.9631 0.0000
vt 0.2698 0.9583 0.0000
vt 0.2690 0.9583 0.0000
vt 0.2554 0.9293 0.0000
vt 0.2573 0.9293 0.0000
vt 0.2554 0.9310 0.0000
vt 0.2573 0.9310 0.0000
vt 0.1127 0.9621 0.0000
vt 0.1135 0.9621 0.0000
vt 0.1127 0.9641 0.0000
vt 0.1135 0.9641 0.0000
vt 0.0895 0.9477 0.0000
vt 0.0904 0.9477 0.0000
vt 0.0895 0.9454 0.0000
vt 0.0904 0.9454 0.0000
vt 0.0895 0.9432 0.0000
vt 0.0904 0.9432 0.0000
vt 0.1127 0.9662 0.0000
vt 0.1135 0.9662 0.0000
vt 0.0895 0.9409 0.0000
vt 0.0904 0.9409 0.0000
vt 0.1127 0.9682 0.0000
vt 0.1135 0.9682 0.0000
vt 0.2554 0.9327 0.0000
vt 0.2573 0.9327 0.0000
vt 0.2554 0.9344 0.0000
vt 0.2573 0.9344 0.0000
vt 0.2698 0.9566 0.0000
vt 0.2690 0.9566 0.0000
vt 0.2698 0.9548 0.0000
vt 0.2690 0.9548 0.0000
vt 0.1163 0.9650 0.0000
vt 0.1170 0.9650 0.0000
vt 0.1163 0.9670 0.0000
vt 0.1170 0.9670 0.0000
vt 0.1163 0.9689 0.0000
vt 0.1170 0.9689 0.0000
vt 0.2698 0.9531 0.0000
vt 0.2690 0.9531 0.0000
vt 0.1163 0.9708 0.0000
vt 0.1170 0.9708 0.0000
vt 0.2698 0.9514 0.0000
vt 0.2690 0.9514 0.0000
vt 0.2554 0.9361 0.0000
vt 0.2573 0.9361 0.0000
vt 0.2554 0.9379 0.0000
vt 0.2573 0.9379 0.0000
vt 0.1127 0.9702 0.0000
vt 0.1135 0.9702 0.0000
vt 0.1127 0.9723 0.0000
vt 0.1135 0.9723 0.0000
vt 0.0895 0.9387 0.0000
vt 0.0904 0.9387 0.0000
vt 0.0895 0.9365 0.0000
vt 0.0904 0.9365 0.0000
vt 0.4430 0.5147 0.0000
vt 0.4430 0.5096 0.0000
vt 0.4445 0.5096 0.0000
vt 0.4445 0.5147 0.0000
vt 0.0498 0.7200 0.0000
vt 0.0498 0.7150 0.0000
vt 0.0509 0.7150 0.0000
vt 0.0509 0.7200 0.0000
vt 0.4430 0.5007 0.0000
vt 0.4445 0.5007 0.0000
vt 0.0498 0.7062 0.0000
vt 0.0509 0.7062 0.0000
vt 0.0521 0.7150 0.0000
vt 0.0521 0.7200 0.0000
vt 0.0521 0.7062 0.0000
vt 0.0498 0.7259 0.0000
vt 0.0509 0.7259 0.0000
vt 0.0521 0.7259 0.0000
vt 0.0532 0.7200 0.0000
vt 0.0532 0.7259 0.0000
vt 0.0532 0.7150 0.0000
vt 0.4604 0.8865 0.0000
vt 0.4604 0.8810 0.0000
vt 0.4627 0.8810 0.0000
vt 0.4627 0.8865 0.0000
vt 0.4604 0.8762 0.0000
vt 0.4627 0.8762 0.0000
vt 0.4604 0.8930 0.0000
vt 0.4627 0.8930 0.0000
vt 0.0532 0.7327 0.0000
vt 0.0521 0.7327 0.0000
vt 0.4604 0.8998 0.0000
vt 0.4627 0.8998 0.0000
vt 0.0532 0.7397 0.0000
vt 0.0521 0.7397 0.0000
vt 0.0509 0.7397 0.0000
vt 0.0509 0.7327 0.0000
vt 0.0498 0.7397 0.0000
vt 0.0498 0.7327 0.0000
vt 0.4430 0.5274 0.0000
vt 0.4430 0.5205 0.0000
vt 0.4445 0.5205 0.0000
vt 0.4445 0.5274 0.0000
vt 0.4430 0.5345 0.0000
vt 0.4445 0.5345 0.0000
vt 0.4411 0.5274 0.0000
vt 0.4411 0.5205 0.0000
vt 0.4411 0.5345 0.0000
vt 0.4430 0.5415 0.0000
vt 0.4411 0.5415 0.0000
vt 0.4445 0.5415 0.0000
vt 0.4430 0.5485 0.0000
vt 0.4411 0.5485 0.0000
vt 0.4445 0.5485 0.0000
vt 0.0498 0.7466 0.0000
vt 0.0509 0.7466 0.0000
vt 0.0498 0.7536 0.0000
vt 0.0509 0.7536 0.0000
vt 0.0521 0.7466 0.0000
vt 0.0521 0.7536 0.0000
vt 0.0532 0.7466 0.0000
vt 0.0532 0.7536 0.0000
vt 0.4604 0.9130 0.0000
vt 0.4604 0.9063 0.0000
vt 0.4627 0.9063 0.0000
vt 0.4627 0.9130 0.0000
vt 0.4604 0.9193 0.0000
vt 0.4627 0.9193 0.0000
vt 0.0532 0.7602 0.0000
vt 0.0521 0.7602 0.0000
vt 0.4627 0.9257 0.0000
vt 0.4604 0.9257 0.0000
vt 0.0532 0.7669 0.0000
vt 0.0521 0.7669 0.0000
vt 0.4627 0.9323 0.0000
vt 0.4604 0.9323 0.0000
vt 0.0532 0.7738 0.0000
vt 0.0521 0.7738 0.0000
vt 0.0509 0.7602 0.0000
vt 0.0509 0.7669 0.0000
vt 0.0509 0.7738 0.0000
vt 0.0498 0.7602 0.0000
vt 0.0498 0.7669 0.0000
vt 0.0498 0.7738 0.0000
vt 0.4430 0.5619 0.0000
vt 0.4445 0.5619 0.0000
vt 0.4445 0.5690 0.0000
vt 0.4430 0.5690 0.0000
vt 0.4430 0.5552 0.0000
vt 0.4445 0.5552 0.0000
vt 0.4411 0.5690 0.0000
vt 0.4411 0.5619 0.0000
vt 0.4411 0.5552 0.0000
vt 0.4392 0.5552 0.0000
vt 0.4392 0.5485 0.0000
vt 0.4392 0.5619 0.0000
vt 0.4377 0.5552 0.0000
vt 0.4377 0.5485 0.0000
vt 0.4377 0.5619 0.0000
vt 0.4392 0.5690 0.0000
vt 0.4377 0.5690 0.0000
vt 0.4352 0.5619 0.0000
vt 0.4352 0.5552 0.0000
vt 0.4352 0.5690 0.0000
vt 0.4508 0.8961 0.0000
vt 0.4493 0.8961 0.0000
vt 0.4493 0.8888 0.0000
vt 0.4508 0.8888 0.0000
vt 0.4493 0.8817 0.0000
vt 0.4508 0.8817 0.0000
vt 0.4478 0.8888 0.0000
vt 0.4478 0.8817 0.0000
vt 0.4478 0.8961 0.0000
vt 0.4464 0.8888 0.0000
vt 0.4464 0.8817 0.0000
vt 0.4464 0.8961 0.0000
vt 0.4478 0.9034 0.0000
vt 0.4464 0.9034 0.0000
vt 0.4493 0.9034 0.0000
vt 0.4478 0.9109 0.0000
vt 0.4464 0.9109 0.0000
vt 0.4493 0.9109 0.0000
vt 0.4478 0.9181 0.0000
vt 0.4464 0.9181 0.0000
vt 0.4493 0.9181 0.0000
vt 0.4478 0.9243 0.0000
vt 0.4464 0.9243 0.0000
vt 0.4493 0.9243 0.0000
vt 0.4478 0.9296 0.0000
vt 0.4464 0.9296 0.0000
vt 0.4493 0.9296 0.0000
vt 0.4478 0.9389 0.0000
vt 0.4464 0.9389 0.0000
vt 0.4493 0.9389 0.0000
vt 0.1920 0.7774 0.0000
vt 0.1920 0.8385 0.0000
vt 0.1907 0.8393 0.0000
vt 0.1907 0.7766 0.0000
vt 0.1894 0.8385 0.0000
vt 0.1894 0.7774 0.0000
vt 0.0999 0.8438 0.0000
vt 0.0984 0.8438 0.0000
vt 0.0984 0.8344 0.0000
vt 0.0999 0.8344 0.0000
vt 0.1014 0.8438 0.0000
vt 0.1014 0.8344 0.0000
vt 0.0999 0.8492 0.0000
vt 0.0984 0.8492 0.0000
vt 0.1014 0.8492 0.0000
vt 0.0999 0.8554 0.0000
vt 0.0984 0.8554 0.0000
vt 0.1014 0.8554 0.0000
vt 0.0999 0.8626 0.0000
vt 0.0984 0.8626 0.0000
vt 0.1014 0.8626 0.0000
vt 0.0999 0.8701 0.0000
vt 0.0984 0.8701 0.0000
vt 0.1014 0.8701 0.0000
vt 0.0999 0.8774 0.0000
vt 0.0984 0.8774 0.0000
vt 0.1014 0.8774 0.0000
vt 0.0999 0.8848 0.0000
vt 0.0984 0.8848 0.0000
vt 0.1014 0.8848 0.0000
vt 0.0999 0.8919 0.0000
vt 0.0984 0.8919 0.0000
vt 0.1014 0.8919 0.0000
vt 0.0999 0.8990 0.0000
vt 0.0984 0.8990 0.0000
vt 0.1014 0.8990 0.0000
vt 0.0999 0.9064 0.0000
vt 0.0984 0.9064 0.0000
vt 0.1014 0.9064 0.0000
vt 0.0999 0.9137 0.0000
vt 0.0984 0.9137 0.0000
vt 0.1014 0.9137 0.0000
vt 0.0999 0.9212 0.0000
vt 0.0984 0.9212 0.0000
vt 0.1014 0.9212 0.0000
vt 0.0999 0.9284 0.0000
vt 0.0984 0.9284 0.0000
vt 0.1014 0.9284 0.0000
vt 0.0999 0.9346 0.0000
vt 0.0984 0.9346 0.0000
vt 0.1014 0.9346 0.0000
vt 0.0999 0.9400 0.0000
vt 0.0984 0.9400 0.0000
vt 0.1014 0.9400 0.0000
vt 0.0999 0.9494 0.0000
vt 0.0984 0.9494 0.0000
vt 0.1014 0.9494 0.0000
vt 0.1150 0.8815 0.0000
vt 0.1150 0.9442 0.0000
vt 0.1137 0.9434 0.0000
vt 0.1137 0.8823 0.0000
vt 0.1163 0.8823 0.0000
vt 0.1163 0.9434 0.0000
vt 0.4478 0.8245 0.0000
vt 0.4478 0.8339 0.0000
vt 0.4464 0.8339 0.0000
vt 0.4464 0.8245 0.0000
vt 0.4493 0.8245 0.0000
vt 0.4493 0.8339 0.0000
vt 0.4478 0.8392 0.0000
vt 0.4464 0.8392 0.0000
vt 0.4493 0.8392 0.0000
vt 0.4478 0.8454 0.0000
vt 0.4464 0.8454 0.0000
vt 0.4493 0.8454 0.0000
vt 0.4478 0.8526 0.0000
vt 0.4464 0.8526 0.0000
vt 0.4493 0.8526 0.0000
vt 0.4478 0.8600 0.0000
vt 0.4464 0.8600 0.0000
vt 0.4493 0.8600 0.0000
vt 0.4478 0.8673 0.0000
vt 0.4464 0.8673 0.0000
vt 0.4493 0.8673 0.0000
vt 0.4478 0.8747 0.0000
vt 0.4464 0.8747 0.0000
vt 0.4493 0.8747 0.0000
vt 0.4508 0.8747 0.0000
vt 0.4508 0.8673 0.0000
vt 0.4352 0.5485 0.0000
vt 0.4377 0.5415 0.0000
vt 0.4352 0.5415 0.0000
vt 0.4377 0.5345 0.0000
vt 0.4352 0.5345 0.0000
vt 0.4508 0.8600 0.0000
vt 0.4377 0.5274 0.0000
vt 0.4352 0.5274 0.0000
vt 0.4508 0.8526 0.0000
vt 0.4377 0.5205 0.0000
vt 0.4352 0.5205 0.0000
vt 0.4508 0.8454 0.0000
vt 0.4377 0.5147 0.0000
vt 0.4352 0.5147 0.0000
vt 0.4508 0.8392 0.0000
vt 0.4377 0.5096 0.0000
vt 0.4352 0.5096 0.0000
vt 0.4508 0.8339 0.0000
vt 0.4377 0.5007 0.0000
vt 0.4352 0.5007 0.0000
vt 0.4508 0.8245 0.0000
vt 0.2163 0.8352 0.0000
vt 0.2163 0.7763 0.0000
vt 0.2174 0.7763 0.0000
vt 0.2174 0.8352 0.0000
vt 0.1173 0.8837 0.0000
vt 0.1173 0.9419 0.0000
vt 0.0932 0.5944 0.0000
vt 0.0896 0.6063 0.0000
vt 0.0885 0.6063 0.0000
vt 0.0885 0.5976 0.0000
vt 0.1028 0.9400 0.0000
vt 0.1028 0.9494 0.0000
vt 0.0886 0.5922 0.0000
vt 0.0843 0.5952 0.0000
vt 0.1028 0.9346 0.0000
vt 0.0836 0.5888 0.0000
vt 0.0799 0.5920 0.0000
vt 0.1028 0.9284 0.0000
vt 0.0791 0.5839 0.0000
vt 0.0752 0.5865 0.0000
vt 0.1028 0.9212 0.0000
vt 0.0754 0.5780 0.0000
vt 0.0711 0.5799 0.0000
vt 0.1028 0.9137 0.0000
vt 0.0729 0.5720 0.0000
vt 0.0683 0.5731 0.0000
vt 0.1028 0.9064 0.0000
vt 0.0714 0.5651 0.0000
vt 0.0667 0.5653 0.0000
vt 0.1028 0.8990 0.0000
vt 0.0709 0.5584 0.0000
vt 0.0662 0.5584 0.0000
vt 0.1028 0.8919 0.0000
vt 0.0667 0.5516 0.0000
vt 0.0714 0.5518 0.0000
vt 0.1028 0.8848 0.0000
vt 0.0683 0.5438 0.0000
vt 0.0729 0.5448 0.0000
vt 0.1028 0.8774 0.0000
vt 0.0711 0.5370 0.0000
vt 0.0754 0.5389 0.0000
vt 0.1028 0.8701 0.0000
vt 0.0752 0.5304 0.0000
vt 0.0791 0.5330 0.0000
vt 0.1028 0.8626 0.0000
vt 0.0799 0.5249 0.0000
vt 0.0836 0.5281 0.0000
vt 0.1028 0.8554 0.0000
vt 0.0843 0.5217 0.0000
vt 0.0886 0.5247 0.0000
vt 0.1028 0.8492 0.0000
vt 0.0885 0.5193 0.0000
vt 0.0932 0.5225 0.0000
vt 0.1028 0.8438 0.0000
vt 0.0885 0.5106 0.0000
vt 0.0896 0.5106 0.0000
vt 0.1028 0.8344 0.0000
vt 0.2568 0.8203 0.0000
vt 0.2568 0.7614 0.0000
vt 0.2580 0.7614 0.0000
vt 0.2580 0.8203 0.0000
vt 0.1883 0.8371 0.0000
vt 0.1883 0.7789 0.0000
vt 0.4377 0.6098 0.0000
vt 0.4352 0.6098 0.0000
vt 0.4352 0.6008 0.0000
vt 0.4377 0.6008 0.0000
vt 0.4508 0.9389 0.0000
vt 0.4508 0.9296 0.0000
vt 0.4352 0.5958 0.0000
vt 0.4377 0.5958 0.0000
vt 0.4508 0.9243 0.0000
vt 0.4352 0.5899 0.0000
vt 0.4377 0.5899 0.0000
vt 0.4508 0.9181 0.0000
vt 0.4352 0.5830 0.0000
vt 0.4377 0.5830 0.0000
vt 0.4508 0.9109 0.0000
vt 0.4352 0.5759 0.0000
vt 0.4377 0.5759 0.0000
vt 0.4508 0.9034 0.0000
vt 0.4392 0.5759 0.0000
vt 0.4392 0.5830 0.0000
vt 0.4411 0.5759 0.0000
vt 0.4411 0.5830 0.0000
vt 0.4411 0.5899 0.0000
vt 0.4392 0.5899 0.0000
vt 0.4411 0.5958 0.0000
vt 0.4392 0.5958 0.0000
vt 0.4411 0.6008 0.0000
vt 0.4392 0.6008 0.0000
vt 0.4411 0.6098 0.0000
vt 0.4392 0.6098 0.0000
vt 0.2598 0.8203 0.0000
vt 0.2595 0.7625 0.0000
vt 0.2615 0.7637 0.0000
vt 0.2618 0.8203 0.0000
vt 0.0921 0.5135 0.0000
vt 0.0906 0.5120 0.0000
vt 0.2636 0.7647 0.0000
vt 0.2638 0.8203 0.0000
vt 0.0938 0.5145 0.0000
vt 0.0956 0.5151 0.0000
vt 0.2656 0.7653 0.0000
vt 0.2657 0.8203 0.0000
vt 0.4430 0.6098 0.0000
vt 0.4430 0.6008 0.0000
vt 0.4445 0.6008 0.0000
vt 0.4445 0.6098 0.0000
vt 0.0498 0.8054 0.0000
vt 0.0509 0.8054 0.0000
vt 0.0509 0.8143 0.0000
vt 0.0498 0.8143 0.0000
vt 0.4192 0.8769 0.0000
vt 0.4192 0.9317 0.0000
vt 0.4181 0.9317 0.0000
vt 0.4182 0.8783 0.0000
vt 0.0521 0.8054 0.0000
vt 0.0521 0.8143 0.0000
vt 0.4203 0.8769 0.0000
vt 0.4203 0.9317 0.0000
vt 0.0956 0.5140 0.0000
vt 0.0967 0.5140 0.0000
vt 0.0967 0.5151 0.0000
vt 0.4212 0.8780 0.0000
vt 0.4214 0.9317 0.0000
vt 0.0990 0.5151 0.0000
vt 0.0990 0.5268 0.0000
vt 0.1444 0.8961 0.0000
vt 0.1444 0.9511 0.0000
vt 0.1421 0.9511 0.0000
vt 0.1421 0.8961 0.0000
vt 0.4604 0.9625 0.0000
vt 0.4627 0.9625 0.0000
vt 0.4627 0.9709 0.0000
vt 0.4604 0.9709 0.0000
vt 0.0532 0.8143 0.0000
vt 0.0532 0.8054 0.0000
vt 0.4604 0.9577 0.0000
vt 0.4627 0.9577 0.0000
vt 0.0521 0.8004 0.0000
vt 0.0532 0.8004 0.0000
vt 0.0509 0.8004 0.0000
vt 0.0521 0.7946 0.0000
vt 0.0532 0.7946 0.0000
vt 0.0509 0.7946 0.0000
vt 0.0498 0.7946 0.0000
vt 0.0498 0.8004 0.0000
vt 0.4430 0.5958 0.0000
vt 0.4445 0.5958 0.0000
vt 0.4430 0.5899 0.0000
vt 0.4445 0.5899 0.0000
vt 0.4430 0.5830 0.0000
vt 0.4445 0.5830 0.0000
vt 0.4430 0.5759 0.0000
vt 0.4445 0.5759 0.0000
vt 0.0498 0.7878 0.0000
vt 0.0509 0.7878 0.0000
vt 0.0498 0.7807 0.0000
vt 0.0509 0.7807 0.0000
vt 0.0521 0.7807 0.0000
vt 0.0521 0.7878 0.0000
vt 0.0532 0.7878 0.0000
vt 0.0532 0.7807 0.0000
vt 0.4604 0.9389 0.0000
vt 0.4627 0.9389 0.0000
vt 0.4627 0.9456 0.0000
vt 0.4604 0.9456 0.0000
vt 0.4627 0.9521 0.0000
vt 0.4604 0.9521 0.0000
vt 0.4352 0.6311 0.0000
vt 0.4413 0.6312 0.0000
vt 0.4413 0.6369 0.0000
vt 0.4351 0.6369 0.0000
vt 0.4413 0.6426 0.0000
vt 0.4351 0.6426 0.0000
vt 0.4352 0.6253 0.0000
vt 0.4413 0.6253 0.0000
vt 0.4352 0.6184 0.0000
vt 0.4413 0.6184 0.0000
vt 0.4352 0.6126 0.0000
vt 0.4413 0.6126 0.0000
vt 0.1078 0.5311 0.0000
vt 0.1078 0.5373 0.0000
vt 0.0961 0.5311 0.0000
vt 0.1078 0.5820 0.0000
vt 0.0961 0.5862 0.0000
vt 0.1057 0.8713 0.0000
vt 0.1098 0.8713 0.0000
vt 0.1098 0.8770 0.0000
vt 0.1057 0.8770 0.0000
vt 0.1078 0.5862 0.0000
vt 0.1098 0.8838 0.0000
vt 0.1057 0.8838 0.0000
vt 0.1098 0.8895 0.0000
vt 0.1057 0.8895 0.0000
vt 0.1098 0.8955 0.0000
vt 0.1057 0.8955 0.0000
vt 0.1098 0.9009 0.0000
vt 0.1056 0.9009 0.0000
vt 0.1098 0.9070 0.0000
vt 0.1056 0.9070 0.0000
vt 0.1098 0.9131 0.0000
vt 0.1056 0.9131 0.0000
vt 0.1056 0.9193 0.0000
vt 0.1098 0.9193 0.0000
vt 0.1056 0.9254 0.0000
vt 0.1098 0.9254 0.0000
vt 0.1057 0.9308 0.0000
vt 0.1098 0.9308 0.0000
vt 0.1057 0.9368 0.0000
vt 0.1098 0.9367 0.0000
vt 0.1057 0.9425 0.0000
vt 0.1098 0.9425 0.0000
vt 0.1057 0.9493 0.0000
vt 0.1098 0.9493 0.0000
vt 0.1057 0.9550 0.0000
vt 0.1098 0.9550 0.0000
vt 0.3508 0.7062 0.0000
vt 0.3625 0.7062 0.0000
vt 0.3625 0.7103 0.0000
vt 0.3625 0.7551 0.0000
vt 0.3508 0.7612 0.0000
vt 0.0967 0.6018 0.0000
vt 0.0990 0.5901 0.0000
vt 0.0990 0.6018 0.0000
vt 0.1473 0.9511 0.0000
vt 0.1473 0.8961 0.0000
vt 0.1496 0.8961 0.0000
vt 0.1496 0.9511 0.0000
vt 0.3625 0.7612 0.0000
vt 0.4604 0.8677 0.0000
vt 0.4627 0.8677 0.0000
vt 0.0532 0.7062 0.0000
vt 0.2847 0.6380 0.0000
vt 0.2857 0.6367 0.0000
vt 0.2857 0.6914 0.0000
vt 0.2846 0.6914 0.0000
vt 0.2868 0.6367 0.0000
vt 0.2868 0.6914 0.0000
vt 0.0956 0.6018 0.0000
vt 0.0967 0.6029 0.0000
vt 0.0956 0.6029 0.0000
vt 0.2877 0.6378 0.0000
vt 0.2879 0.6914 0.0000
vt 0.0938 0.6024 0.0000
vt 0.2107 0.7795 0.0000
vt 0.2104 0.8352 0.0000
vt 0.2086 0.8352 0.0000
vt 0.2087 0.7802 0.0000
vt 0.0921 0.6034 0.0000
vt 0.2128 0.7786 0.0000
vt 0.2125 0.8352 0.0000
vt 0.4411 0.5096 0.0000
vt 0.4411 0.5007 0.0000
vt 0.2148 0.7774 0.0000
vt 0.2145 0.8352 0.0000
vt 0.4392 0.5096 0.0000
vt 0.4392 0.5007 0.0000
vt 0.4411 0.5147 0.0000
vt 0.4392 0.5147 0.0000
vt 0.4392 0.5205 0.0000
vt 0.4392 0.5274 0.0000
vt 0.4392 0.5345 0.0000
vt 0.4392 0.5415 0.0000
vt 0.0906 0.6049 0.0000
vt 0.4352 0.6962 0.0000
vt 0.4352 0.6904 0.0000
vt 0.4413 0.6904 0.0000
vt 0.4413 0.6962 0.0000
vt 0.4352 0.6835 0.0000
vt 0.4413 0.6835 0.0000
vt 0.4352 0.6777 0.0000
vt 0.4413 0.6776 0.0000
vt 0.4351 0.6719 0.0000
vt 0.4413 0.6719 0.0000
vt 0.4351 0.6662 0.0000
vt 0.4413 0.6662 0.0000
vt 0.4351 0.6606 0.0000
vt 0.4413 0.6606 0.0000
vt 0.4351 0.6544 0.0000
vt 0.4413 0.6544 0.0000
vt 0.4351 0.6482 0.0000
vt 0.4413 0.6482 0.0000
vt 0.0936 0.5883 0.0000
vt 0.0879 0.5847 0.0000
vt 0.0839 0.5805 0.0000
vt 0.0807 0.5755 0.0000
vt 0.0785 0.5705 0.0000
vt 0.0772 0.5646 0.0000
vt 0.0768 0.5584 0.0000
vt 0.0772 0.5523 0.0000
vt 0.0785 0.5463 0.0000
vt 0.0807 0.5414 0.0000
vt 0.0839 0.5364 0.0000
vt 0.0879 0.5322 0.0000
vt 0.0936 0.5286 0.0000
vt 0.4449 0.8817 0.0000
vt 0.4449 0.8747 0.0000
vt 0.4449 0.8673 0.0000
vt 0.2104 0.6638 0.0000
vt 0.2104 0.6709 0.0000
vt 0.2092 0.6709 0.0000
vt 0.2092 0.6638 0.0000
vt 0.2104 0.6564 0.0000
vt 0.2092 0.6564 0.0000
vt 0.2104 0.6491 0.0000
vt 0.2092 0.6491 0.0000
vt 0.4449 0.8600 0.0000
vt 0.2104 0.6416 0.0000
vt 0.2092 0.6416 0.0000
vt 0.4449 0.8526 0.0000
vt 0.2104 0.6343 0.0000
vt 0.2092 0.6343 0.0000
vt 0.4449 0.8454 0.0000
vt 0.2104 0.6281 0.0000
vt 0.2092 0.6281 0.0000
vt 0.4449 0.8392 0.0000
vt 0.2104 0.6228 0.0000
vt 0.2092 0.6228 0.0000
vt 0.4449 0.8339 0.0000
vt 0.2104 0.6133 0.0000
vt 0.2092 0.6133 0.0000
vt 0.4449 0.8245 0.0000
vt 0.0453 0.9110 0.0000
vt 0.0453 0.9699 0.0000
vt 0.0441 0.9699 0.0000
vt 0.0441 0.9110 0.0000
vt 0.1127 0.9420 0.0000
vt 0.1127 0.8837 0.0000
vt 0.0193 0.9734 0.0000
vt 0.0193 0.9828 0.0000
vt 0.0181 0.9828 0.0000
vt 0.0181 0.9734 0.0000
vt 0.0970 0.9494 0.0000
vt 0.0970 0.9400 0.0000
vt 0.0193 0.9680 0.0000
vt 0.0181 0.9680 0.0000
vt 0.0970 0.9346 0.0000
vt 0.0193 0.9618 0.0000
vt 0.0181 0.9618 0.0000
vt 0.0970 0.9284 0.0000
vt 0.0193 0.9546 0.0000
vt 0.0181 0.9546 0.0000
vt 0.0970 0.9212 0.0000
vt 0.0193 0.9471 0.0000
vt 0.0181 0.9471 0.0000
vt 0.0970 0.9137 0.0000
vt 0.0193 0.9397 0.0000
vt 0.0181 0.9397 0.0000
vt 0.0970 0.9064 0.0000
vt 0.0193 0.9323 0.0000
vt 0.0181 0.9323 0.0000
vt 0.0970 0.8990 0.0000
vt 0.0193 0.9253 0.0000
vt 0.0181 0.9253 0.0000
vt 0.0970 0.8919 0.0000
vt 0.0181 0.9182 0.0000
vt 0.0193 0.9182 0.0000
vt 0.0970 0.8848 0.0000
vt 0.0181 0.9108 0.0000
vt 0.0193 0.9108 0.0000
vt 0.0970 0.8774 0.0000
vt 0.0181 0.9034 0.0000
vt 0.0193 0.9034 0.0000
vt 0.0970 0.8701 0.0000
vt 0.0181 0.8960 0.0000
vt 0.0193 0.8960 0.0000
vt 0.0970 0.8626 0.0000
vt 0.0181 0.8887 0.0000
vt 0.0193 0.8887 0.0000
vt 0.0970 0.8554 0.0000
vt 0.0181 0.8825 0.0000
vt 0.0193 0.8825 0.0000
vt 0.0970 0.8492 0.0000
vt 0.0181 0.8772 0.0000
vt 0.0193 0.8772 0.0000
vt 0.0970 0.8438 0.0000
vt 0.0181 0.8677 0.0000
vt 0.0193 0.8677 0.0000
vt 0.0970 0.8344 0.0000
vt 0.0493 0.9110 0.0000
vt 0.0493 0.9699 0.0000
vt 0.0481 0.9699 0.0000
vt 0.0481 0.9110 0.0000
vt 0.1930 0.7788 0.0000
vt 0.1930 0.8370 0.0000
vt 0.2104 0.7284 0.0000
vt 0.2092 0.7284 0.0000
vt 0.2092 0.7190 0.0000
vt 0.2104 0.7190 0.0000
vt 0.4449 0.9296 0.0000
vt 0.4449 0.9389 0.0000
vt 0.2092 0.7137 0.0000
vt 0.2104 0.7137 0.0000
vt 0.4449 0.9243 0.0000
vt 0.2092 0.7074 0.0000
vt 0.2104 0.7074 0.0000
vt 0.4449 0.9181 0.0000
vt 0.2092 0.7002 0.0000
vt 0.2104 0.7002 0.0000
vt 0.4449 0.9109 0.0000
vt 0.2092 0.6927 0.0000
vt 0.2104 0.6927 0.0000
vt 0.4449 0.9034 0.0000
vt 0.2092 0.6854 0.0000
vt 0.2104 0.6854 0.0000
vt 0.4449 0.8961 0.0000
vt 0.2092 0.6779 0.0000
vt 0.2104 0.6779 0.0000
vt 0.4449 0.8888 0.0000
vt 0.2229 0.6995 0.0000
vt 0.2818 0.6995 0.0000
vt 0.2818 0.7074 0.0000
vt 0.2229 0.7079 0.0000
vt 0.2228 0.6924 0.0000
vt 0.2817 0.6924 0.0000
vt 0.2229 0.6852 0.0000
vt 0.2818 0.6852 0.0000
vt 0.2818 0.7156 0.0000
vt 0.2229 0.7158 0.0000
vt 0.2818 0.7238 0.0000
vt 0.2229 0.7242 0.0000
vt 0.2818 0.7316 0.0000
vt 0.2229 0.7319 0.0000
vt 0.2818 0.7368 0.0000
vt 0.2229 0.7370 0.0000
vt 0.2818 0.7416 0.0000
vt 0.2229 0.7417 0.0000
vt 0.2818 0.7480 0.0000
vt 0.2229 0.7480 0.0000
vt 0.2229 0.6769 0.0000
vt 0.2818 0.6773 0.0000
vt 0.2229 0.6690 0.0000
vt 0.2818 0.6691 0.0000
vt 0.2229 0.6606 0.0000
vt 0.2818 0.6610 0.0000
vt 0.2229 0.6529 0.0000
vt 0.2818 0.6531 0.0000
vt 0.2229 0.6477 0.0000
vt 0.2818 0.6480 0.0000
vt 0.2229 0.6431 0.0000
vt 0.2818 0.6432 0.0000
vt 0.2229 0.6367 0.0000
vt 0.2818 0.6368 0.0000
vt 0.2332 0.8924 0.0000
vt 0.2323 0.8999 0.0000
vt 0.1997 0.8924 0.0000
vt 0.2332 0.8883 0.0000
vt 0.1670 0.8999 0.0000
vt 0.1661 0.8924 0.0000
vt 0.1661 0.8883 0.0000
vt 0.2071 0.9251 0.0000
vt 0.1997 0.9259 0.0000
vt 0.1922 0.9251 0.0000
vt 0.1695 0.9070 0.0000
vt 0.1734 0.9133 0.0000
vt 0.1788 0.9186 0.0000
vt 0.1851 0.9226 0.0000
vt 0.2142 0.9226 0.0000
vt 0.2205 0.9186 0.0000
vt 0.2259 0.9133 0.0000
vt 0.2298 0.9070 0.0000
vt 0.4279 0.9229 0.0000
vt 0.4279 0.9238 0.0000
vt 0.4242 0.9238 0.0000
vt 0.4242 0.9229 0.0000
vt 0.4279 0.9220 0.0000
vt 0.4242 0.9220 0.0000
vt 0.0853 0.5440 0.0000
vt 0.0847 0.5447 0.0000
vt 0.0843 0.5436 0.0000
vt 0.0838 0.5447 0.0000
vt 0.0847 0.5425 0.0000
vt 0.0853 0.5431 0.0000
vt 0.0838 0.5425 0.0000
vt 0.0832 0.5431 0.0000
vt 0.0832 0.5440 0.0000
vt 0.4279 0.9247 0.0000
vt 0.4242 0.9247 0.0000
vt 0.4279 0.9256 0.0000
vt 0.4242 0.9256 0.0000
vt 0.2559 0.8951 0.0000
vt 0.2491 0.8987 0.0000
vt 0.2486 0.8943 0.0000
vt 0.2555 0.8943 0.0000
vt 0.2567 0.8955 0.0000
vt 0.2503 0.9028 0.0000
vt 0.4854 0.6479 0.0000
vt 0.4846 0.6479 0.0000
vt 0.4846 0.6435 0.0000
vt 0.4854 0.6435 0.0000
vt 0.4846 0.6391 0.0000
vt 0.4854 0.6391 0.0000
vt 0.4846 0.6347 0.0000
vt 0.4854 0.6347 0.0000
vt 0.2491 0.8900 0.0000
vt 0.4846 0.6304 0.0000
vt 0.4854 0.6304 0.0000
vt 0.2503 0.8858 0.0000
vt 0.2559 0.8935 0.0000
vt 0.4846 0.6260 0.0000
vt 0.4854 0.6260 0.0000
vt 0.2524 0.8819 0.0000
vt 0.2567 0.8931 0.0000
vt 0.4242 0.9265 0.0000
vt 0.4279 0.9265 0.0000
vt 0.4279 0.9274 0.0000
vt 0.4242 0.9274 0.0000
vt 0.4279 0.9202 0.0000
vt 0.4279 0.9211 0.0000
vt 0.4242 0.9211 0.0000
vt 0.4242 0.9202 0.0000
vt 0.2709 0.8943 0.0000
vt 0.2576 0.8935 0.0000
vt 0.2579 0.8943 0.0000
vt 0.2753 0.8724 0.0000
vt 0.2709 0.8720 0.0000
vt 0.2666 0.8724 0.0000
vt 0.2666 0.9162 0.0000
vt 0.2709 0.9166 0.0000
vt 0.2753 0.9162 0.0000
vt 0.2624 0.8737 0.0000
vt 0.2585 0.8758 0.0000
vt 0.2552 0.8785 0.0000
vt 0.2895 0.8819 0.0000
vt 0.2851 0.8931 0.0000
vt 0.2843 0.8935 0.0000
vt 0.2867 0.8785 0.0000
vt 0.2833 0.8758 0.0000
vt 0.2795 0.8737 0.0000
vt 0.2795 0.9149 0.0000
vt 0.2833 0.9128 0.0000
vt 0.2867 0.9101 0.0000
vt 0.2840 0.8943 0.0000
vt 0.2843 0.8951 0.0000
vt 0.2895 0.9067 0.0000
vt 0.2624 0.9149 0.0000
vt 0.2585 0.9128 0.0000
vt 0.2552 0.9101 0.0000
vt 0.2576 0.8951 0.0000
vt 0.4854 0.6610 0.0000
vt 0.4846 0.6610 0.0000
vt 0.4846 0.6566 0.0000
vt 0.4854 0.6566 0.0000
vt 0.4846 0.6522 0.0000
vt 0.4854 0.6522 0.0000
vt 0.2524 0.9067 0.0000
vt 0.1285 0.8340 0.0000
vt 0.1152 0.8474 0.0000
vt 0.1101 0.8411 0.0000
vt 0.1258 0.8306 0.0000
vt 0.1063 0.8340 0.0000
vt 0.1237 0.8268 0.0000
vt 0.4926 0.6506 0.0000
vt 0.4926 0.6587 0.0000
vt 0.4918 0.6587 0.0000
vt 0.4918 0.6506 0.0000
vt 0.4926 0.6667 0.0000
vt 0.4918 0.6667 0.0000
vt 0.4926 0.6748 0.0000
vt 0.4918 0.6748 0.0000
vt 0.1039 0.8263 0.0000
vt 0.1224 0.8226 0.0000
vt 0.4926 0.6829 0.0000
vt 0.4918 0.6829 0.0000
vt 0.1031 0.8182 0.0000
vt 0.1220 0.8182 0.0000
vt 0.4926 0.6910 0.0000
vt 0.4918 0.6910 0.0000
vt 0.1039 0.8102 0.0000
vt 0.1224 0.8139 0.0000
vt 0.4926 0.6990 0.0000
vt 0.4918 0.6990 0.0000
vt 0.1063 0.8025 0.0000
vt 0.1237 0.8097 0.0000
vt 0.4926 0.7071 0.0000
vt 0.4918 0.7071 0.0000
vt 0.1101 0.7953 0.0000
vt 0.1258 0.8058 0.0000
vt 0.4926 0.7152 0.0000
vt 0.4918 0.7152 0.0000
vt 0.1152 0.7891 0.0000
vt 0.1285 0.8025 0.0000
vt 0.4846 0.6216 0.0000
vt 0.4854 0.6216 0.0000
vt 0.4846 0.6172 0.0000
vt 0.4854 0.6172 0.0000
vt 0.1214 0.7840 0.0000
vt 0.1319 0.7997 0.0000
vt 0.4846 0.6129 0.0000
vt 0.4854 0.6129 0.0000
vt 0.1285 0.7802 0.0000
vt 0.1358 0.7976 0.0000
vt 0.4926 0.7233 0.0000
vt 0.4918 0.7233 0.0000
vt 0.4926 0.7313 0.0000
vt 0.4918 0.7313 0.0000
vt 0.4926 0.7394 0.0000
vt 0.4918 0.7394 0.0000
vt 0.1363 0.7778 0.0000
vt 0.1400 0.7964 0.0000
vt 0.4926 0.7475 0.0000
vt 0.4918 0.7475 0.0000
vt 0.1443 0.7770 0.0000
vt 0.1443 0.7959 0.0000
vt 0.4846 0.6085 0.0000
vt 0.4846 0.6041 0.0000
vt 0.4854 0.6041 0.0000
vt 0.4854 0.6085 0.0000
vt 0.4955 0.5663 0.0000
vt 0.4963 0.5663 0.0000
vt 0.4963 0.5706 0.0000
vt 0.4955 0.5706 0.0000
vt 0.1487 0.7964 0.0000
vt 0.1523 0.7778 0.0000
vt 0.4955 0.5619 0.0000
vt 0.4963 0.5619 0.0000
vt 0.1528 0.7976 0.0000
vt 0.1601 0.7802 0.0000
vt 0.1743 0.7151 0.0000
vt 0.1751 0.7151 0.0000
vt 0.1751 0.7231 0.0000
vt 0.1743 0.7231 0.0000
vt 0.1751 0.7312 0.0000
vt 0.1743 0.7312 0.0000
vt 0.1800 0.5110 0.0000
vt 0.1835 0.5007 0.0000
vt 0.1947 0.5007 0.0000
vt 0.1877 0.5133 0.0000
vt 0.1719 0.5102 0.0000
vt 0.1719 0.5007 0.0000
vt 0.4929 0.7899 0.0000
vt 0.4920 0.7899 0.0000
vt 0.4920 0.7788 0.0000
vt 0.4929 0.7788 0.0000
vt 0.4929 0.8015 0.0000
vt 0.4920 0.8015 0.0000
vt 0.4929 0.8131 0.0000
vt 0.4920 0.8131 0.0000
vt 0.4929 0.8243 0.0000
vt 0.4920 0.8243 0.0000
vt 0.1639 0.5110 0.0000
vt 0.1562 0.5133 0.0000
vt 0.1492 0.5007 0.0000
vt 0.1603 0.5007 0.0000
vt 0.4929 0.8346 0.0000
vt 0.4920 0.8346 0.0000
vt 0.1490 0.5171 0.0000
vt 0.1389 0.5007 0.0000
vt 0.4929 0.8523 0.0000
vt 0.4920 0.8523 0.0000
vt 0.1428 0.5223 0.0000
vt 0.1212 0.5007 0.0000
vt 0.4929 0.8557 0.0000
vt 0.4929 0.8734 0.0000
vt 0.4920 0.8734 0.0000
vt 0.4920 0.8557 0.0000
vt 0.4929 0.8837 0.0000
vt 0.4920 0.8837 0.0000
vt 0.1377 0.5285 0.0000
vt 0.1339 0.5356 0.0000
vt 0.1212 0.5287 0.0000
vt 0.1212 0.5184 0.0000
vt 0.4929 0.8948 0.0000
vt 0.4920 0.8948 0.0000
vt 0.1315 0.5434 0.0000
vt 0.1212 0.5398 0.0000
vt 0.4929 0.9064 0.0000
vt 0.4920 0.9064 0.0000
vt 0.1307 0.5514 0.0000
vt 0.1212 0.5514 0.0000
vt 0.4929 0.9180 0.0000
vt 0.4920 0.9180 0.0000
vt 0.4929 0.9292 0.0000
vt 0.4920 0.9292 0.0000
vt 0.1315 0.5594 0.0000
vt 0.1339 0.5672 0.0000
vt 0.1212 0.5741 0.0000
vt 0.1212 0.5630 0.0000
vt 0.4929 0.9395 0.0000
vt 0.4920 0.9395 0.0000
vt 0.1377 0.5743 0.0000
vt 0.1212 0.5844 0.0000
vt 0.4929 0.9506 0.0000
vt 0.4920 0.9506 0.0000
vt 0.1428 0.5805 0.0000
vt 0.1212 0.5955 0.0000
vt 0.2526 0.9124 0.0000
vt 0.2526 0.9301 0.0000
vt 0.2517 0.9301 0.0000
vt 0.2517 0.9124 0.0000
vt 0.2526 0.9404 0.0000
vt 0.2517 0.9404 0.0000
vt 0.1490 0.5857 0.0000
vt 0.1562 0.5895 0.0000
vt 0.1492 0.5955 0.0000
vt 0.1389 0.5955 0.0000
vt 0.4926 0.6345 0.0000
vt 0.4926 0.6425 0.0000
vt 0.4918 0.6425 0.0000
vt 0.4918 0.6345 0.0000
vt 0.1358 0.8388 0.0000
vt 0.1285 0.8563 0.0000
vt 0.1214 0.8525 0.0000
vt 0.1319 0.8368 0.0000
vt 0.4854 0.6653 0.0000
vt 0.4846 0.6653 0.0000
vt 0.4854 0.6697 0.0000
vt 0.4846 0.6697 0.0000
vt 0.1400 0.8401 0.0000
vt 0.1363 0.8586 0.0000
vt 0.4854 0.6741 0.0000
vt 0.4846 0.6741 0.0000
vt 0.1443 0.8405 0.0000
vt 0.1443 0.8594 0.0000
vt 0.4926 0.6183 0.0000
vt 0.4926 0.6264 0.0000
vt 0.4918 0.6264 0.0000
vt 0.4918 0.6183 0.0000
vt 0.1684 0.5955 0.0000
vt 0.1639 0.5918 0.0000
vt 0.1719 0.5926 0.0000
vt 0.1719 0.5955 0.0000
vt 0.1603 0.5955 0.0000
vt 0.2526 0.9515 0.0000
vt 0.2526 0.9596 0.0000
vt 0.2517 0.9596 0.0000
vt 0.2517 0.9515 0.0000
vt 0.1688 0.5973 0.0000
vt 0.3416 0.5882 0.0000
vt 0.3416 0.5864 0.0000
vt 0.3424 0.5864 0.0000
vt 0.3424 0.5882 0.0000
vt 0.3416 0.5846 0.0000
vt 0.3424 0.5846 0.0000
vt 0.3416 0.5827 0.0000
vt 0.3424 0.5827 0.0000
vt 0.1701 0.5986 0.0000
vt 0.1719 0.5991 0.0000
vt 0.1737 0.5986 0.0000
vt 0.3416 0.5809 0.0000
vt 0.3424 0.5809 0.0000
vt 0.3416 0.5790 0.0000
vt 0.3424 0.5790 0.0000
vt 0.1750 0.5973 0.0000
vt 0.3416 0.5772 0.0000
vt 0.3424 0.5772 0.0000
vt 0.2309 0.9508 0.0000
vt 0.2318 0.9508 0.0000
vt 0.2318 0.9589 0.0000
vt 0.2309 0.9589 0.0000
vt 0.1800 0.5918 0.0000
vt 0.1835 0.5955 0.0000
vt 0.1755 0.5955 0.0000
vt 0.1743 0.6020 0.0000
vt 0.1751 0.6020 0.0000
vt 0.1751 0.6101 0.0000
vt 0.1743 0.6101 0.0000
vt 0.1751 0.6182 0.0000
vt 0.1743 0.6182 0.0000
vt 0.1877 0.5895 0.0000
vt 0.1947 0.5955 0.0000
vt 0.1751 0.6262 0.0000
vt 0.1743 0.6262 0.0000
vt 0.1948 0.5857 0.0000
vt 0.2049 0.5955 0.0000
vt 0.2309 0.9397 0.0000
vt 0.2318 0.9397 0.0000
vt 0.2309 0.9294 0.0000
vt 0.2318 0.9294 0.0000
vt 0.2309 0.9117 0.0000
vt 0.2318 0.9117 0.0000
vt 0.4963 0.6294 0.0000
vt 0.4954 0.6294 0.0000
vt 0.4954 0.6183 0.0000
vt 0.4963 0.6183 0.0000
vt 0.2010 0.5805 0.0000
vt 0.2227 0.5955 0.0000
vt 0.2062 0.5743 0.0000
vt 0.2227 0.5844 0.0000
vt 0.1751 0.6343 0.0000
vt 0.1743 0.6343 0.0000
vt 0.1751 0.6424 0.0000
vt 0.1743 0.6424 0.0000
vt 0.1751 0.6505 0.0000
vt 0.1743 0.6505 0.0000
vt 0.2100 0.5672 0.0000
vt 0.2227 0.5741 0.0000
vt 0.1751 0.6585 0.0000
vt 0.1743 0.6585 0.0000
vt 0.2123 0.5594 0.0000
vt 0.2227 0.5630 0.0000
vt 0.4963 0.6397 0.0000
vt 0.4954 0.6397 0.0000
vt 0.4963 0.6508 0.0000
vt 0.4954 0.6508 0.0000
vt 0.4963 0.6624 0.0000
vt 0.4954 0.6624 0.0000
vt 0.4963 0.6740 0.0000
vt 0.4954 0.6740 0.0000
vt 0.2131 0.5514 0.0000
vt 0.2227 0.5514 0.0000
vt 0.2123 0.5434 0.0000
vt 0.2227 0.5398 0.0000
vt 0.1751 0.6666 0.0000
vt 0.1743 0.6666 0.0000
vt 0.1751 0.6747 0.0000
vt 0.1743 0.6747 0.0000
vt 0.1751 0.6828 0.0000
vt 0.1743 0.6828 0.0000
vt 0.2100 0.5356 0.0000
vt 0.2227 0.5287 0.0000
vt 0.1751 0.6908 0.0000
vt 0.1743 0.6908 0.0000
vt 0.2062 0.5285 0.0000
vt 0.2227 0.5184 0.0000
vt 0.4963 0.6852 0.0000
vt 0.4954 0.6852 0.0000
vt 0.4963 0.6955 0.0000
vt 0.4954 0.6955 0.0000
vt 0.4963 0.7132 0.0000
vt 0.4954 0.7132 0.0000
vt 0.4929 0.7685 0.0000
vt 0.4920 0.7685 0.0000
vt 0.4920 0.7508 0.0000
vt 0.4929 0.7508 0.0000
vt 0.2010 0.5223 0.0000
vt 0.2227 0.5007 0.0000
vt 0.1948 0.5171 0.0000
vt 0.2049 0.5007 0.0000
vt 0.1751 0.6989 0.0000
vt 0.1743 0.6989 0.0000
vt 0.1751 0.7070 0.0000
vt 0.1743 0.7070 0.0000
vt 0.1601 0.8025 0.0000
vt 0.1567 0.7997 0.0000
vt 0.1672 0.7840 0.0000
vt 0.1734 0.7891 0.0000
vt 0.4955 0.5575 0.0000
vt 0.4963 0.5575 0.0000
vt 0.4955 0.5531 0.0000
vt 0.4963 0.5531 0.0000
vt 0.4963 0.5488 0.0000
vt 0.4955 0.5488 0.0000
vt 0.1629 0.8058 0.0000
vt 0.1786 0.7953 0.0000
vt 0.4963 0.5444 0.0000
vt 0.4955 0.5444 0.0000
vt 0.1649 0.8097 0.0000
vt 0.1824 0.8025 0.0000
vt 0.4963 0.5400 0.0000
vt 0.4955 0.5400 0.0000
vt 0.1662 0.8139 0.0000
vt 0.1847 0.8102 0.0000
vt 0.4963 0.5356 0.0000
vt 0.4955 0.5356 0.0000
vt 0.1666 0.8182 0.0000
vt 0.1855 0.8182 0.0000
vt 0.4963 0.5313 0.0000
vt 0.4955 0.5313 0.0000
vt 0.1662 0.8226 0.0000
vt 0.1847 0.8263 0.0000
vt 0.4963 0.5269 0.0000
vt 0.4955 0.5269 0.0000
vt 0.1649 0.8268 0.0000
vt 0.1824 0.8340 0.0000
vt 0.4963 0.5225 0.0000
vt 0.4955 0.5225 0.0000
vt 0.1629 0.8306 0.0000
vt 0.1786 0.8411 0.0000
vt 0.4963 0.5182 0.0000
vt 0.4955 0.5182 0.0000
vt 0.1601 0.8340 0.0000
vt 0.1734 0.8474 0.0000
vt 0.4963 0.5138 0.0000
vt 0.4955 0.5138 0.0000
vt 0.1567 0.8368 0.0000
vt 0.1672 0.8525 0.0000
vt 0.4963 0.5094 0.0000
vt 0.4955 0.5094 0.0000
vt 0.1528 0.8388 0.0000
vt 0.1601 0.8563 0.0000
vt 0.4963 0.5050 0.0000
vt 0.4955 0.5050 0.0000
vt 0.1487 0.8401 0.0000
vt 0.1523 0.8586 0.0000
vt 0.4963 0.5007 0.0000
vt 0.4955 0.5007 0.0000
vt 0.2915 0.9028 0.0000
vt 0.2851 0.8955 0.0000
vt 0.2860 0.8951 0.0000
vt 0.2928 0.8987 0.0000
vt 0.1962 0.8804 0.0000
vt 0.1999 0.8804 0.0000
vt 0.1999 0.8813 0.0000
vt 0.1962 0.8813 0.0000
vt 0.1999 0.8822 0.0000
vt 0.1962 0.8822 0.0000
vt 0.1999 0.8831 0.0000
vt 0.1962 0.8831 0.0000
vt 0.2863 0.8943 0.0000
vt 0.2932 0.8943 0.0000
vt 0.1999 0.8840 0.0000
vt 0.1962 0.8840 0.0000
vt 0.2928 0.8900 0.0000
vt 0.2860 0.8935 0.0000
vt 0.2915 0.8858 0.0000
vt 0.1999 0.8849 0.0000
vt 0.1962 0.8849 0.0000
vt 0.1962 0.8777 0.0000
vt 0.1999 0.8777 0.0000
vt 0.1999 0.8786 0.0000
vt 0.1962 0.8786 0.0000
vt 0.0985 0.6622 0.0000
vt 0.0994 0.6622 0.0000
vt 0.0990 0.6633 0.0000
vt 0.0979 0.6629 0.0000
vt 0.0979 0.6638 0.0000
vt 0.1001 0.6629 0.0000
vt 0.0985 0.6644 0.0000
vt 0.0994 0.6644 0.0000
vt 0.1001 0.6638 0.0000
vt 0.1962 0.8795 0.0000
vt 0.1999 0.8795 0.0000
vt 0.0833 0.6024 0.0000
vt 0.0833 0.6032 0.0000
vt 0.0785 0.6032 0.0000
vt 0.0785 0.6024 0.0000
vt 0.1542 0.5177 0.0000
vt 0.1551 0.5178 0.0000
vt 0.1549 0.5183 0.0000
vt 0.1544 0.5183 0.0000
vt 0.0833 0.6040 0.0000
vt 0.0785 0.6040 0.0000
vt 0.1534 0.5183 0.0000
vt 0.1540 0.5186 0.0000
vt 0.1546 0.5189 0.0000
vt 0.1552 0.5187 0.0000
vt 0.1548 0.5196 0.0000
vt 0.1543 0.5195 0.0000
vt 0.1540 0.5192 0.0000
vt 0.1552 0.5192 0.0000
vt 0.1558 0.5185 0.0000
vt 0.1558 0.5195 0.0000
vt 0.0833 0.6016 0.0000
vt 0.0785 0.6016 0.0000
vt 0.0833 0.6008 0.0000
vt 0.0785 0.6008 0.0000
vt 0.0833 0.6000 0.0000
vt 0.0785 0.6000 0.0000
vt 0.0833 0.5992 0.0000
vt 0.0785 0.5992 0.0000
vt 0.0833 0.6048 0.0000
vt 0.0833 0.6056 0.0000
vt 0.0785 0.6056 0.0000
vt 0.0785 0.6048 0.0000
vt 0.1534 0.5194 0.0000
vt 0.1540 0.5201 0.0000
vt 0.1550 0.5201 0.0000
vt 0.1780 0.8584 0.0000
vt 0.1704 0.8584 0.0000
vt 0.1704 0.8543 0.0000
vt 0.1780 0.8543 0.0000
vt 0.1697 0.8642 0.0000
vt 0.1772 0.8659 0.0000
vt 0.1307 0.6996 0.0000
vt 0.1307 0.6937 0.0000
vt 0.1318 0.6937 0.0000
vt 0.1318 0.6996 0.0000
vt 0.1318 0.7037 0.0000
vt 0.1307 0.7037 0.0000
vt 0.4918 0.6108 0.0000
vt 0.4927 0.6108 0.0000
vt 0.4927 0.6150 0.0000
vt 0.4918 0.6150 0.0000
vt 0.4918 0.6032 0.0000
vt 0.4927 0.6032 0.0000
vt 0.4918 0.5957 0.0000
vt 0.4927 0.5957 0.0000
vt 0.1678 0.8698 0.0000
vt 0.1747 0.8731 0.0000
vt 0.1647 0.8747 0.0000
vt 0.1706 0.8795 0.0000
vt 0.4918 0.5881 0.0000
vt 0.4927 0.5881 0.0000
vt 0.1605 0.8789 0.0000
vt 0.1653 0.8849 0.0000
vt 0.4918 0.5805 0.0000
vt 0.4927 0.5805 0.0000
vt 0.4918 0.5730 0.0000
vt 0.4927 0.5730 0.0000
vt 0.4918 0.5654 0.0000
vt 0.4927 0.5654 0.0000
vt 0.1500 0.8839 0.0000
vt 0.1556 0.8820 0.0000
vt 0.1589 0.8889 0.0000
vt 0.1517 0.8914 0.0000
vt 0.1442 0.8846 0.0000
vt 0.1442 0.8922 0.0000
vt 0.4918 0.5578 0.0000
vt 0.4927 0.5578 0.0000
vt 0.1307 0.6644 0.0000
vt 0.1307 0.6585 0.0000
vt 0.1318 0.6585 0.0000
vt 0.1318 0.6644 0.0000
vt 0.1307 0.6703 0.0000
vt 0.1318 0.6703 0.0000
vt 0.1307 0.6761 0.0000
vt 0.1318 0.6761 0.0000
vt 0.1307 0.6820 0.0000
vt 0.1318 0.6820 0.0000
vt 0.1307 0.6878 0.0000
vt 0.1318 0.6878 0.0000
vt 0.1307 0.6527 0.0000
vt 0.1318 0.6527 0.0000
vt 0.1307 0.6468 0.0000
vt 0.1318 0.6468 0.0000
vt 0.1328 0.8820 0.0000
vt 0.1384 0.8839 0.0000
vt 0.1367 0.8914 0.0000
vt 0.1295 0.8889 0.0000
vt 0.4918 0.5427 0.0000
vt 0.4927 0.5427 0.0000
vt 0.4927 0.5502 0.0000
vt 0.4918 0.5502 0.0000
vt 0.4918 0.5351 0.0000
vt 0.4927 0.5351 0.0000
vt 0.4918 0.5275 0.0000
vt 0.4927 0.5275 0.0000
vt 0.1237 0.8747 0.0000
vt 0.1279 0.8789 0.0000
vt 0.1231 0.8849 0.0000
vt 0.1178 0.8795 0.0000
vt 0.1206 0.8698 0.0000
vt 0.1137 0.8731 0.0000
vt 0.4918 0.5200 0.0000
vt 0.4927 0.5200 0.0000
vt 0.1187 0.8642 0.0000
vt 0.1112 0.8659 0.0000
vt 0.4918 0.5124 0.0000
vt 0.4927 0.5124 0.0000
vt 0.4918 0.5048 0.0000
vt 0.4927 0.5048 0.0000
vt 0.4918 0.5007 0.0000
vt 0.4927 0.5007 0.0000
vt 0.1180 0.8584 0.0000
vt 0.1104 0.8584 0.0000
vt 0.1104 0.8543 0.0000
vt 0.1180 0.8543 0.0000
vt 0.1318 0.6175 0.0000
vt 0.1307 0.6175 0.0000
vt 0.1307 0.6133 0.0000
vt 0.1318 0.6133 0.0000
vt 0.1307 0.6233 0.0000
vt 0.1318 0.6233 0.0000
vt 0.1307 0.6292 0.0000
vt 0.1318 0.6292 0.0000
vt 0.1307 0.6351 0.0000
vt 0.1318 0.6351 0.0000
vt 0.1307 0.6409 0.0000
vt 0.1318 0.6409 0.0000
vt 0.1809 0.8473 0.0000
vt 0.1809 0.8430 0.0000
vt 0.1883 0.8429 0.0000
vt 0.1883 0.8473 0.0000
vt 0.3622 0.7717 0.0000
vt 0.3613 0.7717 0.0000
vt 0.3613 0.7643 0.0000
vt 0.3622 0.7643 0.0000
vt 0.1949 0.8429 0.0000
vt 0.1949 0.8473 0.0000
vt 0.1969 0.8557 0.0000
vt 0.1906 0.8573 0.0000
vt 0.1998 0.8624 0.0000
vt 0.1941 0.8654 0.0000
vt 0.4892 0.8249 0.0000
vt 0.4883 0.8249 0.0000
vt 0.4883 0.8146 0.0000
vt 0.4892 0.8146 0.0000
vt 0.4892 0.8337 0.0000
vt 0.4883 0.8337 0.0000
vt 0.2040 0.8681 0.0000
vt 0.1992 0.8723 0.0000
vt 0.4892 0.8422 0.0000
vt 0.4883 0.8422 0.0000
vt 0.4892 0.8507 0.0000
vt 0.4883 0.8507 0.0000
vt 0.4892 0.8590 0.0000
vt 0.4883 0.8590 0.0000
vt 0.2092 0.8729 0.0000
vt 0.2054 0.8780 0.0000
vt 0.2152 0.8765 0.0000
vt 0.2125 0.8823 0.0000
vt 0.2217 0.8784 0.0000
vt 0.2204 0.8846 0.0000
vt 0.2285 0.8790 0.0000
vt 0.2285 0.8853 0.0000
vt 0.4892 0.8672 0.0000
vt 0.4883 0.8672 0.0000
vt 0.4892 0.8753 0.0000
vt 0.4883 0.8753 0.0000
vt 0.4892 0.8834 0.0000
vt 0.4883 0.8834 0.0000
vt 0.4892 0.8916 0.0000
vt 0.4883 0.8916 0.0000
vt 0.2366 0.8846 0.0000
vt 0.2352 0.8784 0.0000
vt 0.2418 0.8765 0.0000
vt 0.2444 0.8823 0.0000
vt 0.2477 0.8729 0.0000
vt 0.2516 0.8780 0.0000
vt 0.2529 0.8681 0.0000
vt 0.2578 0.8723 0.0000
vt 0.4892 0.8999 0.0000
vt 0.4892 0.9084 0.0000
vt 0.4883 0.9084 0.0000
vt 0.4883 0.8999 0.0000
vt 0.4892 0.9169 0.0000
vt 0.4883 0.9169 0.0000
vt 0.4892 0.9257 0.0000
vt 0.4883 0.9257 0.0000
vt 0.4892 0.9360 0.0000
vt 0.4883 0.9360 0.0000
vt 0.1450 0.6086 0.0000
vt 0.1377 0.6086 0.0000
vt 0.1377 0.6077 0.0000
vt 0.1450 0.6077 0.0000
vt 0.2687 0.8473 0.0000
vt 0.2687 0.8429 0.0000
vt 0.2761 0.8430 0.0000
vt 0.2761 0.8473 0.0000
vt 0.2663 0.8573 0.0000
vt 0.2601 0.8557 0.0000
vt 0.2620 0.8473 0.0000
vt 0.2620 0.8429 0.0000
vt 0.2628 0.8654 0.0000
vt 0.2571 0.8624 0.0000
vt 0.2832 0.9806 0.0000
vt 0.2830 0.9806 0.0000
vt 0.2830 0.9774 0.0000
vt 0.2832 0.9774 0.0000
vt 0.1006 0.9560 0.0000
vt 0.1003 0.9560 0.0000
vt 0.1003 0.9528 0.0000
vt 0.1006 0.9528 0.0000
vt 0.1006 0.9593 0.0000
vt 0.1003 0.9593 0.0000
vt 0.3562 0.7952 0.0000
vt 0.3534 0.7936 0.0000
vt 0.3594 0.7864 0.0000
vt 0.3594 0.7958 0.0000
vt 0.3626 0.7952 0.0000
vt 0.3687 0.7848 0.0000
vt 0.3687 0.7880 0.0000
vt 0.3676 0.7911 0.0000
vt 0.3655 0.7936 0.0000
vt 0.3562 0.7776 0.0000
vt 0.3594 0.7771 0.0000
vt 0.3626 0.7776 0.0000
vt 0.3655 0.7792 0.0000
vt 0.3513 0.7911 0.0000
vt 0.3502 0.7880 0.0000
vt 0.3502 0.7848 0.0000
vt 0.3513 0.7817 0.0000
vt 0.3676 0.7817 0.0000
vt 0.3534 0.7792 0.0000
vt 0.1006 0.9658 0.0000
vt 0.1003 0.9658 0.0000
vt 0.1003 0.9625 0.0000
vt 0.1006 0.9625 0.0000
vt 0.1006 0.9690 0.0000
vt 0.1003 0.9690 0.0000
vt 0.1006 0.9723 0.0000
vt 0.1003 0.9723 0.0000
vt 0.1006 0.9755 0.0000
vt 0.1003 0.9755 0.0000
vt 0.1006 0.9788 0.0000
vt 0.1003 0.9788 0.0000
vt 0.1006 0.9820 0.0000
vt 0.1003 0.9820 0.0000
vt 0.2832 0.9546 0.0000
vt 0.2830 0.9546 0.0000
vt 0.2830 0.9514 0.0000
vt 0.2832 0.9514 0.0000
vt 0.2832 0.9579 0.0000
vt 0.2830 0.9579 0.0000
vt 0.2832 0.9611 0.0000
vt 0.2830 0.9611 0.0000
vt 0.2832 0.9644 0.0000
vt 0.2830 0.9644 0.0000
vt 0.2832 0.9676 0.0000
vt 0.2830 0.9676 0.0000
vt 0.2832 0.9709 0.0000
vt 0.2830 0.9709 0.0000
vt 0.2832 0.9741 0.0000
vt 0.2830 0.9741 0.0000
vt 0.4415 0.8408 0.0000
vt 0.4418 0.8408 0.0000
vt 0.4418 0.8440 0.0000
vt 0.4415 0.8440 0.0000
vt 0.4415 0.8375 0.0000
vt 0.4418 0.8375 0.0000
vt 0.4415 0.8343 0.0000
vt 0.4418 0.8343 0.0000
vt 0.3254 0.5900 0.0000
vt 0.3226 0.5884 0.0000
vt 0.3286 0.5812 0.0000
vt 0.3286 0.5906 0.0000
vt 0.3318 0.5900 0.0000
vt 0.3205 0.5859 0.0000
vt 0.3379 0.5796 0.0000
vt 0.3379 0.5828 0.0000
vt 0.3367 0.5859 0.0000
vt 0.3194 0.5828 0.0000
vt 0.3194 0.5796 0.0000
vt 0.3347 0.5884 0.0000
vt 0.4415 0.8245 0.0000
vt 0.4418 0.8245 0.0000
vt 0.4418 0.8278 0.0000
vt 0.4415 0.8278 0.0000
vt 0.4418 0.8310 0.0000
vt 0.4415 0.8310 0.0000
vt 0.4418 0.8473 0.0000
vt 0.4415 0.8473 0.0000
vt 0.4418 0.8505 0.0000
vt 0.4415 0.8505 0.0000
vt 0.4418 0.8538 0.0000
vt 0.4415 0.8538 0.0000
vt 0.4418 0.8570 0.0000
vt 0.4415 0.8570 0.0000
vt 0.3765 0.9655 0.0000
vt 0.3765 0.9622 0.0000
vt 0.3768 0.9622 0.0000
vt 0.3768 0.9655 0.0000
vt 0.3765 0.9687 0.0000
vt 0.3768 0.9687 0.0000
vt 0.3765 0.9720 0.0000
vt 0.3768 0.9720 0.0000
vt 0.3146 0.6892 0.0000
vt 0.3114 0.6804 0.0000
vt 0.3174 0.6876 0.0000
vt 0.3114 0.6898 0.0000
vt 0.3082 0.6892 0.0000
vt 0.3195 0.6851 0.0000
vt 0.3022 0.6788 0.0000
vt 0.3022 0.6821 0.0000
vt 0.3033 0.6851 0.0000
vt 0.3206 0.6821 0.0000
vt 0.3206 0.6788 0.0000
vt 0.3054 0.6876 0.0000
vt 0.3765 0.9817 0.0000
vt 0.3765 0.9785 0.0000
vt 0.3768 0.9785 0.0000
vt 0.3768 0.9817 0.0000
vt 0.3765 0.9752 0.0000
vt 0.3768 0.9752 0.0000
vt 0.3765 0.9590 0.0000
vt 0.3768 0.9590 0.0000
vt 0.3765 0.9557 0.0000
vt 0.3768 0.9557 0.0000
vt 0.3765 0.9525 0.0000
vt 0.3768 0.9525 0.0000
vt 0.3765 0.9492 0.0000
vt 0.3768 0.9492 0.0000
vt 0.3512 0.5815 0.0000
vt 0.3512 0.5817 0.0000
vt 0.3507 0.5817 0.0000
vt 0.3507 0.5815 0.0000
vt 0.2846 0.7097 0.0000
vt 0.2873 0.7097 0.0000
vt 0.2873 0.7101 0.0000
vt 0.2846 0.7101 0.0000
vt 0.1110 0.7640 0.0000
vt 0.1110 0.7607 0.0000
vt 0.1113 0.7607 0.0000
vt 0.1113 0.7640 0.0000
vt 0.0341 0.7089 0.0000
vt 0.0341 0.7062 0.0000
vt 0.0344 0.7062 0.0000
vt 0.0344 0.7089 0.0000
vt 0.0925 0.5839 0.0000
vt 0.0925 0.5836 0.0000
vt 0.0929 0.5836 0.0000
vt 0.0929 0.5839 0.0000
vt 0.1617 0.7766 0.0000
vt 0.1584 0.7766 0.0000
vt 0.1584 0.7763 0.0000
vt 0.1617 0.7763 0.0000
vt 0.1307 0.7109 0.0000
vt 0.1318 0.7109 0.0000
vt 0.1318 0.7122 0.0000
vt 0.1307 0.7122 0.0000
vt 0.1307 0.7095 0.0000
vt 0.1318 0.7095 0.0000
vt 0.1307 0.7082 0.0000
vt 0.1318 0.7082 0.0000
vt 0.1488 0.5761 0.0000
vt 0.1488 0.5773 0.0000
vt 0.1481 0.5772 0.0000
vt 0.1481 0.5763 0.0000
vt 0.1482 0.5750 0.0000
vt 0.1477 0.5755 0.0000
vt 0.1471 0.5769 0.0000
vt 0.1471 0.5766 0.0000
vt 0.1469 0.5763 0.0000
vt 0.3575 0.6998 0.0000
vt 0.3578 0.6996 0.0000
vt 0.3580 0.7000 0.0000
vt 0.3578 0.7002 0.0000
vt 0.3572 0.7000 0.0000
vt 0.3576 0.7003 0.0000
vt 0.1540 0.5848 0.0000
vt 0.1540 0.5846 0.0000
vt 0.1544 0.5847 0.0000
vt 0.1541 0.5850 0.0000
vt 0.1543 0.5851 0.0000
vt 0.1545 0.5851 0.0000
vt 0.1547 0.5844 0.0000
vt 0.1548 0.5846 0.0000
vt 0.1548 0.5848 0.0000
vt 0.1547 0.5850 0.0000
vt 0.1541 0.5844 0.0000
vt 0.1543 0.5843 0.0000
vt 0.1545 0.5843 0.0000
vt 0.3575 0.7024 0.0000
vt 0.3572 0.7021 0.0000
vt 0.3576 0.7018 0.0000
vt 0.3578 0.7020 0.0000
vt 0.3578 0.7026 0.0000
vt 0.3580 0.7021 0.0000
vt 0.1460 0.5783 0.0000
vt 0.1453 0.5779 0.0000
vt 0.1460 0.5772 0.0000
vt 0.1463 0.5773 0.0000
vt 0.1469 0.5783 0.0000
vt 0.1466 0.5773 0.0000
vt 0.1458 0.5790 0.0000
vt 0.1447 0.5784 0.0000
vt 0.1471 0.5791 0.0000
vt 0.1307 0.7188 0.0000
vt 0.1318 0.7188 0.0000
vt 0.1318 0.7201 0.0000
vt 0.1307 0.7201 0.0000
vt 0.1318 0.7215 0.0000
vt 0.1307 0.7215 0.0000
vt 0.1318 0.7228 0.0000
vt 0.1307 0.7228 0.0000
vt 0.1482 0.5784 0.0000
vt 0.1476 0.5779 0.0000
vt 0.1307 0.7069 0.0000
vt 0.1318 0.7069 0.0000
vt 0.1469 0.5772 0.0000
vt 0.3582 0.7027 0.0000
vt 0.3583 0.7022 0.0000
vt 0.3582 0.6995 0.0000
vt 0.3583 0.7000 0.0000
vt 0.1307 0.7175 0.0000
vt 0.1318 0.7175 0.0000
vt 0.1307 0.7162 0.0000
vt 0.1318 0.7162 0.0000
vt 0.1441 0.5773 0.0000
vt 0.1441 0.5761 0.0000
vt 0.1448 0.5763 0.0000
vt 0.1448 0.5771 0.0000
vt 0.1458 0.5765 0.0000
vt 0.1458 0.5769 0.0000
vt 0.3570 0.7018 0.0000
vt 0.3569 0.7015 0.0000
vt 0.3574 0.7014 0.0000
vt 0.3574 0.7016 0.0000
vt 0.3568 0.7011 0.0000
vt 0.3573 0.7011 0.0000
vt 0.1453 0.5755 0.0000
vt 0.1460 0.5763 0.0000
vt 0.3569 0.7007 0.0000
vt 0.3574 0.7008 0.0000
vt 0.1460 0.5751 0.0000
vt 0.1463 0.5761 0.0000
vt 0.1447 0.5750 0.0000
vt 0.1458 0.5744 0.0000
vt 0.1307 0.7135 0.0000
vt 0.1318 0.7135 0.0000
vt 0.1318 0.7148 0.0000
vt 0.1307 0.7148 0.0000
vt 0.1471 0.5744 0.0000
vt 0.1469 0.5751 0.0000
vt 0.1466 0.5761 0.0000
vt 0.3570 0.7004 0.0000
vt 0.3574 0.7006 0.0000
vt 0.3918 0.9372 0.0000
vt 0.3918 0.9390 0.0000
vt 0.3887 0.9390 0.0000
vt 0.3887 0.9372 0.0000
vt 0.3327 0.7841 0.0000
vt 0.3327 0.7873 0.0000
vt 0.3309 0.7873 0.0000
vt 0.3309 0.7841 0.0000
vt 0.0281 0.7080 0.0000
vt 0.0281 0.7062 0.0000
vt 0.0312 0.7062 0.0000
vt 0.0312 0.7080 0.0000
vt 0.3921 0.8831 0.0000
vt 0.3889 0.8831 0.0000
vt 0.3889 0.8812 0.0000
vt 0.3921 0.8812 0.0000
vt 0.1076 0.6591 0.0000
vt 0.1010 0.6591 0.0000
vt 0.1010 0.6573 0.0000
vt 0.1076 0.6573 0.0000
vt 0.1828 0.5202 0.0000
vt 0.1828 0.5184 0.0000
vt 0.1894 0.5184 0.0000
vt 0.1894 0.5202 0.0000
vt 0.3099 0.6025 0.0000
vt 0.3033 0.6025 0.0000
vt 0.3033 0.6006 0.0000
vt 0.3099 0.6006 0.0000
vt 0.0856 0.5172 0.0000
vt 0.0837 0.5172 0.0000
vt 0.0837 0.5106 0.0000
vt 0.0856 0.5106 0.0000
vt 0.2027 0.8826 0.0000
vt 0.2059 0.8826 0.0000
vt 0.2059 0.8845 0.0000
vt 0.2027 0.8845 0.0000
vt 0.1413 0.8157 0.0000
vt 0.1413 0.8139 0.0000
vt 0.1445 0.8139 0.0000
vt 0.1445 0.8157 0.0000
vt 0.0549 0.8337 0.0000
vt 0.0581 0.8337 0.0000
vt 0.0581 0.8356 0.0000
vt 0.0549 0.8356 0.0000
vt 0.3424 0.8989 0.0000
vt 0.3424 0.9008 0.0000
vt 0.3392 0.9008 0.0000
vt 0.3392 0.8989 0.0000
vt 0.1610 0.8696 0.0000
vt 0.1579 0.8696 0.0000
vt 0.1579 0.8677 0.0000
vt 0.1610 0.8677 0.0000
vt 0.1629 0.8604 0.0000
vt 0.1629 0.8585 0.0000
vt 0.1661 0.8585 0.0000
vt 0.1661 0.8604 0.0000
vt 0.1251 0.8692 0.0000
vt 0.1282 0.8692 0.0000
vt 0.1282 0.8710 0.0000
vt 0.1251 0.8710 0.0000
vt 0.3693 0.8642 0.0000
vt 0.3693 0.8661 0.0000
vt 0.3661 0.8661 0.0000
vt 0.3661 0.8642 0.0000
vt 0.1557 0.8741 0.0000
vt 0.1588 0.8741 0.0000
vt 0.1588 0.8760 0.0000
vt 0.1557 0.8760 0.0000
vt 0.3570 0.9057 0.0000
vt 0.3570 0.9039 0.0000
vt 0.3602 0.9039 0.0000
vt 0.3602 0.9057 0.0000
vt 0.2381 0.8706 0.0000
vt 0.2413 0.8706 0.0000
vt 0.2413 0.8724 0.0000
vt 0.2381 0.8724 0.0000
vt 0.2173 0.8706 0.0000
vt 0.2173 0.8724 0.0000
vt 0.2142 0.8724 0.0000
vt 0.2142 0.8706 0.0000
vt 0.1749 0.8809 0.0000
vt 0.1749 0.8791 0.0000
vt 0.1780 0.8791 0.0000
vt 0.1780 0.8809 0.0000
vt 0.2081 0.7575 0.0000
vt 0.2081 0.7544 0.0000
vt 0.2100 0.7544 0.0000
vt 0.2100 0.7575 0.0000
vt 0.3630 0.9064 0.0000
vt 0.3630 0.9046 0.0000
vt 0.3662 0.9046 0.0000
vt 0.3662 0.9064 0.0000
vt 0.3861 0.8831 0.0000
vt 0.3830 0.8831 0.0000
vt 0.3830 0.8812 0.0000
vt 0.3861 0.8812 0.0000
vt 0.1840 0.8819 0.0000
vt 0.1840 0.8838 0.0000
vt 0.1808 0.8838 0.0000
vt 0.1808 0.8819 0.0000
vt 0.3434 0.8699 0.0000
vt 0.3434 0.8730 0.0000
vt 0.3415 0.8730 0.0000
vt 0.3415 0.8699 0.0000
vt 0.2396 0.8193 0.0000
vt 0.2396 0.8174 0.0000
vt 0.2428 0.8174 0.0000
vt 0.2428 0.8193 0.0000
vt 0.2368 0.8186 0.0000
vt 0.2337 0.8186 0.0000
vt 0.2337 0.8167 0.0000
vt 0.2368 0.8167 0.0000
vt 0.0817 0.6622 0.0000
vt 0.0870 0.6622 0.0000
vt 0.0870 0.6641 0.0000
vt 0.0817 0.6641 0.0000
vt 0.0737 0.6641 0.0000
vt 0.0737 0.6622 0.0000
vt 0.0789 0.6622 0.0000
vt 0.0789 0.6641 0.0000
vt 0.3233 0.6970 0.0000
vt 0.3286 0.6970 0.0000
vt 0.3286 0.6988 0.0000
vt 0.3233 0.6988 0.0000
vt 0.0951 0.6622 0.0000
vt 0.0951 0.6641 0.0000
vt 0.0898 0.6641 0.0000
vt 0.0898 0.6622 0.0000
vt 0.3008 0.7048 0.0000
vt 0.3008 0.7064 0.0000
vt 0.2969 0.7064 0.0000
vt 0.2969 0.7048 0.0000
vt 0.0832 0.5731 0.0000
vt 0.0832 0.5692 0.0000
vt 0.0848 0.5692 0.0000
vt 0.0848 0.5731 0.0000
vt 0.3013 0.7049 0.0000
vt 0.3013 0.7063 0.0000
vt 0.0833 0.5687 0.0000
vt 0.0847 0.5687 0.0000
vt 0.3113 0.6943 0.0000
vt 0.3108 0.6942 0.0000
vt 0.3108 0.6928 0.0000
vt 0.3113 0.6927 0.0000
vt 0.3153 0.6927 0.0000
vt 0.3153 0.6943 0.0000
vt 0.1949 0.5774 0.0000
vt 0.1945 0.5773 0.0000
vt 0.1945 0.5759 0.0000
vt 0.1949 0.5758 0.0000
vt 0.1989 0.5758 0.0000
vt 0.1989 0.5774 0.0000
vt 0.0676 0.5985 0.0000
vt 0.0676 0.5998 0.0000
vt 0.0662 0.5998 0.0000
vt 0.0662 0.5985 0.0000
vt 0.3512 0.5684 0.0000
vt 0.3512 0.5644 0.0000
vt 0.3529 0.5644 0.0000
vt 0.3529 0.5684 0.0000
vt 0.3160 0.5779 0.0000
vt 0.3160 0.5795 0.0000
vt 0.3120 0.5795 0.0000
vt 0.3120 0.5779 0.0000
vt 0.3527 0.5689 0.0000
vt 0.3514 0.5689 0.0000
vt 0.3115 0.5794 0.0000
vt 0.3115 0.5780 0.0000
vt 0.3032 0.5677 0.0000
vt 0.3049 0.5677 0.0000
vt 0.3047 0.5682 0.0000
vt 0.3034 0.5682 0.0000
vt 0.3049 0.5637 0.0000
vt 0.3032 0.5637 0.0000
vt 0.3612 0.6995 0.0000
vt 0.3629 0.6995 0.0000
vt 0.3627 0.7000 0.0000
vt 0.3614 0.7000 0.0000
vt 0.3612 0.6955 0.0000
vt 0.3629 0.6955 0.0000
vt 0.2924 0.5978 0.0000
vt 0.2924 0.5991 0.0000
vt 0.2910 0.5991 0.0000
vt 0.2910 0.5978 0.0000
vt 0.4478 0.6055 0.0000
vt 0.4474 0.6055 0.0000
vt 0.4474 0.6006 0.0000
vt 0.4478 0.6006 0.0000
vt 0.4482 0.6006 0.0000
vt 0.4482 0.6055 0.0000
vt 0.4478 0.6085 0.0000
vt 0.4482 0.6085 0.0000
vt 0.4474 0.6085 0.0000
vt 0.1421 0.8693 0.0000
vt 0.1471 0.8693 0.0000
vt 0.1471 0.8716 0.0000
vt 0.1421 0.8716 0.0000
vt 0.1392 0.8716 0.0000
vt 0.1392 0.8693 0.0000
vt 0.1381 0.8722 0.0000
vt 0.1381 0.8687 0.0000
vt 0.4480 0.6097 0.0000
vt 0.4475 0.6096 0.0000
vt 0.1555 0.8311 0.0000
vt 0.1550 0.8312 0.0000
vt 0.1551 0.8303 0.0000
vt 0.1556 0.8302 0.0000
vt 0.1374 0.8716 0.0000
vt 0.1374 0.8693 0.0000
vt 0.4327 0.8450 0.0000
vt 0.4322 0.8449 0.0000
vt 0.4322 0.8440 0.0000
vt 0.4326 0.8440 0.0000
vt 0.3081 0.9533 0.0000
vt 0.3076 0.9533 0.0000
vt 0.3077 0.9521 0.0000
vt 0.3082 0.9521 0.0000
vt 0.3085 0.9521 0.0000
vt 0.3084 0.9533 0.0000
vt 0.4330 0.8440 0.0000
vt 0.4331 0.8450 0.0000
vt 0.4327 0.8427 0.0000
vt 0.4330 0.8427 0.0000
vt 0.4327 0.8422 0.0000
vt 0.4331 0.8423 0.0000
vt 0.4322 0.8426 0.0000
vt 0.4323 0.8423 0.0000
vt 0.1361 0.8697 0.0000
vt 0.1361 0.8713 0.0000
vt 0.1359 0.8716 0.0000
vt 0.1359 0.8694 0.0000
vt 0.1344 0.8707 0.0000
vt 0.1344 0.8703 0.0000
vt 0.1934 0.9489 0.0000
vt 0.1939 0.9491 0.0000
vt 0.1935 0.9508 0.0000
vt 0.1930 0.9508 0.0000
vt 0.1935 0.9512 0.0000
vt 0.1930 0.9512 0.0000
vt 0.1939 0.9529 0.0000
vt 0.1934 0.9531 0.0000
vt 0.1926 0.9513 0.0000
vt 0.1926 0.9508 0.0000
vt 0.1931 0.9532 0.0000
vt 0.1556 0.8329 0.0000
vt 0.1555 0.8325 0.0000
vt 0.1559 0.8325 0.0000
vt 0.1559 0.8329 0.0000
vt 0.1559 0.8312 0.0000
vt 0.1550 0.8325 0.0000
vt 0.1551 0.8329 0.0000
vt 0.1559 0.8302 0.0000
vt 0.4483 0.6097 0.0000
vt 0.1931 0.9488 0.0000
vt 0.3081 0.9562 0.0000
vt 0.3084 0.9562 0.0000
vt 0.3081 0.9613 0.0000
vt 0.3085 0.9613 0.0000
vt 0.2949 0.5879 0.0000
vt 0.2949 0.5829 0.0000
vt 0.2951 0.5829 0.0000
vt 0.2951 0.5879 0.0000
vt 0.0972 0.6063 0.0000
vt 0.0969 0.6067 0.0000
vt 0.0967 0.6066 0.0000
vt 0.0970 0.6062 0.0000
vt 0.3076 0.9562 0.0000
vt 0.2946 0.5879 0.0000
vt 0.2946 0.5829 0.0000
vt 0.0974 0.6065 0.0000
vt 0.0970 0.6068 0.0000
vt 0.3476 0.7100 0.0000
vt 0.3426 0.7100 0.0000
vt 0.3426 0.7099 0.0000
vt 0.3476 0.7099 0.0000
vt 0.3426 0.7098 0.0000
vt 0.3476 0.7097 0.0000
vt 0.3476 0.7102 0.0000
vt 0.3426 0.7102 0.0000
vt 0.0975 0.6069 0.0000
vt 0.0970 0.6069 0.0000
vt 0.3426 0.7106 0.0000
vt 0.3476 0.7106 0.0000
vt 0.0975 0.6073 0.0000
vt 0.0970 0.6074 0.0000
vt 0.2942 0.5879 0.0000
vt 0.2942 0.5829 0.0000
vt 0.2938 0.5829 0.0000
vt 0.2938 0.5879 0.0000
vt 0.3239 0.6196 0.0000
vt 0.3235 0.6193 0.0000
vt 0.3235 0.6192 0.0000
vt 0.3240 0.6192 0.0000
vt 0.3235 0.6187 0.0000
vt 0.3240 0.6188 0.0000
vt 0.3236 0.6182 0.0000
vt 0.3240 0.6184 0.0000
vt 0.2934 0.5829 0.0000
vt 0.2934 0.5879 0.0000
vt 0.3242 0.6176 0.0000
vt 0.3244 0.6181 0.0000
vt 0.2929 0.5879 0.0000
vt 0.2929 0.5829 0.0000
vt 0.0979 0.6080 0.0000
vt 0.0977 0.6085 0.0000
vt 0.0971 0.6079 0.0000
vt 0.0975 0.6077 0.0000
vt 0.3476 0.7112 0.0000
vt 0.3476 0.7120 0.0000
vt 0.3426 0.7120 0.0000
vt 0.3426 0.7112 0.0000
vt 0.0983 0.6080 0.0000
vt 0.0985 0.6085 0.0000
vt 0.3476 0.7129 0.0000
vt 0.3426 0.7129 0.0000
vt 0.3251 0.6177 0.0000
vt 0.3248 0.6181 0.0000
vt 0.3476 0.7136 0.0000
vt 0.3426 0.7136 0.0000
vt 0.3256 0.6182 0.0000
vt 0.3251 0.6185 0.0000
vt 0.2924 0.5879 0.0000
vt 0.2920 0.5879 0.0000
vt 0.2920 0.5829 0.0000
vt 0.2924 0.5829 0.0000
vt 0.0986 0.6077 0.0000
vt 0.0991 0.6079 0.0000
vt 0.2915 0.5879 0.0000
vt 0.2915 0.5829 0.0000
vt 0.0986 0.6072 0.0000
vt 0.0991 0.6070 0.0000
vt 0.2910 0.5879 0.0000
vt 0.2910 0.5829 0.0000
vt 0.0983 0.6069 0.0000
vt 0.0985 0.6065 0.0000
vt 0.3831 0.7834 0.0000
vt 0.3826 0.7834 0.0000
vt 0.3826 0.7784 0.0000
vt 0.3831 0.7784 0.0000
vt 0.3426 0.7145 0.0000
vt 0.3476 0.7145 0.0000
vt 0.3476 0.7153 0.0000
vt 0.3426 0.7153 0.0000
vt 0.3251 0.6189 0.0000
vt 0.3256 0.6191 0.0000
vt 0.3250 0.6197 0.0000
vt 0.3248 0.6192 0.0000
vt 0.3237 0.6198 0.0000
vt 0.3234 0.6194 0.0000
vt 0.3235 0.6199 0.0000
vt 0.3233 0.6195 0.0000
vt 0.1501 0.8693 0.0000
vt 0.1501 0.8716 0.0000
vt 0.3081 0.9642 0.0000
vt 0.3077 0.9642 0.0000
vt 0.3076 0.9613 0.0000
vt 0.1511 0.8687 0.0000
vt 0.1511 0.8722 0.0000
vt 0.3082 0.9655 0.0000
vt 0.3077 0.9654 0.0000
vt 0.3085 0.9642 0.0000
vt 0.3085 0.9654 0.0000
vt 0.4395 0.8602 0.0000
vt 0.4396 0.8592 0.0000
vt 0.4399 0.8593 0.0000
vt 0.4399 0.8602 0.0000
vt 0.4395 0.8616 0.0000
vt 0.4399 0.8615 0.0000
vt 0.4391 0.8616 0.0000
vt 0.4390 0.8602 0.0000
vt 0.4391 0.8593 0.0000
vt 0.4396 0.8620 0.0000
vt 0.4391 0.8620 0.0000
vt 0.4399 0.8620 0.0000
vt 0.2387 0.9533 0.0000
vt 0.2392 0.9533 0.0000
vt 0.2396 0.9550 0.0000
vt 0.2392 0.9552 0.0000
vt 0.2388 0.9553 0.0000
vt 0.2384 0.9534 0.0000
vt 0.2387 0.9529 0.0000
vt 0.2384 0.9529 0.0000
vt 0.2392 0.9510 0.0000
vt 0.2388 0.9509 0.0000
vt 0.2396 0.9512 0.0000
vt 0.2392 0.9529 0.0000
vt 0.2529 0.8583 0.0000
vt 0.2525 0.8582 0.0000
vt 0.2525 0.8578 0.0000
vt 0.2530 0.8578 0.0000
vt 0.2533 0.8579 0.0000
vt 0.2533 0.8583 0.0000
vt 0.2529 0.8596 0.0000
vt 0.2524 0.8596 0.0000
vt 0.2533 0.8596 0.0000
vt 0.2530 0.8606 0.0000
vt 0.2533 0.8606 0.0000
vt 0.4478 0.5976 0.0000
vt 0.4480 0.5963 0.0000
vt 0.4483 0.5964 0.0000
vt 0.4482 0.5976 0.0000
vt 0.2525 0.8605 0.0000
vt 0.4474 0.5976 0.0000
vt 0.4475 0.5964 0.0000
vt 0.1518 0.8693 0.0000
vt 0.1518 0.8716 0.0000
vt 0.1531 0.8697 0.0000
vt 0.1531 0.8713 0.0000
vt 0.1534 0.8694 0.0000
vt 0.1534 0.8716 0.0000
vt 0.1549 0.8703 0.0000
vt 0.1549 0.8707 0.0000
vt 0.3267 0.7862 0.0000
vt 0.3271 0.7860 0.0000
vt 0.3280 0.7885 0.0000
vt 0.3276 0.7887 0.0000
vt 0.3062 0.7097 0.0000
vt 0.3062 0.7102 0.0000
vt 0.3042 0.7102 0.0000
vt 0.3042 0.7097 0.0000
vt 0.3771 0.7878 0.0000
vt 0.3771 0.7858 0.0000
vt 0.3797 0.7858 0.0000
vt 0.3797 0.7878 0.0000
vt 0.2988 0.7102 0.0000
vt 0.2988 0.7097 0.0000
vt 0.3771 0.7804 0.0000
vt 0.3797 0.7804 0.0000
vt 0.3769 0.7878 0.0000
vt 0.3769 0.7858 0.0000
vt 0.3769 0.7804 0.0000
vt 0.3768 0.7878 0.0000
vt 0.3768 0.7858 0.0000
vt 0.3768 0.7804 0.0000
vt 0.3195 0.6921 0.0000
vt 0.3190 0.6922 0.0000
vt 0.3189 0.6921 0.0000
vt 0.3193 0.6918 0.0000
vt 0.3203 0.6975 0.0000
vt 0.3198 0.6976 0.0000
vt 0.3766 0.7878 0.0000
vt 0.3766 0.7858 0.0000
vt 0.3187 0.6919 0.0000
vt 0.3190 0.6915 0.0000
vt 0.3763 0.7858 0.0000
vt 0.3763 0.7878 0.0000
vt 0.3183 0.6913 0.0000
vt 0.3187 0.6911 0.0000
vt 0.3756 0.7878 0.0000
vt 0.3756 0.7858 0.0000
vt 0.3183 0.6904 0.0000
vt 0.3188 0.6907 0.0000
vt 0.3747 0.7878 0.0000
vt 0.3747 0.7858 0.0000
vt 0.3190 0.6899 0.0000
vt 0.3191 0.6904 0.0000
vt 0.3739 0.7878 0.0000
vt 0.3739 0.7858 0.0000
vt 0.3731 0.7878 0.0000
vt 0.3731 0.7858 0.0000
vt 0.3198 0.6900 0.0000
vt 0.3196 0.6904 0.0000
vt 0.2672 0.9214 0.0000
vt 0.2667 0.9214 0.0000
vt 0.2667 0.9195 0.0000
vt 0.2672 0.9195 0.0000
vt 0.2662 0.9214 0.0000
vt 0.2662 0.9195 0.0000
vt 0.2658 0.9214 0.0000
vt 0.2658 0.9195 0.0000
vt 0.3203 0.6907 0.0000
vt 0.3199 0.6908 0.0000
vt 0.2653 0.9214 0.0000
vt 0.2653 0.9195 0.0000
vt 0.3202 0.6914 0.0000
vt 0.3198 0.6913 0.0000
vt 0.3715 0.7878 0.0000
vt 0.3715 0.7858 0.0000
vt 0.3723 0.7858 0.0000
vt 0.3723 0.7878 0.0000
vt 0.3475 0.7182 0.0000
vt 0.3479 0.7182 0.0000
vt 0.3479 0.7202 0.0000
vt 0.3475 0.7202 0.0000
vt 0.3264 0.7846 0.0000
vt 0.3260 0.7847 0.0000
vt 0.3260 0.7840 0.0000
vt 0.3264 0.7842 0.0000
vt 0.3266 0.7834 0.0000
vt 0.3268 0.7839 0.0000
vt 0.3274 0.7834 0.0000
vt 0.3272 0.7839 0.0000
vt 0.3280 0.7840 0.0000
vt 0.3276 0.7842 0.0000
vt 0.2676 0.9214 0.0000
vt 0.2676 0.9195 0.0000
vt 0.3280 0.7849 0.0000
vt 0.3276 0.7847 0.0000
vt 0.3274 0.7854 0.0000
vt 0.3272 0.7850 0.0000
vt 0.2681 0.9214 0.0000
vt 0.2681 0.9195 0.0000
vt 0.2685 0.9195 0.0000
vt 0.2685 0.9214 0.0000
vt 0.3272 0.7856 0.0000
vt 0.3269 0.7852 0.0000
vt 0.2689 0.9195 0.0000
vt 0.2689 0.9214 0.0000
vt 0.3271 0.7857 0.0000
vt 0.3266 0.7856 0.0000
vt 0.3271 0.7858 0.0000
vt 0.3266 0.7858 0.0000
vt 0.2692 0.9195 0.0000
vt 0.2692 0.9214 0.0000
vt 0.2689 0.9268 0.0000
vt 0.2692 0.9268 0.0000
vt 0.2689 0.9288 0.0000
vt 0.2692 0.9288 0.0000
vt 0.2685 0.9268 0.0000
vt 0.2685 0.9288 0.0000
vt 0.0573 0.6800 0.0000
vt 0.0574 0.6805 0.0000
vt 0.0572 0.6805 0.0000
vt 0.0569 0.6801 0.0000
vt 0.2681 0.9268 0.0000
vt 0.2681 0.9288 0.0000
vt 0.0578 0.6801 0.0000
vt 0.0576 0.6805 0.0000
vt 0.3763 0.7785 0.0000
vt 0.3766 0.7785 0.0000
vt 0.3766 0.7804 0.0000
vt 0.3763 0.7804 0.0000
vt 0.3768 0.7785 0.0000
vt 0.0582 0.6801 0.0000
vt 0.0584 0.6805 0.0000
vt 0.3756 0.7804 0.0000
vt 0.3756 0.7785 0.0000
vt 0.0585 0.6798 0.0000
vt 0.0590 0.6799 0.0000
vt 0.3747 0.7804 0.0000
vt 0.3747 0.7785 0.0000
vt 0.3739 0.7804 0.0000
vt 0.3739 0.7785 0.0000
vt 0.0585 0.6793 0.0000
vt 0.0590 0.6791 0.0000
vt 0.2676 0.9288 0.0000
vt 0.2672 0.9288 0.0000
vt 0.2672 0.9268 0.0000
vt 0.2676 0.9268 0.0000
vt 0.2667 0.9288 0.0000
vt 0.2667 0.9268 0.0000
vt 0.2662 0.9288 0.0000
vt 0.2662 0.9268 0.0000
vt 0.0582 0.6790 0.0000
vt 0.0584 0.6786 0.0000
vt 0.2658 0.9288 0.0000
vt 0.2658 0.9268 0.0000
vt 0.0576 0.6786 0.0000
vt 0.0578 0.6790 0.0000
vt 0.3723 0.7804 0.0000
vt 0.3723 0.7785 0.0000
vt 0.3731 0.7785 0.0000
vt 0.3731 0.7804 0.0000
vt 0.3715 0.7804 0.0000
vt 0.3715 0.7785 0.0000
vt 0.0571 0.6791 0.0000
vt 0.0574 0.6793 0.0000
vt 0.1586 0.5203 0.0000
vt 0.1586 0.5198 0.0000
vt 0.1606 0.5199 0.0000
vt 0.1606 0.5203 0.0000
vt 0.1519 0.7564 0.0000
vt 0.1515 0.7566 0.0000
vt 0.1514 0.7558 0.0000
vt 0.1519 0.7559 0.0000
vt 0.2653 0.9288 0.0000
vt 0.2653 0.9268 0.0000
vt 0.1522 0.7567 0.0000
vt 0.1520 0.7571 0.0000
vt 0.1527 0.7567 0.0000
vt 0.1529 0.7571 0.0000
vt 0.1530 0.7564 0.0000
vt 0.1534 0.7565 0.0000
vt 0.1530 0.7559 0.0000
vt 0.1534 0.7557 0.0000
vt 0.1527 0.7556 0.0000
vt 0.1529 0.7552 0.0000
vt 0.1523 0.7553 0.0000
vt 0.1526 0.7550 0.0000
vt 0.1521 0.7550 0.0000
vt 0.1525 0.7549 0.0000
vt 0.3769 0.7785 0.0000
vt 0.1521 0.7547 0.0000
vt 0.1525 0.7547 0.0000
vt 0.3771 0.7785 0.0000
vt 0.1521 0.7544 0.0000
vt 0.1526 0.7546 0.0000
vt 0.3797 0.7785 0.0000
vt 0.1530 0.7519 0.0000
vt 0.1534 0.7521 0.0000
vt 0.2969 0.7102 0.0000
vt 0.2969 0.7097 0.0000
vt 0.3373 0.5896 0.0000
vt 0.3377 0.5893 0.0000
vt 0.3378 0.5895 0.0000
vt 0.3375 0.5897 0.0000
vt 0.3382 0.5893 0.0000
vt 0.3381 0.5895 0.0000
vt 0.3379 0.5899 0.0000
vt 0.3375 0.5900 0.0000
vt 0.3383 0.5897 0.0000
vt 0.3383 0.5900 0.0000
vt 0.3381 0.5902 0.0000
vt 0.3378 0.5902 0.0000
vt 0.3385 0.5901 0.0000
vt 0.3382 0.5905 0.0000
vt 0.3385 0.5896 0.0000
vt 0.2381 0.8644 0.0000
vt 0.2479 0.8644 0.0000
vt 0.2479 0.8649 0.0000
vt 0.2381 0.8649 0.0000
vt 0.2381 0.8640 0.0000
vt 0.2479 0.8640 0.0000
vt 0.2003 0.5262 0.0000
vt 0.2007 0.5266 0.0000
vt 0.2005 0.5267 0.0000
vt 0.2002 0.5264 0.0000
vt 0.2007 0.5271 0.0000
vt 0.2004 0.5270 0.0000
vt 0.1999 0.5264 0.0000
vt 0.1998 0.5262 0.0000
vt 0.2479 0.8635 0.0000
vt 0.2381 0.8635 0.0000
vt 0.1995 0.5265 0.0000
vt 0.1997 0.5266 0.0000
vt 0.2479 0.8667 0.0000
vt 0.2479 0.8672 0.0000
vt 0.2381 0.8672 0.0000
vt 0.2381 0.8667 0.0000
vt 0.3377 0.5905 0.0000
vt 0.3373 0.5901 0.0000
vt 0.2381 0.8663 0.0000
vt 0.2479 0.8663 0.0000
vt 0.2381 0.8658 0.0000
vt 0.2479 0.8658 0.0000
vt 0.1998 0.5274 0.0000
vt 0.1995 0.5270 0.0000
vt 0.1997 0.5269 0.0000
vt 0.1999 0.5272 0.0000
vt 0.2003 0.5274 0.0000
vt 0.2002 0.5272 0.0000
vt 0.2381 0.8653 0.0000
vt 0.2479 0.8653 0.0000
vt 0.2001 0.5268 0.0000
vt 0.2866 0.9598 0.0000
vt 0.2862 0.9598 0.0000
vt 0.2862 0.9549 0.0000
vt 0.2866 0.9549 0.0000
vt 0.2870 0.9549 0.0000
vt 0.2870 0.9598 0.0000
vt 0.2866 0.9628 0.0000
vt 0.2870 0.9628 0.0000
vt 0.2862 0.9628 0.0000
vt 0.1673 0.5150 0.0000
vt 0.1722 0.5150 0.0000
vt 0.1722 0.5173 0.0000
vt 0.1673 0.5173 0.0000
vt 0.1643 0.5173 0.0000
vt 0.1643 0.5150 0.0000
vt 0.1633 0.5179 0.0000
vt 0.1633 0.5144 0.0000
vt 0.2868 0.9640 0.0000
vt 0.2863 0.9639 0.0000
vt 0.1891 0.8637 0.0000
vt 0.1887 0.8638 0.0000
vt 0.1887 0.8629 0.0000
vt 0.1892 0.8628 0.0000
vt 0.1626 0.5173 0.0000
vt 0.1626 0.5150 0.0000
vt 0.1323 0.8329 0.0000
vt 0.1318 0.8328 0.0000
vt 0.1318 0.8319 0.0000
vt 0.1322 0.8320 0.0000
vt 0.2731 0.9526 0.0000
vt 0.2726 0.9526 0.0000
vt 0.2727 0.9514 0.0000
vt 0.2732 0.9514 0.0000
vt 0.2735 0.9514 0.0000
vt 0.2734 0.9526 0.0000
vt 0.1326 0.8320 0.0000
vt 0.1327 0.8329 0.0000
vt 0.1323 0.8306 0.0000
vt 0.1326 0.8306 0.0000
vt 0.1323 0.8302 0.0000
vt 0.1327 0.8302 0.0000
vt 0.1318 0.8306 0.0000
vt 0.1318 0.8302 0.0000
vt 0.1613 0.5153 0.0000
vt 0.1613 0.5170 0.0000
vt 0.1610 0.5173 0.0000
vt 0.1610 0.5150 0.0000
vt 0.1595 0.5163 0.0000
vt 0.1595 0.5160 0.0000
vt 0.2354 0.9510 0.0000
vt 0.2359 0.9512 0.0000
vt 0.2354 0.9529 0.0000
vt 0.2349 0.9530 0.0000
vt 0.2354 0.9533 0.0000
vt 0.2349 0.9533 0.0000
vt 0.2359 0.9550 0.0000
vt 0.2354 0.9552 0.0000
vt 0.2346 0.9534 0.0000
vt 0.2346 0.9529 0.0000
vt 0.2351 0.9553 0.0000
vt 0.1892 0.8655 0.0000
vt 0.1892 0.8651 0.0000
vt 0.1895 0.8651 0.0000
vt 0.1896 0.8655 0.0000
vt 0.1895 0.8638 0.0000
vt 0.1887 0.8651 0.0000
vt 0.1888 0.8655 0.0000
vt 0.1896 0.8628 0.0000
vt 0.2871 0.9640 0.0000
vt 0.2351 0.9509 0.0000
vt 0.2731 0.9555 0.0000
vt 0.2734 0.9555 0.0000
vt 0.2731 0.9606 0.0000
vt 0.2734 0.9606 0.0000
vt 0.3388 0.6956 0.0000
vt 0.3388 0.6906 0.0000
vt 0.3390 0.6906 0.0000
vt 0.3390 0.6956 0.0000
vt 0.1920 0.5808 0.0000
vt 0.1917 0.5812 0.0000
vt 0.1916 0.5811 0.0000
vt 0.1919 0.5807 0.0000
vt 0.2726 0.9555 0.0000
vt 0.3385 0.6956 0.0000
vt 0.3385 0.6906 0.0000
vt 0.1922 0.5810 0.0000
vt 0.1918 0.5813 0.0000
vt 0.1439 0.5329 0.0000
vt 0.1389 0.5329 0.0000
vt 0.1389 0.5327 0.0000
vt 0.1439 0.5328 0.0000
vt 0.1389 0.5326 0.0000
vt 0.1439 0.5326 0.0000
vt 0.1439 0.5330 0.0000
vt 0.1389 0.5330 0.0000
vt 0.1923 0.5814 0.0000
vt 0.1919 0.5814 0.0000
vt 0.1389 0.5335 0.0000
vt 0.1439 0.5335 0.0000
vt 0.1923 0.5818 0.0000
vt 0.1919 0.5819 0.0000
vt 0.3382 0.6956 0.0000
vt 0.3382 0.6906 0.0000
vt 0.3378 0.6906 0.0000
vt 0.3378 0.6956 0.0000
vt 0.2970 0.6196 0.0000
vt 0.2966 0.6193 0.0000
vt 0.2966 0.6192 0.0000
vt 0.2971 0.6192 0.0000
vt 0.2966 0.6187 0.0000
vt 0.2971 0.6188 0.0000
vt 0.2967 0.6182 0.0000
vt 0.2971 0.6184 0.0000
vt 0.3373 0.6906 0.0000
vt 0.3373 0.6956 0.0000
vt 0.2973 0.6176 0.0000
vt 0.2974 0.6181 0.0000
vt 0.3369 0.6956 0.0000
vt 0.3369 0.6906 0.0000
vt 0.1927 0.5825 0.0000
vt 0.1925 0.5830 0.0000
vt 0.1919 0.5824 0.0000
vt 0.1924 0.5822 0.0000
vt 0.1439 0.5340 0.0000
vt 0.1439 0.5349 0.0000
vt 0.1389 0.5349 0.0000
vt 0.1389 0.5340 0.0000
vt 0.1932 0.5825 0.0000
vt 0.1934 0.5829 0.0000
vt 0.1439 0.5357 0.0000
vt 0.1389 0.5357 0.0000
vt 0.2981 0.6177 0.0000
vt 0.2979 0.6181 0.0000
vt 0.1439 0.5365 0.0000
vt 0.1389 0.5365 0.0000
vt 0.2986 0.6182 0.0000
vt 0.2982 0.6185 0.0000
vt 0.3364 0.6956 0.0000
vt 0.3359 0.6956 0.0000
vt 0.3359 0.6906 0.0000
vt 0.3364 0.6906 0.0000
vt 0.1935 0.5822 0.0000
vt 0.1939 0.5824 0.0000
vt 0.3355 0.6956 0.0000
vt 0.3355 0.6906 0.0000
vt 0.1935 0.5817 0.0000
vt 0.1939 0.5815 0.0000
vt 0.3350 0.6956 0.0000
vt 0.3350 0.6906 0.0000
vt 0.1931 0.5814 0.0000
vt 0.1933 0.5810 0.0000
vt 0.4107 0.8614 0.0000
vt 0.4102 0.8614 0.0000
vt 0.4102 0.8564 0.0000
vt 0.4107 0.8564 0.0000
vt 0.1389 0.5373 0.0000
vt 0.1439 0.5373 0.0000
vt 0.1439 0.5381 0.0000
vt 0.1389 0.5381 0.0000
vt 0.2982 0.6189 0.0000
vt 0.2986 0.6191 0.0000
vt 0.2981 0.6197 0.0000
vt 0.2978 0.6192 0.0000
vt 0.2968 0.6198 0.0000
vt 0.2965 0.6194 0.0000
vt 0.2966 0.6199 0.0000
vt 0.2964 0.6195 0.0000
vt 0.1752 0.5149 0.0000
vt 0.1752 0.5173 0.0000
vt 0.2731 0.9635 0.0000
vt 0.2726 0.9635 0.0000
vt 0.2726 0.9606 0.0000
vt 0.1762 0.5144 0.0000
vt 0.1762 0.5179 0.0000
vt 0.2732 0.9647 0.0000
vt 0.2727 0.9647 0.0000
vt 0.2734 0.9635 0.0000
vt 0.2735 0.9647 0.0000
vt 0.1366 0.5633 0.0000
vt 0.1367 0.5623 0.0000
vt 0.1371 0.5624 0.0000
vt 0.1370 0.5633 0.0000
vt 0.1367 0.5647 0.0000
vt 0.1370 0.5646 0.0000
vt 0.1362 0.5647 0.0000
vt 0.1362 0.5633 0.0000
vt 0.1362 0.5624 0.0000
vt 0.1367 0.5651 0.0000
vt 0.1363 0.5651 0.0000
vt 0.1371 0.5650 0.0000
vt 0.1892 0.9512 0.0000
vt 0.1897 0.9512 0.0000
vt 0.1901 0.9529 0.0000
vt 0.1897 0.9531 0.0000
vt 0.1893 0.9532 0.0000
vt 0.1888 0.9512 0.0000
vt 0.1892 0.9508 0.0000
vt 0.1888 0.9508 0.0000
vt 0.1897 0.9489 0.0000
vt 0.1893 0.9488 0.0000
vt 0.1901 0.9491 0.0000
vt 0.1897 0.9508 0.0000
vt 0.1109 0.8483 0.0000
vt 0.1104 0.8483 0.0000
vt 0.1105 0.8479 0.0000
vt 0.1109 0.8479 0.0000
vt 0.1113 0.8479 0.0000
vt 0.1112 0.8484 0.0000
vt 0.1108 0.8497 0.0000
vt 0.1104 0.8496 0.0000
vt 0.1112 0.8497 0.0000
vt 0.1109 0.8507 0.0000
vt 0.1113 0.8506 0.0000
vt 0.2866 0.9519 0.0000
vt 0.2868 0.9507 0.0000
vt 0.2871 0.9507 0.0000
vt 0.2870 0.9519 0.0000
vt 0.1104 0.8505 0.0000
vt 0.2862 0.9519 0.0000
vt 0.2863 0.9507 0.0000
vt 0.1769 0.5150 0.0000
vt 0.1769 0.5173 0.0000
vt 0.1782 0.5153 0.0000
vt 0.1782 0.5170 0.0000
vt 0.1785 0.5150 0.0000
vt 0.1785 0.5173 0.0000
vt 0.1800 0.5160 0.0000
vt 0.1800 0.5163 0.0000
vt 0.1816 0.7940 0.0000
vt 0.1820 0.7938 0.0000
vt 0.1829 0.7963 0.0000
vt 0.1825 0.7965 0.0000
vt 0.3135 0.7898 0.0000
vt 0.3135 0.7903 0.0000
vt 0.3116 0.7903 0.0000
vt 0.3116 0.7898 0.0000
vt 0.1417 0.8345 0.0000
vt 0.1417 0.8326 0.0000
vt 0.1444 0.8326 0.0000
vt 0.1444 0.8345 0.0000
vt 0.3062 0.7903 0.0000
vt 0.3062 0.7898 0.0000
vt 0.1417 0.8272 0.0000
vt 0.1444 0.8272 0.0000
vt 0.1415 0.8345 0.0000
vt 0.1415 0.8326 0.0000
vt 0.1415 0.8272 0.0000
vt 0.1414 0.8345 0.0000
vt 0.1414 0.8326 0.0000
vt 0.1414 0.8272 0.0000
vt 0.3246 0.6751 0.0000
vt 0.3241 0.6752 0.0000
vt 0.3240 0.6751 0.0000
vt 0.3244 0.6748 0.0000
vt 0.3254 0.6805 0.0000
vt 0.3249 0.6806 0.0000
vt 0.1412 0.8345 0.0000
vt 0.1412 0.8326 0.0000
vt 0.3238 0.6749 0.0000
vt 0.3241 0.6745 0.0000
vt 0.1409 0.8326 0.0000
vt 0.1409 0.8345 0.0000
vt 0.3233 0.6743 0.0000
vt 0.3238 0.6741 0.0000
vt 0.1402 0.8345 0.0000
vt 0.1402 0.8326 0.0000
vt 0.3234 0.6734 0.0000
vt 0.3238 0.6737 0.0000
vt 0.1393 0.8345 0.0000
vt 0.1393 0.8326 0.0000
vt 0.3241 0.6729 0.0000
vt 0.3242 0.6734 0.0000
vt 0.1385 0.8345 0.0000
vt 0.1385 0.8326 0.0000
vt 0.1377 0.8345 0.0000
vt 0.1377 0.8326 0.0000
vt 0.3249 0.6730 0.0000
vt 0.3247 0.6734 0.0000
vt 0.4370 0.7010 0.0000
vt 0.4366 0.7010 0.0000
vt 0.4366 0.6991 0.0000
vt 0.4370 0.6991 0.0000
vt 0.4361 0.7010 0.0000
vt 0.4361 0.6991 0.0000
vt 0.4356 0.7010 0.0000
vt 0.4356 0.6991 0.0000
vt 0.3254 0.6737 0.0000
vt 0.3249 0.6738 0.0000
vt 0.4352 0.7010 0.0000
vt 0.4352 0.6991 0.0000
vt 0.3253 0.6744 0.0000
vt 0.3249 0.6743 0.0000
vt 0.1361 0.8345 0.0000
vt 0.1361 0.8326 0.0000
vt 0.1369 0.8326 0.0000
vt 0.1369 0.8345 0.0000
vt 0.3314 0.6970 0.0000
vt 0.3319 0.6970 0.0000
vt 0.3319 0.6989 0.0000
vt 0.3314 0.6989 0.0000
vt 0.1813 0.7924 0.0000
vt 0.1809 0.7925 0.0000
vt 0.1809 0.7918 0.0000
vt 0.1813 0.7920 0.0000
vt 0.1815 0.7912 0.0000
vt 0.1817 0.7917 0.0000
vt 0.1823 0.7912 0.0000
vt 0.1821 0.7917 0.0000
vt 0.1829 0.7918 0.0000
vt 0.1825 0.7920 0.0000
vt 0.4375 0.7010 0.0000
vt 0.4375 0.6991 0.0000
vt 0.1829 0.7927 0.0000
vt 0.1825 0.7925 0.0000
vt 0.1823 0.7932 0.0000
vt 0.1821 0.7928 0.0000
vt 0.4380 0.7010 0.0000
vt 0.4380 0.6991 0.0000
vt 0.4384 0.6991 0.0000
vt 0.4384 0.7010 0.0000
vt 0.1821 0.7934 0.0000
vt 0.1818 0.7930 0.0000
vt 0.4388 0.6991 0.0000
vt 0.4388 0.7010 0.0000
vt 0.1820 0.7935 0.0000
vt 0.1815 0.7934 0.0000
vt 0.1820 0.7936 0.0000
vt 0.1815 0.7936 0.0000
vt 0.4390 0.6991 0.0000
vt 0.4390 0.7010 0.0000
vt 0.4388 0.7064 0.0000
vt 0.4390 0.7065 0.0000
vt 0.4388 0.7084 0.0000
vt 0.4390 0.7084 0.0000
vt 0.4384 0.7064 0.0000
vt 0.4384 0.7084 0.0000
vt 0.1422 0.5291 0.0000
vt 0.1422 0.5296 0.0000
vt 0.1420 0.5296 0.0000
vt 0.1418 0.5292 0.0000
vt 0.4380 0.7064 0.0000
vt 0.4380 0.7084 0.0000
vt 0.1426 0.5292 0.0000
vt 0.1425 0.5296 0.0000
vt 0.1409 0.8252 0.0000
vt 0.1412 0.8252 0.0000
vt 0.1412 0.8272 0.0000
vt 0.1409 0.8272 0.0000
vt 0.1414 0.8252 0.0000
vt 0.1430 0.5292 0.0000
vt 0.1432 0.5296 0.0000
vt 0.1402 0.8272 0.0000
vt 0.1402 0.8252 0.0000
vt 0.1434 0.5288 0.0000
vt 0.1438 0.5290 0.0000
vt 0.1393 0.8272 0.0000
vt 0.1393 0.8252 0.0000
vt 0.1385 0.8272 0.0000
vt 0.1385 0.8252 0.0000
vt 0.1434 0.5284 0.0000
vt 0.1438 0.5282 0.0000
vt 0.4375 0.7084 0.0000
vt 0.4370 0.7084 0.0000
vt 0.4370 0.7064 0.0000
vt 0.4375 0.7064 0.0000
vt 0.4366 0.7084 0.0000
vt 0.4366 0.7064 0.0000
vt 0.4361 0.7084 0.0000
vt 0.4361 0.7064 0.0000
vt 0.1430 0.5280 0.0000
vt 0.1432 0.5276 0.0000
vt 0.4356 0.7084 0.0000
vt 0.4356 0.7064 0.0000
vt 0.1424 0.5276 0.0000
vt 0.1426 0.5280 0.0000
vt 0.1369 0.8272 0.0000
vt 0.1369 0.8252 0.0000
vt 0.1377 0.8252 0.0000
vt 0.1377 0.8272 0.0000
vt 0.1362 0.8272 0.0000
vt 0.1361 0.8252 0.0000
vt 0.1419 0.5282 0.0000
vt 0.1423 0.5284 0.0000
vt 0.4655 0.6556 0.0000
vt 0.4655 0.6552 0.0000
vt 0.4675 0.6552 0.0000
vt 0.4675 0.6556 0.0000
vt 0.1194 0.7805 0.0000
vt 0.1189 0.7807 0.0000
vt 0.1189 0.7799 0.0000
vt 0.1194 0.7800 0.0000
vt 0.4352 0.7084 0.0000
vt 0.4352 0.7064 0.0000
vt 0.1197 0.7808 0.0000
vt 0.1195 0.7812 0.0000
vt 0.1202 0.7808 0.0000
vt 0.1204 0.7812 0.0000
vt 0.1205 0.7805 0.0000
vt 0.1209 0.7806 0.0000
vt 0.1205 0.7800 0.0000
vt 0.1209 0.7798 0.0000
vt 0.1201 0.7797 0.0000
vt 0.1204 0.7793 0.0000
vt 0.1198 0.7794 0.0000
vt 0.1201 0.7791 0.0000
vt 0.1196 0.7791 0.0000
vt 0.1200 0.7789 0.0000
vt 0.1415 0.8252 0.0000
vt 0.1195 0.7788 0.0000
vt 0.1200 0.7788 0.0000
vt 0.1417 0.8252 0.0000
vt 0.1196 0.7785 0.0000
vt 0.1201 0.7786 0.0000
vt 0.1444 0.8252 0.0000
vt 0.1205 0.7760 0.0000
vt 0.1209 0.7762 0.0000
vt 0.3042 0.7903 0.0000
vt 0.3042 0.7898 0.0000
vt 0.0996 0.5117 0.0000
vt 0.0999 0.5113 0.0000
vt 0.1000 0.5115 0.0000
vt 0.0998 0.5118 0.0000
vt 0.1004 0.5113 0.0000
vt 0.1003 0.5115 0.0000
vt 0.1002 0.5119 0.0000
vt 0.0998 0.5121 0.0000
vt 0.1006 0.5118 0.0000
vt 0.1006 0.5121 0.0000
vt 0.1003 0.5123 0.0000
vt 0.1000 0.5123 0.0000
vt 0.1008 0.5122 0.0000
vt 0.1004 0.5125 0.0000
vt 0.1008 0.5117 0.0000
vt 0.3710 0.7921 0.0000
vt 0.3807 0.7921 0.0000
vt 0.3807 0.7926 0.0000
vt 0.3710 0.7926 0.0000
vt 0.3710 0.7917 0.0000
vt 0.3807 0.7917 0.0000
vt 0.0930 0.5326 0.0000
vt 0.0933 0.5329 0.0000
vt 0.0931 0.5330 0.0000
vt 0.0929 0.5328 0.0000
vt 0.0933 0.5334 0.0000
vt 0.0931 0.5333 0.0000
vt 0.0925 0.5328 0.0000
vt 0.0924 0.5326 0.0000
vt 0.3807 0.7912 0.0000
vt 0.3710 0.7912 0.0000
vt 0.0921 0.5329 0.0000
vt 0.0923 0.5330 0.0000
vt 0.3807 0.7945 0.0000
vt 0.3807 0.7949 0.0000
vt 0.3710 0.7949 0.0000
vt 0.3710 0.7945 0.0000
vt 0.0999 0.5125 0.0000
vt 0.0996 0.5122 0.0000
vt 0.3710 0.7940 0.0000
vt 0.3807 0.7940 0.0000
vt 0.3710 0.7935 0.0000
vt 0.3807 0.7935 0.0000
vt 0.0924 0.5338 0.0000
vt 0.0921 0.5334 0.0000
vt 0.0923 0.5333 0.0000
vt 0.0925 0.5335 0.0000
vt 0.0929 0.5338 0.0000
vt 0.0928 0.5336 0.0000
vt 0.3710 0.7931 0.0000
vt 0.3807 0.7931 0.0000
vt 0.0927 0.5332 0.0000
vt 0.2672 0.8669 0.0000
vt 0.2667 0.8669 0.0000
vt 0.2666 0.8643 0.0000
vt 0.2671 0.8642 0.0000
vt 0.2362 0.8876 0.0000
vt 0.2368 0.8876 0.0000
vt 0.2368 0.8900 0.0000
vt 0.2362 0.8900 0.0000
vt 0.0723 0.6045 0.0000
vt 0.0723 0.6021 0.0000
vt 0.0757 0.6021 0.0000
vt 0.0757 0.6045 0.0000
vt 0.2368 0.8969 0.0000
vt 0.2362 0.8969 0.0000
vt 0.0723 0.5952 0.0000
vt 0.0757 0.5952 0.0000
vt 0.0721 0.6045 0.0000
vt 0.0721 0.6021 0.0000
vt 0.0721 0.5952 0.0000
vt 0.0720 0.6045 0.0000
vt 0.0719 0.6021 0.0000
vt 0.0719 0.5952 0.0000
vt 0.3426 0.6911 0.0000
vt 0.3428 0.6907 0.0000
vt 0.3430 0.6907 0.0000
vt 0.3429 0.6912 0.0000
vt 0.1630 0.8979 0.0000
vt 0.1624 0.8979 0.0000
vt 0.1624 0.8911 0.0000
vt 0.1630 0.8911 0.0000
vt 0.0717 0.6045 0.0000
vt 0.0717 0.6021 0.0000
vt 0.3432 0.6907 0.0000
vt 0.3434 0.6911 0.0000
vt 0.0714 0.6021 0.0000
vt 0.0714 0.6045 0.0000
vt 0.3440 0.6907 0.0000
vt 0.3438 0.6911 0.0000
vt 0.0704 0.6045 0.0000
vt 0.0704 0.6021 0.0000
vt 0.3446 0.6913 0.0000
vt 0.3442 0.6915 0.0000
vt 0.0694 0.6045 0.0000
vt 0.0694 0.6021 0.0000
vt 0.3446 0.6921 0.0000
vt 0.3442 0.6919 0.0000
vt 0.0683 0.6045 0.0000
vt 0.0683 0.6021 0.0000
vt 0.0673 0.6045 0.0000
vt 0.0673 0.6021 0.0000
vt 0.3440 0.6927 0.0000
vt 0.3438 0.6923 0.0000
vt 0.2328 0.8659 0.0000
vt 0.2322 0.8659 0.0000
vt 0.2322 0.8635 0.0000
vt 0.2328 0.8635 0.0000
vt 0.2316 0.8659 0.0000
vt 0.2316 0.8635 0.0000
vt 0.2310 0.8659 0.0000
vt 0.2310 0.8635 0.0000
vt 0.3432 0.6927 0.0000
vt 0.3434 0.6923 0.0000
vt 0.0673 0.9566 0.0000
vt 0.0673 0.9542 0.0000
vt 0.0679 0.9542 0.0000
vt 0.0679 0.9566 0.0000
vt 0.0662 0.6045 0.0000
vt 0.0662 0.6021 0.0000
vt 0.2668 0.8688 0.0000
vt 0.2672 0.8691 0.0000
vt 0.2665 0.8695 0.0000
vt 0.2664 0.8690 0.0000
vt 0.2657 0.8692 0.0000
vt 0.2660 0.8689 0.0000
vt 0.2653 0.8685 0.0000
vt 0.2658 0.8685 0.0000
vt 0.2333 0.8659 0.0000
vt 0.2333 0.8635 0.0000
vt 0.2656 0.8677 0.0000
vt 0.2659 0.8680 0.0000
vt 0.2663 0.8674 0.0000
vt 0.2663 0.8678 0.0000
vt 0.2339 0.8659 0.0000
vt 0.2339 0.8635 0.0000
vt 0.2345 0.8635 0.0000
vt 0.2345 0.8659 0.0000
vt 0.2665 0.8673 0.0000
vt 0.2668 0.8677 0.0000
vt 0.2350 0.8635 0.0000
vt 0.2350 0.8659 0.0000
vt 0.2667 0.8672 0.0000
vt 0.2671 0.8675 0.0000
vt 0.2667 0.8671 0.0000
vt 0.2672 0.8672 0.0000
vt 0.2353 0.8635 0.0000
vt 0.2353 0.8659 0.0000
vt 0.2350 0.8728 0.0000
vt 0.2353 0.8728 0.0000
vt 0.2350 0.8752 0.0000
vt 0.2353 0.8752 0.0000
vt 0.2345 0.8728 0.0000
vt 0.2345 0.8752 0.0000
vt 0.1246 0.7778 0.0000
vt 0.1247 0.7783 0.0000
vt 0.1245 0.7783 0.0000
vt 0.1242 0.7779 0.0000
vt 0.2339 0.8728 0.0000
vt 0.2339 0.8752 0.0000
vt 0.1251 0.7779 0.0000
vt 0.1249 0.7783 0.0000
vt 0.0714 0.5928 0.0000
vt 0.0717 0.5928 0.0000
vt 0.0717 0.5952 0.0000
vt 0.0714 0.5953 0.0000
vt 0.0720 0.5928 0.0000
vt 0.1255 0.7779 0.0000
vt 0.1257 0.7783 0.0000
vt 0.0704 0.5953 0.0000
vt 0.0704 0.5928 0.0000
vt 0.1258 0.7775 0.0000
vt 0.1263 0.7777 0.0000
vt 0.0694 0.5953 0.0000
vt 0.0694 0.5928 0.0000
vt 0.0683 0.5953 0.0000
vt 0.0683 0.5928 0.0000
vt 0.1258 0.7771 0.0000
vt 0.1263 0.7769 0.0000
vt 0.2333 0.8752 0.0000
vt 0.2328 0.8752 0.0000
vt 0.2328 0.8728 0.0000
vt 0.2333 0.8728 0.0000
vt 0.2322 0.8752 0.0000
vt 0.2322 0.8728 0.0000
vt 0.2316 0.8752 0.0000
vt 0.2316 0.8728 0.0000
vt 0.1255 0.7768 0.0000
vt 0.1257 0.7763 0.0000
vt 0.2310 0.8752 0.0000
vt 0.2310 0.8728 0.0000
vt 0.1249 0.7764 0.0000
vt 0.1251 0.7768 0.0000
vt 0.0663 0.5953 0.0000
vt 0.0662 0.5928 0.0000
vt 0.0673 0.5928 0.0000
vt 0.0673 0.5952 0.0000
vt 0.0965 0.5112 0.0000
vt 0.0941 0.5112 0.0000
vt 0.0941 0.5106 0.0000
vt 0.0965 0.5107 0.0000
vt 0.2040 0.8541 0.0000
vt 0.2040 0.8537 0.0000
vt 0.2048 0.8540 0.0000
vt 0.2044 0.8543 0.0000
vt 0.2036 0.8543 0.0000
vt 0.2032 0.8539 0.0000
vt 0.2033 0.8547 0.0000
vt 0.2029 0.8547 0.0000
vt 0.2035 0.8551 0.0000
vt 0.2031 0.8554 0.0000
vt 0.2039 0.8553 0.0000
vt 0.2038 0.8558 0.0000
vt 0.2043 0.8555 0.0000
vt 0.2041 0.8559 0.0000
vt 0.2046 0.8557 0.0000
vt 0.2042 0.8560 0.0000
vt 0.0721 0.5928 0.0000
vt 0.2047 0.8559 0.0000
vt 0.2043 0.8561 0.0000
vt 0.0723 0.5928 0.0000
vt 0.2048 0.8563 0.0000
vt 0.2043 0.8563 0.0000
vt 0.0757 0.5928 0.0000
vt 0.2047 0.8589 0.0000
vt 0.2042 0.8589 0.0000
vt 0.2368 0.8993 0.0000
vt 0.2362 0.8993 0.0000
vt 0.3501 0.6031 0.0000
vt 0.3504 0.6027 0.0000
vt 0.3505 0.6029 0.0000
vt 0.3503 0.6031 0.0000
vt 0.3509 0.6027 0.0000
vt 0.3508 0.6029 0.0000
vt 0.3507 0.6033 0.0000
vt 0.3511 0.6031 0.0000
vt 0.3511 0.6035 0.0000
vt 0.3508 0.6037 0.0000
vt 0.3505 0.6037 0.0000
vt 0.3503 0.6035 0.0000
vt 0.3513 0.6031 0.0000
vt 0.3513 0.6036 0.0000
vt 0.1910 0.8831 0.0000
vt 0.1910 0.8706 0.0000
vt 0.1916 0.8706 0.0000
vt 0.1916 0.8831 0.0000
vt 0.1904 0.8831 0.0000
vt 0.1904 0.8706 0.0000
vt 0.3159 0.5832 0.0000
vt 0.3159 0.5837 0.0000
vt 0.3157 0.5837 0.0000
vt 0.3157 0.5833 0.0000
vt 0.3155 0.5841 0.0000
vt 0.3154 0.5839 0.0000
vt 0.3155 0.5829 0.0000
vt 0.3155 0.5831 0.0000
vt 0.1898 0.8831 0.0000
vt 0.1898 0.8706 0.0000
vt 0.3151 0.5831 0.0000
vt 0.3150 0.5829 0.0000
vt 0.1893 0.8706 0.0000
vt 0.1893 0.8831 0.0000
vt 0.3509 0.6039 0.0000
vt 0.3504 0.6039 0.0000
vt 0.3501 0.6036 0.0000
vt 0.1887 0.8706 0.0000
vt 0.1887 0.8831 0.0000
vt 0.1928 0.8831 0.0000
vt 0.1928 0.8706 0.0000
vt 0.1933 0.8706 0.0000
vt 0.1933 0.8831 0.0000
vt 0.3147 0.5837 0.0000
vt 0.3147 0.5832 0.0000
vt 0.3149 0.5833 0.0000
vt 0.3149 0.5836 0.0000
vt 0.3153 0.5835 0.0000
vt 0.3151 0.5839 0.0000
vt 0.3150 0.5841 0.0000
vt 0.1922 0.8706 0.0000
vt 0.1922 0.8831 0.0000
vt 0.1624 0.9555 0.0000
vt 0.1629 0.9555 0.0000
vt 0.1629 0.9618 0.0000
vt 0.1624 0.9618 0.0000
vt 0.1624 0.9528 0.0000
vt 0.1629 0.9528 0.0000
vt 0.4420 0.9542 0.0000
vt 0.4425 0.9542 0.0000
vt 0.4426 0.9568 0.0000
vt 0.4421 0.9568 0.0000
vt 0.1804 0.7853 0.0000
vt 0.1837 0.7853 0.0000
vt 0.1837 0.7879 0.0000
vt 0.1804 0.7879 0.0000
vt 0.1801 0.7853 0.0000
vt 0.1801 0.7879 0.0000
vt 0.4421 0.9538 0.0000
vt 0.4425 0.9540 0.0000
vt 0.1800 0.7853 0.0000
vt 0.1800 0.7879 0.0000
vt 0.4422 0.9536 0.0000
vt 0.4426 0.9539 0.0000
vt 0.1071 0.8683 0.0000
vt 0.1065 0.8683 0.0000
vt 0.1065 0.8656 0.0000
vt 0.1071 0.8656 0.0000
vt 0.3262 0.7296 0.0000
vt 0.3262 0.7301 0.0000
vt 0.3261 0.7301 0.0000
vt 0.3258 0.7297 0.0000
vt 0.1800 0.7789 0.0000
vt 0.1801 0.7789 0.0000
vt 0.1798 0.7853 0.0000
vt 0.1798 0.7789 0.0000
vt 0.3510 0.6785 0.0000
vt 0.3516 0.6785 0.0000
vt 0.3516 0.6811 0.0000
vt 0.3510 0.6811 0.0000
vt 0.2853 0.6954 0.0000
vt 0.2855 0.6950 0.0000
vt 0.2857 0.6950 0.0000
vt 0.2857 0.6955 0.0000
vt 0.1800 0.7763 0.0000
vt 0.1801 0.7763 0.0000
vt 0.3770 0.8991 0.0000
vt 0.3766 0.8993 0.0000
vt 0.3765 0.8991 0.0000
vt 0.3769 0.8989 0.0000
vt 0.1804 0.7789 0.0000
vt 0.1804 0.7763 0.0000
vt 0.3769 0.8988 0.0000
vt 0.3764 0.8987 0.0000
vt 0.1117 0.7782 0.0000
vt 0.1114 0.7782 0.0000
vt 0.1114 0.7756 0.0000
vt 0.1117 0.7756 0.0000
vt 0.1110 0.7782 0.0000
vt 0.1110 0.7756 0.0000
vt 0.1117 0.7845 0.0000
vt 0.1114 0.7845 0.0000
vt 0.1110 0.7845 0.0000
vt 0.1114 0.7872 0.0000
vt 0.1110 0.7872 0.0000
vt 0.1117 0.7872 0.0000
vt 0.3770 0.8961 0.0000
vt 0.3765 0.8961 0.0000
vt 0.1629 0.9644 0.0000
vt 0.1624 0.9644 0.0000
vt 0.1837 0.7789 0.0000
vt 0.1837 0.7763 0.0000
vt 0.2860 0.6950 0.0000
vt 0.2861 0.6954 0.0000
vt 0.1794 0.7790 0.0000
vt 0.1794 0.7853 0.0000
vt 0.2867 0.6950 0.0000
vt 0.2866 0.6954 0.0000
vt 0.1784 0.7853 0.0000
vt 0.1784 0.7790 0.0000
vt 0.2873 0.6955 0.0000
vt 0.2869 0.6957 0.0000
vt 0.1774 0.7853 0.0000
vt 0.1774 0.7790 0.0000
vt 0.2873 0.6964 0.0000
vt 0.2869 0.6962 0.0000
vt 0.1764 0.7853 0.0000
vt 0.1764 0.7790 0.0000
vt 0.1753 0.7853 0.0000
vt 0.1753 0.7790 0.0000
vt 0.2867 0.6969 0.0000
vt 0.2866 0.6965 0.0000
vt 0.1139 0.7782 0.0000
vt 0.1145 0.7782 0.0000
vt 0.1145 0.7846 0.0000
vt 0.1139 0.7846 0.0000
vt 0.1151 0.7782 0.0000
vt 0.1151 0.7846 0.0000
vt 0.1157 0.7782 0.0000
vt 0.1157 0.7846 0.0000
vt 0.2859 0.6969 0.0000
vt 0.2861 0.6965 0.0000
vt 0.2427 0.9577 0.0000
vt 0.2427 0.9514 0.0000
vt 0.2432 0.9514 0.0000
vt 0.2432 0.9577 0.0000
vt 0.1743 0.7853 0.0000
vt 0.1743 0.7790 0.0000
vt 0.3266 0.7286 0.0000
vt 0.3265 0.7281 0.0000
vt 0.3273 0.7281 0.0000
vt 0.3271 0.7286 0.0000
vt 0.3279 0.7287 0.0000
vt 0.3274 0.7289 0.0000
vt 0.3279 0.7295 0.0000
vt 0.3274 0.7294 0.0000
vt 0.1134 0.7782 0.0000
vt 0.1134 0.7846 0.0000
vt 0.3273 0.7301 0.0000
vt 0.3271 0.7297 0.0000
vt 0.3265 0.7301 0.0000
vt 0.3266 0.7297 0.0000
vt 0.1128 0.7782 0.0000
vt 0.1128 0.7846 0.0000
vt 0.1122 0.7846 0.0000
vt 0.1122 0.7782 0.0000
vt 0.2348 0.8255 0.0000
vt 0.2362 0.8255 0.0000
vt 0.2358 0.8264 0.0000
vt 0.2348 0.8261 0.0000
vt 0.2348 0.8248 0.0000
vt 0.2358 0.8245 0.0000
vt 0.2378 0.8246 0.0000
vt 0.2378 0.8255 0.0000
vt 0.2386 0.8244 0.0000
vt 0.2386 0.8255 0.0000
vt 0.2396 0.8247 0.0000
vt 0.2396 0.8255 0.0000
vt 0.2415 0.8245 0.0000
vt 0.2415 0.8255 0.0000
vt 0.2427 0.8247 0.0000
vt 0.2427 0.8255 0.0000
vt 0.2439 0.8249 0.0000
vt 0.2439 0.8255 0.0000
vt 0.2427 0.8263 0.0000
vt 0.2415 0.8264 0.0000
vt 0.2439 0.8260 0.0000
vt 0.2452 0.8255 0.0000
vt 0.2452 0.8262 0.0000
vt 0.2464 0.8255 0.0000
vt 0.2464 0.8260 0.0000
vt 0.2471 0.8255 0.0000
vt 0.2471 0.8262 0.0000
vt 0.2478 0.8255 0.0000
vt 0.2478 0.8266 0.0000
vt 0.2464 0.8249 0.0000
vt 0.2471 0.8246 0.0000
vt 0.2478 0.8242 0.0000
vt 0.2485 0.8248 0.0000
vt 0.2487 0.8234 0.0000
vt 0.2487 0.8246 0.0000
vt 0.2484 0.8251 0.0000
vt 0.2492 0.8233 0.0000
vt 0.2492 0.8243 0.0000
vt 0.2496 0.8234 0.0000
vt 0.2496 0.8244 0.0000
vt 0.2502 0.8237 0.0000
vt 0.2502 0.8247 0.0000
vt 0.2512 0.8242 0.0000
vt 0.2512 0.8252 0.0000
vt 0.2531 0.8248 0.0000
vt 0.2531 0.8254 0.0000
vt 0.2516 0.8254 0.0000
vt 0.2512 0.8257 0.0000
vt 0.2531 0.8261 0.0000
vt 0.2512 0.8267 0.0000
vt 0.2551 0.8254 0.0000
vt 0.2551 0.8258 0.0000
vt 0.2551 0.8250 0.0000
vt 0.2582 0.8250 0.0000
vt 0.2584 0.8254 0.0000
vt 0.2580 0.8258 0.0000
vt 0.2502 0.8262 0.0000
vt 0.2502 0.8272 0.0000
vt 0.2496 0.8266 0.0000
vt 0.2496 0.8276 0.0000
vt 0.2492 0.8266 0.0000
vt 0.2492 0.8276 0.0000
vt 0.2487 0.8263 0.0000
vt 0.2487 0.8273 0.0000
vt 0.2485 0.8260 0.0000
vt 0.2485 0.8258 0.0000
vt 0.2485 0.8255 0.0000
vt 0.2452 0.8247 0.0000
vt 0.2396 0.8263 0.0000
vt 0.2386 0.8266 0.0000
vt 0.2378 0.8265 0.0000
vt 0.1226 0.8637 0.0000
vt 0.1231 0.8637 0.0000
vt 0.1231 0.8641 0.0000
vt 0.1226 0.8642 0.0000
vt 0.1226 0.8633 0.0000
vt 0.1231 0.8633 0.0000
vt 0.1236 0.8634 0.0000
vt 0.1236 0.8637 0.0000
vt 0.1239 0.8632 0.0000
vt 0.1239 0.8637 0.0000
vt 0.1242 0.8630 0.0000
vt 0.1242 0.8637 0.0000
vt 0.1239 0.8643 0.0000
vt 0.1236 0.8641 0.0000
vt 0.1242 0.8645 0.0000
vt 0.1245 0.8637 0.0000
vt 0.1245 0.8645 0.0000
vt 0.1249 0.8637 0.0000
vt 0.1249 0.8644 0.0000
vt 0.1251 0.8637 0.0000
vt 0.1251 0.8642 0.0000
vt 0.1245 0.8629 0.0000
vt 0.1249 0.8631 0.0000
vt 0.1251 0.8632 0.0000
vt 0.1253 0.8633 0.0000
vt 0.1253 0.8637 0.0000
vt 0.1256 0.8634 0.0000
vt 0.1256 0.8637 0.0000
vt 0.1259 0.8634 0.0000
vt 0.1259 0.8637 0.0000
vt 0.1256 0.8641 0.0000
vt 0.1253 0.8641 0.0000
vt 0.1259 0.8641 0.0000
vt 0.1266 0.8637 0.0000
vt 0.1266 0.8644 0.0000
vt 0.1275 0.8637 0.0000
vt 0.1275 0.8646 0.0000
vt 0.1266 0.8631 0.0000
vt 0.1275 0.8629 0.0000
vt 0.1292 0.8627 0.0000
vt 0.1292 0.8637 0.0000
vt 0.1312 0.8627 0.0000
vt 0.1312 0.8637 0.0000
vt 0.1292 0.8647 0.0000
vt 0.1312 0.8647 0.0000
vt 0.1333 0.8637 0.0000
vt 0.1333 0.8645 0.0000
vt 0.1355 0.8637 0.0000
vt 0.1355 0.8643 0.0000
vt 0.1333 0.8629 0.0000
vt 0.1355 0.8632 0.0000
vt 0.1377 0.8633 0.0000
vt 0.1377 0.8637 0.0000
vt 0.1392 0.8635 0.0000
vt 0.1392 0.8637 0.0000
vt 0.1377 0.8640 0.0000
vt 0.1392 0.8640 0.0000
vt 0.1398 0.8637 0.0000
vt 0.1398 0.8640 0.0000
vt 0.1403 0.8637 0.0000
vt 0.1403 0.8642 0.0000
vt 0.1408 0.8637 0.0000
vt 0.1408 0.8644 0.0000
vt 0.1398 0.8635 0.0000
vt 0.1403 0.8633 0.0000
vt 0.1408 0.8630 0.0000
vt 0.1413 0.8629 0.0000
vt 0.1413 0.8637 0.0000
vt 0.1418 0.8629 0.0000
vt 0.1418 0.8637 0.0000
vt 0.1413 0.8645 0.0000
vt 0.1418 0.8644 0.0000
vt 0.1424 0.8637 0.0000
vt 0.1424 0.8642 0.0000
vt 0.1426 0.8637 0.0000
vt 0.1426 0.8642 0.0000
vt 0.1424 0.8631 0.0000
vt 0.1426 0.8632 0.0000
vt 0.1441 0.8631 0.0000
vt 0.1441 0.8638 0.0000
vt 0.1471 0.8627 0.0000
vt 0.1472 0.8638 0.0000
vt 0.1442 0.8644 0.0000
vt 0.1473 0.8648 0.0000
vt 0.1510 0.8637 0.0000
vt 0.1510 0.8642 0.0000
vt 0.1610 0.8637 0.0000
vt 0.1607 0.8639 0.0000
vt 0.1509 0.8633 0.0000
vt 0.1607 0.8635 0.0000
# 8297 texture coords

o body
g body
usemtl Material__25
s off
f 1/1/1 2/2/1 3/3/1 4/4/1 
f 5/5/1 6/6/1 7/7/1 8/8/1 
f 9/9/1 10/10/1 11/11/1 12/12/1 
f 13/13/1 14/14/1 15/15/1 16/16/1 
f 17/17/1 18/18/1 19/19/1 20/20/1 
f 21/21/2 22/22/2 4/23/2 23/24/2 
f 23/24/3 4/23/3 3/25/3 24/26/3 
f 24/26/4 3/25/4 12/27/4 25/28/4 
f 25/28/5 12/27/5 11/29/5 26/30/5 
f 26/30/6 11/29/6 20/31/6 27/32/6 
f 27/32/7 20/31/7 19/33/7 28/34/7 
f 28/34/8 19/33/8 29/35/8 30/36/8 
f 30/36/9 29/35/9 8/37/9 31/38/9 
f 31/38/10 8/37/10 7/39/10 32/40/10 
f 32/41/11 7/42/11 16/43/11 33/44/11 
f 33/44/12 16/43/12 15/45/12 34/46/12 
f 34/46/13 15/45/13 22/22/13 21/21/13 
f 18/18/1 35/47/1 29/48/1 19/19/1 
f 14/14/1 36/49/1 22/50/1 15/15/1 
f 10/10/1 17/17/1 20/20/1 11/11/1 
f 6/6/1 13/13/1 16/16/1 7/7/1 
f 2/2/1 9/9/1 12/12/1 3/3/1 
f 35/47/1 5/5/1 8/8/1 29/48/1 
f 36/49/1 1/1/1 4/4/1 22/50/1 
f 1/51/8 36/52/8 37/53/8 38/54/8 
f 18/55/13 17/56/13 39/57/13 40/58/13 
f 14/59/6 13/60/6 41/61/6 42/62/6 
f 5/63/3 35/64/3 43/65/3 44/66/3 
f 2/67/9 1/51/9 38/54/9 45/68/9 
f 36/52/7 14/59/7 42/62/7 37/53/7 
f 17/56/12 10/69/12 46/70/12 39/57/12 
f 6/71/4 5/63/4 44/66/4 47/72/4 
f 9/73/10 2/67/10 45/68/10 48/74/10 
f 35/64/2 18/55/2 40/58/2 43/65/2 
f 13/60/5 6/75/5 47/76/5 41/61/5 
f 10/69/11 9/73/11 48/74/11 46/70/11 
f 49/77/14 50/78/14 51/79/14 52/80/14 
f 49/81/15 53/82/16 54/83/17 50/84/18 
f 52/85/19 55/86/20 53/87/16 49/88/15 
f 54/83/17 53/82/16 56/89/21 57/90/22 
f 58/91/23 56/92/21 53/87/16 55/86/20 
f 59/93/24 54/94/17 57/95/22 60/96/25 
f 59/93/24 51/97/26 50/98/18 54/94/17 
f 61/99/27 59/100/28 60/101/29 62/102/30 
f 61/99/27 63/103/31 51/104/32 59/100/28 
f 64/105/14 51/79/14 63/106/14 65/107/14 
f 66/108/14 52/80/14 51/79/14 64/105/14 
f 67/109/33 64/110/34 65/111/35 68/112/36 
f 69/113/14 70/114/14 66/108/14 64/105/14 
f 64/115/37 67/116/38 71/117/39 69/118/40 
f 71/117/39 67/116/38 72/119/41 73/120/42 
f 74/121/43 72/122/44 67/109/33 68/112/36 
f 73/123/42 75/124/45 76/125/46 71/126/39 
f 69/127/40 71/126/39 76/125/46 70/128/47 
f 77/129/48 76/130/46 75/131/45 78/132/49 
f 77/129/48 66/133/50 70/134/47 76/130/46 
f 78/132/49 75/131/45 79/135/51 80/136/52 
f 81/137/53 79/138/51 75/124/45 73/123/42 
f 80/139/52 79/140/51 82/141/54 83/142/55 
f 84/143/56 82/144/54 79/145/51 81/146/53 
f 81/147/53 85/148/57 86/149/58 84/150/56 
f 73/120/42 72/119/41 85/151/57 81/152/53 
f 87/153/59 86/154/60 85/155/61 88/156/62 
f 88/157/62 85/158/61 72/122/44 74/121/43 
f 89/159/63 87/153/59 88/156/62 90/160/64 
f 90/161/64 88/157/62 74/121/43 91/162/65 
f 92/163/66 89/159/63 90/160/64 93/164/67 
f 93/165/67 90/161/64 91/162/65 94/166/68 
f 95/167/69 92/163/66 93/164/67 96/168/70 
f 96/169/70 93/165/67 94/166/68 97/170/71 
f 98/171/72 95/172/72 96/173/72 99/174/72 
f 99/175/72 96/176/72 97/177/73 100/178/73 
f 101/179/74 98/180/75 99/181/76 102/182/77 
f 102/183/77 99/184/76 100/185/78 103/186/79 
f 103/186/79 100/185/78 104/187/80 105/188/81 
f 100/178/73 97/177/73 106/189/72 104/190/72 
f 104/187/80 107/191/82 108/192/82 105/188/81 
f 106/189/72 109/193/72 107/194/72 104/190/72 
f 108/195/14 107/196/14 109/197/14 110/198/14 
f 111/199/14 112/200/14 113/201/14 109/197/14 
f 114/202/83 111/203/84 109/204/85 106/205/86 
f 109/197/14 113/201/14 115/206/14 110/198/14 
f 115/206/14 113/201/14 116/207/14 117/208/14 
f 113/209/72 118/210/72 119/211/72 116/212/72 
f 118/213/87 113/214/88 112/215/89 120/216/90 
f 118/213/87 120/216/90 121/217/91 122/218/92 
f 122/219/72 123/220/72 119/211/72 118/210/72 
f 120/216/90 124/221/93 125/222/94 121/217/91 
f 120/216/90 112/215/89 126/223/95 124/221/93 
f 124/221/93 61/99/27 62/102/30 125/222/94 
f 124/221/93 126/223/95 63/103/31 61/99/27 
f 127/224/14 126/225/14 112/200/14 111/199/14 
f 65/107/14 63/106/14 126/225/14 127/224/14 
f 68/112/36 65/111/35 127/226/96 128/227/97 
f 128/227/97 127/226/96 111/203/84 114/202/83 
f 94/166/68 91/162/65 128/227/97 114/202/83 
f 91/162/65 74/121/43 68/112/36 128/227/97 
f 97/170/71 94/166/68 114/202/83 106/205/86 
f 125/222/94 62/102/30 129/228/98 130/229/99 
f 121/217/91 125/222/94 130/229/99 131/230/100 
f 130/231/99 129/232/98 132/233/101 133/234/102 
f 131/235/100 130/231/99 133/234/102 134/236/103 
f 122/218/92 121/217/91 131/230/100 135/237/104 
f 135/238/104 131/235/100 134/236/103 136/239/105 
f 136/240/73 137/241/73 138/242/73 135/243/73 
f 135/244/73 138/245/73 123/220/72 122/219/72 
f 137/246/106 139/247/107 140/248/108 138/249/109 
f 138/250/109 140/251/108 141/252/110 123/253/111 
f 123/253/111 141/252/110 142/254/112 119/255/113 
f 140/256/114 143/257/114 141/258/114 
f 141/258/114 143/257/114 142/259/114 
f 144/260/114 143/261/114 139/262/114 
f 145/263/114 146/264/114 143/261/114 144/260/114 
f 117/265/114 142/259/114 143/257/114 147/266/114 
f 139/262/114 143/261/114 140/267/114 
f 147/268/114 115/269/114 117/270/114 
f 115/269/114 147/268/114 148/271/114 110/272/114 
f 105/273/114 108/274/114 148/275/114 146/276/114 
f 148/271/114 108/277/114 110/272/114 
f 116/278/115 119/255/113 142/254/112 117/279/115 
f 149/280/116 144/281/117 139/247/107 137/246/106 
f 101/282/114 146/264/114 145/263/114 
f 105/273/114 146/276/114 103/283/114 
f 103/283/114 146/276/114 102/284/114 
f 102/285/114 146/264/114 101/282/114 
f 145/286/118 150/287/119 98/180/75 101/179/74 
f 149/280/116 150/287/119 145/286/118 144/281/117 
f 150/288/72 151/289/72 95/172/72 98/171/72 
f 152/290/73 151/289/72 150/288/72 149/291/73 
f 152/290/73 149/291/73 137/241/73 136/240/73 
f 136/239/105 134/236/103 153/292/120 152/293/121 
f 153/292/120 154/294/122 151/295/123 152/293/121 
f 134/236/103 133/234/102 155/296/124 153/292/120 
f 155/296/124 156/297/125 154/294/122 153/292/120 
f 151/295/123 154/294/122 92/163/66 95/167/69 
f 154/294/122 156/297/125 89/159/63 92/163/66 
f 156/297/125 157/298/126 87/153/59 89/159/63 
f 158/299/127 157/298/126 156/297/125 155/296/124 
f 157/298/126 159/300/128 86/154/60 87/153/59 
f 160/301/129 159/300/128 157/298/126 158/299/127 
f 133/234/102 132/233/101 158/299/127 155/296/124 
f 132/233/101 161/302/130 160/301/129 158/299/127 
f 161/303/131 162/304/132 163/305/133 160/306/134 
f 159/307/135 160/306/134 163/305/133 164/308/136 
f 162/309/132 165/310/137 166/311/138 163/312/133 
f 164/313/136 163/312/133 166/311/138 167/314/139 
f 84/150/56 86/149/58 159/307/135 164/308/136 
f 164/313/136 167/314/139 82/144/54 84/143/56 
f 83/142/55 82/141/54 167/315/139 168/316/140 
f 169/317/141 168/316/140 167/315/139 166/318/138 
f 168/319/142 170/320/142 171/321/143 83/322/144 
f 168/319/142 169/323/145 172/324/145 170/320/142 
f 169/317/141 166/318/138 165/325/137 173/326/146 
f 173/327/147 174/328/147 172/324/145 169/323/145 
f 170/329/148 172/330/149 175/331/150 176/332/151 
f 175/331/150 172/330/149 174/333/152 177/334/153 
f 177/334/153 174/333/152 178/335/154 179/336/155 
f 180/337/156 178/338/157 174/328/147 173/327/147 
f 179/339/155 178/340/154 181/341/158 182/342/159 
f 58/343/160 181/344/161 178/345/157 180/346/156 
f 180/347/162 183/348/163 56/92/21 58/91/23 
f 173/326/146 165/325/137 183/349/163 180/350/162 
f 184/351/164 183/352/163 165/310/137 162/309/132 
f 57/90/22 56/89/21 183/353/163 184/354/164 
f 60/96/25 57/95/22 184/355/164 185/356/165 
f 185/357/165 184/358/164 162/304/132 161/303/131 
f 62/102/30 60/101/29 185/359/166 129/228/98 
f 129/232/98 185/360/166 161/302/130 132/233/101 
f 55/361/167 186/362/168 181/344/161 58/343/160 
f 182/342/159 181/341/158 186/363/169 187/364/170 
f 188/365/171 187/364/170 186/363/169 189/366/172 
f 186/362/168 55/361/167 52/367/173 189/368/174 
f 190/369/14 188/370/14 189/371/14 191/372/14 
f 191/372/14 189/371/14 52/80/14 66/108/14 
f 190/373/175 191/374/176 192/375/177 193/376/178 
f 191/377/179 66/378/180 77/379/181 192/380/182 
f 193/376/178 192/375/177 194/381/183 195/382/184 
f 78/383/185 194/384/186 192/380/182 77/379/181 
f 195/382/184 194/381/183 196/385/187 197/386/188 
f 80/387/189 196/388/190 194/384/186 78/383/185 
f 197/389/188 196/390/187 171/391/191 198/392/192 
f 83/322/144 171/321/143 196/393/190 80/394/189 
f 198/392/192 171/391/191 170/329/148 176/332/151 
f 199/395/193 197/389/188 198/392/192 200/396/194 
f 200/396/194 198/392/192 176/332/151 201/397/195 
f 176/332/151 175/331/150 202/398/196 201/397/195 
f 200/399/72 201/400/72 203/401/72 
f 202/402/72 204/403/72 203/401/72 201/400/72 
f 203/401/72 205/404/72 199/405/72 
f 203/401/72 199/405/72 200/399/72 
f 205/404/72 206/406/72 199/407/72 
f 206/408/197 195/382/184 197/386/188 199/409/193 
f 206/406/72 205/404/72 207/410/73 
f 207/411/198 193/376/178 195/382/184 206/408/197 
f 190/373/175 193/376/178 207/411/198 208/412/82 
f 207/410/73 205/404/72 209/413/72 208/414/72 
f 208/415/14 210/416/14 188/370/14 190/369/14 
f 209/413/72 211/417/73 210/418/72 208/414/72 
f 211/417/73 212/419/72 213/420/72 210/418/72 
f 212/419/72 204/403/72 214/421/73 
f 213/420/72 212/419/72 215/422/72 
f 212/419/72 214/421/73 215/422/72 
f 187/364/170 213/423/199 215/424/200 182/342/159 
f 188/365/171 210/425/115 213/423/199 187/364/170 
f 204/403/72 216/426/72 214/421/73 
f 216/427/201 177/334/153 179/336/155 214/428/202 
f 214/429/202 179/339/155 182/342/159 215/424/200 
f 216/426/72 204/403/72 202/402/72 
f 202/398/196 175/331/150 177/334/153 216/427/201 
f 217/430/1 218/431/1 219/432/1 220/433/1 
f 219/434/82 218/435/82 221/436/82 222/437/82 
f 223/438/114 224/439/114 221/440/114 218/441/114 
f 223/442/1 218/431/1 217/430/1 225/443/1 
f 225/443/203 226/444/1 227/445/1 223/442/1 
f 227/446/115 228/447/115 224/448/115 223/449/115 
f 229/450/204 226/451/204 225/452/204 230/453/204 
f 226/444/1 231/454/1 232/455/1 227/445/1 
f 232/455/1 231/454/1 233/456/1 
f 233/456/1 231/454/1 234/457/1 235/458/1 
f 235/459/205 236/460/206 237/461/207 233/462/208 
f 233/462/208 237/461/207 238/463/209 232/464/209 
f 236/465/1 239/466/1 240/467/1 237/468/1 
f 237/468/1 240/467/1 241/469/1 238/470/1 
f 232/464/210 238/463/210 228/471/210 227/472/210 
f 238/470/1 241/469/1 242/473/1 228/474/1 
f 243/475/211 244/476/211 242/477/211 241/478/211 
f 243/475/212 241/478/212 240/479/213 245/480/214 
f 246/481/14 247/482/14 244/483/14 243/484/14 
f 246/481/14 243/484/14 245/485/14 
f 239/486/215 248/487/216 245/480/214 240/479/213 
f 245/485/14 248/488/14 249/489/14 246/481/14 
f 239/486/215 250/490/217 251/491/218 248/487/216 
f 252/492/14 249/489/14 248/488/14 251/493/14 
f 253/494/1 250/495/1 239/466/1 236/465/1 
f 254/496/219 251/491/218 250/490/217 255/497/219 
f 256/498/1 255/499/1 250/495/1 253/494/1 
f 257/500/12 253/501/12 236/460/206 235/459/205 
f 258/502/220 256/503/220 253/501/12 257/500/12 
f 235/458/1 234/457/1 259/504/1 257/505/1 
f 257/505/1 259/504/1 260/506/1 258/507/1 
f 261/508/221 262/509/221 256/503/220 258/502/220 
f 258/507/1 260/506/1 263/510/1 261/511/1 
f 261/511/1 263/510/1 264/512/1 265/513/1 
f 265/513/1 264/512/1 266/514/1 267/515/1 
f 268/516/1 267/515/1 266/514/1 269/517/1 
f 270/518/1 268/516/1 269/517/1 271/519/1 
f 272/520/1 270/518/1 271/519/1 273/521/1 
f 270/522/222 272/523/223 274/524/223 275/525/222 
f 268/526/224 270/522/222 275/525/222 276/527/224 
f 275/528/203 274/529/1 277/530/1 278/531/203 
f 276/532/1 275/528/203 278/531/203 279/533/1 
f 278/534/225 280/535/225 281/536/226 279/537/227 
f 278/534/225 277/538/228 282/539/228 280/535/225 
f 279/537/227 281/536/226 283/540/229 284/541/229 
f 285/542/1 276/532/1 279/533/1 284/543/1 
f 285/542/1 284/543/1 286/544/1 287/545/1 
f 286/546/230 284/541/229 283/540/229 288/547/231 
f 289/548/232 286/546/230 288/547/231 290/549/232 
f 287/545/1 286/544/1 289/550/1 262/551/1 
f 289/548/232 290/549/232 254/496/219 255/497/219 
f 262/551/1 289/550/1 255/499/1 256/498/1 
f 265/552/233 287/553/233 262/509/221 261/508/221 
f 291/554/234 292/555/14 290/556/14 288/557/234 
f 292/555/14 293/558/14 254/559/14 290/556/14 
f 293/558/14 252/492/14 251/493/14 254/559/14 
f 294/560/235 295/561/236 293/562/237 292/563/238 
f 252/564/239 293/562/237 295/561/236 296/565/239 
f 296/565/239 297/566/240 249/567/240 252/564/239 
f 297/568/1 296/569/1 298/570/1 299/571/1 
f 296/569/1 295/572/1 300/573/1 298/570/1 
f 301/574/241 299/575/241 298/576/242 302/577/242 
f 302/577/242 298/576/242 300/578/243 303/579/243 
f 304/580/14 305/581/14 301/582/14 302/583/14 
f 306/584/14 304/580/14 302/583/14 303/585/14 
f 307/586/14 306/584/14 303/585/14 308/587/14 
f 303/579/243 300/578/243 309/588/244 308/589/245 
f 308/589/245 309/588/244 310/590/231 311/591/231 
f 312/592/14 307/586/14 308/587/14 311/593/234 
f 295/572/1 294/594/1 309/595/1 300/573/1 
f 294/594/1 313/596/1 310/597/1 309/595/1 
f 292/563/238 291/598/246 313/599/246 294/560/235 
f 291/598/246 314/600/114 315/601/229 313/599/246 
f 313/596/1 315/602/1 316/603/1 310/597/1 
f 317/604/1 318/605/1 316/603/1 315/602/1 
f 319/606/247 317/607/247 315/601/229 314/600/114 
f 320/608/226 321/609/229 316/610/229 318/611/226 
f 311/591/231 310/590/231 316/610/229 321/609/229 
f 322/612/14 321/613/14 320/614/14 323/615/14 
f 322/612/14 312/592/14 311/593/234 321/613/14 
f 323/615/14 320/614/14 324/616/14 325/617/14 
f 325/617/14 324/616/14 326/618/14 327/619/14 
f 326/620/248 324/621/249 328/622/249 329/623/248 
f 324/621/249 320/608/226 318/611/226 328/622/249 
f 330/624/1 329/625/1 328/626/1 331/627/1 
f 331/627/1 328/626/1 318/605/1 317/604/1 
f 332/628/250 331/629/250 317/607/247 319/606/247 
f 331/629/250 332/628/250 333/630/251 330/631/252 
f 334/632/253 335/633/253 330/631/252 333/630/251 
f 335/634/1 336/635/1 329/625/1 330/624/1 
f 333/636/14 282/637/14 337/638/14 334/639/14 
f 332/640/14 280/641/14 282/637/14 333/636/14 
f 282/539/228 277/538/228 338/642/254 337/643/254 
f 339/644/255 340/645/255 337/643/254 338/642/254 
f 334/639/14 337/638/14 340/646/14 341/647/14 
f 342/648/1 343/649/203 339/650/203 338/651/1 
f 274/529/1 342/648/1 338/651/1 277/530/1 
f 344/652/9 345/653/256 343/654/257 342/655/9 
f 272/523/223 344/652/9 342/655/9 274/524/223 
f 345/656/1 344/657/1 346/658/1 347/659/1 
f 344/657/1 272/520/1 273/521/1 346/658/1 
f 348/660/203 345/656/1 347/659/1 349/661/1 
f 220/433/1 219/432/1 350/662/1 349/661/1 
f 350/662/1 348/660/203 349/661/1 
f 351/663/258 352/664/258 217/665/258 220/666/258 
f 353/667/259 354/668/259 351/669/82 
f 351/669/82 354/668/259 355/670/82 
f 351/669/82 356/671/82 353/667/259 
f 356/671/82 351/669/82 357/672/259 
f 355/670/82 358/673/82 352/674/82 351/669/82 
f 359/675/82 357/672/259 351/669/82 360/676/82 
f 358/677/260 355/678/260 361/679/260 362/680/260 
f 363/681/261 361/682/262 355/683/262 354/684/261 
f 362/685/263 364/686/264 365/687/264 358/688/263 
f 352/674/82 358/673/82 365/689/259 
f 365/689/259 366/690/259 352/674/82 
f 364/686/264 367/691/265 366/692/265 365/687/264 
f 352/674/82 366/690/259 368/693/259 
f 367/691/265 369/694/266 368/695/266 366/692/265 
f 368/693/259 370/696/82 352/674/82 
f 369/694/266 371/697/267 370/698/267 368/695/266 
f 372/699/268 370/700/268 371/701/268 373/702/268 
f 352/674/82 370/696/82 372/703/82 374/704/82 
f 373/705/269 375/706/270 376/707/270 372/708/269 
f 374/704/82 372/703/82 376/709/82 
f 377/710/82 378/711/259 374/704/82 
f 376/709/82 377/710/82 374/704/82 
f 378/711/259 379/712/82 374/704/82 
f 374/704/82 379/712/82 380/713/82 360/676/82 
f 381/714/14 374/715/14 360/716/14 382/717/14 
f 383/718/14 374/715/14 381/714/14 384/719/14 
f 385/720/115 383/721/115 386/722/115 
f 387/723/115 383/721/115 385/720/115 
f 386/722/115 383/721/115 388/724/271 
f 383/721/115 387/723/115 389/725/115 
f 383/721/115 390/726/115 391/727/115 388/724/271 
f 384/719/14 392/728/14 390/729/14 383/718/14 
f 230/730/115 383/721/115 389/725/115 393/731/115 
f 384/732/272 394/733/272 395/734/272 392/735/272 
f 396/736/72 394/737/72 384/738/72 381/739/72 
f 397/740/1 398/741/1 395/742/1 394/743/1 
f 399/744/1 397/740/1 394/743/1 396/745/1 
f 247/746/259 398/747/259 397/748/259 400/749/259 
f 401/750/72 400/751/72 397/752/72 399/753/72 
f 247/482/14 400/754/14 402/755/14 244/483/14 
f 400/754/14 401/756/14 403/757/14 402/755/14 
f 244/758/273 402/759/273 404/760/273 242/761/273 
f 402/762/72 403/763/72 405/764/72 404/765/72 
f 228/766/1 242/767/1 404/768/1 224/769/1 
f 224/770/1 404/771/1 405/772/203 221/773/203 
f 222/774/203 221/775/203 405/776/203 406/777/203 
f 407/778/274 406/779/274 405/780/274 403/781/274 
f 408/782/1 222/783/203 406/784/203 409/785/203 
f 410/786/275 409/787/275 406/788/275 407/789/275 
f 411/790/14 407/791/14 403/757/14 401/756/14 
f 412/792/14 410/793/14 407/791/14 411/790/14 
f 411/794/271 401/795/271 399/796/271 413/797/271 
f 414/798/276 412/799/276 411/800/276 413/801/276 
f 399/744/1 396/745/1 415/802/1 413/803/1 
f 415/802/1 416/804/1 414/805/1 413/803/1 
f 412/806/277 414/807/277 417/808/278 341/809/278 
f 418/810/1 419/811/1 417/812/1 414/805/1 
f 416/804/1 418/810/1 414/805/1 
f 420/813/279 421/814/280 419/815/281 418/816/279 
f 422/817/282 420/813/279 418/816/279 416/818/282 
f 421/814/280 423/819/283 336/820/284 419/815/281 
f 417/812/1 419/811/1 336/635/1 335/634/1 
f 424/821/14 423/822/14 421/823/14 425/824/14 
f 425/824/14 421/823/14 420/825/14 426/826/14 
f 327/619/14 326/618/14 423/822/14 424/821/14 
f 422/827/14 426/826/14 420/825/14 
f 382/717/14 426/826/14 422/827/14 
f 382/717/14 360/716/14 426/826/14 
f 381/828/285 382/829/285 415/830/285 396/831/285 
f 382/832/286 422/817/286 416/818/286 415/833/286 
f 423/819/283 326/620/248 329/623/248 336/820/284 
f 335/633/253 334/632/253 341/809/278 417/808/278 
f 427/834/14 412/792/14 341/647/14 340/646/14 
f 412/792/14 427/834/14 410/793/14 
f 410/786/287 427/835/288 428/836/289 409/787/287 
f 339/644/255 428/836/289 427/835/288 340/645/255 
f 343/649/203 429/837/203 428/838/203 339/650/203 
f 429/837/203 408/782/1 409/785/203 428/838/203 
f 345/653/256 348/839/290 429/840/291 343/654/257 
f 348/839/290 350/841/292 408/842/292 429/840/291 
f 350/841/293 219/843/293 222/844/293 408/842/293 
f 430/845/294 398/846/294 247/847/294 246/848/294 
f 395/742/1 398/741/1 430/849/1 431/850/1 
f 246/851/295 249/567/240 297/566/240 430/852/295 
f 432/853/1 430/849/1 297/568/1 299/571/1 
f 431/850/1 430/849/1 432/853/1 
f 433/854/296 432/855/296 299/575/241 301/574/241 
f 434/856/297 431/857/297 432/855/296 433/854/296 
f 434/858/14 433/859/14 435/860/14 
f 305/581/14 435/860/14 433/859/14 301/582/14 
f 392/728/14 434/858/14 435/860/14 
f 392/728/14 435/860/14 390/729/14 
f 392/861/298 395/862/298 431/857/298 434/856/298 
f 389/863/299 436/864/299 437/865/299 393/866/299 
f 436/867/300 389/868/300 387/869/301 438/870/301 
f 439/871/302 440/872/302 393/873/303 437/874/303 
f 440/875/271 230/730/115 393/731/115 
f 230/730/115 440/875/271 441/876/271 
f 442/877/304 441/878/304 440/872/302 439/871/302 
f 443/879/271 230/730/115 441/876/271 
f 444/880/305 443/881/305 441/878/304 442/877/304 
f 230/730/115 443/879/271 445/882/115 
f 446/883/306 445/884/306 443/881/305 444/880/305 
f 445/885/307 446/886/307 447/887/307 448/888/307 
f 448/889/115 229/890/115 230/730/115 445/882/115 
f 449/891/308 450/892/308 448/893/309 447/894/309 
f 229/890/115 448/889/115 450/895/271 
f 451/896/271 229/890/115 450/895/271 
f 452/897/310 451/898/310 450/892/308 449/891/308 
f 229/890/115 451/896/271 453/899/115 
f 454/900/311 453/901/311 451/898/310 452/897/310 
f 453/899/115 455/902/271 229/890/115 
f 456/903/312 455/904/312 453/901/311 454/900/311 
f 455/905/313 456/906/313 457/907/313 458/908/313 
f 458/909/115 390/726/115 229/890/115 455/902/115 
f 459/910/314 460/911/314 458/912/315 457/913/315 
f 390/726/115 458/909/115 460/914/115 
f 460/914/115 461/915/115 390/726/115 
f 462/916/316 461/917/316 460/911/314 459/910/314 
f 461/915/115 463/918/115 390/726/115 
f 464/919/317 463/920/317 461/917/316 462/916/316 
f 463/918/115 391/727/115 390/726/115 
f 465/921/318 391/922/318 463/920/317 464/919/317 
f 466/923/319 388/924/319 391/925/319 465/926/319 
f 467/927/320 466/923/321 465/926/321 468/928/320 
f 468/929/322 465/921/323 464/919/324 469/930/325 
f 470/931/326 471/932/327 466/933/328 467/934/329 
f 471/932/330 386/935/330 388/936/331 466/933/331 
f 472/937/332 473/938/333 471/932/327 470/931/326 
f 473/938/334 385/939/334 386/935/330 471/932/330 
f 474/940/335 438/870/336 473/938/333 472/937/332 
f 438/870/301 387/869/301 385/939/334 473/938/334 
f 475/941/337 436/867/338 438/870/336 474/940/335 
f 476/942/339 474/940/335 472/937/332 477/943/340 
f 478/944/341 475/941/337 474/940/335 476/942/339 
f 475/945/342 478/946/343 479/947/343 480/948/342 
f 436/864/344 475/945/342 480/948/342 437/865/345 
f 481/949/346 482/950/347 480/951/348 479/952/349 
f 482/950/347 439/871/350 437/874/351 480/951/348 
f 483/953/352 484/954/353 482/950/347 481/949/346 
f 484/954/353 442/877/354 439/871/350 482/950/347 
f 485/955/355 486/956/356 484/954/353 483/953/352 
f 486/956/356 444/880/357 442/877/354 484/954/353 
f 487/957/358 488/958/359 486/956/356 485/955/355 
f 488/958/359 446/883/360 444/880/357 486/956/356 
f 488/959/361 487/960/362 489/961/362 490/962/361 
f 446/886/363 488/959/361 490/962/361 447/887/363 
f 491/963/364 492/964/365 490/965/366 489/966/367 
f 492/964/365 449/891/368 447/894/369 490/965/366 
f 493/967/370 494/968/371 492/964/365 491/963/364 
f 494/968/371 452/897/372 449/891/368 492/964/365 
f 495/969/373 496/970/374 494/968/371 493/967/370 
f 496/970/374 454/900/375 452/897/372 494/968/371 
f 497/971/376 498/972/377 496/970/374 495/969/373 
f 498/972/377 456/903/378 454/900/375 496/970/374 
f 498/973/379 497/974/380 499/975/380 500/976/379 
f 456/906/381 498/973/379 500/976/379 457/907/382 
f 501/977/383 502/978/384 500/979/385 499/980/386 
f 502/978/384 459/910/387 457/913/388 500/979/385 
f 503/981/389 504/982/390 502/978/384 501/977/383 
f 504/982/390 462/916/391 459/910/387 502/978/384 
f 505/983/392 469/930/325 504/982/390 503/981/389 
f 469/930/325 464/919/324 462/916/391 504/982/390 
f 506/984/393 468/929/322 469/930/325 505/983/392 
f 507/985/394 505/983/395 503/981/396 508/986/397 
f 509/987/398 506/984/399 505/983/395 507/985/394 
f 510/988/400 511/989/401 506/990/401 509/991/400 
f 511/989/402 467/927/320 468/928/320 506/990/402 
f 512/992/403 513/993/404 511/994/405 510/995/406 
f 513/993/407 470/931/326 467/934/329 511/994/408 
f 514/996/409 477/943/410 513/993/404 512/992/403 
f 477/943/340 472/937/332 470/931/326 513/993/407 
f 515/997/411 476/942/412 477/943/410 514/996/409 
f 515/997/411 514/996/409 516/998/413 517/999/414 
f 514/996/409 512/992/403 518/1000/415 516/998/413 
f 517/1001/115 516/1002/115 519/1003/115 520/1004/115 
f 516/1002/115 518/1005/115 521/1006/115 522/1007/115 
f 523/1008/115 519/1003/115 516/1002/115 522/1007/115 
f 524/1009/115 519/1003/115 523/1008/115 525/1010/115 
f 526/1011/416 527/1012/417 519/1013/418 524/1014/419 
f 527/1012/417 528/1015/420 520/1016/421 519/1013/418 
f 522/1007/115 529/1017/115 530/1018/115 523/1008/115 
f 531/1019/422 532/1020/423 523/1021/424 530/1022/425 
f 532/1020/423 533/1023/426 525/1024/427 523/1021/424 
f 531/1019/422 495/969/428 493/967/429 532/1020/423 
f 532/1020/423 493/967/429 491/963/430 533/1023/426 
f 533/1023/426 491/963/430 489/966/431 534/1025/432 
f 533/1023/426 534/1025/432 535/1026/433 525/1024/427 
f 487/960/434 536/1027/435 534/1028/435 489/961/434 
f 536/1027/435 537/1029/14 535/1030/14 534/1028/435 
f 537/1031/115 524/1009/115 525/1010/115 535/1032/115 
f 536/1033/436 526/1011/416 524/1014/419 537/1034/437 
f 536/1033/436 487/957/438 485/955/439 526/1011/416 
f 526/1011/416 485/955/439 483/953/440 527/1012/417 
f 538/1035/441 497/971/442 495/969/428 531/1019/422 
f 538/1035/441 531/1019/422 530/1022/425 539/1036/443 
f 497/974/444 538/1037/445 540/1038/446 499/975/444 
f 538/1037/445 539/1039/447 541/1040/447 540/1038/446 
f 542/1041/448 501/977/449 499/980/450 540/1042/451 
f 541/1043/452 529/1044/453 542/1041/448 540/1042/451 
f 529/1017/115 541/1045/447 539/1046/447 530/1018/115 
f 529/1044/453 522/1047/454 508/986/397 542/1041/448 
f 508/986/397 503/981/396 501/977/449 542/1041/448 
f 522/1047/454 521/1048/455 507/985/394 508/986/397 
f 527/1012/417 483/953/440 481/949/456 528/1015/420 
f 528/1015/420 481/949/456 479/952/457 543/1049/458 
f 528/1015/420 543/1049/458 544/1050/459 520/1016/421 
f 478/946/460 545/1051/461 543/1052/461 479/947/460 
f 545/1051/461 546/1053/72 544/1054/72 543/1052/461 
f 545/1055/462 478/944/463 476/942/412 515/997/411 
f 545/1055/462 515/997/411 517/999/414 546/1056/464 
f 546/1057/115 517/1001/115 520/1004/115 544/1058/115 
f 518/1005/115 547/1059/271 548/1060/271 521/1006/115 
f 521/1048/455 548/1061/465 509/987/398 507/985/394 
f 509/991/400 548/1062/1 547/1063/1 510/988/400 
f 512/992/403 510/995/406 547/1064/466 518/1000/415 
f 549/1065/467 550/1066/467 380/1067/467 379/1068/467 
f 551/1069/468 549/1070/469 379/1071/469 378/1072/468 
f 550/1073/470 552/1074/471 553/1075/471 380/1076/470 
f 553/1077/82 360/676/82 380/713/82 
f 554/1078/82 360/676/82 553/1077/82 
f 552/1074/471 555/1079/472 554/1080/472 553/1075/471 
f 556/1081/82 360/676/82 554/1078/82 
f 555/1079/472 557/1082/473 556/1083/473 554/1080/472 
f 360/676/82 556/1081/82 359/675/82 
f 557/1082/473 558/1084/474 359/1085/474 556/1083/473 
f 357/1086/475 359/1087/475 558/1088/475 559/1089/475 
f 559/1089/476 558/1088/477 560/1090/478 561/1091/478 
f 562/1092/479 560/1093/480 558/1084/481 557/1082/482 
f 561/1094/483 563/1095/484 564/1096/485 559/1097/486 
f 559/1097/487 564/1096/488 356/1098/488 357/1099/487 
f 563/1095/484 565/1100/489 566/1101/490 564/1096/485 
f 564/1096/488 566/1101/491 353/1102/491 356/1098/488 
f 565/1100/489 567/1103/492 363/681/493 566/1101/490 
f 566/1101/491 363/681/261 354/684/261 353/1102/491 
f 567/1103/492 568/1104/494 361/682/495 363/681/493 
f 569/1105/496 570/1106/497 568/1104/494 567/1103/492 
f 571/1107/498 569/1105/496 567/1103/492 565/1100/489 
f 572/1108/499 568/1109/499 570/1110/500 573/1111/500 
f 362/680/501 361/679/501 568/1109/499 572/1108/499 
f 573/1112/502 574/1113/503 575/1114/504 572/1115/505 
f 572/1115/505 575/1114/504 364/686/506 362/685/507 
f 574/1113/503 576/1116/508 577/1117/509 575/1114/504 
f 575/1114/504 577/1117/509 367/691/510 364/686/506 
f 576/1116/508 578/1118/511 579/1119/512 577/1117/509 
f 577/1117/509 579/1119/512 369/694/513 367/691/510 
f 578/1118/511 580/1120/514 581/1121/515 579/1119/512 
f 579/1119/512 581/1121/515 371/697/516 369/694/513 
f 582/1122/517 581/1123/517 580/1124/518 583/1125/518 
f 373/702/519 371/701/519 581/1123/517 582/1122/517 
f 583/1126/520 584/1127/521 585/1128/522 582/1129/523 
f 582/1129/523 585/1128/522 375/706/524 373/705/525 
f 584/1127/521 586/1130/526 587/1131/527 585/1128/522 
f 585/1128/522 587/1131/527 588/1132/528 375/706/524 
f 586/1130/526 589/1133/529 590/1134/530 587/1131/527 
f 587/1131/527 590/1134/530 551/1069/531 588/1132/528 
f 589/1133/529 591/1135/532 592/1136/533 590/1134/530 
f 590/1134/530 592/1136/533 549/1070/534 551/1069/531 
f 591/1137/535 593/1138/535 594/1139/536 592/1140/536 
f 592/1140/536 594/1139/536 550/1066/537 549/1065/537 
f 593/1141/538 595/1142/539 596/1143/540 594/1144/541 
f 594/1144/541 596/1143/540 552/1074/542 550/1073/543 
f 595/1142/539 597/1145/544 598/1146/545 596/1143/540 
f 596/1143/540 598/1146/545 555/1079/546 552/1074/542 
f 597/1145/544 599/1147/547 562/1092/479 598/1146/545 
f 598/1146/545 562/1092/479 557/1082/482 555/1079/546 
f 599/1147/547 600/1148/548 560/1093/480 562/1092/479 
f 601/1149/549 602/1150/550 600/1148/551 599/1147/552 
f 603/1151/553 601/1149/549 599/1147/552 597/1145/554 
f 604/1152/555 600/1153/555 602/1154/556 605/1155/556 
f 561/1091/478 560/1090/478 600/1153/557 604/1152/557 
f 605/1156/558 606/1157/559 607/1158/560 604/1159/561 
f 604/1159/562 607/1158/563 563/1095/484 561/1094/483 
f 606/1157/559 608/1160/564 571/1107/565 607/1158/560 
f 607/1158/563 571/1107/498 565/1100/489 563/1095/484 
f 608/1160/564 609/1161/566 569/1105/567 571/1107/565 
f 606/1157/559 610/1162/425 611/1163/424 608/1160/564 
f 608/1160/564 611/1163/424 612/1164/427 609/1161/566 
f 613/1165/82 611/1166/82 610/1167/82 614/1168/82 
f 615/1169/82 612/1170/82 611/1166/82 616/1171/82 
f 611/1166/82 613/1165/82 617/1172/82 616/1171/82 
f 618/1173/568 615/1174/419 616/1175/418 619/1176/569 
f 620/1177/82 621/1178/82 616/1171/82 617/1172/82 
f 619/1176/569 616/1175/418 621/1179/570 622/1180/571 
f 623/1181/572 620/1182/414 617/1183/413 624/1184/573 
f 617/1172/82 613/1165/82 625/1185/82 626/1186/82 
f 624/1184/573 617/1183/413 626/1187/415 627/1188/574 
f 623/1181/572 624/1184/573 586/1130/575 584/1127/576 
f 624/1184/573 627/1188/574 589/1133/577 586/1130/575 
f 627/1188/574 628/1189/578 591/1135/579 589/1133/577 
f 627/1188/574 626/1187/415 629/1190/466 628/1189/578 
f 628/1191/580 630/1192/580 593/1138/581 591/1137/581 
f 630/1192/580 628/1191/580 629/1193/1 631/1194/1 
f 626/1186/82 625/1185/82 631/1195/259 629/1196/259 
f 625/1197/455 632/1198/582 630/1199/583 631/1200/465 
f 613/1201/454 603/1151/553 632/1198/582 625/1197/455 
f 630/1199/583 632/1198/582 595/1142/584 593/1141/585 
f 632/1198/582 603/1151/553 597/1145/554 595/1142/584 
f 614/1202/453 601/1149/549 603/1151/553 613/1201/454 
f 633/1203/586 623/1181/572 584/1127/576 583/1126/587 
f 633/1203/586 634/1204/464 620/1182/414 623/1181/572 
f 583/1125/588 580/1124/588 635/1205/589 633/1206/590 
f 633/1206/590 635/1205/589 636/1207/72 634/1208/72 
f 622/1180/571 635/1209/591 580/1120/592 578/1118/593 
f 622/1180/571 621/1179/570 636/1210/594 635/1209/591 
f 634/1211/82 636/1212/82 621/1178/82 620/1177/82 
f 619/1176/569 622/1180/571 578/1118/593 576/1116/595 
f 618/1173/568 619/1176/569 576/1116/595 574/1113/596 
f 637/1213/597 618/1173/568 574/1113/596 573/1112/598 
f 637/1213/597 638/1214/437 615/1174/419 618/1173/568 
f 573/1111/599 570/1110/599 639/1215/600 637/1216/600 
f 637/1216/600 639/1215/600 640/1217/14 638/1218/14 
f 638/1219/82 640/1220/82 612/1170/82 615/1169/82 
f 609/1161/566 612/1164/427 640/1221/433 639/1222/601 
f 609/1161/566 639/1222/601 570/1106/602 569/1105/567 
f 641/1223/452 602/1150/550 601/1149/549 614/1202/453 
f 614/1168/82 610/1167/82 642/1224/82 641/1225/82 
f 605/1155/556 602/1154/556 641/1226/603 642/1227/603 
f 605/1156/558 642/1228/443 610/1162/425 606/1157/559 
f 588/1132/604 551/1069/468 378/1072/468 377/1229/604 
f 375/706/270 588/1132/604 377/1229/604 376/707/270 
f 319/1230/14 281/1231/14 280/641/14 332/640/14 
f 314/1232/14 283/1233/14 281/1231/14 319/1230/14 
f 314/1232/14 291/554/234 288/557/234 283/1233/14 
f 267/1234/72 285/1235/73 287/553/233 265/552/233 
f 267/1234/72 268/526/224 276/527/224 285/1235/73 
f 643/1236/114 644/1237/114 645/1238/114 
f 643/1239/82 646/1240/605 647/1241/605 644/1242/82 
f 648/1243/114 645/1238/114 644/1237/114 649/1244/114 
f 644/1245/14 647/1246/606 650/1247/606 
f 651/1248/14 644/1245/14 650/1247/606 
f 649/1249/606 644/1250/14 651/1251/14 652/1252/14 
f 653/1253/114 648/1243/114 649/1244/114 
f 653/1254/115 649/1255/115 654/1256/607 655/1257/608 
f 649/1258/14 656/1259/14 654/1260/14 
f 652/1261/14 656/1259/14 649/1258/606 
f 652/1261/14 657/1262/14 656/1259/14 
f 658/1263/14 654/1260/14 656/1259/14 
f 659/1264/14 658/1263/14 656/1259/14 
f 656/1259/14 657/1262/14 659/1264/14 
f 660/1265/609 661/1266/610 657/1267/610 662/1268/611 
f 663/1269/612 659/1270/613 657/1271/614 661/1272/614 
f 662/1273/14 657/1262/14 652/1261/14 
f 664/1274/14 662/1273/14 652/1261/14 
f 665/1275/14 664/1274/14 652/1261/14 
f 666/1276/14 665/1275/14 652/1261/14 
f 667/1277/14 666/1276/14 652/1261/14 
f 668/1278/14 667/1277/14 652/1261/14 
f 652/1261/14 669/1279/606 668/1278/14 
f 669/1279/606 652/1261/14 670/1280/14 
f 669/1281/73 670/1282/73 671/1283/73 672/1284/73 
f 668/1285/615 669/1286/615 672/1287/615 673/1288/615 
f 674/1289/616 673/1288/616 672/1287/616 675/1290/616 
f 675/1291/73 672/1284/73 671/1283/73 676/1292/73 
f 677/1293/617 678/1294/617 673/1295/618 674/1296/618 
f 678/1294/619 667/1297/620 668/1298/621 673/1295/621 
f 678/1294/617 677/1293/617 679/1299/622 680/1300/622 
f 678/1294/619 680/1300/623 666/1301/623 667/1297/620 
f 680/1300/623 681/1302/624 665/1303/625 666/1301/623 
f 682/1304/626 664/1305/627 665/1303/625 681/1302/624 
f 680/1300/622 679/1299/622 683/1306/628 681/1302/629 
f 684/1307/630 682/1304/630 681/1302/629 683/1306/628 
f 685/1308/631 660/1265/631 682/1304/630 684/1307/630 
f 682/1304/626 660/1265/609 662/1268/611 664/1305/627 
f 686/1309/632 661/1266/632 660/1265/631 685/1308/631 
f 685/1308/633 684/1307/634 687/1310/634 688/1311/633 
f 686/1309/635 685/1308/633 688/1311/633 689/1312/635 
f 689/1312/636 688/1311/637 690/1313/637 691/1314/636 
f 688/1311/637 687/1310/638 692/1315/638 690/1313/637 
f 691/1316/639 693/1317/640 694/1318/640 689/1319/639 
f 695/1320/641 686/1321/642 689/1319/642 694/1318/643 
f 696/1322/644 695/1320/641 694/1318/643 697/1323/645 
f 694/1318/640 693/1317/640 698/1324/646 697/1323/646 
f 695/1320/647 696/1322/648 699/1325/648 663/1269/647 
f 661/1272/649 686/1321/649 695/1320/647 663/1269/647 
f 663/1269/612 699/1325/650 658/1326/650 659/1270/613 
f 696/1322/648 700/1327/651 655/1257/652 699/1325/648 
f 699/1325/650 655/1257/608 654/1256/607 658/1326/650 
f 655/1257/652 700/1327/651 648/1328/653 653/1254/653 
f 700/1327/654 696/1322/644 697/1323/645 701/1329/655 
f 648/1328/1 700/1327/654 701/1329/655 645/1330/1 
f 697/1323/646 698/1324/646 646/1240/656 701/1329/657 
f 646/1240/656 643/1239/658 645/1330/658 701/1329/657 
f 698/1324/659 702/1331/659 647/1241/605 646/1240/605 
f 693/1317/660 703/1332/661 702/1331/659 698/1324/659 
f 693/1317/660 691/1316/662 704/1333/662 703/1332/661 
f 690/1313/663 705/1334/663 704/1335/664 691/1314/664 
f 651/1248/14 650/1247/606 704/1336/606 
f 705/1337/14 651/1248/14 704/1336/606 
f 650/1247/606 703/1338/14 704/1336/606 
f 703/1338/14 650/1247/606 702/1339/606 
f 702/1339/606 650/1247/606 647/1246/606 
f 706/1340/14 651/1248/14 705/1337/14 
f 707/1341/14 651/1248/14 706/1340/14 
f 708/1342/14 651/1248/14 707/1341/14 
f 709/1343/14 651/1248/14 708/1342/14 
f 710/1344/14 651/1248/14 709/1343/14 
f 651/1248/14 710/1344/14 711/1345/14 
f 711/1345/14 712/1346/14 651/1248/14 
f 711/1347/72 713/1348/72 714/1349/72 712/1350/72 
f 710/1351/665 715/1352/665 713/1353/665 711/1354/665 
f 716/1355/666 717/1356/666 713/1353/666 715/1352/666 
f 717/1357/72 718/1358/72 714/1349/72 713/1348/72 
f 719/1359/667 716/1360/668 715/1361/668 720/1362/667 
f 720/1362/669 715/1361/670 710/1363/670 709/1364/671 
f 720/1362/667 721/1365/672 722/1366/672 719/1359/667 
f 720/1362/669 709/1364/671 708/1367/673 721/1365/673 
f 721/1365/673 708/1367/673 707/1368/674 723/1369/674 
f 692/1315/675 723/1369/674 707/1368/674 706/1370/676 
f 721/1365/672 723/1369/677 724/1371/678 722/1366/672 
f 687/1310/638 724/1371/678 723/1369/677 692/1315/638 
f 692/1315/675 706/1370/676 705/1334/663 690/1313/663 
f 683/1306/679 679/1299/680 722/1366/681 724/1371/682 
f 684/1307/634 683/1306/679 724/1371/682 687/1310/634 
f 679/1299/680 677/1293/683 719/1359/684 722/1366/681 
f 677/1293/683 674/1296/685 716/1360/685 719/1359/684 
f 716/1355/686 674/1289/686 675/1290/686 717/1356/686 
f 725/1372/687 714/1373/687 718/1374/687 726/1375/687 
f 714/1373/82 725/1372/82 727/1376/82 712/1377/82 
f 676/1378/1 728/1379/1 726/1375/1 718/1374/1 
f 717/1357/72 675/1291/73 676/1292/73 718/1358/72 
f 729/1380/688 728/1379/688 676/1378/688 671/1381/688 
f 728/1382/114 729/1383/229 730/1384/229 731/1385/114 
f 728/1386/114 731/1387/114 732/1388/114 726/1389/114 
f 731/1390/689 730/1391/689 733/1392/689 734/1393/689 
f 731/1390/690 734/1393/690 735/1394/690 732/1395/690 
f 726/1396/114 732/1397/114 736/1398/114 725/1399/114 
f 732/1395/691 735/1394/691 737/1400/691 736/1401/691 
f 738/1402/72 737/1403/72 735/1404/73 739/1405/73 
f 734/1406/72 740/1407/72 739/1405/73 735/1404/73 
f 741/1408/692 738/1409/693 739/1410/693 742/1411/692 
f 740/1412/694 743/1413/695 742/1411/696 739/1410/694 
f 744/1414/73 740/1407/72 734/1406/72 733/1415/73 
f 745/1416/697 743/1413/697 740/1412/698 744/1417/698 
f 746/1418/699 747/1419/699 743/1413/697 745/1416/697 
f 743/1413/695 747/1419/700 748/1420/700 742/1411/696 
f 749/1421/701 750/1422/701 747/1419/699 746/1418/699 
f 747/1419/700 750/1422/702 751/1423/702 748/1420/700 
f 752/1424/703 741/1408/692 742/1411/692 748/1420/703 
f 753/1425/704 752/1424/703 748/1420/703 751/1423/704 
f 751/1423/704 754/1426/705 755/1427/705 753/1425/704 
f 750/1422/702 756/1428/706 754/1426/706 751/1423/702 
f 757/1429/707 755/1427/705 754/1426/705 758/1430/707 
f 756/1428/706 759/1431/1 758/1430/1 754/1426/706 
f 750/1422/701 749/1421/701 760/1432/708 756/1428/708 
f 761/1433/709 759/1431/709 756/1428/708 760/1432/708 
f 759/1434/710 761/1435/710 762/1436/711 763/1437/711 
f 758/1438/712 759/1434/712 763/1437/713 764/1439/714 
f 763/1437/711 762/1436/711 765/1440/715 766/1441/715 
f 763/1437/713 766/1441/716 767/1442/717 764/1439/714 
f 758/1438/718 764/1439/719 768/1443/720 757/1444/718 
f 764/1439/719 767/1442/721 769/1445/722 768/1443/720 
f 767/1442/721 770/1446/723 771/1447/724 769/1445/722 
f 766/1441/716 772/1448/725 770/1446/725 767/1442/717 
f 770/1446/723 773/1449/726 774/1450/726 771/1447/724 
f 772/1448/725 775/1451/727 773/1449/728 770/1446/725 
f 766/1441/715 765/1440/715 776/1452/729 772/1448/730 
f 772/1448/730 776/1452/729 777/1453/731 775/1451/731 
f 775/1451/731 777/1453/731 778/1454/732 779/1455/733 
f 775/1451/727 779/1455/734 780/1456/734 773/1449/728 
f 779/1455/733 778/1454/732 781/1457/735 782/1458/735 
f 779/1455/734 782/1458/736 783/1459/736 780/1456/734 
f 773/1449/726 780/1456/737 784/1460/737 774/1450/726 
f 780/1456/737 783/1459/738 785/1461/738 784/1460/737 
f 786/1462/72 787/1463/72 785/1464/72 783/1465/72 
f 788/1466/72 786/1462/72 783/1465/72 782/1467/72 
f 789/1468/72 788/1466/72 782/1467/72 781/1469/72 
f 790/1470/72 789/1468/72 781/1469/72 791/1471/72 
f 781/1457/739 778/1454/740 792/1472/740 791/1473/739 
f 791/1474/14 792/1475/14 793/1476/14 
f 794/1477/72 790/1470/72 791/1471/72 795/1478/72 
f 793/1479/14 796/1480/14 795/1481/14 791/1482/14 
f 792/1475/14 797/1483/14 793/1476/14 
f 797/1483/14 798/1484/14 793/1476/14 
f 798/1484/14 799/1485/14 793/1476/14 
f 799/1485/14 800/1486/606 793/1476/14 
f 800/1486/606 801/1487/606 793/1476/14 
f 801/1487/606 802/1488/14 793/1476/14 
f 795/1489/14 796/1490/14 803/1491/14 
f 803/1491/14 796/1490/14 804/1492/14 
f 804/1492/14 796/1490/14 805/1493/14 
f 805/1493/14 796/1490/14 806/1494/606 
f 806/1494/606 796/1490/14 807/1495/14 
f 807/1495/14 796/1490/14 808/1496/14 
f 808/1496/14 796/1490/14 809/1497/14 
f 809/1497/14 810/1498/14 808/1496/14 808/1496/14 
f 755/1427/741 757/1429/82 808/1499/82 810/1500/741 
f 808/1501/742 757/1444/742 768/1443/743 807/1502/743 
f 769/1445/744 806/1503/745 807/1502/743 768/1443/743 
f 771/1447/746 805/1504/747 806/1503/745 769/1445/744 
f 774/1450/748 804/1505/748 805/1504/747 771/1447/746 
f 784/1460/749 803/1506/749 804/1505/748 774/1450/748 
f 811/1507/14 810/1498/14 809/1497/14 
f 753/1425/750 755/1427/741 810/1500/741 811/1508/750 
f 811/1507/14 809/1497/14 727/1509/14 812/1510/14 
f 753/1425/750 811/1508/750 812/1511/751 752/1424/752 
f 813/1512/606 812/1510/14 727/1509/14 
f 752/1424/752 812/1511/751 813/1513/753 741/1408/754 
f 712/1346/14 727/1509/14 809/1497/14 651/1248/14 
f 727/1514/114 725/1515/114 736/1516/114 814/1517/114 
f 815/1518/14 727/1509/14 814/1519/14 816/1520/14 
f 727/1509/14 815/1518/14 813/1512/606 
f 741/1408/754 813/1513/753 815/1521/755 738/1409/755 
f 738/1402/72 815/1522/72 816/1523/72 737/1403/72 
f 736/1401/756 737/1400/756 816/1524/756 814/1525/756 
f 785/1461/757 795/1526/757 803/1506/749 784/1460/749 
f 802/1488/14 801/1487/606 801/1487/14 817/1527/14 
f 760/1432/758 817/1528/758 801/1529/115 761/1433/115 
f 801/1530/759 800/1531/760 762/1436/760 761/1435/759 
f 765/1440/761 762/1436/760 800/1531/760 799/1532/762 
f 776/1452/763 765/1440/761 799/1532/762 798/1533/764 
f 777/1453/765 776/1452/763 798/1533/764 797/1534/766 
f 778/1454/767 777/1453/765 797/1534/766 792/1472/740 
f 818/1535/14 802/1488/14 817/1527/14 
f 749/1421/768 818/1536/768 817/1528/758 760/1432/758 
f 818/1535/14 819/1537/14 820/1538/14 802/1488/14 
f 749/1421/768 746/1418/769 819/1539/769 818/1536/768 
f 821/1540/14 820/1538/14 819/1537/14 
f 746/1418/769 745/1416/770 821/1541/771 819/1539/769 
f 670/1280/14 652/1261/14 802/1488/14 820/1538/14 
f 671/1381/115 670/1542/115 820/1543/115 729/1380/115 
f 820/1544/229 822/1545/229 730/1546/229 729/1547/229 
f 823/1548/14 824/1549/606 822/1550/606 820/1538/14 
f 820/1538/14 821/1540/14 823/1548/14 
f 745/1416/770 744/1417/772 823/1551/772 821/1541/771 
f 744/1414/73 733/1415/73 824/1552/73 823/1553/73 
f 730/1391/773 822/1554/773 824/1555/773 733/1392/773 
f 787/1463/72 794/1477/72 795/1478/72 785/1464/72 
f 825/1556/774 826/1557/775 827/1558/776 828/1559/777 
f 828/1559/777 829/1560/778 830/1561/779 825/1556/774 
f 828/1559/777 827/1558/776 831/1562/780 832/1563/781 
f 832/1563/781 833/1564/782 829/1560/778 828/1559/777 
f 834/1565/783 835/1566/784 827/1567/785 826/1568/786 
f 831/1569/787 827/1567/785 835/1566/784 836/1570/788 
f 834/1565/783 837/1571/789 838/1572/790 835/1566/784 
f 839/1573/791 836/1570/788 835/1566/784 838/1572/790 
f 832/1574/792 836/1575/792 839/1576/792 
f 836/1575/792 832/1574/792 831/1577/792 
f 840/1578/792 832/1574/792 839/1576/792 
f 840/1579/793 839/1573/791 838/1572/790 841/1580/794 
f 832/1574/792 840/1578/792 842/1581/792 
f 841/1580/794 843/1582/795 842/1583/796 840/1579/793 
f 837/1571/789 844/1584/797 841/1580/794 838/1572/790 
f 841/1580/794 844/1584/797 845/1585/798 843/1582/795 
f 843/1586/799 845/1587/800 846/1588/800 847/1589/801 
f 843/1586/799 847/1589/801 848/1590/802 842/1591/802 
f 846/1588/803 849/1592/804 850/1593/805 847/1589/805 
f 847/1589/805 850/1593/805 851/1594/806 848/1590/806 
f 851/1595/792 832/1574/792 848/1596/792 
f 832/1574/792 842/1581/792 848/1596/792 
f 852/1597/807 832/1574/792 851/1595/792 
f 850/1598/808 853/1599/809 852/1600/810 851/1601/811 
f 853/1599/809 854/1602/812 855/1603/813 852/1600/810 
f 832/1574/792 852/1597/807 855/1604/807 
f 850/1598/808 849/1605/814 856/1606/815 853/1599/809 
f 853/1599/809 856/1606/815 857/1607/816 854/1602/812 
f 858/1608/817 854/1602/812 857/1607/816 859/1609/818 
f 860/1610/819 855/1603/813 854/1602/812 858/1608/817 
f 855/1604/807 860/1611/792 832/1574/792 
f 860/1611/792 861/1612/792 833/1613/792 832/1574/792 
f 833/1614/820 861/1615/820 862/1616/820 829/1617/820 
f 863/1618/821 830/1619/821 829/1617/821 862/1616/821 
f 830/1619/822 863/1618/822 864/1620/822 865/1621/822 
f 866/1622/823 865/1623/823 864/1624/823 867/1625/823 
f 867/1625/823 868/1626/823 866/1622/823 
f 859/1609/818 857/1607/816 868/1627/824 867/1628/825 
f 868/1627/824 857/1607/816 856/1606/815 869/1629/826 
f 868/1626/823 869/1630/823 866/1622/823 
f 869/1629/826 856/1606/815 849/1605/814 870/1631/827 
f 869/1630/823 870/1632/823 866/1622/823 
f 870/1633/828 849/1592/804 846/1588/803 871/1634/828 
f 870/1632/823 871/1635/823 866/1622/823 
f 871/1634/829 846/1588/800 845/1587/800 872/1636/829 
f 871/1635/823 872/1637/823 866/1622/823 
f 872/1638/830 845/1585/798 844/1584/797 873/1639/831 
f 872/1637/823 873/1640/823 866/1622/823 
f 844/1584/797 837/1571/789 874/1641/832 873/1639/831 
f 873/1640/823 874/1642/823 866/1622/823 
f 837/1571/789 834/1565/783 875/1643/833 874/1641/832 
f 874/1642/823 875/1644/823 866/1622/823 
f 826/1568/786 876/1645/834 875/1643/833 834/1565/783 
f 875/1644/823 876/1646/823 866/1622/823 
f 866/1647/835 876/1648/836 826/1557/775 825/1556/774 
f 825/1556/774 830/1561/779 865/1649/837 866/1647/835 
f 877/1650/14 878/1651/606 879/1652/14 880/1653/14 
f 878/1654/114 877/1655/114 881/1656/114 882/1657/114 
f 883/1658/114 878/1654/114 884/1659/114 885/1660/114 
f 884/1659/114 878/1654/114 882/1657/114 886/1661/114 
f 883/1662/14 887/1663/14 878/1651/606 
f 878/1651/606 888/1664/14 879/1652/14 
f 878/1651/606 889/1665/14 888/1664/14 
f 878/1651/606 890/1666/606 889/1665/14 
f 891/1667/606 890/1666/606 878/1651/606 
f 892/1668/606 893/1669/14 878/1651/606 
f 878/1651/606 893/1669/14 891/1667/606 
f 878/1651/606 887/1663/14 894/1670/606 
f 894/1670/606 892/1668/606 878/1651/606 
f 895/1671/838 892/1672/839 894/1673/840 896/1674/840 
f 896/1674/840 894/1673/840 887/1675/841 897/1676/842 
f 884/1677/843 895/1678/844 896/1679/843 
f 896/1679/843 897/1680/843 884/1677/843 
f 885/1681/82 897/1676/842 887/1675/841 883/1682/82 
f 884/1677/843 897/1680/843 885/1683/843 
f 898/1684/845 895/1678/844 884/1677/843 
f 893/1685/846 892/1672/839 895/1671/838 898/1686/846 
f 899/1687/845 898/1684/845 884/1677/843 
f 891/1688/847 893/1685/847 898/1686/847 899/1689/847 
f 884/1677/843 900/1690/843 899/1687/845 
f 890/1691/848 891/1688/848 899/1689/848 900/1692/848 
f 889/1693/849 890/1691/850 900/1692/850 901/1694/851 
f 901/1695/843 900/1690/843 884/1677/843 
f 888/1696/852 889/1693/849 901/1694/851 902/1697/852 
f 884/1677/843 902/1698/843 901/1695/843 
f 903/1699/72 879/1700/72 888/1696/852 902/1697/852 
f 902/1698/843 884/1677/843 903/1701/843 
f 903/1701/843 884/1677/843 886/1702/843 904/1703/843 
f 886/1704/115 882/1705/115 905/1706/115 904/1707/115 
f 882/1708/1 881/1709/1 906/1710/1 905/1711/1 
f 877/1712/115 880/1713/115 906/1714/115 881/1715/115 
f 907/1716/853 908/1717/854 909/1718/855 910/1719/856 
f 908/1717/854 907/1716/853 911/1720/857 912/1721/858 
f 908/1717/854 913/1722/859 914/1723/860 909/1718/855 
f 913/1722/859 908/1717/854 912/1721/858 915/1724/861 
f 916/1725/862 910/1726/863 909/1727/864 917/1728/865 
f 914/1729/866 918/1730/867 917/1728/865 909/1727/864 
f 916/1725/862 917/1728/865 919/1731/868 920/1732/869 
f 921/1733/870 919/1731/868 917/1728/865 918/1730/867 
f 913/1734/871 921/1735/871 918/1736/871 
f 918/1736/871 914/1737/871 913/1734/871 
f 922/1738/872 921/1735/871 913/1734/871 
f 922/1739/873 923/1740/874 919/1731/868 921/1733/870 
f 913/1734/871 924/1741/872 922/1738/872 
f 923/1740/874 922/1739/873 924/1742/875 925/1743/876 
f 920/1732/869 919/1731/868 923/1740/874 926/1744/877 
f 923/1740/874 925/1743/876 927/1745/878 926/1744/877 
f 925/1746/879 928/1747/880 929/1748/881 927/1749/881 
f 925/1746/879 924/1750/882 930/1751/882 928/1747/880 
f 929/1748/883 928/1747/884 931/1752/884 932/1753/885 
f 928/1747/884 930/1751/886 933/1754/886 931/1752/884 
f 933/1755/871 930/1756/871 913/1734/871 
f 913/1734/871 930/1756/871 924/1741/872 
f 934/1757/871 933/1755/871 913/1734/871 
f 931/1758/887 933/1759/888 934/1760/889 935/1761/890 
f 935/1761/890 934/1760/889 936/1762/891 937/1763/892 
f 913/1734/871 936/1764/871 934/1757/871 
f 931/1758/887 935/1761/890 938/1765/893 932/1766/894 
f 935/1761/890 937/1763/892 939/1767/895 938/1765/893 
f 940/1768/896 941/1769/897 939/1767/895 937/1763/892 
f 942/1770/898 940/1768/896 937/1763/892 936/1762/891 
f 936/1764/871 913/1734/871 942/1771/871 
f 942/1771/871 913/1734/871 915/1772/871 943/1773/871 
f 915/1774/899 912/1775/899 944/1776/899 943/1777/899 
f 945/1778/900 944/1776/900 912/1775/900 911/1779/900 
f 911/1779/901 946/1780/901 947/1781/901 945/1778/901 
f 948/1782/823 949/1783/823 947/1784/823 946/1785/823 
f 949/1783/823 948/1782/823 950/1786/823 
f 941/1769/897 949/1787/902 950/1788/903 939/1767/895 
f 950/1788/903 951/1789/904 938/1765/893 939/1767/895 
f 950/1786/823 948/1782/823 951/1790/823 
f 951/1789/904 952/1791/905 932/1766/894 938/1765/893 
f 951/1790/823 948/1782/823 952/1792/823 
f 952/1793/906 953/1794/906 929/1748/883 932/1753/885 
f 952/1792/823 948/1782/823 953/1795/823 
f 953/1794/907 954/1796/907 927/1749/881 929/1748/881 
f 953/1795/823 948/1782/823 954/1797/823 
f 954/1798/908 955/1799/909 926/1744/877 927/1745/878 
f 954/1797/823 948/1782/823 955/1800/823 
f 926/1744/877 955/1799/909 956/1801/910 920/1732/869 
f 955/1800/823 948/1782/823 956/1802/823 
f 920/1732/869 956/1801/910 957/1803/911 916/1725/862 
f 956/1802/823 948/1782/823 957/1804/823 
f 910/1726/863 916/1725/862 957/1803/911 958/1805/912 
f 957/1804/823 948/1782/823 958/1806/823 
f 948/1807/913 907/1716/853 910/1719/856 958/1808/914 
f 907/1716/853 948/1807/913 946/1809/915 911/1720/857 
f 959/1810/14 960/1811/14 961/1812/14 962/1813/14 
f 962/1814/114 963/1815/114 964/1816/114 959/1817/114 
f 965/1818/114 966/1819/114 967/1820/114 962/1814/114 
f 967/1820/114 968/1821/114 963/1815/114 962/1814/114 
f 965/1822/14 962/1813/606 969/1823/14 
f 962/1813/606 961/1812/14 970/1824/14 
f 962/1813/606 970/1824/14 971/1825/606 
f 962/1813/606 971/1825/606 972/1826/606 
f 973/1827/14 962/1813/606 972/1826/606 
f 974/1828/606 962/1813/606 975/1829/606 
f 962/1813/606 973/1827/14 975/1829/606 
f 962/1813/606 976/1830/14 969/1823/14 
f 976/1830/14 962/1813/606 974/1828/606 
f 977/1831/916 978/1832/917 976/1833/918 974/1834/916 
f 978/1832/917 979/1835/919 969/1836/920 976/1833/918 
f 967/1837/843 978/1838/921 977/1839/921 
f 978/1838/921 967/1837/843 979/1840/843 
f 966/1841/115 965/1842/115 969/1836/920 979/1835/919 
f 967/1837/843 966/1843/843 979/1840/843 
f 980/1844/843 967/1837/843 977/1839/921 
f 975/1845/922 980/1846/922 977/1831/916 974/1834/916 
f 981/1847/843 967/1837/843 980/1844/843 
f 973/1848/923 981/1849/923 980/1846/923 975/1845/923 
f 967/1837/843 981/1847/843 982/1850/843 
f 972/1851/924 982/1852/924 981/1849/924 973/1848/924 
f 971/1853/925 983/1854/926 982/1852/927 972/1851/927 
f 983/1855/843 967/1837/843 982/1850/843 
f 970/1856/928 984/1857/929 983/1854/926 971/1853/925 
f 967/1837/843 983/1855/843 984/1858/843 
f 985/1859/72 984/1857/929 970/1856/928 961/1860/72 
f 984/1858/843 985/1861/843 967/1837/843 
f 985/1861/843 986/1862/843 968/1863/843 967/1837/843 
f 968/1864/82 986/1865/82 987/1866/82 963/1867/82 
f 963/1868/1 987/1869/1 988/1870/1 964/1871/1 
f 959/1872/82 964/1873/82 988/1874/82 960/1875/82 
f 989/1876/930 990/1877/931 991/1878/932 992/1879/933 
f 992/1879/933 991/1878/932 993/1880/934 994/1881/1 
f 994/1881/1 993/1880/934 995/1882/935 996/1883/936 
f 996/1883/936 995/1882/935 997/1884/937 998/1885/258 
f 998/1885/258 997/1884/937 999/1886/938 1000/1887/939 
f 1000/1887/939 999/1886/938 1001/1888/940 1002/1889/82 
f 1002/1889/82 1001/1888/940 1003/1890/941 1004/1891/942 
f 1004/1891/942 1003/1890/941 1005/1892/943 1006/1893/944 
f 1005/1894/943 1003/1895/941 1007/1896/945 1008/1897/946 
f 1008/1897/946 1007/1896/945 1009/1898/947 1010/1899/948 
f 1003/1895/941 1001/1900/940 1011/1901/949 1007/1896/945 
f 1007/1896/945 1011/1901/949 1012/1902/950 1009/1898/947 
f 1001/1900/940 999/1903/938 1013/1904/951 1011/1901/949 
f 1011/1901/949 1013/1904/951 1014/1905/952 1012/1902/950 
f 999/1903/938 997/1906/937 1015/1907/953 1013/1904/951 
f 1013/1904/951 1015/1907/953 1016/1908/954 1014/1905/952 
f 997/1906/937 995/1909/935 1017/1910/955 1015/1907/953 
f 1015/1907/953 1017/1910/955 1018/1911/956 1016/1908/954 
f 995/1909/935 993/1912/934 1019/1913/957 1017/1910/955 
f 1017/1910/955 1019/1913/957 1020/1914/958 1018/1911/956 
f 993/1912/934 991/1915/932 1021/1916/959 1019/1913/957 
f 1019/1913/957 1021/1916/959 1022/1917/960 1020/1914/958 
f 991/1915/932 990/1918/931 1023/1919/961 1021/1916/959 
f 1021/1916/959 1023/1919/961 1024/1920/962 1022/1917/960 
f 1022/1921/960 1024/1922/962 1025/1923/963 1026/1924/964 
f 1026/1924/964 1025/1923/963 1027/1925/965 1028/1926/966 
f 1029/1927/967 1026/1924/964 1028/1926/966 1030/1928/968 
f 1020/1929/958 1022/1921/960 1026/1924/964 1029/1927/967 
f 1031/1930/969 1029/1927/967 1030/1928/968 1032/1931/970 
f 1018/1932/956 1020/1929/958 1029/1927/967 1031/1930/969 
f 1033/1933/971 1031/1930/969 1032/1931/970 1034/1934/972 
f 1016/1935/954 1018/1932/956 1031/1930/969 1033/1933/971 
f 1035/1936/973 1033/1933/971 1034/1934/972 1036/1937/974 
f 1014/1938/952 1016/1935/954 1033/1933/971 1035/1936/973 
f 1037/1939/975 1035/1936/973 1036/1937/974 1038/1940/976 
f 1012/1941/950 1014/1938/952 1035/1936/973 1037/1939/975 
f 1039/1942/977 1037/1939/975 1038/1940/976 1040/1943/978 
f 1009/1944/947 1012/1941/950 1037/1939/975 1039/1942/977 
f 1041/1945/979 1039/1942/977 1040/1943/978 1042/1946/980 
f 1010/1947/948 1009/1944/947 1039/1942/977 1041/1945/979 
f 1042/1948/980 1040/1949/978 1043/1950/981 1044/1951/982 
f 1044/1952/983 1043/1953/984 1045/1954/985 1046/1955/986 
f 1047/1956/987 1048/1957/988 1046/1955/986 1045/1954/985 
f 1049/1958/989 1047/1956/987 1045/1954/985 1050/1959/990 
f 1043/1953/984 1051/1960/991 1050/1959/990 1045/1954/985 
f 1052/1961/992 1049/1958/989 1050/1959/990 1053/1962/993 
f 1051/1960/991 1054/1963/994 1053/1962/993 1050/1959/990 
f 1038/1964/976 1036/1965/974 1054/1966/995 1051/1967/996 
f 1040/1949/978 1038/1964/976 1051/1967/996 1043/1950/981 
f 1054/1963/994 1055/1968/997 1056/1969/998 1053/1962/993 
f 1036/1965/974 1034/1970/972 1055/1971/999 1054/1966/995 
f 1055/1968/997 1057/1972/1000 1058/1973/1001 1056/1969/998 
f 1034/1970/972 1032/1974/970 1057/1975/1002 1055/1971/999 
f 1059/1976/1003 1060/1977/1004 1056/1969/998 1058/1973/1001 
f 1060/1977/1004 1052/1961/992 1053/1962/993 1056/1969/998 
f 1061/1978/1005 1059/1976/1003 1058/1973/1001 1062/1979/1006 
f 1057/1972/1000 1063/1980/1007 1062/1979/1006 1058/1973/1001 
f 1064/1981/1008 1061/1978/1005 1062/1979/1006 1065/1982/1009 
f 1063/1980/1007 1066/1983/1010 1065/1982/1009 1062/1979/1006 
f 1030/1984/968 1028/1985/966 1066/1986/1011 1063/1987/1012 
f 1032/1974/970 1030/1984/968 1063/1987/1012 1057/1975/1002 
f 1066/1983/1010 1067/1988/1013 1068/1989/1014 1065/1982/1009 
f 1028/1985/966 1027/1990/965 1067/1991/1015 1066/1986/1011 
f 1069/1992/1016 1064/1981/1008 1065/1982/1009 1068/1989/1014 
f 1070/1993/1017 1071/1994/1018 1064/1981/1008 1069/1992/1016 
f 1071/1994/1018 1072/1995/1019 1061/1978/1005 1064/1981/1008 
f 1072/1995/1019 1071/1994/1018 1073/1996/1020 1074/1997/1021 
f 1071/1994/1018 1070/1993/1017 1075/1998/1022 1073/1996/1020 
f 1073/1999/1023 1075/2000/1024 1076/2001/1025 1077/2002/1026 
f 1074/2003/1027 1073/1999/1023 1077/2002/1026 1078/2004/1028 
f 1078/2004/1028 1077/2002/1026 1079/2005/1029 1080/2006/1030 
f 1077/2002/1026 1076/2001/1025 1081/2007/1031 1079/2005/1029 
f 1079/2005/1029 1081/2007/1031 1082/2008/1032 1083/2009/1033 
f 1083/2009/1033 1082/2008/1032 1084/2010/1034 1085/2011/1035 
f 1085/2011/1035 1084/2010/1034 1086/2012/1036 1087/2013/1037 
f 1088/2014/933 1087/2015/933 1086/2016/930 1089/2017/930 
f 1090/2018/1038 1088/2019/1039 1089/2020/1040 1091/2021/1041 
f 1092/2022/1042 1090/2018/1038 1091/2021/1041 1093/2023/1043 
f 1094/2024/1044 1092/2022/1042 1093/2023/1043 1095/2025/1045 
f 1096/2026/1046 1094/2024/1044 1095/2025/1045 1097/2027/1047 
f 1098/2028/1048 1099/2029/1049 1094/2024/1044 1096/2026/1046 
f 1099/2029/1049 1100/2030/1050 1092/2022/1042 1094/2024/1044 
f 1101/2031/1051 1102/2032/1052 1099/2029/1049 1098/2028/1048 
f 1102/2032/1052 1103/2033/1053 1100/2030/1050 1099/2029/1049 
f 1100/2030/1050 1104/2034/1054 1090/2018/1038 1092/2022/1042 
f 1103/2033/1053 1105/2035/1055 1104/2034/1054 1100/2030/1050 
f 1104/2034/1054 1106/2036/1056 1088/2019/1039 1090/2018/1038 
f 1105/2035/1055 1107/2037/1057 1106/2036/1056 1104/2034/1054 
f 1106/2038/1 1108/2039/1 1087/2015/933 1088/2014/933 
f 1107/2040/936 1109/2041/936 1108/2039/1 1106/2038/1 
f 1110/2042/1058 1085/2011/1035 1087/2013/1037 1108/2043/1059 
f 1111/2044/1060 1110/2042/1058 1108/2043/1059 1109/2045/1061 
f 1112/2046/1062 1083/2009/1033 1085/2011/1035 1110/2042/1058 
f 1113/2047/1063 1112/2046/1062 1110/2042/1058 1111/2044/1060 
f 1080/2006/1030 1079/2005/1029 1083/2009/1033 1112/2046/1062 
f 1114/2048/1064 1080/2006/1030 1112/2046/1062 1113/2047/1063 
f 1115/2049/1065 1078/2004/1028 1080/2006/1030 1114/2048/1064 
f 1116/2050/1066 1115/2049/1065 1114/2048/1064 1117/2051/1067 
f 1117/2051/1067 1114/2048/1064 1113/2047/1063 1118/2052/1068 
f 1119/2053/1069 1116/2050/1066 1117/2051/1067 1120/2054/1070 
f 1120/2054/1070 1117/2051/1067 1118/2052/1068 1121/2055/1071 
f 1121/2055/1071 1118/2052/1068 1122/2056/1072 1123/2057/1073 
f 1118/2052/1068 1113/2047/1063 1111/2044/1060 1122/2056/1072 
f 1123/2057/1073 1122/2056/1072 1124/2058/1074 1125/2059/1075 
f 1122/2056/1072 1111/2044/1060 1109/2045/1061 1124/2058/1074 
f 1126/2060/939 1125/2061/939 1124/2062/258 1127/2063/258 
f 1127/2063/258 1124/2062/258 1109/2041/936 1107/2040/936 
f 1128/2064/1076 1126/2065/1077 1127/2066/1078 1129/2067/1079 
f 1129/2067/1079 1127/2066/1078 1107/2037/1057 1105/2035/1055 
f 1130/2068/1080 1128/2064/1076 1129/2067/1079 1131/2069/1081 
f 1131/2069/1081 1129/2067/1079 1105/2035/1055 1103/2033/1053 
f 1132/2070/1082 1130/2068/1080 1131/2069/1081 1133/2071/1083 
f 1133/2071/1083 1131/2069/1081 1103/2033/1053 1102/2032/1052 
f 1134/2072/1084 1133/2071/1083 1102/2032/1052 1101/2031/1051 
f 1135/2073/1085 1132/2070/1082 1133/2071/1083 1134/2072/1084 
f 1136/2074/1086 1137/2075/1087 1132/2070/1082 1135/2073/1085 
f 1137/2075/1087 1138/2076/1088 1130/2068/1080 1132/2070/1082 
f 1139/2077/1089 1140/2078/1090 1137/2075/1087 1136/2074/1086 
f 1140/2078/1090 1141/2079/1091 1138/2076/1088 1137/2075/1087 
f 1141/2079/1091 1142/2080/1092 1143/2081/1093 1138/2076/1088 
f 1138/2076/1088 1143/2081/1093 1128/2064/1076 1130/2068/1080 
f 1142/2080/1092 1144/2082/1094 1145/2083/1095 1143/2081/1093 
f 1143/2081/1093 1145/2083/1095 1126/2065/1077 1128/2064/1076 
f 1144/2084/942 1146/2085/942 1147/2086/82 1145/2087/82 
f 1145/2087/82 1147/2086/82 1125/2061/939 1126/2060/939 
f 1148/2088/1096 1149/2089/1097 1147/2090/1098 1146/2091/1099 
f 1149/2089/1097 1123/2057/1073 1125/2059/1075 1147/2090/1098 
f 1150/2092/1100 1151/2093/1101 1149/2089/1097 1148/2088/1096 
f 1151/2093/1101 1121/2055/1071 1123/2057/1073 1149/2089/1097 
f 1152/2094/1102 1153/2095/1103 1151/2093/1101 1150/2092/1100 
f 1153/2095/1103 1120/2054/1070 1121/2055/1071 1151/2093/1101 
f 1154/2096/1104 1119/2053/1069 1120/2054/1070 1153/2095/1103 
f 1155/2097/1105 1154/2096/1104 1153/2095/1103 1152/2094/1102 
f 1156/2098/1106 1155/2097/1105 1152/2094/1102 1157/2099/1107 
f 1157/2099/1107 1152/2094/1102 1150/2092/1100 1158/2100/1108 
f 1158/2100/1108 1150/2092/1100 1148/2088/1096 1159/2101/1109 
f 1159/2101/1109 1148/2088/1096 1146/2091/1099 1160/2102/1110 
f 1161/2103/944 1160/2104/944 1146/2085/942 1144/2084/942 
f 1162/2105/1111 1161/2106/1112 1144/2082/1094 1142/2080/1092 
f 1163/2107/1113 1162/2105/1111 1142/2080/1092 1141/2079/1091 
f 1164/2108/1114 1163/2107/1113 1141/2079/1091 1140/2078/1090 
f 1165/2109/1115 1164/2108/1114 1140/2078/1090 1139/2077/1089 
f 1166/2110/1116 1165/2109/1115 1139/2077/1089 1167/2111/1117 
f 1168/2112/1118 1166/2113/1119 1167/2114/1120 1169/2115/1121 
f 1169/2115/1121 1170/2116/1122 1171/2117/1123 1168/2112/1118 
f 1172/2118/1124 1173/2119/1125 1170/2116/1122 1169/2115/1121 
f 1169/2115/1121 1167/2114/1120 1174/2120/1126 1172/2118/1124 
f 1173/2119/1125 1175/2121/1127 1176/2122/1128 1170/2116/1122 
f 1170/2116/1122 1176/2122/1128 1177/2123/1129 1171/2117/1123 
f 1178/2124/1130 1176/2122/1128 1175/2121/1127 1179/2125/1131 
f 1180/2126/1132 1177/2123/1129 1176/2122/1128 1178/2124/1130 
f 1181/2127/1133 1178/2128/1134 1179/2129/1135 1182/2130/1136 
f 1183/2131/1137 1180/2132/1138 1178/2128/1134 1181/2127/1133 
f 1184/2133/1139 1181/2134/1133 1182/2135/1136 1185/2136/1140 
f 1186/2137/1141 1183/2138/1137 1181/2134/1133 1184/2133/1139 
f 1187/2139/1142 1186/2137/1141 1184/2133/1139 1188/2140/1143 
f 1188/2140/1143 1184/2133/1139 1185/2136/1140 1189/2141/1144 
f 1190/2142/1145 1187/2143/1142 1188/2144/1143 1191/2145/1146 
f 1191/2145/1146 1188/2144/1143 1189/2146/1144 1192/2147/1147 
f 1193/2148/1148 1190/2142/1145 1191/2145/1146 1194/2149/1149 
f 1195/2150/942 1196/2151/944 1193/2152/1148 1194/2153/1149 
f 1197/2154/82 1195/2150/942 1194/2153/1149 1198/2155/1150 
f 1199/2156/939 1197/2154/82 1198/2155/1150 1200/2157/1151 
f 1198/2158/1150 1192/2147/1147 1201/2159/1152 1200/2160/1151 
f 1194/2149/1149 1191/2145/1146 1192/2147/1147 1198/2158/1150 
f 1192/2147/1147 1189/2146/1144 1202/2161/1153 1201/2159/1152 
f 1200/2160/1151 1201/2159/1152 1203/2162/1154 1204/2163/1155 
f 1201/2159/1152 1202/2161/1153 1205/2164/1156 1203/2162/1154 
f 1204/2163/1155 1203/2162/1154 1206/2165/1157 1207/2166/1158 
f 1203/2162/1154 1205/2164/1156 1208/2167/1159 1206/2165/1157 
f 1207/2166/1158 1206/2165/1157 1209/2168/1160 1210/2169/1161 
f 1206/2165/1157 1208/2167/1159 1211/2170/1162 1209/2168/1160 
f 1210/2169/1161 1209/2168/1160 1212/2171/1163 1213/2172/1164 
f 1209/2168/1160 1211/2170/1162 1214/2173/1165 1212/2171/1163 
f 1213/2172/1164 1212/2171/1163 1215/2174/1166 1216/2175/1167 
f 1212/2171/1163 1214/2173/1165 1217/2176/1168 1215/2174/1166 
f 1214/2177/1165 1218/2178/1169 1219/2179/1170 1217/2180/1168 
f 1218/2178/1169 1220/2181/1171 1221/2182/1172 1219/2179/1170 
f 1222/2183/1173 1223/2184/1174 1220/2181/1171 1218/2178/1169 
f 1211/2185/1162 1222/2183/1173 1218/2178/1169 1214/2177/1165 
f 1224/2186/1175 1225/2187/1176 1223/2184/1174 1222/2183/1173 
f 1208/2188/1159 1224/2186/1175 1222/2183/1173 1211/2185/1162 
f 1226/2189/1177 1227/2190/1178 1225/2187/1176 1224/2186/1175 
f 1205/2191/1156 1226/2189/1177 1224/2186/1175 1208/2188/1159 
f 1228/2192/1179 1229/2193/1180 1227/2190/1178 1226/2189/1177 
f 1202/2194/1153 1228/2192/1179 1226/2189/1177 1205/2191/1156 
f 1185/2136/1140 1182/2135/1136 1229/2193/1180 1228/2192/1179 
f 1189/2141/1144 1185/2136/1140 1228/2192/1179 1202/2194/1153 
f 1229/2195/1180 1230/2196/1181 1231/2197/1182 1227/2198/1178 
f 1182/2130/1136 1179/2129/1135 1230/2196/1181 1229/2195/1180 
f 1230/2199/1183 1232/2200/1184 1233/2201/1185 1231/2202/1186 
f 1179/2125/1131 1175/2121/1127 1232/2200/1184 1230/2199/1183 
f 1234/2203/1187 1233/2201/1185 1232/2200/1184 1235/2204/1188 
f 1235/2204/1188 1232/2200/1184 1175/2121/1127 1173/2119/1125 
f 1236/2205/1189 1237/2206/1190 1233/2201/1185 1234/2203/1187 
f 1231/2202/1186 1233/2201/1185 1237/2206/1190 1238/2207/1191 
f 1239/2208/1192 1240/2209/1193 1237/2206/1190 1236/2205/1189 
f 1238/2207/1191 1237/2206/1190 1240/2209/1193 1241/2210/1194 
f 1225/2211/1176 1238/2212/1195 1241/2213/1196 1223/2214/1174 
f 1227/2198/1178 1231/2197/1182 1238/2212/1195 1225/2211/1176 
f 1241/2210/1194 1240/2209/1193 1242/2215/1197 1243/2216/1198 
f 1223/2214/1174 1241/2213/1196 1243/2217/1199 1220/2218/1171 
f 1243/2216/1198 1242/2215/1197 1244/2219/1200 1245/2220/1201 
f 1220/2218/1171 1243/2217/1199 1245/2221/1202 1221/2222/1172 
f 1246/2223/1203 1244/2219/1200 1242/2215/1197 1247/2224/1204 
f 1247/2224/1204 1242/2215/1197 1240/2209/1193 1239/2208/1192 
f 1248/2225/1205 1246/2223/1203 1247/2224/1204 1249/2226/1206 
f 1249/2226/1206 1250/2227/1207 1251/2228/1208 1248/2225/1205 
f 1250/2229/1209 1096/2026/1046 1097/2027/1047 1251/2230/1210 
f 1252/2231/1211 1098/2028/1048 1096/2026/1046 1250/2229/1209 
f 1253/2232/1212 1252/2233/1213 1250/2227/1207 1249/2226/1206 
f 1254/2234/1214 1101/2031/1051 1098/2028/1048 1252/2231/1211 
f 1255/2235/1215 1254/2236/1216 1252/2233/1213 1253/2232/1212 
f 1249/2226/1206 1247/2224/1204 1239/2208/1192 1253/2232/1212 
f 1253/2232/1212 1239/2208/1192 1236/2205/1189 1255/2235/1215 
f 1255/2235/1215 1236/2205/1189 1234/2203/1187 1256/2237/1217 
f 1256/2237/1217 1257/2238/1218 1254/2236/1216 1255/2235/1215 
f 1256/2237/1217 1234/2203/1187 1235/2204/1188 1258/2239/1219 
f 1258/2239/1219 1259/2240/1220 1257/2238/1218 1256/2237/1217 
f 1257/2241/1221 1134/2072/1084 1101/2031/1051 1254/2234/1214 
f 1259/2242/1222 1135/2073/1085 1134/2072/1084 1257/2241/1221 
f 1174/2243/1223 1136/2074/1086 1135/2073/1085 1259/2242/1222 
f 1172/2118/1124 1174/2120/1126 1259/2240/1220 1258/2239/1219 
f 1167/2111/1117 1139/2077/1089 1136/2074/1086 1174/2243/1223 
f 1258/2239/1219 1235/2204/1188 1173/2119/1125 1172/2118/1124 
f 1260/2244/930 1261/2245/933 1213/2246/1164 1216/2247/1167 
f 1261/2245/933 1262/2248/1 1210/2249/1161 1213/2246/1164 
f 1262/2248/1 1263/2250/936 1207/2251/1158 1210/2249/1161 
f 1263/2250/936 1264/2252/258 1204/2253/1155 1207/2251/1158 
f 1264/2252/258 1199/2156/939 1200/2157/1151 1204/2253/1155 
f 1265/2254/1224 1266/2255/1225 1155/2097/1105 1156/2098/1106 
f 1267/2256/1226 1268/2257/1227 1266/2258/1228 1265/2259/1229 
f 1268/2257/1227 1267/2256/1226 1048/1957/988 1047/1956/987 
f 1269/2260/1230 1268/2257/1227 1047/1956/987 1049/1958/989 
f 1268/2257/1227 1269/2260/1230 1270/2261/1231 1266/2258/1228 
f 1271/2262/1232 1269/2260/1230 1049/1958/989 1052/1961/992 
f 1269/2260/1230 1271/2262/1232 1272/2263/1233 1270/2261/1231 
f 1270/2264/1234 1272/2265/1235 1119/2053/1069 1154/2096/1104 
f 1266/2255/1225 1270/2264/1234 1154/2096/1104 1155/2097/1105 
f 1272/2265/1235 1273/2266/1236 1116/2050/1066 1119/2053/1069 
f 1271/2262/1232 1274/2267/1237 1273/2268/1238 1272/2263/1233 
f 1274/2267/1237 1275/2269/1239 1276/2270/1240 1273/2268/1238 
f 1273/2266/1236 1276/2271/1241 1115/2049/1065 1116/2050/1066 
f 1275/2269/1239 1274/2267/1237 1060/1977/1004 1059/1976/1003 
f 1274/2267/1237 1271/2262/1232 1052/1961/992 1060/1977/1004 
f 1072/1995/1019 1275/2269/1239 1059/1976/1003 1061/1978/1005 
f 1275/2269/1239 1072/1995/1019 1074/1997/1021 1276/2270/1240 
f 1276/2271/1241 1074/2003/1027 1078/2004/1028 1115/2049/1065 
f 1277/2272/1242 1278/2273/936 1279/2274/935 1280/2275/1243 
f 1278/2273/936 1281/2276/1 1282/2277/1244 1279/2274/935 
f 1281/2276/1 1283/2278/933 1284/2279/932 1282/2277/1244 
f 1283/2278/933 1285/2280/204 1286/2281/1245 1284/2279/932 
f 1285/2280/204 1287/2282/1246 1288/2283/1247 1286/2281/1245 
f 1287/2282/1246 1289/2284/115 1290/2285/1248 1288/2283/1247 
f 1289/2284/115 1291/2286/1249 1292/2287/1250 1290/2285/1248 
f 1291/2286/1249 1293/2288/1251 1294/2289/1252 1292/2287/1250 
f 1294/2290/1252 1295/2291/1253 1296/2292/1254 1292/2293/1250 
f 1295/2291/1253 1297/2294/1255 1298/2295/1256 1296/2292/1254 
f 1292/2293/1250 1296/2292/1254 1299/2296/1257 1290/2297/1248 
f 1296/2292/1254 1298/2295/1256 1300/2298/1258 1299/2296/1257 
f 1290/2297/1248 1299/2296/1257 1301/2299/1259 1288/2300/1247 
f 1299/2296/1257 1300/2298/1258 1302/2301/1260 1301/2299/1259 
f 1288/2300/1247 1301/2299/1259 1303/2302/1261 1286/2303/1245 
f 1301/2299/1259 1302/2301/1260 1304/2304/1262 1303/2302/1261 
f 1286/2303/1245 1303/2302/1261 1305/2305/1263 1284/2306/932 
f 1303/2302/1261 1304/2304/1262 1306/2307/960 1305/2305/1263 
f 1284/2306/932 1305/2305/1263 1307/2308/1264 1282/2309/1244 
f 1305/2305/1263 1306/2307/960 1308/2310/1265 1307/2308/1264 
f 1282/2309/1244 1307/2308/1264 1309/2311/955 1279/2312/935 
f 1307/2308/1264 1308/2310/1265 1310/2313/956 1309/2311/955 
f 1279/2312/935 1309/2311/955 1311/2314/1266 1280/2315/1243 
f 1309/2311/955 1310/2313/956 1312/2316/1267 1311/2314/1266 
f 1310/2317/956 1313/2318/969 1314/2319/1268 1312/2320/1267 
f 1313/2318/969 1315/2321/970 1316/2322/1269 1314/2319/1268 
f 1317/2323/1270 1318/2324/1271 1315/2321/970 1313/2318/969 
f 1308/2325/1265 1317/2323/1270 1313/2318/969 1310/2317/956 
f 1319/2326/964 1320/2327/966 1318/2324/1271 1317/2323/1270 
f 1306/2328/960 1319/2326/964 1317/2323/1270 1308/2325/1265 
f 1321/2329/1272 1322/2330/1273 1320/2327/966 1319/2326/964 
f 1304/2331/1262 1321/2329/1272 1319/2326/964 1306/2328/960 
f 1323/2332/1274 1324/2333/1275 1322/2330/1273 1321/2329/1272 
f 1302/2334/1260 1323/2332/1274 1321/2329/1272 1304/2331/1262 
f 1325/2335/1276 1326/2336/1277 1324/2333/1275 1323/2332/1274 
f 1300/2337/1258 1325/2335/1276 1323/2332/1274 1302/2334/1260 
f 1327/2338/1278 1328/2339/1279 1326/2336/1277 1325/2335/1276 
f 1298/2340/1256 1327/2338/1278 1325/2335/1276 1300/2337/1258 
f 1329/2341/1280 1330/2342/1281 1328/2339/1279 1327/2338/1278 
f 1297/2343/1255 1329/2341/1280 1327/2338/1278 1298/2340/1256 
f 1330/2344/1281 1331/2345/1282 1332/2346/1283 1328/2347/1279 
f 1331/2348/1284 1333/2349/1285 1334/2350/1286 1332/2351/1287 
f 1335/2352/1288 1334/2350/1286 1333/2349/1285 1336/2353/1289 
f 1337/2354/1290 1338/2355/1291 1334/2350/1286 1335/2352/1288 
f 1332/2351/1287 1334/2350/1286 1338/2355/1291 1339/2356/1292 
f 1340/2357/1293 1341/2358/1294 1338/2355/1291 1337/2354/1290 
f 1339/2356/1292 1338/2355/1291 1341/2358/1294 1342/2359/1295 
f 1326/2360/1277 1339/2361/1296 1342/2362/1297 1324/2363/1275 
f 1328/2347/1279 1332/2346/1283 1339/2361/1296 1326/2360/1277 
f 1342/2359/1295 1341/2358/1294 1343/2364/1298 1344/2365/1299 
f 1324/2363/1275 1342/2362/1297 1344/2366/1300 1322/2367/1273 
f 1344/2365/1299 1343/2364/1298 1345/2368/1301 1346/2369/1010 
f 1322/2367/1273 1344/2366/1300 1346/2370/1011 1320/2371/966 
f 1347/2372/1302 1345/2368/1301 1343/2364/1298 1348/2373/1303 
f 1348/2373/1303 1343/2364/1298 1341/2358/1294 1340/2357/1293 
f 1349/2374/1304 1350/2375/1305 1345/2368/1301 1347/2372/1302 
f 1346/2369/1010 1345/2368/1301 1350/2375/1305 1351/2376/1007 
f 1352/2377/1306 1353/2378/1001 1350/2375/1305 1349/2374/1304 
f 1351/2376/1007 1350/2375/1305 1353/2378/1001 1354/2379/1000 
f 1318/2380/1271 1351/2381/1307 1354/2382/1002 1315/2383/970 
f 1320/2371/966 1346/2370/1011 1351/2381/1307 1318/2380/1271 
f 1354/2379/1000 1353/2378/1001 1355/2384/1308 1356/2385/1309 
f 1315/2383/970 1354/2382/1002 1356/2386/1310 1316/2387/1269 
f 1357/2388/1311 1355/2384/1308 1353/2378/1001 1352/2377/1306 
f 1358/2389/1312 1357/2388/1311 1352/2377/1306 1359/2390/1239 
f 1359/2390/1239 1352/2377/1306 1349/2374/1304 1360/2391/1019 
f 1360/2391/1019 1361/2392/1021 1362/2393/1240 1359/2390/1239 
f 1359/2390/1239 1362/2393/1240 1363/2394/1313 1358/2389/1312 
f 1362/2395/1241 1364/2396/1065 1365/2397/1314 1363/2398/1315 
f 1361/2399/1316 1366/2400/1028 1364/2396/1065 1362/2395/1241 
f 1366/2400/1028 1367/2401/1030 1368/2402/1064 1364/2396/1065 
f 1364/2396/1065 1368/2402/1064 1369/2403/1317 1365/2397/1314 
f 1368/2402/1064 1370/2404/1063 1371/2405/1318 1369/2403/1317 
f 1370/2404/1063 1372/2406/1060 1373/2407/1319 1371/2405/1318 
f 1372/2406/1060 1374/2408/1061 1375/2409/1320 1373/2407/1319 
f 1376/2410/936 1377/2411/1242 1375/2412/1242 1374/2413/936 
f 1378/2414/1055 1379/2415/1321 1377/2416/1322 1376/2417/1057 
f 1380/2418/1053 1381/2419/1323 1379/2415/1321 1378/2414/1055 
f 1382/2420/1052 1383/2421/1324 1381/2419/1323 1380/2418/1053 
f 1384/2422/1051 1385/2423/1325 1383/2421/1324 1382/2420/1052 
f 1386/2424/1326 1384/2422/1051 1382/2420/1052 1387/2425/1327 
f 1387/2425/1327 1382/2420/1052 1380/2418/1053 1388/2426/1050 
f 1389/2427/1328 1386/2424/1326 1387/2425/1327 1390/2428/1044 
f 1390/2428/1044 1387/2425/1327 1388/2426/1050 1391/2429/1042 
f 1388/2426/1050 1380/2418/1053 1378/2414/1055 1392/2430/1054 
f 1391/2429/1042 1388/2426/1050 1392/2430/1054 1393/2431/1038 
f 1392/2430/1054 1378/2414/1055 1376/2417/1057 1394/2432/1056 
f 1393/2431/1038 1392/2430/1054 1394/2432/1056 1395/2433/1039 
f 1394/2434/1 1376/2410/936 1374/2413/936 1396/2435/1 
f 1395/2436/933 1394/2434/1 1396/2435/1 1397/2437/933 
f 1398/2438/1329 1396/2439/1059 1374/2408/1061 1372/2406/1060 
f 1399/2440/1035 1397/2441/1037 1396/2439/1059 1398/2438/1329 
f 1400/2442/1062 1398/2438/1329 1372/2406/1060 1370/2404/1063 
f 1401/2443/1033 1399/2440/1035 1398/2438/1329 1400/2442/1062 
f 1367/2401/1030 1400/2442/1062 1370/2404/1063 1368/2402/1064 
f 1402/2444/1029 1401/2443/1033 1400/2442/1062 1367/2401/1030 
f 1403/2445/1330 1402/2444/1029 1367/2401/1030 1366/2400/1028 
f 1404/2446/1331 1405/2447/1332 1402/2444/1029 1403/2445/1330 
f 1405/2447/1332 1406/2448/1333 1401/2443/1033 1402/2444/1029 
f 1407/2449/1334 1408/2450/1335 1405/2447/1332 1404/2446/1331 
f 1408/2450/1335 1409/2451/1336 1406/2448/1333 1405/2447/1332 
f 1409/2451/1336 1410/2452/1337 1411/2453/1338 1406/2448/1333 
f 1406/2448/1333 1411/2453/1338 1399/2440/1035 1401/2443/1033 
f 1410/2452/1337 1412/2454/1339 1413/2455/1340 1411/2453/1338 
f 1411/2453/1338 1413/2455/1340 1397/2441/1037 1399/2440/1035 
f 1414/2456/1246 1415/2457/204 1413/2458/204 1412/2459/1246 
f 1415/2457/204 1395/2436/933 1397/2437/933 1413/2458/204 
f 1416/2460/1341 1417/2461/1342 1415/2462/1343 1414/2463/1344 
f 1417/2461/1342 1393/2431/1038 1395/2433/1039 1415/2462/1343 
f 1418/2464/1345 1419/2465/1346 1417/2461/1342 1416/2460/1341 
f 1419/2465/1346 1391/2429/1042 1393/2431/1038 1417/2461/1342 
f 1420/2466/1347 1421/2467/1348 1419/2465/1346 1418/2464/1345 
f 1421/2467/1348 1390/2428/1044 1391/2429/1042 1419/2465/1346 
f 1422/2468/1349 1389/2427/1328 1390/2428/1044 1421/2467/1348 
f 1423/2469/1350 1422/2468/1349 1421/2467/1348 1420/2466/1347 
f 1424/2470/1351 1423/2469/1350 1420/2466/1347 1425/2471/1352 
f 1425/2471/1352 1420/2466/1347 1418/2464/1345 1426/2472/1353 
f 1427/2473/1354 1424/2470/1351 1425/2471/1352 1428/2474/1355 
f 1428/2474/1355 1425/2471/1352 1426/2472/1353 1429/2475/1356 
f 1429/2475/1356 1426/2472/1353 1430/2476/1357 1431/2477/1358 
f 1426/2472/1353 1418/2464/1345 1416/2460/1341 1430/2476/1357 
f 1431/2477/1358 1430/2476/1357 1432/2478/1359 1433/2479/1360 
f 1430/2476/1357 1416/2460/1341 1414/2463/1344 1432/2478/1359 
f 1433/2480/1249 1432/2481/115 1434/2482/115 1435/2483/1249 
f 1432/2481/115 1414/2456/1246 1412/2459/1246 1434/2482/115 
f 1436/2484/1361 1435/2485/1362 1434/2486/1363 1437/2487/1364 
f 1437/2487/1364 1434/2486/1363 1412/2454/1339 1410/2452/1337 
f 1438/2488/1365 1436/2484/1361 1437/2487/1364 1439/2489/1366 
f 1439/2489/1366 1437/2487/1364 1410/2452/1337 1409/2451/1336 
f 1440/2490/1367 1438/2488/1365 1439/2489/1366 1441/2491/1368 
f 1441/2491/1368 1439/2489/1366 1409/2451/1336 1408/2450/1335 
f 1442/2492/1369 1441/2491/1368 1408/2450/1335 1407/2449/1334 
f 1443/2493/1370 1440/2490/1367 1441/2491/1368 1442/2492/1369 
f 1444/2494/1371 1445/2495/1372 1440/2490/1367 1443/2493/1370 
f 1445/2495/1372 1446/2496/1373 1438/2488/1365 1440/2490/1367 
f 1446/2496/1373 1447/2497/1374 1436/2484/1361 1438/2488/1365 
f 1447/2497/1374 1448/2498/1375 1435/2485/1362 1436/2484/1361 
f 1449/2499/1251 1433/2480/1249 1435/2483/1249 1448/2500/1251 
f 1450/2501/1376 1431/2477/1358 1433/2479/1360 1449/2502/1377 
f 1451/2503/1378 1429/2475/1356 1431/2477/1358 1450/2501/1376 
f 1452/2504/1379 1428/2474/1355 1429/2475/1356 1451/2503/1378 
f 1453/2505/1380 1427/2473/1354 1428/2474/1355 1452/2504/1379 
f 1454/2506/1381 1455/2507/1382 1427/2473/1354 1453/2505/1380 
f 1456/2508/1383 1457/2509/1384 1455/2510/1385 1454/2511/1386 
f 1457/2509/1384 1456/2508/1383 1458/2512/1387 1459/2513/1388 
f 1460/2514/1389 1457/2509/1384 1459/2513/1388 1461/2515/1390 
f 1457/2509/1384 1460/2514/1389 1462/2516/1391 1455/2510/1385 
f 1461/2515/1390 1459/2513/1388 1463/2517/1392 1464/2518/1393 
f 1459/2513/1388 1458/2512/1387 1465/2519/1394 1463/2517/1392 
f 1466/2520/1395 1467/2521/1396 1464/2518/1393 1463/2517/1392 
f 1468/2522/1397 1466/2520/1395 1463/2517/1392 1465/2519/1394 
f 1469/2523/1398 1470/2524/1399 1467/2525/1400 1466/2526/1401 
f 1471/2527/1402 1469/2523/1398 1466/2526/1401 1468/2528/1403 
f 1472/2529/1404 1473/2530/1405 1470/2531/1399 1469/2532/1398 
f 1474/2533/1406 1472/2529/1404 1469/2532/1398 1471/2534/1402 
f 1475/2535/1407 1476/2536/1408 1472/2529/1404 1474/2533/1406 
f 1476/2536/1408 1477/2537/1409 1473/2530/1405 1472/2529/1404 
f 1478/2538/1410 1479/2539/1411 1476/2540/1408 1475/2541/1407 
f 1479/2539/1411 1480/2542/1412 1477/2543/1409 1476/2540/1408 
f 1481/2544/1413 1482/2545/1414 1479/2539/1411 1478/2538/1410 
f 1483/2546/1249 1482/2547/1414 1481/2548/1413 1484/2549/1251 
f 1485/2550/115 1486/2551/1415 1482/2547/1414 1483/2546/1249 
f 1487/2552/1246 1488/2553/1416 1486/2551/1415 1485/2550/115 
f 1486/2554/1415 1488/2555/1416 1489/2556/1417 1480/2542/1412 
f 1482/2545/1414 1486/2554/1415 1480/2542/1412 1479/2539/1411 
f 1480/2542/1412 1489/2556/1417 1490/2557/1418 1477/2543/1409 
f 1488/2555/1416 1491/2558/1419 1492/2559/1420 1489/2556/1417 
f 1489/2556/1417 1492/2559/1420 1493/2560/1421 1490/2557/1418 
f 1491/2558/1419 1494/2561/1164 1495/2562/1163 1492/2559/1420 
f 1492/2559/1420 1495/2562/1163 1496/2563/1422 1493/2560/1421 
f 1494/2561/1164 1497/2564/1161 1498/2565/1423 1495/2562/1163 
f 1495/2562/1163 1498/2565/1423 1499/2566/1162 1496/2563/1422 
f 1497/2564/1161 1500/2567/1158 1501/2568/1424 1498/2565/1423 
f 1498/2565/1423 1501/2568/1424 1502/2569/1159 1499/2566/1162 
f 1500/2567/1158 1503/2570/1425 1504/2571/1426 1501/2568/1424 
f 1501/2568/1424 1504/2571/1426 1505/2572/1427 1502/2569/1159 
f 1502/2573/1159 1505/2574/1427 1506/2575/1428 1507/2576/1175 
f 1507/2576/1175 1506/2575/1428 1508/2577/1429 1509/2578/1430 
f 1510/2579/1431 1507/2576/1175 1509/2578/1430 1511/2580/1174 
f 1499/2581/1162 1502/2573/1159 1507/2576/1175 1510/2579/1431 
f 1512/2582/1169 1510/2579/1431 1511/2580/1174 1513/2583/1171 
f 1496/2584/1422 1499/2581/1162 1510/2579/1431 1512/2582/1169 
f 1514/2585/1432 1512/2582/1169 1513/2583/1171 1515/2586/1433 
f 1493/2587/1421 1496/2584/1422 1512/2582/1169 1514/2585/1432 
f 1516/2588/1434 1514/2585/1432 1515/2586/1433 1517/2589/1435 
f 1490/2590/1418 1493/2587/1421 1514/2585/1432 1516/2588/1434 
f 1473/2530/1405 1516/2588/1434 1517/2589/1435 1470/2531/1399 
f 1477/2537/1409 1490/2590/1418 1516/2588/1434 1473/2530/1405 
f 1517/2591/1435 1515/2592/1433 1518/2593/1436 1519/2594/1437 
f 1470/2524/1399 1517/2591/1435 1519/2594/1437 1467/2525/1400 
f 1519/2595/1438 1518/2596/1439 1520/2597/1440 1521/2598/1441 
f 1467/2521/1396 1519/2595/1438 1521/2598/1441 1464/2518/1393 
f 1522/2599/1442 1523/2600/1443 1521/2598/1441 1520/2597/1440 
f 1523/2600/1443 1461/2515/1390 1464/2518/1393 1521/2598/1441 
f 1524/2601/1444 1522/2599/1442 1520/2597/1440 1525/2602/1445 
f 1518/2596/1439 1526/2603/1198 1525/2602/1445 1520/2597/1440 
f 1527/2604/1192 1524/2601/1444 1525/2602/1445 1528/2605/1193 
f 1526/2603/1198 1529/2606/1194 1528/2605/1193 1525/2602/1445 
f 1513/2607/1171 1511/2608/1174 1529/2609/1196 1526/2610/1199 
f 1515/2592/1433 1513/2607/1171 1526/2610/1199 1518/2593/1436 
f 1529/2606/1194 1530/2611/1446 1531/2612/1190 1528/2605/1193 
f 1511/2608/1174 1509/2613/1430 1530/2614/1195 1529/2609/1196 
f 1530/2611/1446 1532/2615/1447 1533/2616/1448 1531/2612/1190 
f 1509/2613/1430 1508/2617/1429 1532/2618/1449 1530/2614/1195 
f 1534/2619/1450 1535/2620/1189 1531/2612/1190 1533/2616/1448 
f 1535/2620/1189 1527/2604/1192 1528/2605/1193 1531/2612/1190 
f 1536/2621/1451 1537/2622/1215 1535/2620/1189 1534/2619/1450 
f 1537/2622/1215 1536/2621/1451 1538/2623/1452 1539/2624/1216 
f 1539/2625/1214 1538/2626/1453 1385/2423/1325 1384/2422/1051 
f 1540/2627/1211 1539/2625/1214 1384/2422/1051 1386/2424/1326 
f 1541/2628/1212 1537/2622/1215 1539/2624/1216 1540/2629/1213 
f 1542/2630/1209 1540/2627/1211 1386/2424/1326 1389/2427/1328 
f 1543/2631/1206 1541/2628/1212 1540/2629/1213 1542/2632/1207 
f 1537/2622/1215 1541/2628/1212 1527/2604/1192 1535/2620/1189 
f 1541/2628/1212 1543/2631/1206 1524/2601/1444 1527/2604/1192 
f 1543/2631/1206 1544/2633/1454 1522/2599/1442 1524/2601/1444 
f 1544/2633/1454 1543/2631/1206 1542/2632/1207 1545/2634/1455 
f 1544/2633/1454 1546/2635/1456 1523/2600/1443 1522/2599/1442 
f 1546/2635/1456 1544/2633/1454 1545/2634/1455 1547/2636/1457 
f 1545/2637/1458 1542/2630/1209 1389/2427/1328 1422/2468/1349 
f 1547/2638/1459 1545/2637/1458 1422/2468/1349 1423/2469/1350 
f 1462/2639/1460 1547/2638/1459 1423/2469/1350 1424/2470/1351 
f 1460/2514/1389 1546/2635/1456 1547/2636/1457 1462/2516/1391 
f 1455/2507/1382 1462/2639/1460 1424/2470/1351 1427/2473/1354 
f 1546/2635/1456 1460/2514/1389 1461/2515/1390 1523/2600/1443 
f 1548/2640/1242 1503/2641/1425 1500/2642/1158 1549/2643/936 
f 1549/2643/936 1500/2642/1158 1497/2644/1161 1550/2645/1 
f 1550/2645/1 1497/2644/1161 1494/2646/1164 1551/2647/933 
f 1551/2647/933 1494/2646/1164 1491/2648/1419 1552/2649/204 
f 1552/2649/204 1491/2648/1419 1488/2553/1416 1487/2552/1246 
f 1553/2650/1461 1444/2494/1371 1443/2493/1370 1554/2651/1462 
f 1555/2652/1463 1553/2653/1464 1554/2654/1465 1556/2655/1466 
f 1556/2655/1466 1335/2352/1288 1336/2353/1289 1555/2652/1463 
f 1557/2656/1467 1337/2354/1290 1335/2352/1288 1556/2655/1466 
f 1556/2655/1466 1554/2654/1465 1558/2657/1468 1557/2656/1467 
f 1559/2658/1469 1340/2357/1293 1337/2354/1290 1557/2656/1467 
f 1557/2656/1467 1558/2657/1468 1560/2659/1470 1559/2658/1469 
f 1558/2660/1471 1442/2492/1369 1407/2449/1334 1560/2661/1472 
f 1554/2651/1462 1443/2493/1370 1442/2492/1369 1558/2660/1471 
f 1560/2661/1472 1407/2449/1334 1404/2446/1331 1561/2662/1473 
f 1559/2658/1469 1560/2659/1470 1561/2663/1474 1562/2664/1475 
f 1562/2664/1475 1561/2663/1474 1563/2665/1020 1564/2666/1018 
f 1561/2662/1473 1404/2446/1331 1403/2445/1330 1563/2667/1023 
f 1564/2666/1018 1347/2372/1302 1348/2373/1303 1562/2664/1475 
f 1562/2664/1475 1348/2373/1303 1340/2357/1293 1559/2658/1469 
f 1360/2391/1019 1349/2374/1304 1347/2372/1302 1564/2666/1018 
f 1564/2666/1018 1563/2665/1020 1361/2392/1021 1360/2391/1019 
f 1563/2667/1023 1403/2445/1330 1366/2400/1028 1361/2399/1316 
f 1565/2668/1476 1566/2669/1476 1567/2670/1476 1568/2671/1476 
f 1567/2672/1 1569/2673/1 1570/2674/1 
f 1568/2675/1 1567/2672/1 1570/2674/1 1571/2676/1 
f 1567/2672/1 1572/2677/1 1569/2673/1 
f 1567/2672/1 1573/2678/1 1572/2677/1 
f 1567/2672/1 1574/2679/1 1573/2678/1 
f 1567/2672/1 1575/2680/1 1574/2679/1 
f 1567/2672/1 1576/2681/1 1575/2680/1 
f 1567/2672/1 1577/2682/1 1578/2683/1 1576/2681/1 
f 1568/2675/1 1571/2676/1 1579/2684/1 
f 1568/2675/1 1579/2684/1 1580/2685/1 
f 1568/2675/1 1580/2685/1 1581/2686/1 
f 1568/2675/1 1581/2686/1 1582/2687/1 
f 1568/2675/1 1582/2687/1 1583/2688/1 
f 1568/2675/1 1583/2688/1 1584/2689/1 
f 1584/2689/1 1585/2690/1 1586/2691/1 1568/2675/1 
f 1587/2692/1477 1586/2693/1477 1577/2694/1477 1588/2695/1477 
f 1586/2691/1 1589/2696/1 1590/2697/1 1577/2682/1 
f 1586/2691/1 1591/2698/1 1589/2696/1 
f 1586/2691/1 1592/2699/1 1591/2698/1 
f 1586/2691/1 1593/2700/1 1592/2699/1 
f 1586/2691/1 1594/2701/1 1593/2700/1 
f 1586/2691/1 1595/2702/1 1594/2701/1 
f 1586/2691/1 1585/2690/1 1595/2702/1 
f 1596/2703/1478 1597/2704/1479 1595/2705/1479 1585/2706/1480 
f 1585/2706/1480 1584/2707/1481 1598/2708/1482 1596/2703/1478 
f 1599/2709/1483 1600/2710/1484 1597/2704/1485 1596/2703/1486 
f 1596/2703/1486 1598/2708/1487 1601/2711/1488 1599/2709/1483 
f 1601/2711/1488 1598/2708/1487 1602/2712/1489 1603/2713/1490 
f 1598/2708/1482 1584/2707/1481 1583/2714/1491 1602/2712/1491 
f 1603/2713/1490 1602/2712/1489 1604/2715/1492 1605/2716/1493 
f 1602/2712/1491 1583/2714/1491 1582/2717/1494 1604/2715/1494 
f 1605/2716/1493 1604/2715/1492 1606/2718/1495 1607/2719/1496 
f 1604/2715/1494 1582/2717/1494 1581/2720/1497 1606/2718/1497 
f 1607/2719/1496 1606/2718/1495 1608/2721/1498 1609/2722/1499 
f 1606/2718/1497 1581/2720/1497 1580/2723/1500 1608/2721/1500 
f 1609/2722/1499 1608/2721/1498 1610/2724/1501 1611/2725/1502 
f 1608/2721/1500 1580/2723/1500 1579/2726/1503 1610/2724/1504 
f 1611/2725/1502 1610/2724/1501 1612/2727/1505 1613/2728/1506 
f 1610/2724/1504 1579/2726/1503 1571/2729/1507 1612/2727/1507 
f 1613/2730/1508 1612/2731/1509 1614/2732/1509 1615/2733/1510 
f 1612/2731/1511 1571/2734/1511 1570/2735/1511 1614/2732/1511 
f 1616/2736/1512 1615/2737/1513 1614/2738/1514 1617/2739/1515 
f 1617/2739/1516 1614/2738/1517 1570/2740/1517 1569/2741/1518 
f 1618/2742/1519 1616/2736/1512 1617/2739/1515 1619/2743/1520 
f 1619/2743/1521 1617/2739/1516 1569/2741/1518 1572/2744/1521 
f 1620/2745/1522 1618/2742/1519 1619/2743/1520 1621/2746/1523 
f 1621/2746/1524 1619/2743/1521 1572/2744/1521 1573/2747/1524 
f 1622/2748/1525 1620/2745/1522 1621/2746/1523 1623/2749/1526 
f 1623/2749/1527 1621/2746/1524 1573/2747/1524 1574/2750/1527 
f 1624/2751/1528 1622/2748/1525 1623/2749/1526 1625/2752/1529 
f 1625/2752/1530 1623/2749/1527 1574/2750/1527 1575/2753/1530 
f 1626/2754/1531 1624/2751/1528 1625/2752/1529 1627/2755/1532 
f 1627/2755/1533 1625/2752/1530 1575/2753/1530 1576/2756/1534 
f 1628/2757/1535 1629/2758/1536 1626/2754/1531 1627/2755/1532 
f 1578/2759/1537 1628/2757/1538 1627/2755/1533 1576/2756/1534 
f 1629/2758/1536 1628/2757/1535 1630/2760/1539 1631/2761/1540 
f 1628/2757/1538 1578/2759/1537 1632/2762/1541 1630/2760/1541 
f 1577/2682/1 1632/2763/1 1578/2683/1 
f 1630/2760/1541 1632/2762/1541 1633/2764/1542 1634/2765/1542 
f 1577/2682/1 1633/2766/1 1632/2763/1 
f 1634/2765/1542 1633/2764/1542 1635/2767/1543 1636/2768/1543 
f 1577/2682/1 1635/2769/1 1633/2766/1 
f 1636/2768/1543 1635/2767/1543 1637/2770/1544 1638/2771/1544 
f 1577/2682/1 1637/2772/1 1635/2769/1 
f 1638/2771/1544 1637/2770/1544 1639/2773/1545 1640/2774/1546 
f 1577/2682/1 1639/2775/1 1637/2772/1 
f 1640/2774/1546 1639/2773/1545 1590/2776/1547 1641/2777/1547 
f 1577/2682/1 1590/2697/1 1639/2775/1 
f 1642/2778/1548 1641/2779/1548 1590/2780/1548 1589/2781/1548 
f 1643/2782/1549 1644/2783/1550 1641/2779/1551 1642/2778/1551 
f 1645/2784/1552 1640/2774/1553 1641/2777/1554 1644/2785/1555 
f 1646/2786/1556 1643/2787/1557 1642/2788/1558 1647/2789/1559 
f 1647/2789/1560 1642/2788/1561 1589/2790/1561 1591/2791/1562 
f 1648/2792/1563 1646/2786/1556 1647/2789/1559 1649/2793/1564 
f 1649/2793/1565 1647/2789/1560 1591/2791/1562 1592/2794/1565 
f 1650/2795/1566 1648/2792/1563 1649/2793/1564 1651/2796/1567 
f 1651/2796/1568 1649/2793/1565 1592/2794/1565 1593/2797/1568 
f 1652/2798/1569 1650/2795/1566 1651/2796/1567 1653/2799/1570 
f 1653/2799/1571 1651/2796/1568 1593/2797/1568 1594/2800/1571 
f 1600/2710/1484 1652/2798/1569 1653/2799/1570 1597/2704/1485 
f 1597/2704/1479 1653/2799/1571 1594/2800/1571 1595/2705/1479 
f 1654/2801/1572 1655/2802/1573 1650/2795/1566 1652/2798/1569 
f 1656/2803/1574 1654/2801/1572 1652/2798/1569 1600/2710/1484 
f 1657/2804/1575 1656/2803/1574 1600/2710/1484 1599/2709/1483 
f 1658/2805/1576 1659/2806/1577 1654/2801/1578 1656/2803/1579 
f 1660/2807/1580 1658/2805/1576 1656/2803/1579 1657/2804/1581 
f 1657/2804/1581 1661/2808/1582 1662/2809/1583 1660/2807/1580 
f 1599/2709/1483 1601/2711/1488 1661/2808/1584 1657/2804/1575 
f 1662/2809/1583 1661/2808/1582 1663/2810/1585 1664/2811/1586 
f 1661/2808/1584 1601/2711/1488 1603/2713/1490 1663/2810/1587 
f 1664/2811/1586 1663/2810/1585 1665/2812/1588 1666/2813/1589 
f 1663/2810/1587 1603/2713/1490 1605/2716/1493 1665/2812/1590 
f 1666/2813/1589 1665/2812/1588 1667/2814/1591 1668/2815/1592 
f 1665/2812/1590 1605/2716/1493 1607/2719/1496 1667/2814/1593 
f 1668/2815/1592 1667/2814/1591 1669/2816/1594 1670/2817/1595 
f 1667/2814/1593 1607/2719/1496 1609/2722/1499 1669/2816/1596 
f 1670/2817/1595 1669/2816/1594 1671/2818/1597 1672/2819/1598 
f 1669/2816/1596 1609/2722/1499 1611/2725/1502 1671/2818/1599 
f 1672/2819/1598 1671/2818/1597 1673/2820/1600 1674/2821/1601 
f 1671/2818/1599 1611/2725/1502 1613/2728/1506 1673/2820/1602 
f 1674/2822/1603 1673/2823/1604 1675/2824/1604 1676/2825/1603 
f 1673/2823/1605 1613/2730/1508 1615/2733/1510 1675/2824/1605 
f 1677/2826/1606 1676/2827/1607 1675/2828/1608 1678/2829/1609 
f 1678/2829/1610 1675/2828/1611 1615/2737/1513 1616/2736/1512 
f 1679/2830/1612 1677/2826/1606 1678/2829/1609 1680/2831/1613 
f 1680/2831/1614 1678/2829/1610 1616/2736/1512 1618/2742/1519 
f 1681/2832/1615 1679/2830/1612 1680/2831/1613 1682/2833/1616 
f 1682/2833/1617 1680/2831/1614 1618/2742/1519 1620/2745/1522 
f 1683/2834/1618 1681/2832/1615 1682/2833/1616 1684/2835/1619 
f 1684/2835/1620 1682/2833/1617 1620/2745/1522 1622/2748/1525 
f 1685/2836/1621 1683/2834/1618 1684/2835/1619 1686/2837/1622 
f 1686/2837/1623 1684/2835/1620 1622/2748/1525 1624/2751/1528 
f 1687/2838/1624 1685/2836/1621 1686/2837/1622 1688/2839/1625 
f 1688/2839/1626 1686/2837/1623 1624/2751/1528 1626/2754/1531 
f 1689/2840/1627 1690/2841/1628 1687/2838/1624 1688/2839/1625 
f 1629/2758/1536 1689/2840/1629 1688/2839/1626 1626/2754/1531 
f 1690/2841/1628 1689/2840/1627 1691/2842/1630 1692/2843/1631 
f 1689/2840/1629 1629/2758/1536 1631/2761/1540 1691/2842/1632 
f 1692/2843/1631 1691/2842/1630 1693/2844/1633 1694/2845/1634 
f 1691/2842/1632 1631/2761/1540 1695/2846/1635 1693/2844/1636 
f 1694/2845/1634 1693/2844/1633 1696/2847/1637 1697/2848/1638 
f 1693/2844/1636 1695/2846/1635 1698/2849/1639 1696/2847/1640 
f 1697/2848/1638 1696/2847/1637 1699/2850/1641 1700/2851/1642 
f 1696/2847/1640 1698/2849/1639 1701/2852/1643 1699/2850/1644 
f 1700/2851/1642 1699/2850/1641 1702/2853/1645 1703/2854/1646 
f 1699/2850/1644 1701/2852/1643 1645/2784/1552 1702/2853/1647 
f 1703/2854/1646 1702/2853/1645 1704/2855/1648 1705/2856/1649 
f 1702/2853/1647 1645/2784/1552 1644/2785/1555 1704/2855/1650 
f 1706/2857/1651 1705/2858/1651 1704/2859/1652 1707/2860/1652 
f 1707/2860/1653 1704/2859/1653 1644/2783/1550 1643/2782/1549 
f 1708/2861/1654 1706/2862/1655 1707/2863/1656 1709/2864/1657 
f 1709/2864/1658 1707/2863/1659 1643/2787/1557 1646/2786/1556 
f 1710/2865/1660 1708/2861/1654 1709/2864/1657 1711/2866/1661 
f 1711/2866/1662 1709/2864/1658 1646/2786/1556 1648/2792/1563 
f 1712/2867/1663 1710/2865/1660 1711/2866/1661 1655/2802/1664 
f 1655/2802/1573 1711/2866/1662 1648/2792/1563 1650/2795/1566 
f 1659/2806/1577 1712/2867/1663 1655/2802/1664 1654/2801/1578 
f 1659/2806/1577 1713/2868/1665 1714/2869/1666 1712/2867/1663 
f 1712/2867/1663 1714/2869/1666 1715/2870/1667 1710/2865/1660 
f 1716/2871/1 1715/2872/1 1714/2873/1 1717/2874/1 
f 1717/2874/1 1714/2873/1 1713/2875/1 1718/2876/1 
f 1668/2815/1592 1670/2817/1595 1716/2877/1668 1717/2878/1669 
f 1666/2813/1589 1668/2815/1592 1717/2878/1669 1718/2879/1670 
f 1718/2876/1 1713/2875/1 1719/2880/1 1720/2881/1 
f 1664/2811/1586 1666/2813/1589 1718/2879/1670 1720/2882/1671 
f 1662/2809/1583 1664/2811/1586 1720/2882/1671 1721/2883/1672 
f 1720/2881/1 1719/2880/1 1722/2884/1 1721/2885/1 
f 1658/2805/1576 1719/2886/1673 1713/2868/1665 1659/2806/1577 
f 1660/2807/1580 1722/2887/1674 1719/2886/1673 1658/2805/1576 
f 1721/2883/1672 1722/2887/1674 1660/2807/1580 1662/2809/1583 
f 1670/2817/1595 1672/2819/1598 1723/2888/1675 1716/2877/1668 
f 1716/2871/1 1723/2889/1 1724/2890/1 1725/2891/1 
f 1716/2871/1 1725/2891/1 1726/2892/1 1715/2872/1 
f 1679/2830/1612 1725/2893/1676 1724/2894/1677 1677/2826/1606 
f 1727/2895/1 1728/2896/1 1726/2892/1 1725/2891/1 
f 1681/2832/1615 1727/2897/1678 1725/2893/1676 1679/2830/1612 
f 1715/2872/1 1726/2892/1 1729/2898/1 1730/2899/1 
f 1700/2851/1642 1703/2854/1646 1729/2900/1679 1726/2901/1680 
f 1697/2848/1638 1700/2851/1642 1726/2901/1680 1728/2902/1681 
f 1694/2845/1634 1697/2848/1638 1728/2902/1681 1731/2903/1682 
f 1732/2904/1 1731/2905/1 1728/2896/1 1727/2895/1 
f 1692/2843/1631 1694/2845/1634 1731/2903/1682 1733/2906/1683 
f 1734/2907/1 1733/2908/1 1731/2905/1 1732/2904/1 
f 1683/2834/1618 1732/2909/1684 1727/2897/1678 1681/2832/1615 
f 1685/2836/1621 1734/2910/1685 1732/2909/1684 1683/2834/1618 
f 1735/2911/1686 1736/2912/1686 1733/2908/1 1734/2907/1 
f 1687/2838/1624 1735/2913/1687 1734/2910/1685 1685/2836/1621 
f 1687/2838/1624 1690/2841/1628 1736/2914/1688 1735/2913/1687 
f 1690/2841/1628 1692/2843/1631 1733/2906/1683 1736/2914/1688 
f 1730/2899/1 1729/2898/1 1737/2915/1 1738/2916/1 
f 1737/2917/1689 1729/2900/1679 1703/2854/1646 1705/2856/1649 
f 1738/2918/1690 1706/2862/1655 1708/2861/1654 1730/2919/1691 
f 1710/2865/1660 1715/2870/1667 1730/2919/1691 1708/2861/1654 
f 1705/2858/1651 1706/2857/1651 1738/2920/82 1737/2921/82 
f 1723/2889/1 1739/2922/1 1740/2923/1 1724/2890/1 
f 1740/2924/1692 1676/2827/1607 1677/2826/1606 1724/2894/1677 
f 1740/2925/115 1739/2926/115 1674/2822/1603 1676/2825/1603 
f 1739/2927/1693 1723/2888/1675 1672/2819/1598 1674/2821/1601 
f 1701/2852/1643 1638/2771/1694 1640/2774/1553 1645/2784/1552 
f 1698/2849/1639 1636/2768/1695 1638/2771/1694 1701/2852/1643 
f 1695/2846/1635 1634/2765/1696 1636/2768/1695 1698/2849/1639 
f 1631/2761/1540 1630/2760/1539 1634/2765/1696 1695/2846/1635 
f 1741/2928/115 1587/2929/115 1588/2930/115 1742/2931/115 
f 1743/2932/115 1587/2929/115 1744/2933/115 1745/2934/115 
f 1746/2935/115 1587/2929/115 1741/2928/115 
f 1744/2933/271 1587/2929/115 1747/2936/271 
f 1748/2937/115 1587/2929/115 1746/2935/115 
f 1747/2936/271 1587/2929/115 1748/2937/115 
f 1749/2938/1697 1750/2939/1698 1744/2940/1698 1747/2941/1697 
f 1751/2942/1699 1749/2938/1697 1747/2941/1697 1748/2943/1699 
f 1752/2944/1700 1753/2945/1701 1750/2939/1702 1749/2938/1703 
f 1754/2946/1704 1752/2944/1700 1749/2938/1703 1751/2942/1705 
f 1753/2947/1706 1755/2948/1707 1756/2949/1708 1750/2950/1709 
f 1750/2950/1710 1756/2949/1710 1745/2951/1710 1744/2952/1710 
f 1755/2953/1711 1757/2954/1712 1758/2955/1713 1756/2956/1714 
f 1756/2956/1715 1758/2955/1716 1759/2957/1716 1745/2958/1715 
f 1745/2934/115 1759/2959/115 1743/2932/115 
f 1758/2955/1716 1760/2960/1717 1761/2961/1717 1759/2957/1716 
f 1743/2932/115 1759/2959/115 1761/2962/115 
f 1760/2960/1717 1762/2963/1718 1763/2964/1718 1761/2961/1717 
f 1743/2932/115 1761/2962/115 1763/2965/115 
f 1762/2963/1718 1764/2966/1719 1765/2967/1719 1763/2964/1718 
f 1743/2932/115 1763/2965/115 1765/2968/271 
f 1764/2969/1720 1766/2970/1720 1767/2971/1720 1765/2972/1720 
f 1765/2968/271 1767/2973/115 1768/2974/115 1743/2932/115 
f 1769/2975/1721 1770/2976/1721 1767/2977/1722 1766/2978/1722 
f 1768/2974/115 1767/2973/115 1770/2979/115 
f 1768/2974/115 1771/2980/115 1772/2981/115 1588/2930/115 
f 1773/2982/14 1743/2983/234 1768/2984/234 1774/2985/14 
f 1771/2980/115 1768/2974/115 1775/2986/115 
f 1768/2974/115 1770/2979/115 1776/2987/115 
f 1768/2974/115 1776/2987/115 1775/2986/115 
f 1777/2988/1723 1775/2989/1723 1776/2990/1724 1778/2991/1724 
f 1779/2992/1725 1771/2993/1725 1775/2989/1723 1777/2988/1723 
f 1780/2994/1726 1777/2988/1727 1778/2991/1728 1781/2995/1729 
f 1782/2996/1730 1779/2992/1731 1777/2988/1727 1780/2994/1726 
f 1781/2995/1729 1778/2991/1728 1769/2975/1732 1783/2997/1733 
f 1778/2991/1724 1776/2990/1724 1770/2976/1721 1769/2975/1721 
f 1783/2997/1733 1769/2975/1732 1766/2978/1734 1784/2998/1735 
f 1785/2999/1736 1783/2997/1733 1784/2998/1735 1786/3000/1737 
f 1787/3001/1738 1781/2995/1729 1783/2997/1733 1785/2999/1736 
f 1788/3002/1739 1786/3003/1739 1784/3004/1740 1789/3005/1741 
f 1789/3005/1741 1784/3004/1740 1766/2970/1742 1764/2969/1742 
f 1790/3006/1743 1788/3007/1744 1789/3008/1745 1791/3009/1746 
f 1791/3009/1746 1789/3008/1745 1764/2966/1747 1762/2963/1748 
f 1792/3010/1749 1790/3006/1743 1791/3009/1746 1793/3011/1750 
f 1793/3011/1750 1791/3009/1746 1762/2963/1748 1760/2960/1751 
f 1794/3012/1752 1792/3010/1749 1793/3011/1750 1757/2954/1712 
f 1757/2954/1712 1793/3011/1750 1760/2960/1751 1758/2955/1713 
f 1795/3013/1753 1794/3012/1752 1757/2954/1712 1755/2953/1711 
f 1796/3014/1754 1797/3015/1755 1792/3010/1756 1794/3012/1757 
f 1798/3016/1758 1796/3014/1754 1794/3012/1757 1795/3013/1759 
f 1799/3017/1760 1798/3018/1761 1795/3019/1762 1800/3020/1763 
f 1800/3020/1764 1795/3019/1765 1755/2948/1707 1753/2947/1706 
f 1801/3021/1766 1799/3022/1767 1800/3023/1768 1802/3024/1769 
f 1802/3024/1770 1800/3023/1771 1753/2945/1701 1752/2944/1700 
f 1803/3025/1772 1801/3021/1766 1802/3024/1769 1804/3026/1773 
f 1804/3026/1774 1802/3024/1770 1752/2944/1700 1754/2946/1704 
f 1805/3027/1775 1803/3025/1772 1804/3026/1773 1806/3028/1776 
f 1806/3028/1777 1804/3026/1774 1754/2946/1704 1807/3029/1778 
f 1807/3029/1778 1754/2946/1704 1751/2942/1705 1808/3030/1779 
f 1809/3031/1780 1806/3028/1777 1807/3029/1778 1810/3032/1781 
f 1810/3032/1781 1807/3029/1778 1808/3030/1779 1811/3033/1782 
f 1811/3033/1783 1808/3030/1784 1746/3034/1784 1741/3035/1783 
f 1808/3030/1784 1751/2942/1699 1748/2943/1699 1746/3034/1784 
f 1811/3036/1785 1812/3037/1785 1813/3038/1786 1810/3039/1787 
f 1741/3040/1788 1742/3041/1788 1812/3037/1788 1811/3036/1788 
f 1813/3042/1789 1812/3043/1790 1814/3044/1791 1815/3045/1792 
f 1812/3043/1793 1742/3046/1793 1816/3047/1794 1814/3044/1794 
f 1816/3048/115 1742/2931/115 1588/2930/115 
f 1814/3044/1794 1816/3047/1794 1817/3049/1795 1818/3050/1795 
f 1817/3051/271 1816/3048/115 1588/2930/115 
f 1818/3050/1795 1817/3049/1795 1819/3052/1796 1820/3053/1796 
f 1819/3054/271 1817/3051/271 1588/2930/115 
f 1820/3053/1796 1819/3052/1796 1772/3055/1797 1821/3056/1797 
f 1772/2981/115 1819/3054/271 1588/2930/115 
f 1821/3057/1798 1772/3058/1798 1771/3059/1798 1779/3060/1798 
f 1822/3061/1799 1821/3057/1800 1779/3060/1800 1782/3062/1801 
f 1823/3063/1802 1820/3053/1803 1821/3056/1804 1822/3064/1805 
f 1824/3065/1806 1822/3061/1799 1782/3062/1801 1825/3066/1806 
f 1826/3067/1807 1823/3063/1802 1822/3064/1805 1824/3068/1808 
f 1825/3069/1809 1782/2996/1730 1780/2994/1726 1827/3070/1810 
f 1828/3071/1811 1824/3065/1812 1825/3066/1812 1829/3072/1813 
f 1829/3073/1814 1825/3069/1815 1827/3070/1816 1830/3074/1817 
f 1830/3074/1817 1827/3070/1816 1787/3001/1818 1831/3075/1819 
f 1827/3070/1810 1780/2994/1726 1781/2995/1729 1787/3001/1738 
f 1831/3075/1819 1787/3001/1818 1785/2999/1820 1832/3076/1821 
f 1833/3077/1822 1834/3078/1823 1830/3074/1817 1831/3075/1819 
f 1835/3079/1824 1833/3077/1822 1831/3075/1819 1832/3076/1821 
f 1836/3080/115 1837/3081/115 1833/3082/115 1835/3083/115 
f 1837/3081/115 1838/3084/115 1834/3085/115 1833/3082/115 
f 1839/3086/1825 1840/3087/1826 1837/3088/1827 1836/3089/1828 
f 1840/3087/1826 1841/3090/1829 1838/3091/1830 1837/3088/1827 
f 1839/3086/1825 1842/3092/1831 1843/3093/1832 1840/3087/1826 
f 1840/3087/1826 1843/3093/1832 1826/3067/1833 1841/3090/1829 
f 1841/3090/1829 1826/3067/1833 1824/3068/1834 1828/3094/1835 
f 1841/3090/1829 1828/3094/1835 1844/3095/1836 1838/3091/1830 
f 1829/3072/1813 1845/3096/72 1844/3097/72 1828/3071/1811 
f 1838/3084/115 1844/3098/115 1845/3099/115 1834/3085/115 
f 1834/3078/1823 1845/3100/1837 1829/3073/1814 1830/3074/1817 
f 1843/3093/1838 1846/3101/1839 1823/3063/1802 1826/3067/1807 
f 1842/3092/1840 1815/3045/1792 1846/3101/1839 1843/3093/1838 
f 1815/3045/1792 1814/3044/1791 1818/3050/1841 1846/3101/1839 
f 1846/3101/1839 1818/3050/1841 1820/3053/1803 1823/3063/1802 
f 1847/3102/1842 1813/3042/1789 1815/3045/1792 1842/3092/1840 
f 1848/3103/1843 1847/3102/1844 1842/3092/1831 1839/3086/1825 
f 1809/3104/1845 1847/3105/1845 1848/3106/1846 1849/3107/1846 
f 1810/3039/1787 1813/3038/1786 1847/3105/1847 1809/3104/1847 
f 1849/3108/1848 1805/3027/1775 1806/3028/1776 1809/3031/1849 
f 1849/3108/1848 1850/3109/1850 1851/3110/1851 1805/3027/1775 
f 1852/3111/14 1850/3112/14 1849/3107/1846 1848/3106/1846 
f 1851/3113/115 1850/3114/115 1852/3115/115 1836/3080/115 
f 1848/3103/1843 1839/3086/1825 1836/3089/1828 1852/3116/1852 
f 1851/3113/115 1853/3117/115 1854/3118/115 1855/3119/115 
f 1805/3027/1775 1851/3110/1851 1855/3120/1853 1803/3025/1772 
f 1853/3117/115 1851/3113/115 1836/3080/115 1835/3083/115 
f 1856/3121/1854 1857/3122/1855 1858/3123/1856 1853/3124/1857 
f 1856/3125/115 1853/3117/115 1835/3083/115 1859/3126/115 
f 1853/3124/1857 1858/3123/1856 1797/3015/1755 1854/3127/1858 
f 1797/3015/1755 1858/3123/1856 1790/3006/1859 1792/3010/1756 
f 1858/3123/1856 1857/3122/1855 1788/3007/1860 1790/3006/1859 
f 1857/3128/1861 1860/3129/1861 1786/3003/1862 1788/3002/1862 
f 1860/3129/1861 1857/3128/1861 1856/3130/1 1859/3131/1 
f 1832/3076/1821 1785/2999/1820 1786/3000/1863 1860/3132/1864 
f 1859/3133/1865 1835/3079/1824 1832/3076/1821 1860/3132/1864 
f 1854/3127/1858 1797/3015/1755 1796/3014/1754 1861/3134/1866 
f 1855/3119/115 1854/3118/115 1861/3135/115 1862/3136/271 
f 1862/3136/271 1861/3135/115 1863/3137/115 1864/3138/271 
f 1861/3134/1866 1796/3014/1754 1798/3016/1758 1863/3139/1867 
f 1803/3025/1772 1855/3120/1853 1862/3140/1868 1801/3021/1766 
f 1801/3021/1766 1862/3140/1868 1864/3141/1869 1799/3022/1767 
f 1798/3018/1761 1799/3017/1760 1864/3142/114 1863/3143/114 
f 1773/3144/82 1774/3145/82 1865/3146/82 1866/3147/82 
f 1867/3148/82 1868/3149/82 1566/3150/82 1565/3151/82 
f 1869/3152/82 1870/3153/82 1871/3154/82 1565/3151/82 
f 1872/3155/82 1867/3148/82 1565/3151/82 
f 1871/3154/82 1873/3156/259 1565/3151/82 
f 1874/3157/259 1872/3155/82 1565/3151/82 
f 1873/3156/259 1874/3157/259 1565/3151/82 
f 1875/3158/1870 1873/3159/1870 1871/3160/1871 1876/3161/1871 
f 1877/3162/1872 1874/3163/1872 1873/3159/1870 1875/3158/1870 
f 1878/3164/1873 1875/3158/1874 1876/3161/1875 1879/3165/1876 
f 1880/3166/1877 1877/3162/1878 1875/3158/1874 1878/3164/1873 
f 1879/3167/1879 1876/3168/1880 1881/3169/1880 1882/3170/1881 
f 1876/3168/1882 1871/3171/1882 1870/3172/1882 1881/3169/1882 
f 1882/3173/1883 1881/3174/1884 1883/3175/1885 1884/3176/1886 
f 1881/3174/1887 1870/3177/1887 1885/3178/1888 1883/3175/1888 
f 1870/3153/82 1869/3152/82 1885/3179/82 
f 1883/3175/1888 1885/3178/1888 1886/3180/1889 1887/3181/1890 
f 1869/3152/82 1886/3182/82 1885/3179/82 
f 1887/3181/1890 1886/3180/1889 1888/3183/1891 1889/3184/1891 
f 1869/3152/82 1888/3185/82 1886/3182/82 
f 1889/3184/1891 1888/3183/1891 1890/3186/1892 1891/3187/1892 
f 1869/3152/82 1890/3188/259 1888/3185/82 
f 1891/3189/1893 1890/3190/1893 1892/3191/1893 1893/3192/1893 
f 1890/3188/259 1869/3152/82 1894/3193/82 1892/3194/82 
f 1895/3195/1894 1893/3196/1895 1892/3197/1895 1896/3198/1894 
f 1894/3193/82 1896/3199/82 1892/3194/82 
f 1894/3193/82 1566/3150/82 1897/3200/82 1898/3201/82 
f 1899/3202/14 1900/3203/14 1894/3204/14 1869/3205/14 
f 1898/3201/82 1901/3206/259 1894/3193/82 
f 1894/3193/82 1902/3207/82 1896/3199/82 
f 1894/3193/82 1901/3206/259 1902/3207/82 
f 1903/3208/1896 1904/3209/1897 1902/3210/1897 1901/3211/1896 
f 1905/3212/1898 1903/3208/1896 1901/3211/1896 1898/3213/1898 
f 1906/3214/1899 1907/3215/1900 1904/3209/1901 1903/3208/1902 
f 1908/3216/1903 1906/3214/1899 1903/3208/1902 1905/3212/1904 
f 1907/3215/1900 1909/3217/1905 1895/3195/1906 1904/3209/1901 
f 1904/3209/1897 1895/3195/1894 1896/3198/1894 1902/3210/1897 
f 1909/3217/1905 1910/3218/1907 1893/3196/1908 1895/3195/1906 
f 1911/3219/1909 1912/3220/1910 1910/3218/1907 1909/3217/1905 
f 1913/3221/1911 1911/3219/1909 1909/3217/1905 1907/3215/1900 
f 1914/3222/1912 1915/3223/1913 1910/3224/1914 1912/3225/1912 
f 1915/3223/1913 1891/3189/1915 1893/3192/1915 1910/3224/1914 
f 1916/3226/1916 1917/3227/1917 1915/3228/1918 1914/3229/1919 
f 1917/3227/1917 1889/3184/1920 1891/3187/1921 1915/3228/1918 
f 1918/3230/1922 1919/3231/1923 1917/3227/1917 1916/3226/1916 
f 1919/3231/1923 1887/3181/1924 1889/3184/1920 1917/3227/1917 
f 1920/3232/1925 1884/3176/1886 1919/3231/1923 1918/3230/1922 
f 1884/3176/1886 1883/3175/1885 1887/3181/1924 1919/3231/1923 
f 1921/3233/1926 1882/3173/1883 1884/3176/1886 1920/3232/1925 
f 1922/3234/1927 1920/3232/1928 1918/3230/1929 1923/3235/1930 
f 1924/3236/1931 1921/3233/1932 1920/3232/1928 1922/3234/1927 
f 1925/3237/1933 1926/3238/1934 1921/3239/1935 1924/3240/1936 
f 1926/3238/1937 1879/3167/1879 1882/3170/1881 1921/3239/1937 
f 1927/3241/1938 1928/3242/1939 1926/3243/1940 1925/3244/1941 
f 1928/3242/1942 1878/3164/1873 1879/3165/1876 1926/3243/1943 
f 1929/3245/1944 1930/3246/1945 1928/3242/1939 1927/3241/1938 
f 1930/3246/1946 1880/3166/1877 1878/3164/1873 1928/3242/1942 
f 1931/3247/1947 1932/3248/1948 1930/3246/1945 1929/3245/1944 
f 1932/3248/1949 1933/3249/1950 1880/3166/1877 1930/3246/1946 
f 1933/3249/1950 1934/3250/1951 1877/3162/1878 1880/3166/1877 
f 1935/3251/1952 1936/3252/1953 1933/3249/1950 1932/3248/1949 
f 1936/3252/1953 1937/3253/1954 1934/3250/1951 1933/3249/1950 
f 1937/3253/1955 1867/3254/1955 1872/3255/1956 1934/3250/1956 
f 1934/3250/1956 1872/3255/1956 1874/3163/1872 1877/3162/1872 
f 1937/3256/1957 1936/3257/1958 1938/3258/1959 1939/3259/1957 
f 1867/3260/1960 1937/3256/1960 1939/3259/1960 1868/3261/1960 
f 1938/3262/1961 1940/3263/1962 1941/3264/1963 1939/3265/1964 
f 1939/3265/1965 1941/3264/1966 1942/3266/1966 1868/3267/1965 
f 1942/3268/82 1566/3150/82 1868/3149/82 
f 1941/3264/1966 1943/3269/1967 1944/3270/1967 1942/3266/1966 
f 1944/3271/82 1566/3150/82 1942/3268/82 
f 1943/3269/1967 1945/3272/1968 1946/3273/1968 1944/3270/1967 
f 1946/3274/82 1566/3150/82 1944/3271/82 
f 1945/3272/1968 1947/3275/1969 1897/3276/1969 1946/3273/1968 
f 1897/3200/82 1566/3150/82 1946/3274/82 
f 1947/3277/1970 1905/3278/1970 1898/3279/1970 1897/3280/1970 
f 1948/3281/1971 1908/3282/1972 1905/3278/1973 1947/3277/1973 
f 1949/3283/1974 1948/3284/1975 1947/3275/1976 1945/3272/1977 
f 1950/3285/1978 1951/3286/1978 1908/3282/1972 1948/3281/1971 
f 1952/3287/1979 1950/3288/1980 1948/3284/1975 1949/3283/1974 
f 1951/3289/1981 1953/3290/1982 1906/3214/1899 1908/3216/1903 
f 1954/3291/1983 1955/3292/1983 1951/3286/1984 1950/3285/1984 
f 1955/3293/1985 1956/3294/1986 1953/3290/1987 1951/3289/1988 
f 1956/3294/1986 1957/3295/1989 1913/3221/1990 1953/3290/1987 
f 1953/3290/1982 1913/3221/1911 1907/3215/1900 1906/3214/1899 
f 1957/3295/1989 1958/3296/1991 1911/3219/1992 1913/3221/1990 
f 1959/3297/1993 1957/3295/1989 1956/3294/1986 1960/3298/1994 
f 1961/3299/1824 1958/3296/1991 1957/3295/1989 1959/3297/1993 
f 1962/3300/82 1961/3301/82 1959/3302/82 1963/3303/82 
f 1963/3303/82 1959/3302/82 1960/3304/82 1964/3305/82 
f 1965/3306/1995 1962/3307/1828 1963/3308/1996 1966/3309/1997 
f 1966/3309/1997 1963/3308/1996 1964/3310/1998 1967/3311/1999 
f 1965/3306/1995 1966/3309/1997 1968/3312/2000 1969/3313/2001 
f 1966/3309/1997 1967/3311/1999 1952/3287/2002 1968/3312/2000 
f 1967/3311/1999 1954/3314/2003 1950/3288/2004 1952/3287/2002 
f 1967/3311/1999 1964/3310/1998 1970/3315/1836 1954/3314/2003 
f 1955/3292/1983 1954/3291/1983 1970/3316/72 1971/3317/72 
f 1964/3305/82 1960/3304/82 1971/3318/82 1970/3319/82 
f 1960/3298/1994 1956/3294/1986 1955/3293/1985 1971/3320/1837 
f 1968/3312/2005 1952/3287/1979 1949/3283/1974 1972/3321/2006 
f 1969/3313/2007 1968/3312/2005 1972/3321/2006 1940/3263/1962 
f 1940/3263/1962 1972/3321/2006 1943/3269/2008 1941/3264/1963 
f 1972/3321/2006 1949/3283/1974 1945/3272/1977 1943/3269/2008 
f 1973/3322/2009 1969/3313/2007 1940/3263/1962 1938/3262/1961 
f 1974/3323/2010 1965/3306/1995 1969/3313/2001 1973/3322/2011 
f 1935/3324/2012 1975/3325/2013 1974/3326/2013 1973/3327/2012 
f 1936/3257/1958 1935/3324/2014 1973/3327/2014 1938/3258/1959 
f 1975/3328/2015 1935/3251/2016 1932/3248/1948 1931/3247/1947 
f 1975/3328/2015 1931/3247/1947 1976/3329/2017 1977/3330/1850 
f 1974/3326/2013 1975/3325/2013 1977/3331/14 1978/3332/14 
f 1976/3333/82 1962/3300/82 1978/3334/82 1977/3335/82 
f 1974/3323/2010 1978/3336/1852 1962/3307/1828 1965/3306/1995 
f 1976/3333/82 1979/3337/82 1980/3338/82 1981/3339/82 
f 1931/3247/1947 1929/3245/1944 1979/3340/1853 1976/3329/2017 
f 1981/3339/82 1961/3301/82 1962/3300/82 1976/3333/82 
f 1982/3341/1854 1981/3342/2018 1983/3343/2019 1984/3344/2020 
f 1982/3345/82 1985/3346/82 1961/3301/82 1981/3339/82 
f 1981/3342/2018 1980/3347/1858 1923/3235/1930 1983/3343/2019 
f 1923/3235/1930 1918/3230/1929 1916/3226/2021 1983/3343/2019 
f 1983/3343/2019 1916/3226/2021 1914/3229/2022 1984/3344/2020 
f 1984/3348/2023 1914/3222/2024 1912/3225/2024 1986/3349/2023 
f 1985/3350/1 1982/3351/1 1984/3348/2023 1986/3349/2023 
f 1958/3296/1991 1986/3352/2025 1912/3220/2026 1911/3219/1992 
f 1985/3353/1865 1986/3352/2025 1958/3296/1991 1961/3299/1824 
f 1980/3347/1858 1987/3354/1866 1922/3234/1927 1923/3235/1930 
f 1979/3337/82 1988/3355/82 1987/3356/82 1980/3338/82 
f 1988/3355/82 1989/3357/82 1990/3358/82 1987/3356/82 
f 1987/3354/1866 1990/3359/1867 1924/3236/1931 1922/3234/1927 
f 1929/3245/1944 1927/3241/1938 1988/3360/2027 1979/3340/1853 
f 1927/3241/1938 1925/3244/1941 1989/3361/1869 1988/3360/2027 
f 1924/3240/1936 1990/3362/114 1989/3363/114 1925/3237/1933 
f 1899/3364/115 1991/3365/115 1992/3366/115 1900/3367/115 
f 1993/3368/114 1994/3369/114 1995/3370/114 1996/3371/114 
f 1996/3372/14 1997/3373/14 1998/3374/14 1993/3375/14 
f 1995/3376/82 1999/3377/82 1997/3378/82 1996/3379/82 
f 2000/3380/72 1998/3381/72 1997/3382/72 1999/3383/72 
f 1993/3384/115 1998/3385/115 2000/3386/115 1994/3387/115 
f 2001/3388/14 2002/3389/14 2003/3390/14 2004/3391/14 
f 2005/3392/82 2006/3393/82 2003/3394/82 2002/3395/82 
f 2002/3396/114 2001/3397/114 2007/3398/114 2005/3399/114 
f 2007/3400/115 2001/3401/115 2004/3402/115 2008/3403/115 
f 2006/3404/72 2008/3405/72 2004/3406/72 2003/3407/72 
f 2009/3408/2028 2010/3409/2029 2011/3410/2029 2012/3411/2028 
f 2009/3412/2030 2013/3413/14 2010/3414/2031 
f 2010/3409/2032 2014/3415/2032 2015/3416/2032 2011/3410/2032 
f 2010/3414/2031 2016/3417/2033 2014/3418/14 
f 2016/3417/2033 2010/3414/2031 2013/3413/14 
f 2014/3419/2034 2017/3420/2034 2018/3421/2034 2015/3422/2034 
f 2017/3423/2035 2016/3424/2036 2019/3425/2036 2018/3426/2035 
f 2014/3418/14 2016/3417/2033 2017/3427/14 
f 2020/3428/2036 2021/3429/2036 2019/3425/2036 2016/3424/2036 
f 2022/3430/2037 2023/3431/2037 2021/3432/2037 2020/3433/2037 
f 2022/3434/14 2020/3435/14 2016/3417/2033 
f 2024/3436/2038 2025/3437/2038 2023/3438/2038 2022/3439/2038 
f 2024/3440/2039 2022/3434/14 2016/3417/2033 
f 2026/3441/2040 2027/3442/2040 2025/3437/2041 2024/3436/2041 
f 2026/3443/2042 2024/3440/2039 2013/3413/14 
f 2016/3417/2033 2013/3413/14 2024/3440/2039 
f 2028/3444/2043 2029/3445/2043 2027/3442/2040 2026/3441/2040 
f 2030/3446/2044 2031/3447/2045 2029/3445/2043 2028/3444/2043 
f 2030/3448/2046 2028/3449/2047 2013/3413/14 
f 2028/3449/2047 2026/3443/2042 2013/3413/14 
f 2032/3450/2048 2033/3451/2048 2031/3447/2045 2030/3446/2044 
f 2032/3452/2049 2030/3448/2046 2013/3413/14 
f 2034/3453/2050 2035/3454/2051 2033/3451/2048 2032/3450/2048 
f 2034/3455/2052 2032/3452/2049 2013/3413/14 
f 2036/3456/2053 2037/3457/2054 2035/3454/2051 2034/3453/2050 
f 2038/3458/2055 2039/3459/2055 2037/3457/2054 2036/3456/2053 
f 2036/3460/2056 2034/3455/2052 2013/3413/14 
f 2038/3461/2057 2036/3460/2056 2013/3413/14 
f 2038/3458/2055 2040/3462/2058 2041/3463/2059 2039/3459/2055 
f 2038/3461/2057 2013/3413/14 2040/3464/2060 
f 2040/3462/2058 2042/3465/2061 2043/3466/2062 2041/3463/2059 
f 2040/3464/2060 2013/3413/14 2042/3467/2063 
f 2042/3465/2061 2044/3468/2064 2045/3469/2064 2043/3466/2062 
f 2044/3468/2064 2046/3470/2065 2047/3471/2066 2045/3469/2064 
f 2044/3472/2067 2013/3413/14 2046/3473/2068 
f 2042/3467/2063 2013/3413/14 2044/3472/2067 
f 2046/3470/2065 2048/3474/2069 2049/3475/2069 2047/3471/2066 
f 2046/3473/2068 2013/3413/14 2048/3476/2070 
f 2048/3474/2069 2009/3408/2028 2012/3411/2028 2049/3475/2069 
f 2048/3476/2070 2013/3413/14 2009/3412/2030 
f 2050/3477/2071 2051/3478/2072 2052/3479/2073 2053/3480/2074 
f 2051/3478/2072 2054/3481/2075 2055/3482/2076 2052/3479/2073 
f 2052/3479/2073 2055/3482/2076 2056/3483/114 
f 2053/3480/2074 2052/3479/2073 2056/3483/114 
f 2057/3484/2077 2053/3480/2074 2056/3483/114 
f 2055/3482/2076 2058/3485/2078 2056/3483/114 
f 2058/3485/2078 2059/3486/2079 2056/3483/114 
f 2060/3487/2080 2061/3488/2081 2056/3483/114 
f 2061/3488/2081 2057/3484/2077 2056/3483/114 
f 2059/3486/2079 2060/3487/2080 2056/3483/114 
f 2062/3489/2082 2063/3490/2083 2060/3487/2080 2059/3486/2079 
f 2064/3491/2084 2062/3489/2082 2059/3486/2079 2058/3485/2078 
f 2065/3492/2085 2062/3493/2082 2064/3494/2084 2066/3495/2086 
f 2067/3496/2087 2063/3497/2083 2062/3493/2082 2065/3492/2085 
f 2067/3498/2087 2065/3499/2085 2068/3500/2088 2069/3501/2089 
f 2065/3499/2085 2066/3502/2086 2070/3503/2090 2068/3500/2088 
f 2069/3501/2089 2071/3504/2091 2072/3505/2092 2067/3498/2087 
f 2073/3506/2093 2063/3497/2083 2067/3496/2087 2072/3507/2092 
f 2074/3508/2094 2072/3505/2092 2071/3504/2091 2075/3509/2095 
f 2076/3510/2096 2073/3511/2093 2072/3512/2092 2074/3513/2094 
f 2063/3490/2083 2073/3514/2093 2061/3488/2081 2060/3487/2080 
f 2057/3484/2077 2061/3488/2081 2073/3514/2093 2076/3515/2096 
f 2076/3515/2096 2050/3477/2071 2053/3480/2074 2057/3484/2077 
f 2077/3516/2097 2050/3517/2071 2076/3510/2096 2074/3513/2094 
f 2050/3517/2071 2077/3516/2097 2078/3518/2098 2051/3519/2072 
f 2078/3520/2098 2077/3521/2097 2079/3522/2099 2080/3523/2100 
f 2077/3521/2097 2074/3508/2094 2075/3509/2095 2079/3522/2099 
f 2081/3524/2101 2078/3520/2098 2080/3523/2100 2082/3525/2102 
f 2081/3526/2101 2054/3527/2075 2051/3519/2072 2078/3518/2098 
f 2082/3525/2102 2080/3523/2100 2083/3528/73 
f 2080/3523/2100 2079/3522/2099 2083/3528/73 
f 2079/3522/2099 2075/3509/2095 2083/3528/73 
f 2075/3509/2095 2071/3504/2091 2083/3528/73 
f 2071/3504/2091 2069/3501/2089 2083/3528/73 
f 2069/3501/2089 2068/3500/2088 2083/3528/73 
f 2068/3500/2088 2070/3503/2090 2083/3528/73 
f 2070/3503/2090 2082/3525/2102 2083/3528/73 
f 2066/3502/2086 2081/3524/2101 2082/3525/2102 2070/3503/2090 
f 2066/3495/2086 2064/3494/2084 2054/3527/2075 2081/3526/2101 
f 2054/3481/2075 2064/3491/2084 2058/3485/2078 2055/3482/2076 
f 2084/3529/2103 2085/3530/2104 2086/3531/2105 2087/3532/2103 
f 2084/3529/2106 2087/3532/2106 2088/3533/2106 2089/3534/2106 
f 2090/3535/2107 2084/3529/2106 2089/3534/2106 2091/3536/2107 
f 2090/3535/2108 2092/3537/2109 2085/3530/2104 2084/3529/2103 
f 2093/3538/2110 2094/3539/2111 2086/3540/2105 2085/3541/2104 
f 2093/3538/2110 2085/3541/2104 2092/3542/2109 2095/3543/2112 
f 2095/3543/2112 2092/3542/2109 2096/3544/2113 2097/3545/2114 
f 2098/3546/2115 2096/3547/2113 2092/3537/2109 2090/3535/2108 
f 2099/3548/2116 2100/3549/2117 2096/3550/2113 2098/3551/2118 
f 2097/3545/2114 2096/3544/2113 2100/3552/2117 2101/3553/2119 
f 2102/3554/2120 2097/3555/2114 2101/3556/2119 2103/3557/2121 
f 2104/3558/2122 2095/3559/2112 2097/3560/2114 2102/3561/2123 
f 2104/3558/2124 2102/3561/2125 2105/3562/2125 2106/3563/2124 
f 2102/3554/2126 2103/3557/2127 2107/3564/2127 2105/3565/2126 
f 2103/3557/2127 2108/3566/2128 2109/3567/2129 2107/3564/2127 
f 2108/3566/2128 2110/3568/2130 2111/3569/2130 2109/3567/2129 
f 2103/3557/2121 2101/3556/2119 2112/3570/2131 2108/3566/2132 
f 2108/3566/2132 2112/3570/2131 2113/3571/2133 2110/3568/2134 
f 2112/3572/2131 2114/3573/2135 2115/3574/2136 2113/3575/2133 
f 2101/3553/2119 2100/3552/2117 2114/3573/2135 2112/3572/2131 
f 2113/3575/2133 2115/3574/2136 2116/3576/2137 2117/3577/2138 
f 2110/3578/2139 2113/3579/2133 2117/3580/2138 2118/3581/2139 
f 2118/3581/2140 2117/3580/2138 2116/3582/2137 2119/3583/2140 
f 2119/3583/2141 2116/3582/2137 2115/3584/2136 2120/3585/2141 
f 2118/3581/72 2119/3583/72 2121/3586/72 2122/3587/72 
f 2119/3583/2142 2120/3585/2142 2123/3588/2142 2121/3586/2142 
f 2120/3589/2143 2124/3590/2144 2125/3591/2145 2123/3592/2143 
f 2124/3590/2144 2099/3548/2146 2126/3593/2146 2125/3591/2145 
f 2124/3590/2147 2114/3594/2135 2100/3549/2117 2099/3548/2116 
f 2120/3589/2148 2115/3595/2136 2114/3594/2135 2124/3590/2147 
f 2099/3548/2146 2098/3551/2149 2127/3596/2149 2126/3593/2146 
f 2098/3546/2150 2090/3535/2107 2091/3536/2107 2127/3597/2150 
f 2110/3578/2151 2118/3581/2151 2122/3587/2151 2111/3598/2151 
f 2128/3599/2152 2104/3558/2124 2106/3563/2124 2129/3600/2153 
f 2130/3601/2154 2128/3599/2152 2129/3600/2153 2131/3602/2153 
f 2132/3603/2155 2133/3604/2156 2128/3605/2152 2130/3606/2154 
f 2133/3607/2157 2134/3608/2158 2093/3609/2110 2128/3610/2159 
f 2128/3599/2159 2093/3611/2110 2095/3559/2112 2104/3558/2122 
f 2135/3612/2160 2136/3613/2161 2133/3604/2156 2132/3603/2155 
f 2136/3614/2162 2137/3615/2163 2134/3608/2158 2133/3607/2157 
f 2137/3616/2164 2138/3617/2165 2139/3618/2166 2134/3619/2167 
f 2134/3619/2167 2139/3618/2166 2094/3620/2111 2093/3621/2110 
f 2140/3622/2168 2141/3623/2168 2138/3617/2165 2137/3616/2164 
f 2142/3624/73 2140/3625/73 2137/3615/2163 2136/3614/2162 
f 2143/3626/2169 2141/3623/2168 2140/3622/2168 2144/3627/2169 
f 2145/3628/73 2144/3629/73 2140/3625/73 2142/3624/73 
f 2146/3630/2170 2142/3631/2170 2136/3613/2161 2135/3612/2160 
f 2145/3632/2171 2142/3631/2170 2146/3630/2170 2147/3633/2171 
f 2135/3634/2172 2138/3635/2173 2141/3636/229 2146/3637/229 
f 2146/3637/229 2141/3636/229 2143/3638/114 2147/3639/114 
f 2147/3639/114 2143/3638/114 2148/3640/229 2149/3641/229 
f 2150/3642/2174 2145/3632/2171 2147/3633/2171 2149/3643/2174 
f 2149/3641/229 2148/3640/229 2151/3644/229 2152/3645/229 
f 2149/3643/2174 2152/3646/2175 2153/3647/2175 2150/3642/2174 
f 2153/3648/73 2154/3649/73 2155/3650/73 2150/3651/73 
f 2150/3651/73 2155/3650/73 2144/3629/73 2145/3628/73 
f 2155/3652/2176 2154/3653/2177 2151/3654/2177 2148/3655/2178 
f 2148/3655/2178 2143/3626/2169 2144/3627/2169 2155/3652/2176 
f 2156/3656/73 2157/3657/73 2154/3649/73 2153/3648/73 
f 2154/3653/2177 2157/3658/2179 2158/3659/2179 2151/3654/2177 
f 2152/3645/229 2151/3644/229 2158/3660/114 2159/3661/114 
f 2157/3658/2179 2160/3662/2180 2161/3663/2181 2158/3659/2179 
f 2159/3661/114 2158/3660/114 2161/3664/114 2162/3665/114 
f 2159/3666/2182 2162/3667/2183 2163/3668/2183 2156/3669/2182 
f 2152/3646/2175 2159/3666/2182 2156/3669/2182 2153/3647/2175 
f 2163/3670/73 2160/3671/73 2157/3657/73 2156/3656/73 
f 2163/3668/2183 2162/3667/2183 2164/3672/2184 2165/3673/2184 
f 2160/3671/73 2163/3670/73 2165/3674/73 2166/3675/73 
f 2165/3673/2184 2164/3672/2184 2167/3676/2185 2168/3677/2185 
f 2166/3675/73 2165/3674/73 2168/3678/72 2169/3679/72 
f 2167/3680/2186 2170/3681/2186 2169/3682/2186 2168/3683/2186 
f 2171/3684/2187 2166/3685/2187 2169/3686/2188 2170/3687/2188 
f 2164/3688/114 2171/3689/114 2170/3690/229 2167/3691/229 
f 2161/3663/2181 2160/3662/2180 2166/3685/2187 2171/3684/2187 
f 2162/3665/114 2161/3664/114 2171/3689/114 2164/3688/114 
f 2132/3692/2189 2139/3693/2189 2138/3635/2173 2135/3634/2172 
f 2130/3694/2190 2094/3695/2111 2139/3693/2189 2132/3692/2189 
f 2086/3540/2105 2094/3539/2111 2172/3696/2191 2173/3697/2192 
f 2174/3698/2193 2172/3699/2191 2094/3700/2111 2130/3601/2190 
f 2173/3697/2192 2172/3696/2191 2175/3701/2194 2176/3702/2195 
f 2177/3703/2196 2175/3704/2194 2172/3699/2191 2174/3698/2193 
f 2174/3698/2197 2130/3601/2154 2131/3602/2153 2178/3705/2198 
f 2177/3703/2199 2174/3698/2197 2178/3705/2198 2179/3706/2199 
f 2180/3707/2200 2177/3708/2201 2179/3709/2201 2181/3710/2200 
f 2182/3711/2202 2180/3707/2200 2181/3710/2200 2183/3712/2202 
f 2182/3711/2203 2184/3713/2204 2185/3714/2205 2180/3707/2206 
f 2180/3707/2206 2185/3714/2205 2175/3715/2194 2177/3708/2207 
f 2186/3716/2208 2187/3717/2209 2184/3713/2204 2182/3711/2203 
f 2186/3716/2210 2182/3711/2202 2183/3712/2202 2188/3718/2210 
f 2189/3719/2211 2190/3720/2212 2187/3721/2209 2186/3722/2211 
f 2189/3719/2213 2186/3722/2213 2188/3723/2213 2191/3724/2213 
f 2192/3725/2036 2189/3719/2036 2191/3724/2036 2193/3726/2036 
f 2194/3727/2214 2192/3725/2214 2193/3726/2214 2195/3728/2214 
f 2194/3727/2215 2196/3729/2216 2197/3730/2217 2192/3725/2215 
f 2192/3725/2218 2197/3730/2217 2190/3720/2212 2189/3719/2218 
f 2198/3731/2219 2199/3732/2220 2196/3733/2216 2194/3734/2221 
f 2198/3731/2222 2194/3734/2223 2195/3735/2223 2200/3736/2224 
f 2201/3737/2225 2202/3738/2226 2199/3732/2220 2198/3731/2219 
f 2201/3737/2227 2198/3731/2222 2200/3736/2224 2203/3739/2227 
f 2204/3740/2228 2201/3737/2227 2203/3739/2227 2205/3741/2228 
f 2206/3742/2229 2204/3743/2230 2205/3744/2230 2207/3745/2229 
f 2204/3740/2231 2176/3746/2195 2202/3738/2226 2201/3737/2225 
f 2206/3742/2232 2173/3747/2192 2176/3748/2195 2204/3743/2233 
f 2176/3702/2195 2175/3701/2194 2185/3749/2205 2202/3750/2226 
f 2202/3750/2226 2185/3749/2205 2184/3751/2204 2199/3752/2220 
f 2087/3532/2106 2206/3742/2229 2207/3745/2229 2088/3533/2106 
f 2087/3532/2103 2086/3531/2105 2173/3747/2192 2206/3742/2232 
f 2199/3752/2220 2184/3751/2204 2187/3753/2209 2196/3754/2216 
f 2196/3754/2216 2187/3753/2209 2190/3755/2212 2197/3756/2217 
f 2208/3757/2234 2209/3758/2235 2210/3759/114 2211/3760/114 
f 2211/3761/82 2210/3762/82 2212/3763/82 2213/3764/82 
f 2209/3765/2236 2214/3766/2237 2212/3767/2238 2210/3768/2238 
f 2213/3764/82 2212/3763/82 2215/3769/82 2216/3770/82 
f 2214/3766/2237 2217/3771/2237 2215/3772/2238 2212/3767/2238 
f 2218/3773/2239 2219/3774/2240 2214/3766/2237 2209/3765/2236 
f 2219/3774/2240 2220/3775/2241 2217/3771/2237 2214/3766/2237 
f 2221/3776/2242 2222/3777/2243 2219/3774/2240 2218/3773/2239 
f 2222/3777/2243 2223/3778/2244 2220/3775/2241 2219/3774/2240 
f 2224/3779/2245 2222/3780/2246 2225/3781/2247 2226/3782/2248 
f 2227/3783/2249 2223/3784/2249 2222/3780/2246 2224/3779/2245 
f 2222/3777/2243 2221/3776/2242 2228/3785/2250 2225/3786/2251 
f 2226/3782/2248 2225/3781/2247 2229/3787/2252 2230/3788/2253 
f 2229/3789/2254 2225/3786/2251 2228/3785/2250 2231/3790/2254 
f 2230/3788/2253 2229/3787/2252 2232/3791/72 2233/3792/72 
f 2234/3793/2255 2232/3794/2255 2229/3789/2254 2231/3790/2254 
f 2233/3792/72 2232/3791/72 2235/3795/73 2236/3796/73 
f 2237/3797/2256 2235/3798/2256 2232/3794/2255 2234/3793/2255 
f 2236/3796/73 2235/3795/73 2238/3799/73 2239/3800/73 
f 2240/3801/2257 2238/3802/2257 2235/3798/2256 2237/3797/2256 
f 2241/3803/2258 2242/3804/2258 2238/3802/2257 2240/3801/2257 
f 2239/3800/73 2238/3799/73 2242/3805/73 2243/3806/73 
f 2236/3807/2259 2239/3808/2260 2244/3809/2260 2245/3810/2259 
f 2239/3808/2260 2243/3811/2261 2246/3812/2261 2244/3809/2260 
f 2243/3811/2261 2247/3813/2262 2248/3814/2262 2246/3812/2261 
f 2243/3806/73 2242/3805/73 2249/3815/72 2247/3816/72 
f 2247/3813/2262 2250/3817/2263 2251/3818/2263 2248/3814/2262 
f 2247/3816/72 2249/3815/72 2252/3819/72 2250/3820/72 
f 2253/3821/2264 2252/3822/2264 2249/3823/2265 2254/3824/2266 
f 2254/3824/2266 2249/3823/2265 2242/3804/2258 2241/3803/2258 
f 2250/3825/2267 2252/3826/2267 2253/3827/2267 2251/3828/2267 
f 2251/3829/114 2253/3830/114 2254/3831/114 2248/3832/114 
f 2248/3832/114 2254/3831/114 2241/3833/229 2246/3834/229 
f 2246/3834/229 2241/3833/229 2240/3835/114 2244/3836/114 
f 2244/3836/114 2240/3835/114 2237/3837/114 2245/3838/114 
f 2233/3839/2268 2236/3807/2259 2245/3810/2259 2255/3840/2268 
f 2245/3838/114 2237/3837/114 2234/3841/229 2255/3842/229 
f 2255/3842/229 2234/3841/229 2231/3843/2269 2256/3844/2270 
f 2230/3845/2271 2233/3839/2268 2255/3840/2268 2256/3846/2272 
f 2256/3846/2272 2257/3847/2273 2226/3848/2273 2230/3845/2271 
f 2256/3844/2270 2231/3843/2269 2228/3849/2274 2257/3850/2275 
f 2257/3847/2273 2258/3851/2276 2224/3852/2277 2226/3848/2273 
f 2257/3850/2275 2228/3849/2274 2221/3853/2278 2258/3854/2278 
f 2258/3854/2278 2221/3853/2278 2218/3855/2279 2259/3856/2280 
f 2224/3852/2277 2258/3851/2276 2259/3857/2281 2260/3858/2281 
f 2259/3856/2282 2218/3855/2282 2209/3758/2235 2208/3757/2234 
f 2227/3859/2277 2224/3852/2277 2260/3858/2281 2261/3860/2281 
f 2262/3861/2283 2227/3859/2277 2261/3860/2281 2263/3862/2281 
f 2264/3863/2284 2227/3859/2277 2262/3861/2283 2265/3864/2285 
f 2264/3865/2286 2266/3866/2286 2223/3867/2287 2227/3868/2287 
f 2267/3869/2271 2264/3863/2284 2265/3864/2285 2268/3870/2271 
f 2267/3871/2288 2269/3872/2289 2266/3866/2286 2264/3865/2286 
f 2270/3873/2254 2271/3874/2290 2266/3875/2290 2269/3876/2254 
f 2272/3877/2291 2223/3778/2244 2266/3875/2290 2271/3874/2290 
f 2273/3878/229 2274/3879/229 2269/3872/2289 2267/3871/2288 
f 2274/3880/2255 2275/3881/2255 2270/3873/2254 2269/3876/2254 
f 2276/3882/114 2277/3883/114 2274/3879/229 2273/3878/229 
f 2277/3884/2256 2278/3885/2256 2275/3881/2255 2274/3880/2255 
f 2279/3886/2292 2280/3887/2292 2278/3885/2256 2277/3884/2256 
f 2281/3888/114 2279/3889/114 2277/3883/114 2276/3882/114 
f 2282/3890/2268 2283/3891/2259 2276/3892/2259 2273/3893/2268 
f 2283/3891/2259 2284/3894/2260 2281/3895/2260 2276/3892/2259 
f 2284/3894/2260 2285/3896/2261 2286/3897/2261 2281/3895/2260 
f 2286/3898/114 2287/3899/114 2279/3889/114 2281/3888/114 
f 2285/3896/2261 2288/3900/2262 2289/3901/2262 2286/3897/2261 
f 2290/3902/114 2287/3899/114 2286/3898/114 2289/3903/114 
f 2290/3904/2293 2291/3905/2293 2292/3906/2294 2287/3907/2294 
f 2287/3907/2294 2292/3906/2294 2280/3887/2292 2279/3886/2292 
f 2293/3908/2295 2294/3909/2295 2291/3905/2293 2290/3904/2293 
f 2293/3910/114 2290/3902/114 2289/3903/114 2295/3911/114 
f 2296/3912/2296 2294/3913/2296 2293/3914/2296 2295/3915/2296 
f 2288/3916/72 2291/3917/72 2294/3918/72 2296/3919/72 
f 2288/3900/2262 2296/3920/2263 2295/3921/2263 2289/3901/2262 
f 2285/3922/72 2292/3923/72 2291/3917/72 2288/3916/72 
f 2284/3924/72 2280/3925/72 2292/3923/72 2285/3922/72 
f 2283/3926/72 2278/3927/72 2280/3925/72 2284/3924/72 
f 2282/3928/73 2275/3929/73 2278/3927/72 2283/3926/72 
f 2268/3870/2271 2282/3890/2268 2273/3893/2268 2267/3869/2271 
f 2268/3930/2297 2270/3931/2298 2275/3929/73 2282/3928/73 
f 2265/3932/2299 2271/3933/2300 2270/3931/2298 2268/3930/2297 
f 2262/3934/2301 2272/3935/2301 2271/3933/2300 2265/3932/2299 
f 2223/3778/2244 2272/3877/2291 2297/3936/2302 2220/3775/2241 
f 2263/3937/2303 2297/3938/2304 2272/3935/2301 2262/3934/2301 
f 2220/3775/2241 2297/3936/2302 2298/3939/2237 2217/3771/2237 
f 2299/3940/2305 2298/3941/2306 2297/3938/2304 2263/3937/2303 
f 2217/3771/2237 2298/3939/2237 2300/3942/2238 2215/3772/2238 
f 2301/3943/72 2300/3944/72 2298/3941/2306 2299/3940/2305 
f 2216/3770/82 2215/3769/82 2300/3945/82 2301/3946/82 
f 2302/3947/82 2303/3948/82 2304/3949/82 2305/3950/82 
f 2303/3948/82 2302/3947/82 2306/3951/82 2307/3952/82 
f 2308/3953/2307 2309/3954/72 2307/3955/72 2306/3956/72 
f 2310/3957/2308 2303/3958/2309 2307/3959/2309 2309/3960/2310 
f 2311/3961/2311 2310/3957/2308 2309/3960/2310 2312/3962/2312 
f 2313/3963/2313 2312/3964/2314 2309/3954/2315 2308/3953/2307 
f 2314/3965/2316 2311/3961/2311 2312/3962/2312 2315/3966/2317 
f 2316/3967/2318 2315/3968/2318 2312/3964/2314 2313/3963/2313 
f 2317/3969/2319 2314/3970/2319 2315/3971/2319 2316/3972/2319 
f 2318/3973/2320 2319/3974/2321 2314/3975/2322 2317/3976/2322 
f 2314/3965/2316 2320/3977/2323 2321/3978/2324 2311/3961/2311 
f 2320/3977/2323 2314/3965/2316 2319/3979/2325 2322/3980/2326 
f 2320/3981/2327 2323/3982/2327 2324/3983/2327 2325/3984/2327 
f 2323/3985/2328 2320/3986/2328 2322/3987/2329 2326/3988/2330 
f 2321/3978/2324 2320/3977/2323 2325/3989/2331 2327/3990/2332 
f 2325/3991/2333 2324/3992/2333 2328/3993/2334 2327/3994/2335 
f 2329/3995/2336 2321/3978/2324 2327/3990/2332 2330/3996/2308 
f 2330/3997/2337 2327/3994/2335 2328/3993/2334 2331/3998/2338 
f 2323/3999/2339 2332/4000/2340 2328/4001/2341 2324/4002/2342 
f 2332/4000/2340 2333/4003/2343 2331/4004/2343 2328/4001/2341 
f 2323/3999/2339 2317/4005/2344 2334/4006/2345 2332/4000/2340 
f 2335/4007/2346 2334/4006/2345 2313/4008/2347 2308/4009/2346 
f 2334/4006/2345 2317/4005/2344 2316/4010/2342 2313/4008/2347 
f 2336/4011/114 2330/3997/2337 2331/3998/2338 2337/4012/114 
f 2305/3950/82 2304/3949/82 2336/4013/82 2337/4014/82 
f 2304/4015/2309 2329/3995/2336 2330/3996/2308 2336/4016/2309 
f 2310/3957/2308 2329/3995/2336 2304/4015/2309 2303/3958/2309 
f 2311/3961/2311 2321/3978/2324 2329/3995/2336 2310/3957/2308 
f 2326/3988/2330 2322/3987/2329 2338/4017/2348 2339/4018/2348 
f 2338/4019/2349 2322/3980/2326 2319/3979/2325 2340/4020/2349 
f 2339/4018/2348 2338/4017/2348 2341/4021/114 2342/4022/114 
f 2343/4023/2350 2341/4024/2350 2338/4019/2349 2340/4020/2349 
f 2342/4022/114 2341/4021/114 2344/4025/229 2345/4026/229 
f 2346/4027/2351 2344/4028/2351 2341/4024/2350 2343/4023/2350 
f 2345/4026/229 2344/4025/229 2347/4029/2352 2348/4030/2352 
f 2349/4031/2353 2347/4032/2353 2344/4028/2351 2346/4027/2351 
f 2350/4033/2354 2351/4034/2354 2347/4032/2353 2349/4031/2353 
f 2348/4030/2352 2347/4029/2352 2351/4035/2355 2352/4036/2355 
f 2345/4037/2356 2348/4038/2357 2353/4039/2357 2354/4040/2356 
f 2348/4038/2357 2352/4041/2358 2355/4042/2358 2353/4039/2357 
f 2352/4041/2358 2356/4043/2359 2357/4044/2359 2355/4042/2358 
f 2352/4036/2355 2351/4035/2355 2358/4045/2360 2356/4046/2360 
f 2357/4047/2357 2356/4048/2357 2358/4049/2357 2359/4050/2357 
f 2359/4051/2361 2358/4052/2361 2351/4034/2354 2350/4033/2354 
f 2357/4053/2362 2359/4054/2362 2350/4055/72 2355/4056/72 
f 2355/4056/72 2350/4055/72 2349/4057/72 2353/4058/72 
f 2353/4058/72 2349/4057/72 2346/4059/72 2354/4060/72 
f 2342/4061/2363 2345/4037/2356 2354/4040/2356 2360/4062/2363 
f 2354/4060/72 2346/4059/72 2343/4063/73 2360/4064/73 
f 2360/4064/73 2343/4063/73 2340/4065/2364 2361/4066/2364 
f 2339/4067/2365 2342/4061/2363 2360/4062/2363 2361/4068/2366 
f 2361/4068/2366 2318/4069/2367 2326/4070/2368 2339/4067/2365 
f 2361/4066/2364 2340/4065/2364 2319/3974/2321 2318/3973/2320 
f 2318/4069/2367 2317/4005/2344 2323/3999/2339 2326/4070/2368 
f 2362/4071/2369 2363/4072/2370 2364/4073/114 2365/4074/114 
f 2365/4075/115 2364/4076/115 2366/4077/115 2367/4078/115 
f 2363/4079/2371 2368/4080/2372 2366/4081/2373 2364/4082/2373 
f 2367/4078/115 2366/4077/115 2369/4083/115 2370/4084/115 
f 2368/4080/2372 2371/4085/2372 2369/4086/2373 2366/4081/2373 
f 2372/4087/2374 2373/4088/2375 2368/4080/2372 2363/4079/2371 
f 2373/4088/2375 2374/4089/2376 2371/4085/2372 2368/4080/2372 
f 2375/4090/2377 2376/4091/2378 2373/4088/2375 2372/4087/2374 
f 2376/4091/2378 2377/4092/2379 2374/4089/2376 2373/4088/2375 
f 2378/4093/2380 2376/4094/2380 2379/4095/2381 2380/4096/2382 
f 2381/4097/2383 2377/4098/2383 2376/4099/2383 2378/4100/2383 
f 2376/4091/2378 2375/4090/2377 2382/4101/2384 2379/4102/2385 
f 2380/4096/2382 2379/4095/2381 2383/4103/2386 2384/4104/2386 
f 2383/4105/2387 2379/4102/2385 2382/4101/2384 2385/4106/2387 
f 2384/4104/2386 2383/4103/2386 2386/4107/72 2387/4108/72 
f 2388/4109/2388 2386/4110/2388 2383/4105/2387 2385/4106/2387 
f 2387/4108/72 2386/4107/72 2389/4111/72 2390/4112/72 
f 2391/4113/2259 2389/4114/2259 2386/4110/2388 2388/4109/2388 
f 2390/4112/72 2389/4111/72 2392/4115/72 2393/4116/72 
f 2394/4117/2260 2392/4118/2260 2389/4114/2259 2391/4113/2259 
f 2395/4119/2261 2396/4120/2261 2392/4118/2260 2394/4117/2260 
f 2393/4116/72 2392/4115/72 2396/4121/72 2397/4122/72 
f 2390/4123/2256 2393/4124/2257 2398/4125/2257 2399/4126/2256 
f 2393/4124/2257 2397/4127/2258 2400/4128/2258 2398/4125/2257 
f 2397/4127/2258 2401/4129/2389 2402/4130/2389 2400/4128/2258 
f 2397/4122/72 2396/4121/72 2403/4131/2390 2401/4132/2390 
f 2402/4133/2257 2401/4134/2257 2403/4135/2257 2404/4136/2257 
f 2404/4137/2391 2403/4138/2391 2396/4120/2261 2395/4119/2261 
f 2402/4139/229 2404/4140/229 2395/4141/229 2400/4142/229 
f 2400/4142/229 2395/4141/229 2394/4143/114 2398/4144/114 
f 2398/4144/114 2394/4143/114 2391/4145/114 2399/4146/114 
f 2387/4147/2262 2390/4123/2256 2399/4126/2256 2405/4148/2262 
f 2399/4146/114 2391/4145/114 2388/4149/2370 2405/4150/2370 
f 2405/4150/2370 2388/4149/2370 2385/4151/2392 2406/4152/2392 
f 2384/4153/2393 2387/4147/2262 2405/4148/2262 2406/4154/2393 
f 2406/4154/2393 2407/4155/2394 2380/4156/2395 2384/4153/2393 
f 2406/4152/2392 2385/4151/2392 2382/4157/2396 2407/4158/2396 
f 2407/4155/2394 2408/4159/2397 2378/4160/2398 2380/4156/2395 
f 2407/4158/2396 2382/4157/2396 2375/4161/2399 2408/4162/2400 
f 2408/4162/2400 2375/4161/2399 2372/4163/2401 2409/4164/2402 
f 2378/4160/2398 2408/4159/2397 2409/4165/2403 2410/4166/2403 
f 2409/4164/2402 2372/4163/2404 2363/4072/2370 2362/4071/2369 
f 2381/4167/2398 2378/4160/2398 2410/4166/2403 2411/4168/2403 
f 2412/4169/2405 2381/4167/2398 2411/4168/2403 2413/4170/2403 
f 2414/4171/2394 2381/4167/2398 2412/4169/2405 2415/4172/2406 
f 2414/4173/2407 2416/4174/2408 2377/4175/2409 2381/4176/2409 
f 2417/4177/2393 2414/4171/2394 2415/4172/2406 2418/4178/2393 
f 2417/4179/2410 2419/4180/2411 2416/4174/2408 2414/4173/2407 
f 2420/4181/2387 2421/4182/2412 2416/4183/2413 2419/4184/2387 
f 2422/4185/2414 2377/4092/2379 2416/4183/2413 2421/4182/2412 
f 2423/4186/114 2424/4187/114 2419/4180/2411 2417/4179/2410 
f 2424/4188/2388 2425/4189/2388 2420/4181/2387 2419/4184/2387 
f 2426/4190/114 2427/4191/114 2424/4187/114 2423/4186/114 
f 2427/4192/2259 2428/4193/2259 2425/4189/2388 2424/4188/2388 
f 2429/4194/2415 2430/4195/2415 2428/4193/2259 2427/4192/2259 
f 2431/4196/229 2429/4197/229 2427/4191/114 2426/4190/114 
f 2432/4198/2262 2433/4199/2256 2426/4200/2256 2423/4201/2262 
f 2433/4199/2256 2434/4202/2257 2431/4203/2257 2426/4200/2256 
f 2434/4202/2257 2435/4204/2258 2436/4205/2258 2431/4203/2257 
f 2436/4206/2370 2437/4207/2370 2429/4197/229 2431/4196/229 
f 2435/4204/2258 2438/4208/2389 2439/4209/2389 2436/4205/2258 
f 2440/4210/2370 2437/4207/2370 2436/4206/2370 2439/4211/2370 
f 2440/4212/2416 2441/4213/2417 2442/4214/2418 2437/4215/2418 
f 2437/4215/2418 2442/4214/2418 2430/4195/2415 2429/4194/2415 
f 2439/4216/2257 2438/4217/2257 2441/4218/2257 2440/4219/2257 
f 2435/4220/2390 2442/4221/2390 2441/4222/72 2438/4223/72 
f 2434/4224/2390 2430/4225/2390 2442/4221/2390 2435/4220/2390 
f 2433/4226/73 2428/4227/73 2430/4225/2390 2434/4224/2390 
f 2432/4228/73 2425/4229/73 2428/4227/73 2433/4226/73 
f 2418/4178/2393 2432/4198/2262 2423/4201/2262 2417/4177/2393 
f 2418/4230/2419 2420/4231/2420 2425/4229/73 2432/4228/73 
f 2415/4232/2421 2421/4233/2421 2420/4231/2420 2418/4230/2419 
f 2412/4234/2422 2422/4235/2423 2421/4233/2421 2415/4232/2421 
f 2377/4092/2379 2422/4185/2414 2443/4236/2424 2374/4089/2376 
f 2413/4237/2425 2443/4238/2426 2422/4235/2423 2412/4234/2422 
f 2374/4089/2376 2443/4236/2424 2444/4239/2372 2371/4085/2372 
f 2445/4240/2427 2444/4241/2428 2443/4238/2426 2413/4237/2425 
f 2371/4085/2372 2444/4239/2372 2446/4242/2373 2369/4086/2373 
f 2447/4243/72 2446/4244/72 2444/4241/2428 2445/4240/2427 
f 2370/4084/115 2369/4083/115 2446/4245/115 2447/4246/115 
f 2448/4247/2429 2449/4248/2430 2450/4249/2431 2451/4250/2432 
f 2449/4248/2430 2452/4251/2433 2453/4252/2434 2450/4249/2431 
f 2450/4249/2431 2453/4252/2434 2454/4253/114 
f 2451/4250/2432 2450/4249/2431 2454/4253/114 
f 2455/4254/2435 2456/4255/2436 2454/4253/114 
f 2456/4255/2436 2457/4256/2437 2454/4253/114 
f 2457/4256/2437 2458/4257/2438 2454/4253/114 
f 2458/4257/2438 2459/4258/2439 2454/4253/114 
f 2459/4258/2439 2451/4250/2432 2454/4253/114 
f 2453/4252/2434 2455/4254/2435 2454/4253/114 
f 2460/4259/2440 2461/4260/2441 2456/4255/2436 2455/4254/2435 
f 2452/4251/2433 2460/4259/2440 2455/4254/2435 2453/4252/2434 
f 2462/4261/2442 2460/4262/2440 2452/4263/2433 2463/4264/2443 
f 2464/4265/2444 2461/4266/2441 2460/4262/2440 2462/4261/2442 
f 2464/4267/2444 2462/4268/2442 2465/4269/2445 2466/4270/2446 
f 2462/4268/2442 2463/4271/2443 2467/4272/2447 2465/4269/2445 
f 2468/4273/2448 2464/4267/2444 2466/4270/2446 2469/4274/2449 
f 2468/4275/2448 2470/4276/2450 2461/4266/2441 2464/4265/2444 
f 2469/4274/2449 2471/4277/2451 2472/4278/2452 2468/4273/2448 
f 2473/4279/2453 2470/4276/2450 2468/4275/2448 2472/4280/2452 
f 2461/4260/2441 2470/4281/2450 2457/4256/2437 2456/4255/2436 
f 2470/4281/2450 2473/4282/2453 2458/4257/2438 2457/4256/2437 
f 2459/4258/2439 2458/4257/2438 2473/4282/2453 2474/4283/2454 
f 2474/4284/2454 2473/4279/2453 2472/4280/2452 2475/4285/2455 
f 2474/4283/2454 2448/4247/2429 2451/4250/2432 2459/4258/2439 
f 2476/4286/2456 2448/4287/2429 2474/4288/2454 2475/4289/2455 
f 2476/4290/2456 2475/4291/2455 2477/4292/2457 2478/4293/2458 
f 2475/4291/2455 2472/4278/2452 2471/4277/2451 2477/4292/2457 
f 2478/4293/2458 2477/4292/2457 2479/4294/73 
f 2477/4292/2457 2471/4277/2451 2479/4294/73 
f 2480/4295/2459 2478/4293/2458 2479/4294/73 
f 2467/4272/2447 2480/4295/2459 2479/4294/73 
f 2465/4269/2445 2467/4272/2447 2479/4294/73 
f 2471/4277/2451 2469/4274/2449 2479/4294/73 
f 2469/4274/2449 2466/4270/2446 2479/4294/73 
f 2466/4270/2446 2465/4269/2445 2479/4294/73 
f 2463/4271/2443 2481/4296/2460 2480/4295/2459 2467/4272/2447 
f 2481/4296/2460 2476/4290/2456 2478/4293/2458 2480/4295/2459 
f 2463/4264/2443 2452/4263/2433 2449/4297/2430 2481/4298/2460 
f 2448/4287/2429 2476/4286/2456 2481/4298/2460 2449/4297/2430 
f 2482/4299/114 2483/4300/114 2484/4301/114 2485/4302/114 
f 2486/4303/82 2487/4304/82 2485/4302/82 2484/4301/82 
f 2483/4300/2238 2488/4305/2238 2486/4303/2238 2484/4301/2238 
f 2487/4304/72 2486/4303/72 2488/4305/72 2489/4306/72 
f 2483/4300/2461 2482/4299/2461 2489/4306/2461 2488/4305/2461 
f 2490/4307/229 2491/4308/229 2492/4309/229 2493/4310/229 
f 2494/4311/115 2495/4312/115 2493/4310/115 2492/4309/115 
f 2491/4308/2373 2496/4313/2373 2494/4311/2373 2492/4309/2373 
f 2495/4312/72 2494/4311/72 2496/4313/72 2497/4314/72 
f 2491/4308/2462 2490/4307/2462 2497/4314/2462 2496/4313/2462 
f 2498/4315/2463 2499/4316/1651 2500/4317/1651 2501/4318/2463 
f 2499/4316/1651 2502/4319/2464 2503/4320/2464 2500/4317/1651 
f 2502/4319/2464 2504/4321/2465 2505/4322/2465 2503/4320/2464 
f 2504/4321/2465 2506/4323/2466 2507/4324/2466 2505/4322/2465 
f 2506/4325/2466 2508/4326/2467 2509/4327/2467 2507/4328/2466 
f 2508/4326/2467 2510/4329/2468 2511/4330/2468 2509/4327/2467 
f 2510/4329/2468 2512/4331/2469 2513/4332/2469 2511/4330/2468 
f 2512/4331/2469 2498/4315/2463 2501/4318/2463 2513/4332/2469 
f 2514/4333/2470 2515/4334/2470 2516/4335/1603 2517/4336/1603 
f 2517/4336/1603 2516/4335/1603 2518/4337/2471 2519/4338/2471 
f 2519/4338/2471 2518/4337/2471 2520/4339/2472 2521/4340/2472 
f 2521/4340/2472 2520/4339/2472 2522/4341/2473 2523/4342/2473 
f 2523/4343/2473 2522/4344/2473 2524/4345/2474 2525/4346/2474 
f 2525/4346/2474 2524/4345/2474 2526/4347/2475 2527/4348/2475 
f 2527/4348/2475 2526/4347/2475 2528/4349/2476 2529/4350/2476 
f 2529/4350/2476 2528/4349/2476 2515/4334/2470 2514/4333/2470 
f 2530/4351/82 2531/4352/2477 2532/4353/2477 2533/4354/82 
f 2534/4355/2478 2530/4351/82 2533/4354/82 2535/4356/2478 
f 2536/4357/2479 2534/4355/2478 2535/4356/2478 2537/4358/2479 
f 2535/4359/2480 2538/4360/2480 2539/4361/2481 2537/4362/2481 
f 2533/4363/2482 2540/4364/2482 2538/4360/2480 2535/4359/2480 
f 2538/4365/2483 2541/4366/2483 2542/4367/2484 2539/4368/2484 
f 2540/4369/2485 2543/4370/2485 2541/4366/2483 2538/4365/2483 
f 2541/4371/2486 2544/4372/2486 2545/4373/2487 2542/4374/2487 
f 2543/4375/2488 2546/4376/2488 2544/4372/2486 2541/4371/2486 
f 2544/4377/2478 2547/4378/2478 2548/4379/2479 2545/4380/2479 
f 2546/4381/82 2549/4382/82 2547/4378/2478 2544/4377/2478 
f 2547/4383/2489 2550/4384/2490 2551/4385/2491 2548/4386/2492 
f 2549/4387/2493 2552/4388/2494 2550/4384/2490 2547/4383/2489 
f 2552/4388/2494 2553/4389/72 2554/4390/72 2550/4384/2490 
f 2550/4384/2490 2554/4390/72 2555/4391/72 2551/4385/2491 
f 2551/4392/2491 2555/4393/72 2556/4394/72 2557/4395/2495 
f 2548/4396/2492 2551/4392/2491 2557/4395/2495 2558/4397/2496 
f 2558/4397/2496 2557/4395/2495 2559/4398/2497 2560/4399/2498 
f 2557/4395/2495 2556/4394/72 2561/4400/73 2559/4398/2497 
f 2560/4399/2498 2559/4398/2497 2562/4401/2499 2563/4402/2500 
f 2559/4398/2497 2561/4400/73 2564/4403/72 2562/4401/2499 
f 2562/4401/2499 2564/4403/72 2565/4404/73 2566/4405/2501 
f 2563/4402/2500 2562/4401/2499 2566/4405/2501 2567/4406/2502 
f 2567/4406/2502 2566/4405/2501 2568/4407/2503 2569/4408/2504 
f 2566/4405/2501 2565/4404/73 2570/4409/72 2568/4407/2503 
f 2569/4408/2504 2568/4407/2503 2571/4410/2505 2572/4411/2506 
f 2568/4407/2503 2570/4409/72 2573/4412/73 2571/4410/2505 
f 2571/4410/2505 2573/4412/73 2574/4413/73 2575/4414/2507 
f 2572/4411/2506 2571/4410/2505 2575/4414/2507 2576/4415/2508 
f 2576/4415/2508 2575/4414/2507 2577/4416/2509 2578/4417/2510 
f 2575/4414/2507 2574/4413/73 2579/4418/72 2577/4416/2509 
f 2578/4417/2510 2577/4416/2509 2580/4419/2511 2581/4420/2512 
f 2577/4416/2509 2579/4418/72 2582/4421/72 2580/4419/2511 
f 2581/4420/2512 2580/4419/2511 2552/4388/2494 2549/4387/2493 
f 2580/4419/2511 2582/4421/72 2553/4389/72 2552/4388/2494 
f 2583/4422/2477 2581/4423/2477 2549/4382/82 2546/4381/82 
f 2584/4424/2513 2578/4425/2513 2581/4423/2477 2583/4422/2477 
f 2585/4426/2514 2583/4427/2514 2546/4376/2488 2543/4375/2488 
f 2586/4428/2515 2584/4429/2515 2583/4427/2514 2585/4426/2514 
f 2587/4430/2516 2585/4431/2516 2543/4370/2485 2540/4369/2485 
f 2588/4432/2517 2586/4433/2518 2585/4431/2516 2587/4430/2516 
f 2532/4434/2519 2587/4435/2519 2540/4364/2482 2533/4363/2482 
f 2589/4436/2520 2588/4437/2520 2587/4435/2519 2532/4434/2519 
f 2531/4352/2477 2590/4438/2513 2589/4439/2513 2532/4353/2477 
f 2590/4438/2513 2591/4440/1 2592/4441/1 2589/4439/2513 
f 2592/4442/2521 2593/4443/2521 2588/4437/2520 2589/4436/2520 
f 2591/4440/1 2594/4444/2522 2595/4445/2522 2592/4441/1 
f 2595/4446/2523 2596/4447/2523 2593/4443/2521 2592/4442/2521 
f 2593/4448/2524 2597/4449/2524 2586/4433/2518 2588/4432/2517 
f 2596/4450/2525 2598/4451/2526 2597/4449/2524 2593/4448/2524 
f 2597/4452/2527 2599/4453/2527 2584/4429/2515 2586/4428/2515 
f 2598/4454/2528 2600/4455/2528 2599/4453/2527 2597/4452/2527 
f 2599/4456/203 2576/4457/203 2578/4425/2513 2584/4424/2513 
f 2600/4458/2522 2572/4459/2522 2576/4457/203 2599/4456/203 
f 2601/4460/2529 2569/4461/2529 2572/4459/2522 2600/4458/2522 
f 2602/4462/2530 2601/4463/2530 2600/4455/2528 2598/4454/2528 
f 2603/4464/115 2567/4465/115 2569/4461/2529 2601/4460/2529 
f 2604/4466/2531 2603/4467/2531 2601/4463/2530 2602/4462/2530 
f 2605/4468/2532 2602/4469/2532 2598/4451/2526 2596/4450/2525 
f 2606/4470/2533 2604/4471/2533 2602/4469/2532 2605/4468/2532 
f 2607/4472/2534 2605/4473/2534 2596/4447/2523 2595/4446/2523 
f 2608/4474/2535 2606/4475/2535 2605/4473/2534 2607/4472/2534 
f 2594/4444/2522 2609/4476/2529 2607/4477/2529 2595/4445/2522 
f 2609/4476/2529 2610/4478/115 2608/4479/115 2607/4477/2529 
f 2610/4478/115 2611/4480/2536 2612/4481/2536 2608/4479/115 
f 2612/4482/2537 2613/4483/2537 2606/4475/2535 2608/4474/2535 
f 2611/4480/2536 2614/4484/2538 2615/4485/2538 2612/4481/2536 
f 2615/4486/2539 2616/4487/2539 2613/4483/2537 2612/4482/2537 
f 2613/4488/2540 2617/4489/2540 2604/4471/2533 2606/4470/2533 
f 2616/4490/2541 2618/4491/2541 2617/4489/2540 2613/4488/2540 
f 2617/4492/2542 2619/4493/2542 2603/4467/2531 2604/4466/2531 
f 2618/4494/2543 2620/4495/2543 2619/4493/2542 2617/4492/2542 
f 2619/4496/2536 2563/4497/2536 2567/4465/115 2603/4464/115 
f 2620/4498/2538 2560/4499/2538 2563/4497/2536 2619/4496/2536 
f 2621/4500/234 2558/4501/234 2560/4499/2538 2620/4498/2538 
f 2622/4502/2544 2621/4503/2544 2620/4495/2543 2618/4494/2543 
f 2545/4504/2479 2548/4505/2479 2558/4501/234 2621/4500/234 
f 2542/4506/2487 2545/4507/2487 2621/4503/2544 2622/4502/2544 
f 2623/4508/2545 2622/4509/2545 2618/4491/2541 2616/4490/2541 
f 2539/4510/2484 2542/4511/2484 2622/4509/2545 2623/4508/2545 
f 2624/4512/2546 2623/4513/2546 2616/4487/2539 2615/4486/2539 
f 2537/4514/2481 2539/4515/2481 2623/4513/2546 2624/4512/2546 
f 2614/4484/2538 2625/4516/14 2624/4517/14 2615/4485/2538 
f 2625/4516/14 2536/4518/2479 2537/4519/2479 2624/4517/14 
f 2626/4520/271 2627/4521/271 2628/4522/2529 2629/4523/2529 
f 2630/4524/2536 2631/4525/2536 2627/4521/271 2626/4520/271 
f 2632/4526/2538 2633/4527/2538 2631/4525/2536 2630/4524/2536 
f 2631/4528/2537 2633/4529/2539 2634/4530/2539 2635/4531/2537 
f 2627/4532/2547 2631/4528/2537 2635/4531/2537 2636/4533/2547 
f 2635/4534/2540 2634/4535/2548 2637/4536/2548 2638/4537/2540 
f 2636/4538/2533 2635/4534/2540 2638/4537/2540 2639/4539/2533 
f 2638/4540/2542 2637/4541/2543 2640/4542/2543 2641/4543/2542 
f 2639/4544/2531 2638/4540/2542 2641/4543/2542 2642/4545/2531 
f 2641/4546/2536 2640/4547/2538 2643/4548/2538 2644/4549/2536 
f 2642/4550/115 2641/4546/2536 2644/4549/2536 2645/4551/115 
f 2644/4552/2500 2643/4553/2498 2646/4554/2497 2647/4555/2499 
f 2645/4556/2549 2644/4552/2500 2647/4555/2499 2648/4557/2550 
f 2648/4557/2550 2647/4555/2499 2649/4558/72 2650/4559/72 
f 2647/4555/2499 2646/4554/2497 2651/4560/73 2649/4558/72 
f 2646/4561/2497 2652/4562/2551 2653/4563/72 2651/4564/73 
f 2643/4565/2498 2654/4566/2552 2652/4562/2551 2646/4561/2497 
f 2654/4566/2552 2655/4567/2492 2656/4568/2491 2652/4562/2551 
f 2652/4562/2551 2656/4568/2491 2657/4569/72 2653/4563/72 
f 2655/4567/2492 2658/4570/2489 2659/4571/2490 2656/4568/2491 
f 2656/4568/2491 2659/4571/2490 2660/4572/72 2657/4569/72 
f 2659/4571/2490 2661/4573/2553 2662/4574/72 2660/4572/72 
f 2658/4570/2489 2663/4575/2554 2661/4573/2553 2659/4571/2490 
f 2663/4575/2554 2664/4576/2512 2665/4577/2511 2661/4573/2553 
f 2661/4573/2553 2665/4577/2511 2666/4578/72 2662/4574/72 
f 2664/4576/2512 2667/4579/2510 2668/4580/2509 2665/4577/2511 
f 2665/4577/2511 2668/4580/2509 2669/4581/72 2666/4578/72 
f 2668/4580/2509 2670/4582/2555 2671/4583/73 2669/4581/72 
f 2667/4579/2510 2672/4584/2508 2670/4582/2555 2668/4580/2509 
f 2672/4584/2508 2673/4585/2506 2674/4586/2505 2670/4582/2555 
f 2670/4582/2555 2674/4586/2505 2675/4587/73 2671/4583/73 
f 2673/4585/2506 2676/4588/2504 2677/4589/2556 2674/4586/2505 
f 2674/4586/2505 2677/4589/2556 2678/4590/72 2675/4587/73 
f 2676/4588/2504 2645/4556/2549 2648/4557/2550 2677/4589/2556 
f 2677/4589/2556 2648/4557/2550 2650/4559/72 2678/4590/72 
f 2679/4591/2529 2642/4550/115 2645/4551/115 2676/4592/2529 
f 2680/4593/2522 2679/4591/2529 2676/4592/2529 2673/4594/2522 
f 2681/4595/2557 2639/4544/2531 2642/4545/2531 2679/4596/2557 
f 2682/4597/2528 2681/4595/2557 2679/4596/2557 2680/4598/2528 
f 2683/4599/2532 2636/4538/2533 2639/4539/2533 2681/4600/2532 
f 2684/4601/2526 2683/4599/2532 2681/4600/2532 2682/4602/2526 
f 2628/4603/2534 2627/4532/2547 2636/4533/2547 2683/4604/2534 
f 2685/4605/2523 2628/4603/2534 2683/4604/2534 2684/4606/2523 
f 2629/4523/2529 2628/4522/2529 2685/4607/2522 2686/4608/2522 
f 2686/4608/2522 2685/4607/2522 2687/4609/1 2688/4610/1 
f 2687/4611/2521 2685/4605/2523 2684/4606/2523 2689/4612/2521 
f 2688/4610/1 2687/4609/1 2690/4613/2513 2691/4614/2513 
f 2690/4615/2520 2687/4611/2521 2689/4612/2521 2692/4616/2520 
f 2689/4617/2558 2684/4601/2526 2682/4602/2526 2693/4618/2558 
f 2692/4619/2518 2689/4617/2558 2693/4618/2558 2694/4620/2518 
f 2693/4621/2559 2682/4597/2528 2680/4598/2528 2695/4622/2559 
f 2694/4623/2560 2693/4621/2559 2695/4622/2559 2696/4624/2560 
f 2695/4625/1 2680/4593/2522 2673/4594/2522 2672/4626/1 
f 2696/4627/2513 2695/4625/1 2672/4626/1 2667/4628/2513 
f 2697/4629/2477 2696/4627/2513 2667/4628/2513 2664/4630/2477 
f 2698/4631/2561 2694/4623/2560 2696/4624/2560 2697/4632/2561 
f 2699/4633/82 2697/4629/2477 2664/4630/2477 2663/4634/82 
f 2700/4635/2562 2698/4631/2561 2697/4632/2561 2699/4636/2562 
f 2701/4637/2516 2692/4619/2518 2694/4620/2518 2698/4638/2516 
f 2702/4639/2485 2701/4637/2516 2698/4638/2516 2700/4640/2485 
f 2703/4641/2519 2690/4615/2520 2692/4616/2520 2701/4642/2519 
f 2704/4643/2563 2703/4641/2519 2701/4642/2519 2702/4644/2563 
f 2691/4614/2513 2690/4613/2513 2703/4645/2477 2705/4646/2477 
f 2705/4646/2477 2703/4645/2477 2704/4647/259 2706/4648/259 
f 2706/4648/259 2704/4647/259 2707/4649/2478 2708/4650/2478 
f 2707/4651/2480 2704/4643/2563 2702/4644/2563 2709/4652/2480 
f 2708/4650/2478 2707/4649/2478 2710/4653/2479 2711/4654/2479 
f 2710/4655/2481 2707/4651/2480 2709/4652/2480 2712/4656/2481 
f 2709/4657/2483 2702/4639/2485 2700/4640/2485 2713/4658/2483 
f 2712/4659/2564 2709/4657/2483 2713/4658/2483 2714/4660/2564 
f 2713/4661/2486 2700/4635/2562 2699/4636/2562 2715/4662/2486 
f 2714/4663/2487 2713/4661/2486 2715/4662/2486 2716/4664/2487 
f 2715/4665/2478 2699/4633/82 2663/4634/82 2658/4666/2478 
f 2716/4667/2479 2715/4665/2478 2658/4666/2478 2655/4668/2479 
f 2717/4669/14 2716/4667/2479 2655/4668/2479 2654/4670/14 
f 2718/4671/2565 2714/4663/2487 2716/4664/2487 2717/4672/2565 
f 2640/4673/2538 2717/4669/14 2654/4670/14 2643/4674/2538 
f 2637/4675/2543 2718/4671/2565 2717/4672/2565 2640/4676/2543 
f 2719/4677/2545 2712/4659/2564 2714/4660/2564 2718/4678/2545 
f 2634/4679/2548 2719/4677/2545 2718/4678/2545 2637/4680/2548 
f 2720/4681/2566 2710/4655/2481 2712/4656/2481 2719/4682/2566 
f 2633/4683/2539 2720/4681/2566 2719/4682/2566 2634/4684/2539 
f 2711/4654/2479 2710/4653/2479 2720/4685/14 2721/4686/14 
f 2721/4686/14 2720/4685/14 2633/4687/2538 2632/4688/2538 
f 2722/4689/115 2723/4690/2529 2724/4691/2529 2725/4692/115 
f 2726/4693/2536 2722/4689/115 2725/4692/115 2727/4694/2536 
f 2728/4695/2538 2726/4693/2536 2727/4694/2536 2729/4696/2538 
f 2727/4697/2567 2730/4698/2567 2731/4699/2568 2729/4700/2568 
f 2725/4701/2569 2732/4702/2569 2730/4698/2567 2727/4697/2567 
f 2730/4703/2570 2733/4704/2570 2734/4705/2571 2731/4706/2571 
f 2732/4707/2572 2735/4708/2572 2733/4704/2570 2730/4703/2570 
f 2733/4709/2573 2736/4710/2573 2737/4711/2574 2734/4712/2574 
f 2735/4713/2575 2738/4714/2576 2736/4710/2573 2733/4709/2573 
f 2736/4715/2536 2739/4716/2536 2740/4717/2538 2737/4718/2538 
f 2738/4719/115 2741/4720/115 2739/4716/2536 2736/4715/2536 
f 2739/4721/2577 2742/4722/2578 2743/4723/2579 2740/4724/2580 
f 2741/4725/2581 2744/4726/2582 2742/4722/2578 2739/4721/2577 
f 2744/4726/2582 2745/4727/114 2746/4728/229 2742/4722/2578 
f 2742/4722/2578 2746/4728/229 2747/4729/114 2743/4723/2579 
f 2743/4730/2579 2747/4731/114 2748/4732/114 2749/4733/2583 
f 2740/4734/2580 2743/4730/2579 2749/4733/2583 2750/4735/2584 
f 2750/4735/2584 2749/4733/2583 2751/4736/2585 2752/4737/2586 
f 2749/4733/2583 2748/4732/114 2753/4738/229 2751/4736/2585 
f 2752/4737/2586 2751/4736/2585 2754/4739/2587 2755/4740/2588 
f 2751/4736/2585 2753/4738/229 2756/4741/229 2754/4739/2587 
f 2754/4739/2587 2756/4741/229 2757/4742/229 2758/4743/2589 
f 2755/4740/2588 2754/4739/2587 2758/4743/2589 2759/4744/2590 
f 2759/4744/2590 2758/4743/2589 2760/4745/2591 2761/4746/2592 
f 2758/4743/2589 2757/4742/229 2762/4747/114 2760/4745/2591 
f 2761/4746/2592 2760/4745/2591 2763/4748/2593 2764/4749/2594 
f 2760/4745/2591 2762/4747/114 2765/4750/114 2763/4748/2593 
f 2763/4748/2593 2765/4750/114 2766/4751/114 2767/4752/2595 
f 2764/4749/2594 2763/4748/2593 2767/4752/2595 2768/4753/2596 
f 2768/4753/2596 2767/4752/2595 2769/4754/2597 2770/4755/2598 
f 2767/4752/2595 2766/4751/114 2771/4756/114 2769/4754/2597 
f 2770/4755/2598 2769/4754/2597 2772/4757/2599 2773/4758/2600 
f 2769/4754/2597 2771/4756/114 2774/4759/229 2772/4757/2599 
f 2773/4758/2600 2772/4757/2599 2744/4726/2582 2741/4725/2581 
f 2772/4757/2599 2774/4759/229 2745/4727/114 2744/4726/2582 
f 2775/4760/2529 2773/4761/2529 2741/4720/115 2738/4719/115 
f 2776/4762/2522 2770/4763/2522 2773/4761/2529 2775/4760/2529 
f 2777/4764/2601 2775/4765/2601 2738/4714/2576 2735/4713/2575 
f 2778/4766/2602 2776/4767/2603 2775/4765/2601 2777/4764/2601 
f 2779/4768/2604 2777/4769/2604 2735/4708/2572 2732/4707/2572 
f 2780/4770/2605 2778/4771/2606 2777/4769/2604 2779/4768/2604 
f 2724/4772/2607 2779/4773/2607 2732/4702/2569 2725/4701/2569 
f 2781/4774/2608 2780/4775/2608 2779/4773/2607 2724/4772/2607 
f 2723/4690/2529 2782/4776/2522 2781/4777/2522 2724/4691/2529 
f 2782/4776/2522 2783/4778/1 2784/4779/1 2781/4777/2522 
f 2784/4780/2609 2785/4781/2609 2780/4775/2608 2781/4774/2608 
f 2783/4778/1 2786/4782/2513 2787/4783/2513 2784/4779/1 
f 2787/4784/2610 2788/4785/2610 2785/4781/2609 2784/4780/2609 
f 2785/4786/2611 2789/4787/2611 2778/4771/2606 2780/4770/2605 
f 2788/4788/2612 2790/4789/2612 2789/4787/2611 2785/4786/2611 
f 2789/4790/2613 2791/4791/2614 2776/4767/2603 2778/4766/2602 
f 2790/4792/2615 2792/4793/2615 2791/4791/2614 2789/4790/2613 
f 2791/4794/1 2768/4795/1 2770/4763/2522 2776/4762/2522 
f 2792/4796/2513 2764/4797/2513 2768/4795/1 2791/4794/1 
f 2793/4798/2477 2761/4799/2477 2764/4797/2513 2792/4796/2513 
f 2794/4800/2616 2793/4801/2617 2792/4793/2615 2790/4792/2615 
f 2795/4802/82 2759/4803/82 2761/4799/2477 2793/4798/2477 
f 2796/4804/2618 2795/4805/2619 2793/4801/2617 2794/4800/2616 
f 2797/4806/2620 2794/4807/2620 2790/4789/2612 2788/4788/2612 
f 2798/4808/2621 2796/4809/2621 2794/4807/2620 2797/4806/2620 
f 2799/4810/2622 2797/4811/2622 2788/4785/2610 2787/4784/2610 
f 2800/4812/2623 2798/4813/2623 2797/4811/2622 2799/4810/2622 
f 2786/4782/2513 2801/4814/2477 2799/4815/2477 2787/4783/2513 
f 2801/4814/2477 2802/4816/82 2800/4817/82 2799/4815/2477 
f 2802/4816/82 2803/4818/2478 2804/4819/2478 2800/4817/82 
f 2804/4820/2624 2805/4821/2624 2798/4813/2623 2800/4812/2623 
f 2803/4818/2478 2806/4822/2479 2807/4823/2479 2804/4819/2478 
f 2807/4824/2625 2808/4825/2625 2805/4821/2624 2804/4820/2624 
f 2805/4826/2626 2809/4827/2626 2796/4809/2621 2798/4808/2621 
f 2808/4828/2627 2810/4829/2627 2809/4827/2626 2805/4826/2626 
f 2809/4830/2628 2811/4831/2628 2795/4805/2619 2796/4804/2618 
f 2810/4832/2629 2812/4833/2629 2811/4831/2628 2809/4830/2628 
f 2811/4834/2478 2755/4835/2478 2759/4803/82 2795/4802/82 
f 2812/4836/2479 2752/4837/2479 2755/4835/2478 2811/4834/2478 
f 2813/4838/14 2750/4839/14 2752/4837/2479 2812/4836/2479 
f 2814/4840/2630 2813/4841/2630 2812/4833/2629 2810/4832/2629 
f 2737/4842/2538 2740/4843/2538 2750/4839/14 2813/4838/14 
f 2734/4844/2574 2737/4845/2574 2813/4841/2630 2814/4840/2630 
f 2815/4846/2631 2814/4847/2631 2810/4829/2627 2808/4828/2627 
f 2731/4848/2571 2734/4849/2571 2814/4847/2631 2815/4846/2631 
f 2816/4850/2632 2815/4851/2632 2808/4825/2625 2807/4824/2625 
f 2729/4852/2568 2731/4853/2568 2815/4851/2632 2816/4850/2632 
f 2806/4822/2479 2817/4854/14 2816/4855/14 2807/4823/2479 
f 2817/4854/14 2728/4856/2538 2729/4857/2538 2816/4855/14 
f 2818/4858/82 2819/4859/82 2820/4860/2477 2821/4861/2477 
f 2822/4862/2478 2823/4863/2478 2819/4859/82 2818/4858/82 
f 2824/4864/2479 2825/4865/2479 2823/4863/2478 2822/4862/2478 
f 2823/4866/2633 2825/4867/2625 2826/4868/2625 2827/4869/2633 
f 2819/4870/2623 2823/4866/2633 2827/4869/2633 2828/4871/2623 
f 2827/4872/2626 2826/4873/2634 2829/4874/2634 2830/4875/2626 
f 2828/4876/2621 2827/4872/2626 2830/4875/2626 2831/4877/2621 
f 2830/4878/2628 2829/4879/2629 2832/4880/2629 2833/4881/2628 
f 2831/4882/2619 2830/4878/2628 2833/4881/2628 2834/4883/2619 
f 2833/4884/2478 2832/4885/2479 2835/4886/2479 2836/4887/2478 
f 2834/4888/82 2833/4884/2478 2836/4887/2478 2837/4889/82 
f 2836/4890/2588 2835/4891/2586 2838/4892/2585 2839/4893/2587 
f 2837/4894/2590 2836/4890/2588 2839/4893/2587 2840/4895/2635 
f 2840/4895/2635 2839/4893/2587 2841/4896/114 2842/4897/229 
f 2839/4893/2587 2838/4892/2585 2843/4898/114 2841/4896/114 
f 2838/4899/2585 2844/4900/2636 2845/4901/114 2843/4902/114 
f 2835/4903/2586 2846/4904/2584 2844/4900/2636 2838/4899/2585 
f 2846/4904/2584 2847/4905/2580 2848/4906/2579 2844/4900/2636 
f 2844/4900/2636 2848/4906/2579 2849/4907/114 2845/4901/114 
f 2847/4905/2580 2850/4908/2577 2851/4909/2578 2848/4906/2579 
f 2848/4906/2579 2851/4909/2578 2852/4910/114 2849/4907/114 
f 2851/4909/2578 2853/4911/2582 2854/4912/114 2852/4910/114 
f 2850/4908/2577 2855/4913/2581 2853/4911/2582 2851/4909/2578 
f 2855/4913/2581 2856/4914/2600 2857/4915/2637 2853/4911/2582 
f 2853/4911/2582 2857/4915/2637 2858/4916/229 2854/4912/114 
f 2856/4914/2600 2859/4917/2598 2860/4918/2597 2857/4915/2637 
f 2857/4915/2637 2860/4918/2597 2861/4919/229 2858/4916/229 
f 2860/4918/2597 2862/4920/2638 2863/4921/114 2861/4919/229 
f 2859/4917/2598 2864/4922/2639 2862/4920/2638 2860/4918/2597 
f 2864/4922/2639 2865/4923/2594 2866/4924/2593 2862/4920/2638 
f 2862/4920/2638 2866/4924/2593 2867/4925/229 2863/4921/114 
f 2865/4923/2594 2868/4926/2592 2869/4927/2591 2866/4924/2593 
f 2866/4924/2593 2869/4927/2591 2870/4928/114 2867/4925/229 
f 2868/4926/2592 2837/4894/2590 2840/4895/2635 2869/4927/2591 
f 2869/4927/2591 2840/4895/2635 2842/4897/229 2870/4928/114 
f 2871/4929/2477 2834/4888/82 2837/4889/82 2868/4930/2477 
f 2872/4931/2513 2871/4929/2477 2868/4930/2477 2865/4932/2513 
f 2873/4933/2617 2831/4882/2619 2834/4883/2619 2871/4934/2617 
f 2874/4935/2640 2873/4933/2617 2871/4934/2617 2872/4936/2641 
f 2875/4937/2620 2828/4876/2621 2831/4877/2621 2873/4938/2620 
f 2876/4939/2612 2875/4937/2620 2873/4938/2620 2874/4940/2612 
f 2820/4941/2642 2819/4870/2623 2828/4871/2623 2875/4942/2642 
f 2877/4943/2610 2820/4941/2642 2875/4942/2642 2876/4944/2610 
f 2821/4861/2477 2820/4860/2477 2877/4945/2513 2878/4946/2513 
f 2878/4946/2513 2877/4945/2513 2879/4947/1 2880/4948/1 
f 2879/4949/2609 2877/4943/2610 2876/4944/2610 2881/4950/2609 
f 2880/4948/1 2879/4947/1 2882/4951/2522 2883/4952/2522 
f 2882/4953/2608 2879/4949/2609 2881/4950/2609 2884/4954/2608 
f 2881/4955/2643 2876/4939/2612 2874/4940/2612 2885/4956/2643 
f 2884/4957/2605 2881/4955/2643 2885/4956/2643 2886/4958/2605 
f 2885/4959/2613 2874/4935/2640 2872/4936/2641 2887/4960/2614 
f 2886/4961/2602 2885/4959/2613 2887/4960/2614 2888/4962/2602 
f 2887/4963/1 2872/4931/2513 2865/4932/2513 2864/4964/1 
f 2888/4965/2522 2887/4963/1 2864/4964/1 2859/4966/2522 
f 2889/4967/2529 2888/4965/2522 2859/4966/2522 2856/4968/2529 
f 2890/4969/2644 2886/4961/2602 2888/4962/2602 2889/4970/2601 
f 2891/4971/115 2889/4967/2529 2856/4968/2529 2855/4972/115 
f 2892/4973/2575 2890/4969/2644 2889/4970/2601 2891/4974/2576 
f 2893/4975/2604 2884/4957/2605 2886/4958/2605 2890/4976/2604 
f 2894/4977/2572 2893/4975/2604 2890/4976/2604 2892/4978/2572 
f 2895/4979/2645 2882/4953/2608 2884/4954/2608 2893/4980/2607 
f 2896/4981/2569 2895/4979/2645 2893/4980/2607 2894/4982/2569 
f 2883/4952/2522 2882/4951/2522 2895/4983/2529 2897/4984/2529 
f 2897/4984/2529 2895/4983/2529 2896/4985/115 2898/4986/115 
f 2898/4986/115 2896/4985/115 2899/4987/2536 2900/4988/2536 
f 2899/4989/2646 2896/4981/2569 2894/4982/2569 2901/4990/2646 
f 2900/4988/2536 2899/4987/2536 2902/4991/2538 2903/4992/2538 
f 2902/4993/2568 2899/4989/2646 2901/4990/2646 2904/4994/2568 
f 2901/4995/2570 2894/4977/2572 2892/4978/2572 2905/4996/2570 
f 2904/4997/2571 2901/4995/2570 2905/4996/2570 2906/4998/2571 
f 2905/4999/2573 2892/4973/2575 2891/4974/2576 2907/5000/2573 
f 2906/5001/2574 2905/4999/2573 2907/5000/2573 2908/5002/2574 
f 2907/5003/2536 2891/4971/115 2855/4972/115 2850/5004/2536 
f 2908/5005/2538 2907/5003/2536 2850/5004/2536 2847/5006/2538 
f 2909/5007/14 2908/5005/2538 2847/5006/2538 2846/5008/14 
f 2910/5009/2630 2906/5001/2574 2908/5002/2574 2909/5010/2630 
f 2832/5011/2479 2909/5007/14 2846/5008/14 2835/5012/2479 
f 2829/5013/2629 2910/5009/2630 2909/5010/2630 2832/5014/2629 
f 2911/5015/2647 2904/4997/2571 2906/4998/2571 2910/5016/2647 
f 2826/5017/2634 2911/5015/2647 2910/5016/2647 2829/5018/2634 
f 2912/5019/2632 2902/4993/2568 2904/4994/2568 2911/5020/2632 
f 2825/5021/2625 2912/5019/2632 2911/5020/2632 2826/5022/2625 
f 2903/4992/2538 2902/4991/2538 2912/5023/14 2913/5024/14 
f 2913/5024/14 2912/5023/14 2825/5025/2479 2824/5026/2479 
f 2914/5027/2648 2915/5028/2649 2916/5029/2650 2917/5030/2651 
f 2917/5031/2652 2916/5032/2653 2918/5033/2654 2919/5034/2655 
f 2915/5028/2649 2920/5035/2656 2921/5036/2657 2916/5029/2650 
f 2916/5032/2653 2921/5037/2658 2922/5038/2659 2918/5033/2654 
f 2918/5033/2654 2923/5039/2660 2924/5040/2661 2919/5034/2655 
f 2918/5033/2654 2922/5038/2659 2925/5041/2662 2923/5039/2660 
f 2926/5042/2663 2917/5031/2652 2919/5034/2655 2927/5043/2664 
f 2927/5043/2664 2919/5034/2655 2924/5040/2661 2928/5044/2665 
f 2929/5045/2666 2930/5046/2667 2928/5044/2665 2924/5040/2661 
f 2931/5047/2668 2929/5045/2666 2924/5040/2661 2923/5039/2660 
f 2930/5048/2669 2929/5049/2670 2932/5050/2670 2933/5051/2669 
f 2931/5052/2671 2934/5053/2672 2932/5050/2670 2929/5049/2670 
f 2935/5054/2673 2930/5048/2669 2933/5051/2669 2936/5055/2673 
f 2930/5046/2667 2935/5056/2674 2937/5057/2675 2928/5044/2665 
f 2938/5058/2676 2935/5054/2673 2936/5055/2673 2939/5059/2676 
f 2935/5056/2674 2938/5060/2677 2940/5061/2678 2937/5057/2675 
f 2941/5062/2679 2942/5063/2680 2937/5057/2675 2940/5061/2678 
f 2942/5063/2680 2927/5043/2664 2928/5044/2665 2937/5057/2675 
f 2943/5064/2681 2944/5065/2682 2942/5063/2680 2941/5062/2679 
f 2944/5065/2682 2926/5042/2663 2927/5043/2664 2942/5063/2680 
f 2945/5066/2683 2946/5067/2684 2926/5068/2685 2944/5069/2686 
f 2947/5070/2687 2945/5066/2683 2944/5069/2686 2943/5071/2688 
f 2946/5067/2684 2945/5066/2683 2948/5072/2689 2949/5073/2690 
f 2945/5066/2683 2947/5070/2687 2950/5074/2691 2948/5072/2689 
f 2947/5070/2687 2951/5075/2692 2952/5076/2693 2950/5074/2691 
f 2951/5075/2692 2947/5070/2687 2943/5071/2688 2953/5077/2694 
f 2951/5075/2692 2954/5078/2695 2955/5079/2696 2952/5076/2693 
f 2954/5078/2695 2951/5075/2692 2953/5077/2694 2956/5080/2697 
f 2953/5081/2698 2943/5064/2681 2941/5062/2679 2957/5082/2699 
f 2956/5083/2700 2953/5081/2698 2957/5082/2699 2958/5084/2701 
f 2958/5084/2701 2957/5082/2699 2959/5085/2702 2960/5086/2703 
f 2957/5082/2699 2941/5062/2679 2940/5061/2678 2959/5085/2702 
f 2961/5087/2704 2962/5088/2705 2960/5086/2703 2959/5085/2702 
f 2938/5060/2677 2961/5087/2704 2959/5085/2702 2940/5061/2678 
f 2962/5089/2706 2961/5090/2707 2963/5091/2707 2964/5092/2706 
f 2961/5090/2707 2938/5058/2676 2939/5059/2676 2963/5091/2707 
f 2965/5093/2708 2962/5089/2706 2964/5092/2706 2966/5094/2708 
f 2962/5088/2705 2965/5095/2709 2967/5096/2710 2960/5086/2703 
f 2965/5093/2708 2966/5094/2708 2968/5097/2711 2969/5098/2711 
f 2969/5099/2712 2970/5100/2713 2967/5096/2710 2965/5095/2709 
f 2969/5098/2711 2968/5097/2711 2971/5101/2714 2972/5102/2714 
f 2972/5103/2715 2973/5104/2716 2970/5100/2713 2969/5099/2712 
f 2974/5105/2717 2967/5096/2710 2970/5100/2713 2975/5106/2718 
f 2975/5106/2718 2970/5100/2713 2973/5104/2716 2976/5107/2719 
f 2977/5108/2720 2974/5105/2717 2975/5106/2718 2978/5109/2721 
f 2978/5109/2721 2975/5106/2718 2976/5107/2719 2979/5110/2722 
f 2980/5111/2723 2978/5112/2724 2979/5113/2725 2981/5114/2726 
f 2982/5115/2727 2977/5116/2728 2978/5112/2724 2980/5111/2723 
f 2981/5114/2726 2983/5117/2729 2984/5118/2730 2980/5111/2723 
f 2980/5111/2723 2984/5118/2730 2985/5119/2731 2982/5115/2727 
f 2954/5078/2695 2982/5115/2727 2985/5119/2731 2955/5079/2696 
f 2982/5115/2727 2954/5078/2695 2956/5080/2697 2977/5116/2728 
f 2955/5079/2696 2985/5119/2731 2986/5120/2732 2987/5121/2733 
f 2984/5118/2730 2988/5122/2734 2986/5120/2732 2985/5119/2731 
f 2989/5123/2735 2990/5124/2736 2987/5121/2733 2986/5120/2732 
f 2989/5123/2735 2986/5120/2732 2988/5122/2734 2991/5125/2737 
f 2983/5117/2729 2992/5126/2738 2988/5122/2734 2984/5118/2730 
f 2991/5125/2737 2988/5122/2734 2992/5126/2738 2993/5127/2739 
f 2991/5125/2737 2994/5128/2740 2995/5129/2741 2989/5123/2735 
f 2993/5127/2739 2996/5130/2742 2994/5128/2740 2991/5125/2737 
f 2996/5131/2743 2997/5132/2744 2998/5133/2745 2994/5134/2746 
f 2994/5134/2746 2998/5133/2745 2999/5135/2747 2995/5136/2748 
f 2998/5133/2745 3000/5137/2749 3001/5138/2750 2999/5135/2747 
f 2997/5132/2744 3002/5139/2751 3000/5137/2749 2998/5133/2745 
f 3000/5137/2749 3003/5140/2752 3004/5141/2753 3001/5138/2750 
f 3002/5139/2751 3005/5142/2754 3003/5140/2752 3000/5137/2749 
f 3006/5143/2755 3007/5144/2756 3005/5142/2754 3002/5139/2751 
f 3008/5145/2757 3006/5143/2755 3002/5139/2751 2997/5132/2744 
f 3009/5146/2758 3010/5147/2759 3007/5144/2756 3006/5143/2755 
f 3011/5148/2760 3009/5146/2758 3006/5143/2755 3008/5145/2757 
f 3012/5149/2761 3013/5150/2762 3010/5147/2759 3009/5146/2758 
f 3014/5151/2763 3012/5149/2761 3009/5146/2758 3011/5148/2760 
f 3015/5152/2764 3016/5153/2765 3013/5150/2762 3012/5149/2761 
f 3017/5154/2766 3015/5152/2764 3012/5149/2761 3014/5151/2763 
f 3018/5155/2767 3019/5156/2768 3016/5153/2765 3015/5152/2764 
f 3020/5157/2769 3018/5155/2767 3015/5152/2764 3017/5154/2766 
f 3021/5158/2770 3022/5159/2771 3019/5156/2768 3018/5155/2767 
f 3023/5160/2772 3021/5158/2770 3018/5155/2767 3020/5157/2769 
f 3024/5161/2773 3022/5162/2773 3021/5163/115 3025/5164/2774 
f 3025/5164/2774 3021/5163/115 3023/5165/2775 3026/5166/2775 
f 3027/5167/2776 3028/5168/2777 3024/5169/2778 3025/5170/2779 
f 3029/5171/2780 3027/5167/2776 3025/5170/2779 3026/5172/2781 
f 3030/5173/2782 3031/5174/2783 3028/5168/2777 3027/5167/2776 
f 3032/5175/2784 3030/5173/2782 3027/5167/2776 3029/5171/2780 
f 3033/5176/2785 3034/5177/2786 3031/5174/2783 3030/5173/2782 
f 3035/5178/2787 3033/5176/2785 3030/5173/2782 3032/5175/2784 
f 3036/5179/2788 3037/5180/2789 3034/5177/2786 3033/5176/2785 
f 3038/5181/2790 3036/5179/2788 3033/5176/2785 3035/5178/2787 
f 3039/5182/2791 3040/5183/2792 3037/5180/2789 3036/5179/2788 
f 3041/5184/2793 3039/5182/2791 3036/5179/2788 3038/5181/2790 
f 3042/5185/2794 3043/5186/2795 3040/5183/2792 3039/5182/2791 
f 3044/5187/2796 3042/5185/2794 3039/5182/2791 3041/5184/2793 
f 3045/5188/2797 3046/5189/2798 3043/5186/2795 3042/5185/2794 
f 3047/5190/2799 3045/5188/2797 3042/5185/2794 3044/5187/2796 
f 3048/5191/2800 3049/5192/2801 3046/5189/2798 3045/5188/2797 
f 3050/5193/2802 3048/5191/2800 3045/5188/2797 3047/5190/2799 
f 3048/5191/2800 3051/5194/2803 3052/5195/2804 3049/5192/2801 
f 3050/5193/2802 3053/5196/2805 3051/5194/2803 3048/5191/2800 
f 3051/5194/2803 3054/5197/2806 3055/5198/2807 3052/5195/2804 
f 3053/5196/2805 3056/5199/2808 3054/5197/2806 3051/5194/2803 
f 3054/5197/2806 3057/5200/2809 3058/5201/2810 3055/5198/2807 
f 3056/5199/2808 3059/5202/2811 3057/5200/2809 3054/5197/2806 
f 3057/5200/2809 3060/5203/2812 3061/5204/2813 3058/5201/2810 
f 3059/5202/2811 3062/5205/2814 3060/5203/2812 3057/5200/2809 
f 3060/5203/2812 3063/5206/2815 3064/5207/2816 3061/5204/2813 
f 3062/5205/2814 3065/5208/2817 3063/5206/2815 3060/5203/2812 
f 3063/5206/2815 3066/5209/2818 3067/5210/2819 3064/5207/2816 
f 3065/5208/2817 3068/5211/2820 3066/5209/2818 3063/5206/2815 
f 3066/5209/2818 3069/5212/2821 3070/5213/2822 3067/5210/2819 
f 3068/5211/2820 3071/5214/2823 3069/5212/2821 3066/5209/2818 
f 3069/5212/2821 3072/5215/2824 3073/5216/2825 3070/5213/2822 
f 3071/5214/2823 3074/5217/2826 3072/5215/2824 3069/5212/2821 
f 3072/5218/2827 3075/5219/82 3076/5220/2828 3073/5221/2828 
f 3074/5222/2829 3077/5223/2829 3075/5219/82 3072/5218/2827 
f 3075/5224/2830 3078/5225/2831 3079/5226/2832 3076/5227/2833 
f 3077/5228/2834 3080/5229/2835 3078/5225/2831 3075/5224/2830 
f 3078/5225/2831 3081/5230/2836 3082/5231/2837 3079/5226/2832 
f 3080/5229/2835 3083/5232/2838 3081/5230/2836 3078/5225/2831 
f 3081/5230/2836 3084/5233/2839 3085/5234/2840 3082/5231/2837 
f 3083/5232/2838 3086/5235/2841 3084/5233/2839 3081/5230/2836 
f 3084/5233/2839 3087/5236/2842 3088/5237/2843 3085/5234/2840 
f 3086/5235/2841 3089/5238/2844 3087/5236/2842 3084/5233/2839 
f 3087/5236/2842 3090/5239/2845 3091/5240/2846 3088/5237/2843 
f 3089/5238/2844 3092/5241/2847 3090/5239/2845 3087/5236/2842 
f 3090/5239/2845 3093/5242/2848 3094/5243/2849 3091/5240/2846 
f 3092/5241/2847 3095/5244/2850 3093/5242/2848 3090/5239/2845 
f 3093/5242/2848 3096/5245/2851 3097/5246/2852 3094/5243/2849 
f 3095/5244/2850 3098/5247/2853 3096/5245/2851 3093/5242/2848 
f 3096/5245/2851 3001/5138/2750 3004/5141/2753 3097/5246/2852 
f 3098/5247/2853 2999/5135/2747 3001/5138/2750 3096/5245/2851 
f 3099/5248/2854 2995/5136/2748 2999/5135/2747 3098/5247/2853 
f 3100/5249/2855 3099/5248/2854 3098/5247/2853 3095/5244/2850 
f 2990/5124/2736 2989/5123/2735 2995/5129/2741 3099/5250/2856 
f 3101/5251/2857 2990/5124/2736 3099/5250/2856 3100/5252/2858 
f 3102/5253/2859 3101/5251/2857 3100/5252/2858 3103/5254/2860 
f 3103/5255/2861 3100/5249/2855 3095/5244/2850 3092/5241/2847 
f 3104/5256/2862 3102/5253/2859 3103/5254/2860 3105/5257/2863 
f 3105/5258/2864 3103/5255/2861 3092/5241/2847 3089/5238/2844 
f 3106/5259/2865 3104/5256/2862 3105/5257/2863 3107/5260/2866 
f 3107/5261/2867 3105/5258/2864 3089/5238/2844 3086/5235/2841 
f 3108/5262/2868 3106/5259/2865 3107/5260/2866 3109/5263/2869 
f 3109/5264/2870 3107/5261/2867 3086/5235/2841 3083/5232/2838 
f 3110/5265/2871 3108/5262/2868 3109/5263/2869 3111/5266/2872 
f 3111/5267/2873 3109/5264/2870 3083/5232/2838 3080/5229/2835 
f 3112/5268/2874 3110/5265/2871 3111/5266/2872 3113/5269/2875 
f 3113/5270/2876 3111/5267/2873 3080/5229/2835 3077/5228/2834 
f 3114/5271/2877 3112/5272/2877 3113/5273/82 3115/5274/82 
f 3115/5275/114 3113/5276/114 3077/5223/2829 3074/5222/2829 
f 3116/5277/2878 3114/5278/2879 3115/5279/2879 3117/5280/2880 
f 3117/5281/2881 3115/5282/2882 3074/5217/2826 3071/5214/2823 
f 3118/5283/2883 3116/5277/2878 3117/5280/2880 3119/5284/2884 
f 3119/5285/2885 3117/5281/2881 3071/5214/2823 3068/5211/2820 
f 3120/5286/2886 3118/5283/2883 3119/5284/2884 3121/5287/2887 
f 3121/5288/2888 3119/5285/2885 3068/5211/2820 3065/5208/2817 
f 3122/5289/2889 3120/5286/2886 3121/5287/2887 3123/5290/2890 
f 3123/5291/2891 3121/5288/2888 3065/5208/2817 3062/5205/2814 
f 3124/5292/2892 3122/5289/2889 3123/5290/2890 3125/5293/2893 
f 3125/5294/2894 3123/5291/2891 3062/5205/2814 3059/5202/2811 
f 3126/5295/2895 3124/5292/2892 3125/5293/2893 3127/5296/2896 
f 3127/5297/2897 3125/5294/2894 3059/5202/2811 3056/5199/2808 
f 3128/5298/2898 3126/5295/2895 3127/5296/2896 3129/5299/2899 
f 3129/5300/2900 3127/5297/2897 3056/5199/2808 3053/5196/2805 
f 3130/5301/2901 3128/5298/2898 3129/5299/2899 3131/5302/2902 
f 3131/5303/2903 3129/5300/2900 3053/5196/2805 3050/5193/2802 
f 3130/5301/2901 3131/5302/2902 3132/5304/2904 3133/5305/2905 
f 3131/5303/2903 3050/5193/2802 3047/5190/2799 3132/5306/2906 
f 3133/5305/2905 3132/5304/2904 3134/5307/2907 3135/5308/2908 
f 3132/5306/2906 3047/5190/2799 3044/5187/2796 3134/5309/2909 
f 3135/5308/2908 3134/5307/2907 3136/5310/2910 3137/5311/2911 
f 3134/5309/2909 3044/5187/2796 3041/5184/2793 3136/5312/2912 
f 3137/5311/2911 3136/5310/2910 3138/5313/2913 3139/5314/2914 
f 3136/5312/2912 3041/5184/2793 3038/5181/2790 3138/5315/2915 
f 3139/5314/2914 3138/5313/2913 3140/5316/2916 3141/5317/2917 
f 3138/5315/2915 3038/5181/2790 3035/5178/2787 3140/5318/2918 
f 3141/5317/2917 3140/5316/2916 3142/5319/2919 3143/5320/2920 
f 3140/5318/2918 3035/5178/2787 3032/5175/2784 3142/5321/2921 
f 3143/5320/2920 3142/5319/2919 3144/5322/2922 3145/5323/2923 
f 3142/5321/2921 3032/5175/2784 3029/5171/2780 3144/5324/2924 
f 3145/5323/2923 3144/5322/2922 3146/5325/2925 3147/5326/2925 
f 3144/5324/2924 3029/5171/2780 3026/5172/2781 3146/5327/2876 
f 3146/5328/115 3148/5329/115 3149/5330/2926 3147/5331/2926 
f 3026/5166/2775 3023/5165/2775 3148/5332/229 3146/5333/229 
f 3149/5334/2927 3148/5335/2928 3150/5336/2929 3151/5337/2930 
f 3148/5338/2882 3023/5160/2772 3020/5157/2769 3150/5339/2931 
f 3151/5337/2930 3150/5336/2929 3152/5340/2932 3153/5341/2933 
f 3150/5339/2931 3020/5157/2769 3017/5154/2766 3152/5342/2934 
f 3153/5341/2933 3152/5340/2932 3154/5343/2935 3155/5344/2936 
f 3152/5342/2934 3017/5154/2766 3014/5151/2763 3154/5345/2937 
f 3155/5344/2936 3154/5343/2935 3156/5346/2938 3157/5347/2939 
f 3154/5345/2937 3014/5151/2763 3011/5148/2760 3156/5348/2940 
f 3157/5347/2939 3156/5346/2938 3158/5349/2941 3159/5350/2942 
f 3156/5348/2940 3011/5148/2760 3008/5145/2757 3158/5351/2943 
f 3159/5350/2942 3158/5349/2941 2996/5130/2742 2993/5127/2739 
f 3158/5351/2943 3008/5145/2757 2997/5132/2744 2996/5131/2743 
f 2993/5127/2739 2992/5126/2738 3160/5352/2944 3159/5350/2942 
f 3159/5350/2942 3160/5352/2944 3161/5353/2945 3157/5347/2939 
f 3162/5354/2946 3160/5352/2944 2992/5126/2738 2983/5117/2729 
f 3163/5355/2947 3161/5353/2945 3160/5352/2944 3162/5354/2946 
f 3164/5356/2948 3165/5357/2949 3161/5353/2945 3163/5355/2947 
f 3157/5347/2939 3161/5353/2945 3165/5357/2949 3155/5344/2936 
f 3166/5358/2950 3167/5359/2951 3165/5357/2949 3164/5356/2948 
f 3155/5344/2936 3165/5357/2949 3167/5359/2951 3153/5341/2933 
f 3168/5360/2952 3169/5361/2953 3167/5359/2951 3166/5358/2950 
f 3153/5341/2933 3167/5359/2951 3169/5361/2953 3151/5337/2930 
f 3170/5362/2954 3171/5363/2955 3169/5361/2953 3168/5360/2952 
f 3151/5337/2930 3169/5361/2953 3171/5363/2955 3149/5334/2927 
f 3172/5364/2956 3171/5365/2957 3170/5366/2958 3173/5367/2958 
f 3171/5365/2957 3172/5364/2956 3147/5331/2926 3149/5330/2926 
f 3173/5368/2959 3145/5323/2923 3172/5369/2960 
f 3172/5369/2960 3145/5323/2923 3147/5326/2925 
f 3173/5367/2958 3170/5366/2958 3174/5370/2961 3175/5371/2961 
f 3145/5323/2923 3173/5368/2959 3175/5372/2960 
f 3175/5372/2960 3176/5373/2959 3145/5323/2923 
f 3177/5374/2962 3176/5375/2962 3175/5371/2961 3174/5370/2961 
f 3174/5376/2963 3170/5362/2954 3168/5360/2952 3178/5377/2964 
f 3178/5377/2964 3179/5378/2965 3177/5379/2966 3174/5376/2963 
f 3179/5380/2967 3180/5381/2968 3181/5382/2659 3177/5383/2969 
f 3181/5384/2970 3182/5385/2971 3176/5386/2390 3177/5387/2972 
f 3180/5381/2968 3183/5388/2973 3184/5389/2974 3181/5382/2659 
f 3184/5390/2975 3185/5391/2975 3182/5385/2971 3181/5384/2970 
f 3176/5373/2959 3182/5392/14 3185/5393/14 3186/5394/2976 
f 3184/5390/2975 3187/5395/2370 3186/5396/2370 3185/5391/2975 
f 3186/5394/2976 3188/5397/2977 3189/5398/2978 3145/5323/2923 
f 3190/5399/115 3188/5400/115 3186/5401/115 3187/5402/115 
f 3176/5373/2959 3186/5394/2976 3145/5323/2923 
f 3191/5403/2979 3192/5404/2980 3190/5405/2872 3187/5406/2872 
f 3187/5407/2876 3184/5389/2974 3183/5388/2973 3191/5408/2981 
f 3191/5403/2979 3193/5409/2982 3194/5410/2982 3192/5404/2980 
f 3191/5408/2981 3183/5388/2973 3195/5411/2983 3193/5412/2984 
f 3180/5381/2968 3196/5413/2985 3195/5411/2983 3183/5388/2973 
f 3193/5412/2984 3195/5411/2983 3197/5414/2986 3198/5415/2987 
f 3199/5416/2988 3197/5414/2986 3195/5411/2983 3196/5413/2985 
f 3200/5417/2989 3199/5416/2988 3196/5413/2985 3201/5418/2990 
f 3201/5418/2990 3196/5413/2985 3180/5381/2968 3179/5380/2967 
f 3202/5419/2991 3201/5420/2992 3179/5378/2965 3178/5377/2964 
f 3203/5421/2993 3200/5422/2994 3201/5420/2992 3202/5419/2991 
f 3178/5377/2964 3168/5360/2952 3166/5358/2950 3202/5419/2991 
f 3202/5419/2991 3166/5358/2950 3164/5356/2948 3203/5421/2993 
f 3203/5421/2993 3164/5356/2948 3163/5355/2947 3204/5423/2995 
f 3204/5423/2995 3205/5424/2996 3200/5422/2994 3203/5421/2993 
f 3204/5423/2995 3163/5355/2947 3162/5354/2946 3206/5425/2997 
f 3206/5425/2997 3207/5426/2998 3205/5424/2996 3204/5423/2995 
f 3205/5427/2999 3208/5428/3000 3199/5416/2988 3200/5417/2989 
f 3207/5429/3001 3209/5430/3002 3208/5428/3000 3205/5427/2999 
f 3209/5430/3002 3210/5431/3003 3211/5432/3004 3208/5428/3000 
f 3208/5428/3000 3211/5432/3004 3197/5414/2986 3199/5416/2988 
f 3212/5433/3005 3211/5432/3004 3210/5431/3003 3213/5434/3006 
f 3198/5415/2987 3197/5414/2986 3211/5432/3004 3212/5433/3005 
f 3213/5435/3007 3214/5436/3007 3215/5437/3008 3212/5438/3008 
f 3212/5438/3008 3215/5437/3008 3216/5439/3009 3198/5440/3009 
f 2972/5102/2714 2971/5101/2714 3214/5436/3007 3213/5435/3007 
f 3213/5434/3006 3210/5431/3003 2973/5104/2716 2972/5103/2715 
f 3217/5441/3010 3215/5442/3011 3214/5443/3012 3218/5444/3013 
f 3218/5444/3013 3214/5443/3012 2971/5445/3014 3219/5446/3015 
f 3220/5447/3016 3216/5448/3016 3215/5442/3011 3217/5441/3010 
f 3221/5449/3017 3194/5450/3017 3216/5448/3016 3220/5447/3016 
f 3222/5451/3018 3192/5452/3018 3194/5450/3017 3221/5449/3017 
f 3192/5453/114 3222/5454/114 3190/5455/114 
f 3190/5455/114 3222/5454/114 3223/5456/114 3188/5457/114 
f 3189/5458/3019 3223/5459/3019 3224/5460/3020 3225/5461/3020 
f 3188/5457/114 3223/5456/114 3189/5462/114 
f 3225/5461/3020 3224/5460/3020 3226/5463/3021 3227/5464/3022 
f 3227/5464/3022 3226/5463/3021 3228/5465/3023 3229/5466/3024 
f 3229/5466/3024 3228/5465/3023 3230/5467/3025 3231/5468/3025 
f 3231/5468/3025 3230/5467/3025 3232/5469/3026 3233/5470/3026 
f 3233/5470/3026 3232/5469/3026 3234/5471/3027 3235/5472/3027 
f 3235/5472/3027 3234/5471/3027 3236/5473/114 3237/5474/114 
f 3238/5475/3028 3237/5474/114 3236/5473/114 3239/5476/3028 
f 3240/5477/3029 3238/5475/3028 3239/5476/3028 3241/5478/3029 
f 3242/5479/3030 3240/5477/3029 3241/5478/3029 3243/5480/3030 
f 3244/5481/3031 3242/5479/3030 3243/5480/3030 3245/5482/3032 
f 3246/5483/3033 3244/5481/3031 3245/5482/3032 3247/5484/3034 
f 3248/5485/3035 3246/5483/3033 3247/5484/3034 3249/5486/3035 
f 3250/5487/3036 3248/5485/3035 3249/5486/3035 3251/5488/3036 
f 3252/5489/114 3250/5490/114 3251/5491/229 
f 3253/5492/229 3254/5493/229 3252/5489/114 3251/5491/229 
f 3255/5494/3037 3116/5277/2878 3250/5495/2960 3252/5496/3038 
f 3256/5497/82 3255/5498/82 3252/5499/82 3254/5500/82 
f 2934/5501/114 3254/5493/114 3253/5492/114 
f 2931/5052/2671 3256/5502/2929 3254/5503/2929 2934/5053/2672 
f 3256/5504/2882 2931/5047/2668 2923/5039/2660 2925/5041/2662 
f 3256/5505/2360 2925/5506/3039 3257/5507/3040 3255/5508/2360 
f 2922/5509/3041 3258/5510/3042 3257/5507/3040 2925/5506/3039 
f 3259/5511/3043 3255/5494/3037 3257/5512/14 3258/5513/14 
f 2921/5514/3044 3259/5515/3044 3258/5510/3042 2922/5509/3041 
f 3260/5516/2978 3116/5277/2878 3259/5511/3043 
f 3259/5511/3043 3116/5277/2878 3255/5494/3037 
f 2920/5517/3045 3260/5518/3045 3259/5519/3046 2921/5520/3046 
f 3116/5277/2878 3260/5516/2978 3261/5521/3043 
f 2920/5517/3045 3262/5522/3047 3261/5523/3048 3260/5518/3045 
f 2920/5035/2656 2915/5028/2649 3263/5524/3049 3262/5525/3050 
f 3261/5523/3048 3262/5522/3047 3264/5526/3051 3265/5527/3052 
f 3262/5525/3050 3263/5524/3049 3266/5528/3053 3264/5529/3054 
f 2915/5028/2649 2914/5027/2648 3267/5530/3055 3263/5524/3049 
f 3263/5524/3049 3267/5530/3055 3268/5531/3056 3266/5528/3053 
f 2914/5027/2648 2946/5067/2684 2949/5073/2690 3267/5530/3055 
f 3267/5530/3055 2949/5073/2690 3269/5532/3057 3268/5531/3056 
f 2949/5073/2690 2948/5072/2689 3270/5533/3058 3269/5532/3057 
f 3106/5259/2865 3108/5262/2868 3268/5531/3056 3269/5532/3057 
f 3104/5256/2862 3106/5259/2865 3269/5532/3057 3270/5533/3058 
f 2948/5072/2689 2950/5074/2691 3271/5534/3059 3270/5533/3058 
f 3102/5253/2859 3104/5256/2862 3270/5533/3058 3271/5534/3059 
f 2950/5074/2691 2952/5076/2693 3272/5535/3060 3271/5534/3059 
f 3101/5251/2857 3102/5253/2859 3271/5534/3059 3272/5535/3060 
f 2952/5076/2693 2955/5079/2696 2987/5121/2733 3272/5535/3060 
f 2990/5124/2736 3101/5251/2857 3272/5535/3060 2987/5121/2733 
f 3108/5262/2868 3110/5265/2871 3266/5528/3053 3268/5531/3056 
f 2946/5067/2684 2914/5027/2648 2917/5030/2651 2926/5068/2685 
f 3110/5265/2871 3112/5268/2874 3264/5529/3054 3266/5528/3053 
f 3112/5272/2877 3114/5271/2877 3265/5527/3052 3264/5526/3051 
f 3261/5521/3043 3265/5536/2978 3116/5277/2878 
f 3265/5536/2978 3114/5278/2879 3116/5277/2878 
f 3253/5537/3061 3273/5538/3062 2932/5539/3062 2934/5540/3061 
f 3273/5538/3062 3274/5541/3063 2933/5542/3063 2932/5539/3062 
f 3274/5541/3063 3275/5543/3064 2936/5544/3065 2933/5542/3063 
f 3275/5543/3064 3276/5545/3066 2939/5546/3067 2936/5544/3065 
f 3276/5545/3066 3277/5547/3068 2963/5548/3069 2939/5546/3067 
f 3277/5547/3068 3278/5549/3070 2964/5550/3070 2963/5548/3069 
f 3278/5549/3070 3279/5551/229 2966/5552/229 2964/5550/3070 
f 3280/5553/3071 2968/5554/3072 2966/5552/229 3279/5551/229 
f 3219/5446/3015 2971/5445/3014 2968/5554/3072 3280/5553/3071 
f 3116/5277/2878 3118/5283/2883 3248/5555/3073 3250/5495/2960 
f 3118/5283/2883 3120/5286/2886 3246/5556/3074 3248/5555/3073 
f 3120/5286/2886 3122/5289/2889 3244/5557/3075 3246/5556/3074 
f 3122/5289/2889 3124/5292/2892 3242/5558/3076 3244/5557/3075 
f 3124/5292/2892 3126/5295/2895 3240/5559/3077 3242/5558/3076 
f 3126/5295/2895 3128/5298/2898 3238/5560/3078 3240/5559/3077 
f 3128/5298/2898 3130/5301/2901 3237/5561/2901 3238/5560/3078 
f 3133/5305/2905 3235/5562/3079 3237/5561/2901 3130/5301/2901 
f 3135/5308/2908 3233/5563/3080 3235/5562/3079 3133/5305/2905 
f 3137/5311/2911 3231/5564/3081 3233/5563/3080 3135/5308/2908 
f 3139/5314/2914 3229/5565/3082 3231/5564/3081 3137/5311/2911 
f 3141/5317/2917 3227/5566/3083 3229/5565/3082 3139/5314/2914 
f 3143/5320/2920 3225/5567/3084 3227/5566/3083 3141/5317/2917 
f 3145/5323/2923 3189/5398/2978 3225/5567/3084 3143/5320/2920 
f 3198/5440/3009 3216/5439/3009 3194/5410/2982 3193/5409/2982 
f 2976/5107/2719 2973/5104/2716 3210/5431/3003 3209/5430/3002 
f 2979/5110/2722 2976/5107/2719 3209/5430/3002 3207/5429/3001 
f 2981/5114/2726 2979/5113/2725 3207/5426/2998 3206/5425/2997 
f 3206/5425/2997 3162/5354/2946 2983/5117/2729 2981/5114/2726 
f 3281/5568/3085 3282/5569/3086 3097/5246/2852 3004/5141/2753 
f 3282/5569/3086 3283/5570/3087 3094/5243/2849 3097/5246/2852 
f 3282/5571/3088 3281/5572/3089 3284/5573/3089 3285/5574/3090 
f 3283/5575/3091 3282/5571/3088 3285/5574/3090 3286/5576/3092 
f 3287/5577/3093 3283/5575/3091 3286/5576/3092 3288/5578/3094 
f 3283/5570/3087 3287/5579/3095 3091/5240/2846 3094/5243/2849 
f 3289/5580/3096 3287/5577/3093 3288/5578/3094 3290/5581/3097 
f 3287/5579/3095 3289/5582/3098 3088/5237/2843 3091/5240/2846 
f 3291/5583/3099 3289/5580/3096 3290/5581/3097 3292/5584/3100 
f 3289/5582/3098 3291/5585/3101 3085/5234/2840 3088/5237/2843 
f 3293/5586/2670 3291/5583/3099 3292/5584/3100 3294/5587/3102 
f 3291/5585/3101 3293/5588/3103 3082/5231/2837 3085/5234/2840 
f 3295/5589/2929 3293/5586/2670 3294/5587/3102 3296/5590/2979 
f 3293/5588/3103 3295/5591/3104 3079/5226/2832 3082/5231/2837 
f 3297/5592/3105 3295/5589/2929 3296/5590/2979 3298/5593/3105 
f 3295/5591/3104 3297/5594/3106 3076/5227/2833 3079/5226/2832 
f 3299/5595/82 3297/5596/82 3298/5597/82 3300/5598/82 
f 3297/5599/2428 3299/5600/2428 3073/5221/2828 3076/5220/2828 
f 3301/5601/2033 3299/5602/3107 3300/5603/3107 3302/5604/2923 
f 3299/5605/2658 3301/5606/3108 3070/5213/2822 3073/5216/2825 
f 3303/5607/2883 3301/5601/2033 3302/5604/2923 3304/5608/2977 
f 3301/5606/3108 3303/5609/3109 3067/5210/2819 3070/5213/2822 
f 3305/5610/3110 3303/5607/2883 3304/5608/2977 3306/5611/3111 
f 3303/5609/3109 3305/5612/3112 3064/5207/2816 3067/5210/2819 
f 3307/5613/3113 3305/5610/3110 3306/5611/3111 3308/5614/3114 
f 3305/5612/3112 3307/5615/3115 3061/5204/2813 3064/5207/2816 
f 3309/5616/3116 3307/5613/3113 3308/5614/3114 3310/5617/3117 
f 3307/5615/3115 3309/5618/3118 3058/5201/2810 3061/5204/2813 
f 3311/5619/3119 3309/5616/3116 3310/5617/3117 3312/5620/3120 
f 3309/5618/3118 3311/5621/3121 3055/5198/2807 3058/5201/2810 
f 3313/5622/3122 3311/5619/3119 3312/5620/3120 3314/5623/3122 
f 3311/5621/3121 3313/5624/3123 3052/5195/2804 3055/5198/2807 
f 3315/5625/2902 3313/5622/3122 3314/5623/3122 3316/5626/2902 
f 3313/5624/3123 3315/5627/3124 3049/5192/2801 3052/5195/2804 
f 3315/5625/2902 3316/5626/2902 3317/5628/3125 3318/5629/3125 
f 3318/5630/3126 3046/5189/2798 3049/5192/2801 3315/5627/3124 
f 3318/5629/3125 3317/5628/3125 3319/5631/3127 3320/5632/3128 
f 3320/5633/3129 3043/5186/2795 3046/5189/2798 3318/5630/3126 
f 3320/5632/3128 3319/5631/3127 3321/5634/3130 3322/5635/3131 
f 3322/5636/3132 3040/5183/2792 3043/5186/2795 3320/5633/3129 
f 3322/5635/3131 3321/5634/3130 3323/5637/3133 3324/5638/3134 
f 3324/5639/3135 3037/5180/2789 3040/5183/2792 3322/5636/3132 
f 3324/5638/3134 3323/5637/3133 3325/5640/3136 3326/5641/3137 
f 3326/5642/3138 3034/5177/2786 3037/5180/2789 3324/5639/3135 
f 3326/5641/3137 3325/5640/3136 3327/5643/3038 3328/5644/2920 
f 3328/5645/3139 3031/5174/2783 3034/5177/2786 3326/5642/3138 
f 3328/5644/2920 3327/5643/3038 3329/5646/2878 3330/5647/3140 
f 3330/5648/3141 3028/5168/2777 3031/5174/2783 3328/5645/3139 
f 3330/5647/3140 3329/5646/2878 3331/5649/3142 3332/5650/3142 
f 3332/5651/2969 3024/5169/2778 3028/5168/2777 3330/5648/3141 
f 3331/5652/115 3333/5653/115 3334/5654/115 3332/5655/115 
f 3022/5162/2773 3024/5161/2773 3332/5656/2362 3334/5657/2362 
f 3334/5658/3143 3333/5659/3143 3335/5660/2671 3336/5661/2872 
f 3336/5662/3144 3019/5156/2768 3022/5159/2771 3334/5663/3145 
f 3336/5661/2872 3335/5660/2671 3337/5664/3146 3338/5665/3147 
f 3338/5666/3148 3016/5153/2765 3019/5156/2768 3336/5662/3144 
f 3338/5665/3147 3337/5664/3146 3339/5667/3149 3340/5668/3150 
f 3340/5669/3151 3013/5150/2762 3016/5153/2765 3338/5666/3148 
f 3340/5668/3150 3339/5667/3149 3341/5670/3152 3342/5671/3153 
f 3342/5672/3154 3010/5147/2759 3013/5150/2762 3340/5669/3151 
f 3342/5671/3153 3341/5670/3152 3343/5673/3155 3344/5674/3156 
f 3344/5675/3157 3007/5144/2756 3010/5147/2759 3342/5672/3154 
f 3344/5674/3156 3343/5673/3155 3345/5676/3158 3346/5677/3159 
f 3346/5678/3160 3005/5142/2754 3007/5144/2756 3344/5675/3157 
f 3346/5677/3159 3345/5676/3158 3347/5679/3161 3348/5680/3162 
f 3348/5681/3163 3003/5140/2752 3005/5142/2754 3346/5678/3160 
f 3348/5680/3162 3347/5679/3161 3284/5573/3089 3281/5572/3089 
f 3281/5568/3085 3004/5141/2753 3003/5140/2752 3348/5681/3163 
f 3317/5682/3164 3347/5683/3165 3345/5684/3166 3319/5685/3167 
f 3316/5686/2362 3284/5687/2428 3347/5683/3165 3317/5682/3164 
f 3314/5688/3168 3285/5689/3169 3284/5687/2428 3316/5686/2362 
f 3319/5685/3167 3345/5684/3166 3343/5690/3170 3321/5691/3171 
f 3321/5691/3171 3343/5690/3170 3341/5692/3172 3323/5693/3173 
f 3323/5693/3173 3341/5692/3172 3339/5694/3174 3325/5695/3174 
f 3325/5695/3174 3339/5694/3174 3337/5696/3175 3327/5697/3176 
f 3327/5697/3176 3337/5696/3175 3335/5698/3177 3329/5699/3177 
f 3333/5700/2428 3331/5701/2428 3329/5699/3177 3335/5698/3177 
f 3312/5702/3178 3286/5703/3178 3285/5689/3169 3314/5688/3168 
f 3310/5704/3179 3288/5705/3179 3286/5703/3178 3312/5702/3178 
f 3308/5706/3180 3290/5707/3180 3288/5705/3179 3310/5704/3179 
f 3306/5708/3181 3292/5709/3181 3290/5707/3180 3308/5706/3180 
f 3304/5710/3182 3294/5711/3183 3292/5709/3181 3306/5708/3181 
f 3302/5712/3184 3296/5713/3185 3294/5711/3183 3304/5710/3182 
f 3296/5713/3185 3302/5712/3184 3300/5714/2362 3298/5715/2362 
f 2977/5108/2720 2956/5083/2700 2958/5084/2701 2974/5105/2717 
f 2974/5105/2717 2958/5084/2701 2960/5086/2703 2967/5096/2710 
f 3349/5716/1 3350/5717/1 3351/5718/203 
f 3349/5716/1 3351/5718/203 3352/5719/1 
f 3353/5720/1 3354/5721/1 3351/5718/203 
f 3355/5722/1 3351/5718/203 3354/5721/1 
f 3351/5718/203 3356/5723/1 3357/5724/1 
f 3351/5718/203 3357/5724/1 3358/5725/1 
f 3352/5719/1 3351/5718/203 3355/5722/1 
f 3359/5726/1 3353/5720/1 3351/5718/203 
f 3360/5727/1 3359/5726/1 3351/5718/203 
f 3361/5728/1 3360/5727/1 3351/5718/203 
f 3362/5729/1 3361/5728/1 3351/5718/203 
f 3358/5725/1 3362/5729/1 3351/5718/203 
f 3351/5718/203 3363/5730/203 3356/5723/1 
f 3351/5718/203 3364/5731/1 3363/5730/203 
f 3351/5718/203 3365/5732/1 3364/5731/1 
f 3351/5718/203 3366/5733/1 3365/5732/1 
f 3351/5718/203 3350/5717/1 3366/5733/1 
f 3367/5734/6 3368/5735/114 3369/5736/114 3370/5737/6 
f 3371/5738/82 3367/5734/6 3370/5737/6 3372/5739/82 
f 3372/5740/1 3370/5741/1 3373/5742/1 
f 3370/5741/1 3369/5743/1 3373/5742/1 
f 3374/5744/1 3375/5745/1 3373/5742/1 
f 3375/5745/1 3372/5740/1 3373/5742/1 
f 3376/5746/1 3374/5744/1 3373/5742/1 
f 3377/5747/1 3376/5746/1 3373/5742/1 
f 3378/5748/1 3377/5747/1 3373/5742/1 
f 3369/5743/1 3378/5748/1 3373/5742/1 
f 3368/5735/114 3379/5749/3 3378/5750/3 3369/5736/114 
f 3379/5749/3 3380/5751/115 3377/5752/115 3378/5750/3 
f 3379/5753/1 3381/5754/1 3382/5755/1 3380/5756/1 
f 3368/5757/1 3383/5758/1 3381/5754/1 3379/5753/1 
f 3383/5759/3186 3384/5760/3186 3385/5761/3187 3381/5762/3187 
f 3381/5762/3187 3385/5761/3187 3386/5763/82 3382/5764/82 
f 3382/5764/82 3386/5763/82 3387/5765/3188 3388/5766/3188 
f 3382/5755/1 3388/5767/1 3380/5756/1 
f 3388/5766/3188 3387/5765/3188 3389/5768/3189 3390/5769/3189 
f 3380/5756/1 3388/5767/1 3390/5770/1 3391/5771/1 
f 3390/5769/3189 3389/5768/3189 3392/5772/3190 3393/5773/3190 
f 3390/5770/1 3393/5774/1 3394/5775/1 3391/5771/1 
f 3376/5776/12 3377/5752/115 3380/5751/115 3391/5777/12 
f 3391/5777/12 3394/5778/72 3374/5779/72 3376/5776/12 
f 3394/5780/72 3395/5781/9 3375/5782/9 3374/5783/72 
f 3394/5775/1 3393/5774/1 3396/5784/203 3395/5785/1 
f 3395/5781/9 3371/5738/82 3372/5739/82 3375/5782/9 
f 3395/5785/1 3396/5784/203 3371/5786/1 
f 3397/5787/1 3396/5784/203 3398/5788/1 
f 3396/5784/203 3399/5789/1 3398/5788/1 
f 3400/5790/203 3396/5784/203 3401/5791/1 
f 3396/5784/203 3402/5792/1 3401/5791/1 
f 3396/5784/203 3403/5793/1 3399/5789/1 
f 3396/5784/203 3404/5794/1 3403/5793/1 
f 3396/5784/203 3405/5795/1 3404/5794/1 
f 3396/5784/203 3393/5774/1 3405/5795/1 
f 3406/5796/1 3407/5797/1 3408/5798/1 3396/5784/203 
f 3406/5796/1 3396/5784/203 3409/5799/1 
f 3409/5799/1 3396/5784/203 3410/5800/1 
f 3410/5800/1 3396/5784/203 3411/5801/1 
f 3411/5801/1 3396/5784/203 3397/5787/1 
f 3396/5784/203 3412/5802/1 3402/5792/1 
f 3396/5784/203 3413/5803/1 3412/5802/1 
f 3396/5784/203 3414/5804/1 3413/5803/1 
f 3396/5784/203 3408/5798/1 3415/5805/1 
f 3396/5784/203 3415/5805/1 3416/5806/1 
f 3416/5806/1 3417/5807/1 3396/5784/203 
f 3396/5784/203 3417/5807/1 3414/5804/1 
f 3418/5808/203 3396/5784/203 3400/5790/203 
f 3419/5809/1 3396/5784/203 3418/5808/203 
f 3420/5810/1 3396/5784/203 3419/5809/1 
f 3367/5811/1 3396/5784/203 3420/5810/1 
f 3371/5786/1 3396/5784/203 3367/5811/1 
f 3419/5812/3191 3421/5813/3191 3422/5814/9 3420/5815/9 
f 3420/5815/9 3422/5814/9 3423/5816/3192 3424/5817/3192 
f 3420/5810/1 3424/5818/1 3368/5757/1 3367/5811/1 
f 3424/5817/3192 3423/5816/3192 3384/5760/3186 3383/5759/3186 
f 3368/5757/1 3424/5818/1 3383/5758/1 
f 3422/5819/1 3425/5820/1 3426/5821/1 3423/5822/1 
f 3423/5822/1 3426/5821/1 3427/5823/1 3384/5824/1 
f 3428/5825/3 3429/5826/3193 3426/5827/3193 3425/5828/3 
f 3429/5826/3193 3430/5829/3194 3427/5830/3194 3426/5827/3193 
f 3430/5829/3194 3431/5831/3195 3432/5832/3195 3427/5830/3194 
f 3384/5824/1 3427/5823/1 3432/5833/1 3385/5834/1 
f 3431/5831/3195 3433/5835/115 3434/5836/115 3432/5832/3195 
f 3385/5834/1 3432/5833/1 3434/5837/1 3386/5838/1 
f 3433/5835/115 3435/5839/3196 3436/5840/3196 3434/5836/115 
f 3386/5838/1 3434/5837/1 3436/5841/1 3387/5842/1 
f 3435/5839/3196 3437/5843/3197 3438/5844/3197 3436/5840/3196 
f 3387/5842/1 3436/5841/1 3438/5845/1 3389/5846/1 
f 3437/5843/3197 3439/5847/3198 3440/5848/3198 3438/5844/3197 
f 3389/5846/1 3438/5845/1 3440/5849/1 3392/5850/1 
f 3439/5847/3198 3441/5851/12 3442/5852/12 3440/5848/3198 
f 3392/5850/1 3440/5849/1 3442/5853/1 3443/5854/1 
f 3393/5773/3190 3392/5772/3190 3443/5855/6 3405/5856/6 
f 3443/5855/6 3444/5857/3199 3404/5858/3199 3405/5856/6 
f 3443/5854/1 3442/5853/1 3445/5859/1 3444/5860/1 
f 3444/5857/3199 3446/5861/3200 3403/5862/3200 3404/5858/3199 
f 3444/5860/1 3445/5859/1 3447/5863/1 3446/5864/1 
f 3441/5851/12 3448/5865/3201 3445/5866/3201 3442/5852/12 
f 3448/5865/3201 3449/5867/3202 3447/5868/3202 3445/5866/3201 
f 3449/5867/3202 3450/5869/3203 3451/5870/3203 3447/5868/3202 
f 3446/5864/1 3447/5863/1 3451/5871/1 3452/5872/1 
f 3450/5869/3203 3453/5873/73 3454/5874/73 3451/5870/3203 
f 3452/5872/1 3451/5871/1 3454/5875/1 3455/5876/1 
f 3452/5877/3204 3455/5878/114 3398/5879/114 3399/5880/3204 
f 3446/5861/3200 3452/5877/3204 3399/5880/3204 3403/5862/3200 
f 3456/5881/3205 3397/5882/3205 3398/5883/114 3455/5884/114 
f 3456/5885/1 3455/5876/1 3454/5875/1 3457/5886/1 
f 3458/5887/3206 3411/5888/3206 3397/5882/3205 3456/5881/3205 
f 3458/5889/1 3456/5885/1 3457/5886/1 3459/5890/1 
f 3460/5891/3207 3459/5892/3207 3457/5893/3208 3461/5894/3208 
f 3461/5894/3208 3457/5893/3208 3454/5895/73 3453/5896/73 
f 3461/5897/1 3462/5898/1 3463/5899/1 3460/5900/1 
f 3453/5901/1 3464/5902/1 3462/5898/1 3461/5897/1 
f 3462/5903/114 3465/5904/114 3466/5905/114 3463/5906/114 
f 3464/5907/114 3467/5908/114 3465/5904/114 3462/5903/114 
f 3464/5907/114 3468/5909/114 3469/5910/114 3467/5908/114 
f 3468/5909/114 3470/5911/114 3471/5912/114 3469/5910/114 
f 3450/5913/1 3449/5914/1 3470/5915/1 3468/5916/1 
f 3453/5901/1 3450/5913/1 3468/5916/1 3464/5902/1 
f 3470/5911/114 3472/5917/229 3473/5918/229 3471/5912/114 
f 3449/5914/1 3448/5919/1 3472/5920/1 3470/5915/1 
f 3472/5917/229 3474/5921/114 3475/5922/114 3473/5918/229 
f 3448/5919/1 3441/5923/1 3474/5924/1 3472/5920/1 
f 3474/5925/82 3476/5926/82 3477/5927/82 3475/5928/82 
f 3476/5926/82 3478/5929/82 3479/5930/82 3477/5927/82 
f 3439/5931/1 3437/5932/1 3478/5933/1 3476/5934/1 
f 3441/5923/1 3439/5931/1 3476/5934/1 3474/5924/1 
f 3478/5929/82 3480/5935/82 3481/5936/82 3479/5930/82 
f 3437/5932/1 3435/5937/1 3480/5938/1 3478/5933/1 
f 3480/5935/82 3482/5939/82 3483/5940/82 3481/5936/82 
f 3435/5937/1 3433/5941/1 3482/5942/1 3480/5938/1 
f 3482/5939/82 3484/5943/82 3485/5944/82 3483/5940/82 
f 3484/5943/82 3486/5945/82 3487/5946/82 3485/5944/82 
f 3431/5947/1 3430/5948/1 3486/5949/1 3484/5950/1 
f 3433/5941/1 3431/5947/1 3484/5950/1 3482/5942/1 
f 3486/5945/82 3488/5951/82 3489/5952/82 3487/5946/82 
f 3430/5948/1 3429/5953/1 3488/5954/1 3486/5949/1 
f 3488/5951/82 3490/5955/82 3491/5956/82 3489/5952/82 
f 3429/5953/1 3428/5957/1 3490/5958/1 3488/5954/1 
f 3490/5959/72 3492/5960/72 3493/5961/72 3491/5962/72 
f 3492/5960/72 3494/5963/72 3495/5964/72 3493/5961/72 
f 3496/5965/1 3497/5966/1 3494/5967/1 3492/5968/1 
f 3428/5957/1 3496/5965/1 3492/5968/1 3490/5958/1 
f 3497/5969/3206 3496/5970/3209 3498/5971/3209 3499/5972/3206 
f 3496/5970/3209 3428/5825/3 3425/5828/3 3498/5971/3209 
f 3500/5973/1 3499/5974/1 3498/5975/1 3421/5976/1 
f 3421/5976/1 3498/5975/1 3425/5820/1 3422/5819/1 
f 3418/5977/3207 3500/5978/3207 3421/5813/3191 3419/5812/3191 
f 3400/5979/3208 3501/5980/3208 3500/5978/3207 3418/5977/3207 
f 3501/5981/1 3502/5982/1 3499/5974/1 3500/5973/1 
f 3401/5983/73 3503/5984/72 3501/5980/3208 3400/5979/3208 
f 3503/5985/1 3504/5986/1 3502/5982/1 3501/5981/1 
f 3505/5987/114 3506/5988/3205 3502/5989/3205 3504/5990/229 
f 3506/5988/3205 3497/5969/3206 3499/5972/3206 3502/5989/3205 
f 3507/5991/1 3506/5992/1 3505/5993/1 3508/5994/1 
f 3497/5966/1 3506/5992/1 3509/5995/1 3494/5967/1 
f 3506/5992/1 3507/5991/1 3509/5995/1 
f 3509/5996/73 3507/5997/73 3510/5998/73 3511/5999/73 
f 3507/5991/1 3508/5994/1 3512/6000/203 
f 3507/6001/8 3512/6002/3210 3513/6003/3210 3510/6004/8 
f 3512/6002/3210 3514/6005/3211 3515/6006/3211 3513/6003/3210 
f 3514/6005/3211 3516/6007/72 3517/6008/72 3515/6006/3211 
f 3512/6000/203 3508/5994/1 3514/6009/203 
f 3514/6009/203 3508/5994/1 3516/6010/1 
f 3518/6011/1 3516/6010/1 3508/5994/1 
f 3518/6012/3212 3519/6013/3212 3517/6008/72 3516/6007/72 
f 3520/6014/3213 3521/6015/3213 3519/6013/3212 3518/6012/3212 
f 3520/6016/1 3518/6011/1 3508/5994/1 
f 3522/6017/13 3523/6018/13 3521/6015/3213 3520/6014/3213 
f 3524/6019/72 3525/6020/72 3523/6021/72 3522/6022/72 
f 3526/6023/203 3524/6024/203 3522/6025/203 
f 3522/6025/203 3520/6016/1 3508/5994/1 
f 3522/6025/203 3508/5994/1 3505/5993/1 3526/6023/203 
f 3505/6026/114 3504/6027/229 3527/6028/3204 3526/6029/3204 
f 3526/6029/3204 3527/6028/3204 3528/6030/3200 3529/6031/3200 
f 3529/6032/1 3530/6033/1 3524/6024/203 3526/6023/203 
f 3529/6031/3200 3528/6030/3200 3531/6034/3199 3532/6035/3199 
f 3532/6036/1 3533/6037/1 3530/6033/1 3529/6032/1 
f 3530/6038/72 3534/6039/72 3525/6020/72 3524/6019/72 
f 3533/6040/72 3535/6041/72 3534/6039/72 3530/6038/72 
f 3536/6042/72 3537/6043/72 3535/6041/72 3533/6040/72 
f 3538/6044/115 3539/6045/115 3537/6046/115 3536/6047/115 
f 3540/6048/1 3536/6049/1 3533/6037/1 3532/6036/1 
f 3541/6050/1 3538/6051/1 3536/6049/1 3540/6048/1 
f 3532/6035/3199 3531/6034/3199 3542/6052/6 3540/6053/6 
f 3540/6053/6 3542/6052/6 3543/6054/3190 3541/6055/3190 
f 3541/6055/3190 3543/6054/3190 3544/6056/3189 3545/6057/3189 
f 3545/6058/1 3546/6059/1 3538/6051/1 3541/6050/1 
f 3545/6057/3189 3544/6056/3189 3547/6060/3188 3548/6061/3188 
f 3548/6062/1 3549/6063/1 3546/6059/1 3545/6058/1 
f 3546/6064/115 3550/6065/115 3539/6045/115 3538/6044/115 
f 3549/6066/115 3551/6067/115 3550/6065/115 3546/6064/115 
f 3552/6068/115 3553/6069/115 3551/6067/115 3549/6066/115 
f 3554/6070/115 3555/6071/115 3553/6069/115 3552/6068/115 
f 3556/6072/1 3552/6073/1 3549/6063/1 3548/6062/1 
f 3557/6074/1 3554/6075/1 3552/6073/1 3556/6072/1 
f 3548/6061/3188 3547/6060/3188 3558/6076/82 3556/6077/82 
f 3556/6077/82 3558/6076/82 3559/6078/3187 3557/6079/3187 
f 3557/6079/3187 3559/6078/3187 3560/6080/3186 3561/6081/3186 
f 3561/6082/1 3562/6083/1 3554/6075/1 3557/6074/1 
f 3561/6081/3186 3560/6080/3186 3563/6084/3192 3564/6085/3192 
f 3564/6086/1 3565/6087/1 3562/6083/1 3561/6082/1 
f 3562/6088/115 3566/6089/115 3555/6071/115 3554/6070/115 
f 3565/6090/115 3567/6091/115 3566/6089/115 3562/6088/115 
f 3568/6092/115 3569/6093/115 3567/6091/115 3565/6090/115 
f 3570/6094/114 3571/6095/114 3569/6096/114 3568/6097/114 
f 3572/6098/1 3568/6099/1 3565/6087/1 3564/6086/1 
f 3573/6100/1 3570/6101/1 3568/6099/1 3572/6098/1 
f 3564/6085/3192 3563/6084/3192 3574/6102/9 3572/6103/9 
f 3572/6103/9 3574/6102/9 3575/6104/3191 3573/6105/3191 
f 3573/6105/3191 3575/6104/3191 3459/5892/3207 3460/5891/3207 
f 3460/5900/1 3463/5899/1 3570/6101/1 3573/6100/1 
f 3576/6106/1 3577/6107/1 3575/6108/1 3574/6109/1 
f 3577/6107/1 3458/5889/1 3459/5890/1 3575/6108/1 
f 3577/6110/3209 3410/6111/3209 3411/5888/3206 3458/5887/3206 
f 3576/6112/3 3409/6113/3 3410/6111/3209 3577/6110/3209 
f 3406/6114/3193 3409/6113/3 3576/6112/3 3578/6115/3193 
f 3578/6116/1 3576/6106/1 3574/6109/1 3563/6117/1 
f 3579/6118/3194 3406/6114/3193 3578/6115/3193 3580/6119/3194 
f 3580/6120/1 3578/6116/1 3563/6117/1 3560/6121/1 
f 3581/6122/3195 3579/6118/3194 3580/6119/3194 3582/6123/3195 
f 3582/6124/1 3580/6120/1 3560/6121/1 3559/6125/1 
f 3583/6126/115 3581/6122/3195 3582/6123/3195 3584/6127/115 
f 3584/6128/1 3582/6124/1 3559/6125/1 3558/6129/1 
f 3585/6130/3196 3583/6126/115 3584/6127/115 3586/6131/3196 
f 3586/6132/1 3584/6128/1 3558/6129/1 3547/6133/1 
f 3587/6134/3197 3585/6130/3196 3586/6131/3196 3588/6135/3197 
f 3588/6136/1 3586/6132/1 3547/6133/1 3544/6137/1 
f 3417/6138/3198 3587/6134/3197 3588/6135/3197 3589/6139/3198 
f 3589/6140/1 3588/6136/1 3544/6137/1 3543/6141/1 
f 3414/6142/12 3417/6138/3198 3589/6139/3198 3590/6143/12 
f 3590/6144/1 3589/6140/1 3543/6141/1 3542/6145/1 
f 3413/6146/3201 3414/6142/12 3590/6143/12 3591/6147/3201 
f 3591/6148/1 3590/6144/1 3542/6145/1 3531/6149/1 
f 3412/6150/3202 3413/6146/3201 3591/6147/3201 3592/6151/3202 
f 3592/6152/1 3591/6148/1 3531/6149/1 3528/6153/1 
f 3402/6154/3203 3412/6150/3202 3592/6151/3202 3593/6155/3203 
f 3593/6156/1 3592/6152/1 3528/6153/1 3527/6157/1 
f 3401/6158/73 3402/6154/3203 3593/6155/3203 3503/6159/72 
f 3503/5985/1 3593/6156/1 3527/6157/1 3504/5986/1 
f 3587/6160/1 3417/5807/1 3416/5806/1 3594/6161/1 
f 3587/6160/1 3594/6161/1 3595/6162/203 3585/6163/1 
f 3416/6164/3 3596/6165/3 3597/6166/229 3594/6167/229 
f 3594/6167/229 3597/6166/229 3598/6168/6 3595/6169/6 
f 3595/6169/6 3598/6168/6 3599/6170/82 3600/6171/82 
f 3585/6163/1 3595/6162/203 3600/6172/1 3583/6173/1 
f 3601/6174/9 3602/6175/9 3600/6171/82 3599/6170/82 
f 3581/6176/203 3600/6172/1 3602/6177/203 3579/6178/1 
f 3583/6173/1 3600/6172/1 3581/6176/203 
f 3602/6175/9 3601/6174/9 3603/6179/73 3407/6180/73 
f 3579/6178/1 3602/6177/203 3407/5797/1 3406/5796/1 
f 3407/6181/73 3603/6182/73 3604/6183/12 3408/6184/12 
f 3603/6185/1 3601/6186/1 3605/6187/1 
f 3604/6188/1 3603/6185/1 3605/6187/1 
f 3606/6189/1 3604/6188/1 3605/6187/1 
f 3601/6186/1 3599/6190/1 3605/6187/1 
f 3596/6191/1 3606/6189/1 3605/6187/1 
f 3597/6192/1 3596/6191/1 3605/6187/1 
f 3598/6193/1 3597/6192/1 3605/6187/1 
f 3599/6190/1 3598/6193/1 3605/6187/1 
f 3415/6194/115 3606/6195/115 3596/6165/3 3416/6164/3 
f 3408/6184/12 3604/6183/12 3606/6195/115 3415/6194/115 
f 3463/5906/114 3466/5905/114 3571/6095/114 3570/6094/114 
f 3494/5963/72 3509/5996/73 3511/5999/73 3495/5964/72 
f 3607/6196/3214 3608/6197/3215 3609/6198/6 3610/6199/229 
f 3608/6200/3215 3607/6201/3214 3611/6202/3216 3612/6203/3217 
f 3608/6197/3215 3613/6204/3218 3614/6205/82 3609/6198/6 
f 3613/6206/3218 3608/6200/3215 3612/6203/3217 3615/6207/3219 
f 3611/6202/3216 3616/6208/1686 3612/6203/3217 
f 3612/6203/3217 3616/6208/1686 3615/6207/3219 
f 3611/6202/3216 3617/6209/3220 3616/6208/1686 
f 3618/6210/3221 3619/6211/3222 3616/6208/1686 
f 3620/6212/3223 3616/6208/1686 3619/6211/3222 
f 3615/6207/3219 3616/6208/1686 3620/6212/3223 
f 3617/6209/3220 3621/6213/3224 3616/6208/1686 
f 3621/6213/3224 3618/6210/3221 3616/6208/1686 
f 3622/6214/3225 3617/6209/3220 3611/6202/3216 3607/6201/3214 
f 3623/6215/3226 3621/6213/3224 3617/6209/3220 3622/6214/3225 
f 3622/6216/3225 3607/6196/3214 3610/6199/229 3624/6217/3 
f 3623/6218/3226 3622/6216/3225 3624/6217/3 3625/6219/115 
f 3626/6220/3227 3623/6218/3226 3625/6219/115 3627/6221/12 
f 3628/6222/3228 3626/6220/3227 3627/6221/12 3629/6223/73 
f 3630/6224/3229 3628/6225/3228 3629/6226/73 3631/6227/9 
f 3613/6204/3218 3630/6224/3229 3631/6227/9 3614/6205/82 
f 3630/6228/3229 3613/6206/3218 3615/6207/3219 3620/6212/3223 
f 3628/6229/3228 3630/6228/3229 3620/6212/3223 3619/6211/3222 
f 3628/6229/3228 3619/6211/3222 3618/6210/3221 3626/6230/3227 
f 3626/6230/3227 3618/6210/3221 3621/6213/3224 3623/6215/3226 
f 3632/6231/1 3633/6232/1 3634/6233/1 3635/6234/1 
f 3636/6235/1 3633/6232/1 3632/6231/1 3637/6236/1 
f 3633/6237/3230 3636/6238/3231 3638/6239/3231 3639/6240/3230 
f 3633/6237/3230 3639/6240/3230 3640/6241/82 3634/6242/82 
f 3641/6243/3232 3632/6244/3232 3635/6245/115 3642/6246/115 
f 3643/6247/3233 3637/6248/3233 3632/6244/3232 3641/6243/3232 
f 3644/6249/3234 3645/6250/3234 3637/6248/3233 3643/6247/3233 
f 3646/6251/1 3636/6235/1 3637/6236/1 3645/6252/1 
f 3647/6253/1 3646/6251/1 3645/6252/1 3648/6254/1 
f 3649/6255/3235 3648/6256/3235 3645/6250/3234 3644/6249/3234 
f 3650/6257/1 3647/6253/1 3648/6254/1 3651/6258/1 
f 3652/6259/3236 3651/6260/3236 3648/6256/3235 3649/6255/3235 
f 3653/6261/3237 3654/6262/3237 3651/6260/3236 3652/6259/3236 
f 3655/6263/3238 3656/6264/3238 3654/6262/3237 3653/6261/3237 
f 3657/6265/1 3658/6266/1 3654/6267/1 3656/6268/1 
f 3658/6266/1 3650/6257/1 3651/6258/1 3654/6267/1 
f 3659/6269/1 3657/6265/1 3656/6268/1 3660/6270/1 
f 3661/6271/72 3660/6272/72 3656/6264/3238 3655/6263/3238 
f 3657/6273/3239 3659/6274/114 3662/6275/229 3663/6276/3239 
f 3658/6277/3240 3657/6273/3239 3663/6276/3239 3664/6278/3240 
f 3650/6279/3241 3658/6277/3240 3664/6278/3240 3665/6280/3241 
f 3647/6281/3242 3650/6279/3241 3665/6280/3241 3666/6282/3242 
f 3646/6283/3243 3647/6281/3242 3666/6282/3242 3667/6284/3243 
f 3636/6238/3231 3646/6283/3243 3667/6284/3243 3638/6239/3231 
f 3659/6274/114 3668/6285/3244 3669/6286/3244 3662/6275/229 
f 3668/6285/3244 3670/6287/3245 3671/6288/3245 3669/6286/3244 
f 3670/6289/1 3668/6290/1 3672/6291/1 3673/6292/1 
f 3668/6290/1 3659/6269/1 3660/6270/1 3672/6291/1 
f 3674/6293/3246 3673/6294/3246 3672/6295/3247 3675/6296/3247 
f 3675/6296/3247 3672/6295/3247 3660/6272/72 3661/6271/72 
f 3676/6297/3248 3677/6298/3248 3673/6294/3246 3674/6293/3246 
f 3678/6299/3249 3679/6300/3249 3677/6298/3248 3676/6297/3248 
f 3680/6301/1 3681/6302/1 3677/6303/1 3679/6304/1 
f 3681/6302/1 3670/6289/1 3673/6292/1 3677/6303/1 
f 3682/6305/1 3680/6301/1 3679/6304/1 3683/6306/1 
f 3684/6307/3250 3683/6308/3250 3679/6300/3249 3678/6299/3249 
f 3685/6309/1 3682/6305/1 3683/6306/1 3686/6310/1 
f 3687/6311/3251 3686/6312/3251 3683/6308/3250 3684/6307/3250 
f 3688/6313/3252 3689/6314/3252 3686/6312/3251 3687/6311/3251 
f 3689/6314/3252 3688/6313/3252 3690/6315/82 3691/6316/82 
f 3692/6317/1 3689/6318/1 3691/6319/1 3693/6320/1 
f 3694/6321/3253 3692/6322/3254 3693/6323/115 3695/6324/115 
f 3685/6325/3255 3692/6322/3254 3694/6321/3253 3696/6326/3255 
f 3692/6317/1 3685/6309/1 3686/6310/1 3689/6318/1 
f 3682/6327/3256 3685/6325/3255 3696/6326/3255 3697/6328/3256 
f 3680/6329/3257 3682/6327/3256 3697/6328/3256 3698/6330/3257 
f 3681/6331/3258 3680/6329/3257 3698/6330/3257 3699/6332/3258 
f 3670/6287/3245 3681/6331/3258 3699/6332/3258 3671/6288/3245 
f 3700/6333/1 3701/6334/1 3702/6335/3259 3703/6336/3260 
f 3703/6337/3261 3704/6338/3261 3705/6339/3261 3700/6340/3261 
f 3703/6336/3260 3702/6335/3259 3706/6341/3262 3707/6342/3263 
f 3703/6336/3260 3707/6342/3263 3708/6343/3264 3709/6344/3265 
f 3709/6344/3265 3708/6343/3264 3710/6345/3266 3711/6346/3267 
f 3709/6347/3268 3712/6348/3268 3704/6349/3269 3703/6350/3269 
f 3711/6351/3270 3713/6352/3270 3712/6348/3268 3709/6347/3268 
f 3711/6346/3267 3710/6345/3266 3714/6353/3271 3715/6354/3272 
f 3715/6355/3273 3716/6356/3273 3713/6352/3270 3711/6351/3270 
f 3717/6357/3274 3718/6358/3275 3716/6356/3273 3715/6355/3273 
f 3719/6359/3276 3720/6360/3276 3718/6358/3275 3717/6357/3274 
f 3715/6354/3272 3714/6353/3271 3721/6361/3277 3717/6362/3277 
f 3717/6362/3277 3721/6361/3277 3722/6363/3278 3719/6364/3279 
f 3719/6364/3279 3722/6363/3278 3723/6365/3280 3724/6366/3281 
f 3724/6366/3281 3723/6365/3280 3725/6367/3282 3726/6368/3282 
f 3724/6369/3283 3727/6370/3283 3720/6360/3276 3719/6359/3276 
f 3726/6371/72 3728/6372/72 3727/6370/3283 3724/6369/3283 
f 3726/6371/72 3729/6373/3284 3730/6374/3285 3728/6372/72 
f 3729/6373/3284 3731/6375/3286 3732/6376/3286 3730/6374/3285 
f 3729/6377/3287 3733/6378/3288 3734/6379/3289 3731/6380/3290 
f 3726/6368/3282 3725/6367/3282 3733/6378/3288 3729/6377/3287 
f 3731/6380/3290 3734/6379/3289 3735/6381/3291 3736/6382/3291 
f 3736/6382/3291 3735/6381/3291 3737/6383/3292 3738/6384/3293 
f 3736/6385/3294 3738/6386/3295 3739/6387/3295 3740/6388/3294 
f 3731/6375/3286 3736/6385/3294 3740/6388/3294 3732/6376/3286 
f 3738/6386/3295 3741/6389/3296 3742/6390/3296 3739/6387/3295 
f 3741/6389/3296 3743/6391/3297 3744/6392/3297 3742/6390/3296 
f 3743/6391/3297 3745/6393/3298 3746/6394/3298 3744/6392/3297 
f 3745/6395/3299 3747/6396/3299 3748/6397/3299 3746/6398/3299 
f 3745/6399/3300 3749/6400/3301 3750/6401/1 3747/6402/1 
f 3743/6403/3302 3751/6404/3303 3752/6405/3304 3745/6399/3300 
f 3752/6405/3304 3753/6406/3305 3749/6400/3301 3745/6399/3300 
f 3741/6407/3306 3754/6408/3307 3751/6404/3303 3743/6403/3302 
f 3738/6384/3293 3737/6383/3292 3754/6408/3307 3741/6407/3306 
f 3755/6409/73 3756/6410/73 3757/6411/3308 3758/6412/3308 
f 3759/6413/3309 3760/6414/3309 3756/6415/73 3755/6416/73 
f 3761/6417/3310 3762/6418/3310 3760/6414/3309 3759/6413/3309 
f 3760/6419/203 3762/6420/1 3763/6421/1 
f 3756/6422/203 3760/6419/203 3763/6421/1 
f 3757/6423/1 3756/6422/203 3763/6421/1 
f 3764/6424/203 3765/6425/203 3763/6421/1 
f 3765/6425/203 3766/6426/203 3763/6421/1 
f 3766/6426/203 3767/6427/203 3763/6421/1 
f 3768/6428/1 3769/6429/1 3763/6421/1 
f 3769/6429/1 3770/6430/1 3763/6421/1 
f 3770/6430/1 3771/6431/1 3763/6421/1 
f 3772/6432/1 3773/6433/1 3763/6421/1 
f 3773/6433/1 3774/6434/1 3763/6421/1 
f 3774/6434/1 3775/6435/1 3763/6421/1 
f 3767/6427/203 3757/6423/1 3763/6421/1 
f 3771/6431/1 3776/6436/203 3763/6421/1 
f 3776/6436/203 3764/6424/203 3763/6421/1 
f 3775/6435/1 3777/6437/1 3763/6421/1 
f 3777/6437/1 3768/6428/1 3763/6421/1 
f 3762/6420/1 3772/6432/1 3763/6421/1 
f 3778/6438/3311 3773/6439/3311 3772/6440/3210 3779/6441/3210 
f 3779/6441/3210 3772/6440/3210 3762/6418/3310 3761/6417/3310 
f 3780/6442/3312 3774/6443/3312 3773/6439/3311 3778/6438/3311 
f 3781/6444/3313 3775/6445/3313 3774/6443/3312 3780/6442/3312 
f 3782/6446/3314 3777/6447/3314 3775/6445/3313 3781/6444/3313 
f 3783/6448/3315 3768/6449/3315 3777/6447/3314 3782/6446/3314 
f 3784/6450/114 3769/6451/114 3768/6449/3315 3783/6448/3315 
f 3785/6452/3316 3770/6453/3316 3769/6454/114 3784/6455/114 
f 3786/6456/3317 3771/6457/3317 3770/6453/3316 3785/6452/3316 
f 3787/6458/3318 3776/6459/3318 3771/6457/3317 3786/6456/3317 
f 3788/6460/3319 3764/6461/3319 3776/6459/3318 3787/6458/3318 
f 3789/6462/3320 3765/6463/3320 3764/6461/3319 3788/6460/3319 
f 3790/6464/3213 3766/6465/3213 3765/6463/3320 3789/6462/3320 
f 3791/6466/3321 3767/6467/3321 3766/6465/3213 3790/6464/3213 
f 3758/6412/3308 3757/6411/3308 3767/6467/3321 3791/6466/3321 
f 3792/6468/72 3793/6469/72 3794/6470/3308 3795/6471/3308 
f 3796/6472/3309 3797/6473/3309 3793/6469/72 3792/6468/72 
f 3798/6474/3310 3799/6475/3310 3797/6473/3309 3796/6472/3309 
f 3797/6476/1 3799/6477/1 3800/6478/1 
f 3793/6479/1 3797/6476/1 3800/6478/1 
f 3794/6480/1 3793/6479/1 3800/6478/1 
f 3799/6477/1 3801/6481/1 3800/6478/1 
f 3802/6482/203 3803/6483/203 3800/6478/1 
f 3803/6483/203 3804/6484/1 3800/6478/1 
f 3801/6481/1 3805/6485/1 3800/6478/1 
f 3805/6485/1 3806/6486/1 3800/6478/1 
f 3804/6484/1 3807/6487/1 3800/6478/1 
f 3807/6487/1 3794/6480/1 3800/6478/1 
f 3808/6488/82 3806/6489/82 3805/6490/3322 3809/6491/3322 
f 3809/6491/3322 3805/6490/3322 3801/6492/3210 3810/6493/3210 
f 3810/6493/3210 3801/6492/3210 3799/6475/3310 3798/6474/3310 
f 3795/6471/3308 3794/6470/3308 3807/6494/3321 3811/6495/3321 
f 3811/6495/3321 3807/6494/3321 3804/6496/3213 3812/6497/3213 
f 3812/6497/3213 3804/6496/3213 3803/6498/3323 3813/6499/3323 
f 3813/6499/3323 3803/6498/3323 3802/6500/115 3814/6501/115 
f 3815/6502/72 3816/6503/3309 3817/6504/3309 3818/6505/72 
f 3819/6506/3308 3815/6502/72 3818/6505/72 3820/6507/3308 
f 3821/6508/3321 3819/6506/3308 3820/6507/3308 3822/6509/3321 
f 3820/6510/1 3823/6511/1 3822/6512/1 
f 3818/6513/1 3823/6511/1 3820/6510/1 
f 3817/6514/1 3823/6511/1 3818/6513/1 
f 3822/6512/1 3823/6511/1 3824/6515/1 
f 3825/6516/1 3823/6511/1 3826/6517/1 
f 3826/6517/1 3823/6511/1 3827/6518/1 
f 3824/6515/1 3823/6511/1 3828/6519/1 
f 3828/6519/1 3823/6511/1 3829/6520/1 
f 3827/6518/1 3823/6511/1 3830/6521/1 
f 3830/6521/1 3823/6511/1 3817/6514/1 
f 3831/6522/115 3832/6523/3323 3828/6524/3323 3829/6525/115 
f 3832/6523/3323 3833/6526/3213 3824/6527/3213 3828/6524/3323 
f 3833/6526/3213 3821/6508/3321 3822/6509/3321 3824/6527/3213 
f 3816/6503/3309 3834/6528/3310 3830/6529/3310 3817/6504/3309 
f 3834/6528/3310 3835/6530/3210 3827/6531/3210 3830/6529/3310 
f 3835/6530/3210 3836/6532/3322 3826/6533/3322 3827/6531/3210 
f 3836/6532/3322 3837/6534/82 3825/6535/82 3826/6533/3322 
f 3838/6536/3324 3839/6537/3324 3840/6538/3324 3841/6539/3324 
f 3841/6540/14 3842/6541/14 3843/6542/14 3838/6543/14 
f 3840/6544/3325 3844/6545/3326 3842/6546/3326 3841/6547/3325 
f 3839/6548/1 3845/6549/1 3844/6550/1 3840/6551/1 
f 3845/6552/3327 3843/6553/3327 3842/6554/3327 3844/6555/3327 
f 3838/6556/3328 3843/6557/3328 3845/6558/3328 3839/6559/3328 
f 3846/6560/764 3847/6561/764 3848/6562/3318 3849/6563/3318 
f 3850/6564/3213 3851/6565/3213 3847/6561/764 3846/6560/764 
f 3852/6566/3212 3853/6567/3212 3851/6565/3213 3850/6564/3213 
f 3851/6568/3329 3853/6569/3330 3854/6570/3331 3855/6571/3332 
f 3847/6572/3333 3851/6568/3329 3855/6571/3332 3856/6573/3334 
f 3855/6571/3332 3854/6570/3331 3857/6574/3335 3858/6575/3336 
f 3856/6573/3334 3855/6571/3332 3858/6575/3336 3859/6576/3337 
f 3858/6577/3338 3857/6578/3339 3860/6579/3339 3861/6580/3338 
f 3859/6581/3340 3858/6577/3338 3861/6580/3338 3862/6582/3340 
f 3861/6583/1 3860/6584/1 3863/6585/203 
f 3862/6586/1 3861/6583/1 3863/6585/203 
f 3864/6587/1 3862/6586/1 3863/6585/203 
f 3865/6588/1 3864/6587/1 3863/6585/203 
f 3866/6589/203 3867/6590/203 3863/6585/203 
f 3867/6590/203 3868/6591/203 3863/6585/203 
f 3868/6591/203 3869/6592/1 3863/6585/203 
f 3869/6592/1 3865/6588/1 3863/6585/203 
f 3860/6584/1 3870/6593/203 3863/6585/203 
f 3870/6593/203 3871/6594/203 3863/6585/203 
f 3871/6594/203 3872/6595/203 3863/6585/203 
f 3872/6595/203 3866/6589/203 3863/6585/203 
f 3873/6596/3341 3874/6597/3342 3866/6598/3342 3872/6599/3341 
f 3875/6600/3343 3873/6596/3341 3872/6599/3341 3871/6601/3343 
f 3876/6602/3344 3877/6603/3345 3874/6604/3346 3873/6605/3347 
f 3878/6606/3348 3876/6602/3344 3873/6605/3347 3875/6607/3349 
f 3879/6608/3350 3880/6609/3351 3877/6603/3345 3876/6602/3344 
f 3881/6610/3352 3879/6608/3350 3876/6602/3344 3878/6606/3348 
f 3882/6611/747 3880/6612/747 3879/6613/3210 3883/6614/3210 
f 3883/6614/3210 3879/6613/3210 3881/6615/3211 3884/6616/3211 
f 3884/6616/3211 3881/6615/3211 3885/6617/73 3886/6618/73 
f 3885/6619/3353 3881/6610/3352 3878/6606/3348 3887/6620/3354 
f 3886/6621/73 3885/6622/73 3853/6567/3212 3852/6566/3212 
f 3853/6569/3330 3885/6619/3353 3887/6620/3354 3854/6570/3331 
f 3887/6620/3354 3878/6606/3348 3875/6607/3349 3888/6623/3355 
f 3854/6570/3331 3887/6620/3354 3888/6623/3355 3857/6574/3335 
f 3888/6624/3356 3875/6600/3343 3871/6601/3343 3870/6625/3356 
f 3857/6578/3339 3888/6626/3356 3870/6627/3356 3860/6579/3339 
f 3889/6628/3313 3890/6629/3313 3880/6612/747 3882/6611/747 
f 3891/6630/3357 3892/6631/3357 3890/6629/3313 3889/6628/3313 
f 3890/6632/3358 3892/6633/3359 3893/6634/3360 3894/6635/3361 
f 3880/6609/3351 3890/6632/3358 3894/6635/3361 3877/6603/3345 
f 3894/6635/3361 3893/6634/3360 3895/6636/3362 3896/6637/3363 
f 3877/6603/3345 3894/6635/3361 3896/6637/3363 3874/6604/3346 
f 3896/6638/3364 3895/6639/3365 3868/6640/3365 3867/6641/3364 
f 3874/6597/3342 3896/6638/3364 3867/6641/3364 3866/6598/3342 
f 3895/6639/3365 3897/6642/3366 3869/6643/3366 3868/6640/3365 
f 3893/6634/3360 3898/6644/3367 3897/6645/3368 3895/6636/3362 
f 3897/6642/3366 3899/6646/3369 3865/6647/3369 3869/6643/3366 
f 3898/6644/3367 3900/6648/3370 3899/6649/3371 3897/6645/3368 
f 3901/6650/3372 3902/6651/3373 3900/6648/3370 3898/6644/3367 
f 3892/6633/3359 3901/6650/3372 3898/6644/3367 3893/6634/3360 
f 3903/6652/3374 3902/6653/3374 3901/6654/229 3904/6655/229 
f 3904/6655/229 3901/6654/229 3892/6631/3357 3891/6630/3357 
f 3849/6563/3318 3848/6562/3318 3902/6653/3374 3903/6652/3374 
f 3902/6651/3373 3848/6656/3375 3905/6657/3376 3900/6648/3370 
f 3848/6656/3375 3847/6572/3333 3856/6573/3334 3905/6657/3376 
f 3905/6657/3376 3856/6573/3334 3859/6576/3337 3906/6658/3377 
f 3900/6648/3370 3905/6657/3376 3906/6658/3377 3899/6649/3371 
f 3906/6659/3378 3859/6581/3340 3862/6582/3340 3864/6660/3378 
f 3899/6646/3369 3906/6659/3378 3864/6660/3378 3865/6647/3369 
f 3907/6661/6 3908/6662/3 3909/6663/3 3910/6664/6 
f 3909/6665/3 3908/6666/3 3911/6667/12 3912/6668/12 
f 3913/6669/9 3912/6670/12 3911/6671/12 3914/6672/9 
f 3907/6673/6 3910/6674/6 3913/6675/9 3914/6676/9 
f 3915/6677/3 3916/6678/3 3917/6679/6 3918/6680/6 
f 3917/6681/6 3919/6682/9 3920/6683/9 3918/6684/6 
f 3921/6685/12 3922/6686/12 3920/6687/9 3919/6688/9 
f 3915/6689/3 3922/6690/12 3921/6691/12 3916/6692/3 
f 3923/6693/3 3924/6694/3 3925/6695/6 3926/6696/6 
f 3925/6697/6 3927/6698/9 3928/6699/9 3926/6700/6 
f 3929/6701/12 3930/6702/12 3928/6703/9 3927/6704/9 
f 3923/6705/3 3930/6706/12 3929/6707/12 3924/6708/3 
f 3931/6709/3 3932/6710/3 3933/6711/6 3934/6712/6 
f 3933/6713/6 3935/6714/9 3936/6715/9 3934/6716/6 
f 3937/6717/12 3938/6718/12 3936/6719/9 3935/6720/9 
f 3931/6721/3 3938/6722/12 3937/6723/12 3932/6724/3 
f 3939/6725/3 3940/6726/3 3941/6727/6 3942/6728/6 
f 3941/6729/6 3943/6730/9 3944/6731/9 3942/6732/6 
f 3945/6733/12 3946/6734/12 3944/6735/9 3943/6736/9 
f 3939/6737/3 3946/6738/12 3945/6739/12 3940/6740/3 
f 3947/6741/6 3948/6742/3 3949/6743/3 3950/6744/6 
f 3949/6745/3 3948/6746/3 3951/6747/12 3952/6748/12 
f 3953/6749/9 3952/6750/12 3951/6751/12 3954/6752/9 
f 3947/6753/6 3950/6754/6 3953/6755/9 3954/6756/9 
f 3955/6757/6 3956/6758/3 3957/6759/3 3958/6760/6 
f 3957/6761/3 3956/6762/3 3959/6763/12 3960/6764/12 
f 3961/6765/9 3960/6766/12 3959/6767/12 3962/6768/9 
f 3955/6769/6 3958/6770/6 3961/6771/9 3962/6772/9 
f 3963/6773/3 3964/6774/3 3965/6775/6 3966/6776/6 
f 3965/6777/6 3967/6778/9 3968/6779/9 3966/6780/6 
f 3969/6781/12 3970/6782/12 3968/6783/9 3967/6784/9 
f 3963/6785/3 3970/6786/12 3969/6787/12 3964/6788/3 
f 3971/6789/3379 3972/6790/3379 3973/6791/9 3974/6792/9 
f 3973/6793/12 3972/6794/3380 3975/6795/3380 3976/6796/12 
f 3971/6789/3379 3977/6797/3381 3978/6798/3382 3972/6790/3379 
f 3972/6794/3380 3978/6799/3382 3979/6800/3383 3975/6795/3380 
f 3975/6801/3384 3979/6802/3383 3980/6803/3385 3981/6804/3384 
f 3982/6805/3 3976/6806/3 3975/6801/3384 3981/6804/3384 
f 3981/6807/3386 3980/6808/3385 3977/6809/3381 3971/6810/3386 
f 3971/6810/3386 3974/6811/6 3982/6812/6 3981/6807/3386 
f 3978/6813/3382 3977/6814/3381 3980/6815/3385 3979/6816/3383 
f 3983/6817/3380 3984/6818/12 3985/6819/12 3986/6820/3380 
f 3985/6821/9 3987/6822/9 3988/6823/3379 3986/6824/3379 
f 3983/6817/3380 3986/6820/3380 3989/6825/3382 3990/6826/3387 
f 3986/6824/3379 3988/6823/3379 3991/6827/3381 3989/6828/3382 
f 3988/6829/3386 3992/6830/3386 3993/6831/3388 3991/6832/3381 
f 3994/6833/6 3992/6830/3386 3988/6829/3386 3987/6834/6 
f 3992/6835/3384 3983/6836/3384 3990/6837/3387 3993/6838/3388 
f 3983/6836/3384 3992/6835/3384 3994/6839/3 3984/6840/3 
f 3989/6841/3382 3991/6842/3381 3993/6843/3388 3990/6844/3387 
f 3995/6845/3389 3996/6846/2104 3997/6847/2105 3998/6848/3389 
f 3995/6845/3389 3998/6848/3389 3999/6849/2106 4000/6850/2106 
f 4001/6851/3390 3995/6845/3389 4000/6850/2106 4002/6852/2107 
f 4001/6851/3390 4003/6853/2109 3996/6846/2104 3995/6845/3389 
f 4004/6854/3391 4005/6855/3392 3997/6856/2105 3996/6857/2104 
f 4004/6854/3391 3996/6857/2104 4003/6858/2109 4006/6859/2112 
f 4006/6859/2112 4003/6858/2109 4007/6860/3393 4008/6861/2114 
f 4009/6862/3394 4007/6863/3393 4003/6853/2109 4001/6851/3390 
f 4010/6864/3395 4011/6865/2117 4007/6866/3393 4009/6867/3394 
f 4008/6861/2114 4007/6860/3393 4011/6868/2117 4012/6869/2119 
f 4013/6870/3396 4008/6871/2114 4012/6872/2119 4014/6873/3397 
f 4015/6874/3398 4006/6875/2112 4008/6876/2114 4013/6877/3396 
f 4015/6874/3398 4013/6877/3396 4016/6878/3399 4017/6879/2124 
f 4013/6870/3396 4014/6873/3397 4018/6880/2127 4016/6881/3399 
f 4014/6873/3397 4019/6882/3400 4020/6883/2129 4018/6880/2127 
f 4019/6882/3400 4021/6884/3401 4022/6885/3402 4020/6883/2129 
f 4014/6873/3397 4012/6872/2119 4023/6886/3403 4019/6882/3400 
f 4019/6882/3400 4023/6886/3403 4024/6887/3404 4021/6884/3401 
f 4023/6888/3403 4025/6889/2135 4026/6890/2136 4024/6891/3404 
f 4012/6869/2119 4011/6868/2117 4025/6889/2135 4023/6888/3403 
f 4024/6891/3404 4026/6890/2136 4027/6892/3405 4028/6893/2138 
f 4021/6894/3401 4024/6895/3404 4028/6896/2138 4029/6897/3406 
f 4029/6897/3406 4028/6896/2138 4027/6898/3405 4030/6899/3407 
f 4030/6899/3407 4027/6898/3405 4026/6900/2136 4031/6901/3408 
f 4029/6897/3406 4030/6899/3407 4032/6902/3409 4033/6903/3410 
f 4030/6899/3407 4031/6901/3408 4034/6904/3411 4032/6902/3409 
f 4031/6905/3408 4035/6906/3412 4036/6907/3413 4034/6908/3411 
f 4035/6906/3412 4010/6864/3395 4037/6909/2146 4036/6907/3413 
f 4035/6906/3412 4025/6910/2135 4011/6865/2117 4010/6864/3395 
f 4031/6905/3408 4026/6911/2136 4025/6910/2135 4035/6906/3412 
f 4010/6864/3395 4009/6867/3394 4038/6912/3414 4037/6909/2146 
f 4009/6862/3394 4001/6851/3390 4002/6852/2107 4038/6913/3414 
f 4021/6894/3401 4029/6897/3406 4033/6903/3410 4022/6914/3402 
f 4039/6915/3415 4015/6874/3398 4017/6879/2124 4040/6916/2153 
f 4041/6917/3416 4039/6915/3415 4040/6916/2153 4042/6918/2153 
f 4043/6919/3417 4044/6920/3418 4039/6921/3415 4041/6922/3416 
f 4044/6923/3418 4045/6924/3419 4004/6925/3391 4039/6926/3415 
f 4039/6915/3415 4004/6927/3391 4006/6875/2112 4015/6874/3398 
f 4046/6928/3420 4047/6929/3421 4044/6920/3418 4043/6919/3417 
f 4047/6930/3421 4048/6931/3422 4045/6924/3419 4044/6923/3418 
f 4048/6932/3422 4049/6933/3423 4050/6934/3424 4045/6935/3419 
f 4045/6935/3419 4050/6934/3424 4005/6936/3392 4004/6937/3391 
f 4051/6938/3425 4052/6939/3426 4049/6933/3423 4048/6932/3422 
f 4053/6940/3427 4051/6941/3425 4048/6931/3422 4047/6930/3421 
f 4054/6942/3428 4052/6939/3426 4051/6938/3425 4055/6943/3429 
f 4056/6944/3430 4055/6945/3429 4051/6941/3425 4053/6940/3427 
f 4057/6946/3431 4053/6947/3427 4047/6929/3421 4046/6928/3420 
f 4056/6948/3430 4053/6947/3427 4057/6946/3431 4058/6949/3432 
f 4046/6950/3420 4049/6951/3423 4052/6952/3426 4057/6953/3431 
f 4057/6953/3431 4052/6952/3426 4054/6954/3428 4058/6955/3432 
f 4058/6955/3432 4054/6954/3428 4059/6956/3433 4060/6957/3434 
f 4061/6958/3435 4056/6948/3430 4058/6949/3432 4060/6959/3434 
f 4060/6957/3434 4059/6956/3433 4062/6960/3436 4063/6961/3437 
f 4060/6959/3434 4063/6962/3437 4064/6963/3438 4061/6958/3435 
f 4064/6964/3438 4065/6965/3439 4066/6966/3440 4061/6967/3435 
f 4061/6967/3435 4066/6966/3440 4055/6945/3429 4056/6944/3430 
f 4066/6968/3440 4065/6969/3439 4062/6970/3436 4059/6971/3433 
f 4059/6971/3433 4054/6942/3428 4055/6943/3429 4066/6968/3440 
f 4067/6972/3441 4068/6973/3442 4065/6965/3439 4064/6964/3438 
f 4065/6969/3439 4068/6974/3442 4069/6975/3443 4062/6970/3436 
f 4063/6961/3437 4062/6960/3436 4069/6976/3443 4070/6977/3444 
f 4068/6974/3442 4071/6978/3445 4072/6979/3446 4069/6975/3443 
f 4070/6977/3444 4069/6976/3443 4072/6980/3446 4073/6981/3447 
f 4070/6982/3444 4073/6983/3447 4074/6984/3448 4067/6985/3441 
f 4063/6962/3437 4070/6982/3444 4067/6985/3441 4064/6963/3438 
f 4074/6986/3448 4071/6987/3445 4068/6973/3442 4067/6972/3441 
f 4074/6984/3448 4073/6983/3447 4075/6988/3449 4076/6989/3450 
f 4071/6987/3445 4074/6986/3448 4076/6990/3450 4077/6991/3451 
f 4076/6989/3450 4075/6988/3449 4078/6992/3452 4079/6993/3453 
f 4077/6991/3451 4076/6990/3450 4079/6994/3453 4080/6995/3454 
f 4078/6996/3452 4081/6997/3455 4080/6998/3454 4079/6999/3453 
f 4082/7000/3456 4077/7001/3451 4080/7002/3454 4081/7003/3455 
f 4075/7004/3449 4082/7005/3456 4081/7006/3455 4078/7007/3452 
f 4072/6979/3446 4071/6978/3445 4077/7001/3451 4082/7000/3456 
f 4073/6981/3447 4072/6980/3446 4082/7005/3456 4075/7004/3449 
f 4043/7008/3417 4050/7009/3424 4049/6951/3423 4046/6950/3420 
f 4041/7010/3416 4005/7011/3392 4050/7009/3424 4043/7008/3417 
f 3997/6856/2105 4005/6855/3392 4083/7012/2191 4084/7013/2192 
f 4085/7014/3457 4083/7015/2191 4005/7016/3392 4041/6917/3416 
f 4084/7013/2192 4083/7012/2191 4086/7017/2194 4087/7018/2195 
f 4088/7019/3458 4086/7020/2194 4083/7015/2191 4085/7014/3457 
f 4085/7014/3457 4041/6917/3416 4042/6918/2153 4089/7021/3459 
f 4088/7019/3458 4085/7014/3457 4089/7021/3459 4090/7022/2153 
f 4091/7023/3460 4088/7024/3458 4090/7025/2153 4092/7026/2200 
f 4093/7027/3461 4091/7023/3460 4092/7026/2200 4094/7028/3462 
f 4093/7027/3461 4095/7029/3463 4096/7030/2205 4091/7023/3460 
f 4091/7023/3460 4096/7030/2205 4086/7031/2194 4088/7024/3458 
f 4097/7032/3464 4098/7033/3465 4095/7029/3463 4093/7027/3461 
f 4097/7032/3464 4093/7027/3461 4094/7028/3462 4099/7034/3466 
f 4100/7035/3467 4101/7036/3468 4098/7037/3465 4097/7038/3464 
f 4100/7035/3467 4097/7038/3464 4099/7039/3466 4102/7040/3469 
f 4103/7041/3470 4100/7035/3467 4102/7040/3469 4104/7042/3471 
f 4105/7043/3472 4103/7041/3470 4104/7042/3471 4106/7044/3473 
f 4105/7043/3472 4107/7045/2216 4108/7046/3474 4103/7041/3470 
f 4103/7041/3470 4108/7046/3474 4101/7036/3468 4100/7035/3467 
f 4109/7047/3475 4110/7048/2220 4107/7049/2216 4105/7050/3472 
f 4109/7047/3475 4105/7050/3472 4106/7051/3473 4111/7052/3476 
f 4112/7053/3477 4113/7054/2226 4110/7048/2220 4109/7047/3475 
f 4112/7053/3477 4109/7047/3475 4111/7052/3476 4114/7055/2227 
f 4115/7056/3478 4112/7053/3477 4114/7055/2227 4116/7057/2106 
f 4117/7058/3479 4115/7059/3478 4116/7060/2106 4118/7061/2229 
f 4115/7056/3478 4087/7062/2195 4113/7054/2226 4112/7053/3477 
f 4117/7058/3479 4084/7063/2192 4087/7064/2195 4115/7059/3478 
f 4087/7018/2195 4086/7017/2194 4096/7065/2205 4113/7066/2226 
f 4113/7066/2226 4096/7065/2205 4095/7067/3463 4110/7068/2220 
f 3998/6848/3389 4117/7058/3479 4118/7061/2229 3999/6849/2106 
f 3998/6848/3389 3997/6847/2105 4084/7063/2192 4117/7058/3479 
f 4110/7068/2220 4095/7067/3463 4098/7069/3465 4107/7070/2216 
f 4107/7070/2216 4098/7069/3465 4101/7071/3468 4108/7072/3474 
f 4119/7073/3480 4120/7074/3481 4121/7075/3482 4122/7076/3483 
f 4122/7077/3483 4121/7078/3482 4123/7079/3484 4124/7080/82 
f 4120/7081/3481 4125/7082/2237 4123/7083/3484 4121/7084/3482 
f 4124/7080/82 4123/7079/3484 4126/7085/3485 4127/7086/82 
f 4125/7082/2237 4128/7087/2237 4126/7088/3485 4123/7083/3484 
f 4129/7089/3486 4130/7090/2240 4125/7082/2237 4120/7081/3481 
f 4130/7090/2240 4131/7091/2241 4128/7087/2237 4125/7082/2237 
f 4132/7092/3487 4133/7093/3488 4130/7090/2240 4129/7089/3486 
f 4133/7093/3488 4134/7094/3489 4131/7091/2241 4130/7090/2240 
f 4135/7095/3490 4133/7096/3488 4136/7097/3491 4137/7098/3492 
f 4138/7099/3493 4134/7100/3489 4133/7096/3488 4135/7095/3490 
f 4133/7093/3488 4132/7092/3487 4139/7101/3494 4136/7102/3491 
f 4137/7098/3492 4136/7097/3491 4140/7103/3495 4141/7104/3496 
f 4140/7105/3495 4136/7102/3491 4139/7101/3494 4142/7106/3497 
f 4141/7104/3496 4140/7103/3495 4143/7107/3498 4144/7108/3499 
f 4145/7109/3500 4143/7110/3498 4140/7105/3495 4142/7106/3497 
f 4144/7108/3499 4143/7107/3498 4146/7111/3501 4147/7112/3502 
f 4148/7113/3503 4146/7114/3501 4143/7110/3498 4145/7109/3500 
f 4147/7112/3502 4146/7111/3501 4149/7115/3504 4150/7116/3505 
f 4151/7117/3506 4149/7118/3504 4146/7114/3501 4148/7113/3503 
f 4152/7119/3507 4153/7120/3508 4149/7118/3504 4151/7117/3506 
f 4150/7116/3505 4149/7115/3504 4153/7121/3508 4154/7122/3509 
f 4147/7123/3502 4150/7124/3505 4155/7125/3510 4156/7126/3511 
f 4150/7124/3505 4154/7127/3509 4157/7128/3512 4155/7125/3510 
f 4154/7127/3509 4158/7129/3513 4159/7130/3514 4157/7128/3512 
f 4154/7122/3509 4153/7121/3508 4160/7131/3515 4158/7132/3513 
f 4158/7129/3513 4161/7133/3516 4162/7134/3517 4159/7130/3514 
f 4158/7132/3513 4160/7131/3515 4163/7135/3518 4161/7136/3516 
f 4164/7137/3519 4163/7138/3518 4160/7139/3515 4165/7140/3520 
f 4165/7140/3520 4160/7139/3515 4153/7120/3508 4152/7119/3507 
f 4161/7141/3516 4163/7142/3518 4164/7143/3519 4162/7144/3517 
f 4162/7145/3517 4164/7146/3519 4165/7147/3520 4159/7148/3514 
f 4159/7148/3514 4165/7147/3520 4152/7149/3507 4157/7150/3512 
f 4157/7150/3512 4152/7149/3507 4151/7151/3506 4155/7152/3510 
f 4155/7152/3510 4151/7151/3506 4148/7153/3503 4156/7154/3511 
f 4144/7155/3499 4147/7123/3502 4156/7126/3511 4166/7156/3521 
f 4156/7154/3511 4148/7153/3503 4145/7157/3500 4166/7158/3521 
f 4166/7158/3521 4145/7157/3500 4142/7159/3497 4167/7160/3522 
f 4141/7161/3496 4144/7155/3499 4166/7156/3521 4167/7162/3522 
f 4167/7162/3522 4168/7163/3523 4137/7164/3492 4141/7161/3496 
f 4167/7160/3522 4142/7159/3497 4139/7165/3494 4168/7166/3523 
f 4168/7163/3523 4169/7167/3524 4135/7168/3490 4137/7164/3492 
f 4168/7166/3523 4139/7165/3494 4132/7169/3487 4169/7170/3524 
f 4169/7170/3524 4132/7169/3487 4129/7171/3486 4170/7172/3525 
f 4135/7168/3490 4169/7167/3524 4170/7173/3525 4171/7174/2281 
f 4170/7172/3525 4129/7171/3486 4120/7074/3481 4119/7073/3480 
f 4138/7175/3493 4135/7168/3490 4171/7174/2281 4172/7176/2281 
f 4173/7177/3526 4138/7175/3493 4172/7176/2281 4174/7178/3527 
f 4175/7179/3528 4138/7175/3493 4173/7177/3526 4176/7180/3529 
f 4175/7181/3528 4177/7182/3530 4134/7183/3489 4138/7184/3493 
f 4178/7185/3531 4175/7179/3528 4176/7180/3529 4179/7186/3532 
f 4178/7187/3531 4180/7188/3533 4177/7182/3530 4175/7181/3528 
f 4181/7189/3534 4182/7190/3535 4177/7191/3530 4180/7192/3533 
f 4183/7193/3536 4134/7094/3489 4177/7191/3530 4182/7190/3535 
f 4184/7194/3537 4185/7195/3538 4180/7188/3533 4178/7187/3531 
f 4185/7196/3538 4186/7197/3539 4181/7189/3534 4180/7192/3533 
f 4187/7198/3540 4188/7199/3541 4185/7195/3538 4184/7194/3537 
f 4188/7200/3541 4189/7201/3542 4186/7197/3539 4185/7196/3538 
f 4190/7202/3543 4191/7203/3544 4189/7201/3542 4188/7200/3541 
f 4192/7204/3545 4190/7205/3543 4188/7199/3541 4187/7198/3540 
f 4193/7206/3546 4194/7207/3547 4187/7208/3540 4184/7209/3537 
f 4194/7207/3547 4195/7210/3548 4192/7211/3545 4187/7208/3540 
f 4195/7210/3548 4196/7212/3549 4197/7213/3550 4192/7211/3545 
f 4197/7214/3550 4198/7215/3551 4190/7205/3543 4192/7204/3545 
f 4196/7212/3549 4199/7216/3552 4200/7217/3553 4197/7213/3550 
f 4201/7218/3554 4198/7215/3551 4197/7214/3550 4200/7219/3553 
f 4201/7220/3554 4202/7221/3555 4203/7222/3556 4198/7223/3551 
f 4198/7223/3551 4203/7222/3556 4191/7203/3544 4190/7202/3543 
f 4204/7224/3557 4205/7225/3558 4202/7221/3555 4201/7220/3554 
f 4204/7226/3557 4201/7218/3554 4200/7219/3553 4206/7227/3559 
f 4207/7228/3560 4205/7229/3558 4204/7230/3557 4206/7231/3559 
f 4199/7232/3552 4202/7233/3555 4205/7234/3558 4207/7235/3560 
f 4199/7216/3552 4207/7236/3560 4206/7237/3559 4200/7217/3553 
f 4196/7238/3549 4203/7239/3556 4202/7233/3555 4199/7232/3552 
f 4195/7240/3548 4191/7241/3544 4203/7239/3556 4196/7238/3549 
f 4194/7242/3547 4189/7243/3542 4191/7241/3544 4195/7240/3548 
f 4193/7244/3546 4186/7245/3539 4189/7243/3542 4194/7242/3547 
f 4179/7186/3532 4193/7206/3546 4184/7209/3537 4178/7185/3531 
f 4179/7246/3532 4181/7247/3534 4186/7245/3539 4193/7244/3546 
f 4176/7248/3529 4182/7249/3535 4181/7247/3534 4179/7246/3532 
f 4173/7250/3526 4183/7251/3536 4182/7249/3535 4176/7248/3529 
f 4134/7094/3489 4183/7193/3536 4208/7252/3561 4131/7091/2241 
f 4174/7253/3527 4208/7254/3561 4183/7251/3536 4173/7250/3526 
f 4131/7091/2241 4208/7252/3561 4209/7255/3562 4128/7087/2237 
f 4210/7256/3563 4209/7257/3562 4208/7254/3561 4174/7253/3527 
f 4128/7087/2237 4209/7255/3562 4211/7258/3564 4126/7088/3485 
f 4212/7259/3565 4211/7260/3564 4209/7257/3562 4210/7256/3563 
f 4127/7086/82 4126/7085/3485 4211/7261/3564 4212/7262/3565 
f 4213/7263/3566 4214/7264/3567 4215/7265/3568 4216/7266/2074 
f 4214/7264/3567 4217/7267/3569 4218/7268/2076 4215/7265/3568 
f 4215/7265/3568 4218/7268/2076 4219/7269/229 
f 4216/7266/2074 4215/7265/3568 4219/7269/229 
f 4220/7270/2077 4216/7266/2074 4219/7269/229 
f 4218/7268/2076 4221/7271/2078 4219/7269/229 
f 4221/7271/2078 4222/7272/3570 4219/7269/229 
f 4223/7273/2080 4224/7274/3571 4219/7269/229 
f 4224/7274/3571 4220/7270/2077 4219/7269/229 
f 4222/7272/3570 4223/7273/2080 4219/7269/229 
f 4225/7275/2082 4226/7276/3572 4223/7273/2080 4222/7272/3570 
f 4227/7277/2084 4225/7275/2082 4222/7272/3570 4221/7271/2078 
f 4228/7278/2085 4225/7279/2082 4227/7280/2084 4229/7281/2086 
f 4230/7282/2087 4226/7283/3572 4225/7279/2082 4228/7278/2085 
f 4230/7284/2087 4228/7285/2085 4231/7286/3573 4232/7287/3574 
f 4228/7285/2085 4229/7288/2086 4233/7289/3575 4231/7286/3573 
f 4232/7287/3574 4234/7290/3576 4235/7291/3577 4230/7284/2087 
f 4236/7292/3578 4226/7283/3572 4230/7282/2087 4235/7293/3577 
f 4237/7294/3579 4235/7291/3577 4234/7290/3576 4238/7295/2095 
f 4239/7296/3580 4236/7297/3578 4235/7298/3577 4237/7299/3579 
f 4226/7276/3572 4236/7300/3578 4224/7274/3571 4223/7273/2080 
f 4220/7270/2077 4224/7274/3571 4236/7300/3578 4239/7301/3580 
f 4239/7301/3580 4213/7263/3566 4216/7266/2074 4220/7270/2077 
f 4240/7302/3581 4213/7303/3566 4239/7296/3580 4237/7299/3579 
f 4213/7303/3566 4240/7302/3581 4241/7304/2098 4214/7305/3567 
f 4241/7306/2098 4240/7307/3581 4242/7308/3582 4243/7309/2100 
f 4240/7307/3581 4237/7294/3579 4238/7295/2095 4242/7308/3582 
f 4244/7310/3583 4241/7306/2098 4243/7309/2100 4245/7311/3584 
f 4244/7312/3583 4217/7313/3569 4214/7305/3567 4241/7304/2098 
f 4245/7311/3584 4243/7309/2100 4246/7314/72 
f 4243/7309/2100 4242/7308/3582 4246/7314/72 
f 4242/7308/3582 4238/7295/2095 4246/7314/72 
f 4238/7295/2095 4234/7290/3576 4246/7314/72 
f 4234/7290/3576 4232/7287/3574 4246/7314/72 
f 4232/7287/3574 4231/7286/3573 4246/7314/72 
f 4231/7286/3573 4233/7289/3575 4246/7314/72 
f 4233/7289/3575 4245/7311/3584 4246/7314/72 
f 4229/7288/2086 4244/7310/3583 4245/7311/3584 4233/7289/3575 
f 4229/7281/2086 4227/7280/2084 4217/7313/3569 4244/7312/3583 
f 4217/7267/3569 4227/7277/2084 4221/7271/2078 4218/7268/2076 
f 4247/7315/3389 4248/7316/2104 4249/7317/3585 4250/7318/3389 
f 4247/7315/3389 4250/7318/3389 4251/7319/2106 4252/7320/2106 
f 4253/7321/3586 4247/7315/3389 4252/7320/2106 4254/7322/2107 
f 4253/7321/3586 4255/7323/2109 4248/7316/2104 4247/7315/3389 
f 4256/7324/2110 4257/7325/2111 4249/7326/3585 4248/7327/2104 
f 4256/7324/2110 4248/7327/2104 4255/7328/2109 4258/7329/3587 
f 4258/7329/3587 4255/7328/2109 4259/7330/3393 4260/7331/2114 
f 4261/7332/3478 4259/7333/3393 4255/7323/2109 4253/7321/3586 
f 4262/7334/3588 4263/7335/3589 4259/7336/3393 4261/7337/3478 
f 4260/7331/2114 4259/7330/3393 4263/7338/3589 4264/7339/2119 
f 4265/7340/3590 4260/7341/2114 4264/7342/2119 4266/7343/3397 
f 4267/7344/3398 4258/7345/3587 4260/7346/2114 4265/7347/3590 
f 4267/7344/3398 4265/7347/3590 4268/7348/2153 4269/7349/2124 
f 4265/7340/3590 4266/7343/3397 4270/7350/2127 4268/7351/2153 
f 4266/7343/3397 4271/7352/3400 4272/7353/2128 4270/7350/2127 
f 4271/7352/3400 4273/7354/3401 4274/7355/3591 4272/7353/2128 
f 4266/7343/3397 4264/7342/2119 4275/7356/2131 4271/7352/3400 
f 4271/7352/3400 4275/7356/2131 4276/7357/3592 4273/7354/3401 
f 4275/7358/2131 4277/7359/2135 4278/7360/2136 4276/7361/3592 
f 4264/7339/2119 4263/7338/3589 4277/7359/2135 4275/7358/2131 
f 4276/7361/3592 4278/7360/2136 4279/7362/3405 4280/7363/2138 
f 4273/7364/3401 4276/7365/3592 4280/7366/2138 4281/7367/3406 
f 4281/7367/3406 4280/7366/2138 4279/7368/3405 4282/7369/3407 
f 4282/7369/3407 4279/7368/3405 4278/7370/2136 4283/7371/3408 
f 4281/7367/3406 4282/7369/3407 4284/7372/3409 4285/7373/3410 
f 4282/7369/3407 4283/7371/3408 4286/7374/3593 4284/7372/3409 
f 4283/7375/3408 4287/7376/3412 4288/7377/2145 4286/7378/3593 
f 4287/7376/3412 4262/7334/3588 4289/7379/3594 4288/7377/2145 
f 4287/7376/3412 4277/7380/2135 4263/7335/3589 4262/7334/3588 
f 4283/7375/3408 4278/7381/2136 4277/7380/2135 4287/7376/3412 
f 4262/7334/3588 4261/7337/3478 4290/7382/2106 4289/7379/3594 
f 4261/7332/3478 4253/7321/3586 4254/7322/2107 4290/7383/2106 
f 4273/7364/3401 4281/7367/3406 4285/7373/3410 4274/7384/3591 
f 4291/7385/3415 4267/7344/3398 4269/7349/2124 4292/7386/2153 
f 4293/7387/3416 4291/7385/3415 4292/7386/2153 4294/7388/2153 
f 4295/7389/3417 4296/7390/3595 4291/7391/3415 4293/7392/3416 
f 4296/7393/3595 4297/7394/3596 4256/7395/2110 4291/7396/3415 
f 4291/7385/3415 4256/7397/2110 4258/7345/3587 4267/7344/3398 
f 4298/7398/3420 4299/7399/3421 4296/7390/3595 4295/7389/3417 
f 4299/7400/3421 4300/7401/3597 4297/7394/3596 4296/7393/3595 
f 4300/7402/3597 4301/7403/3598 4302/7404/3424 4297/7405/3596 
f 4297/7405/3596 4302/7404/3424 4257/7406/2111 4256/7407/2110 
f 4303/7408/3425 4304/7409/3426 4301/7403/3598 4300/7402/3597 
f 4305/7410/3427 4303/7411/3425 4300/7401/3597 4299/7400/3421 
f 4306/7412/3428 4304/7409/3426 4303/7408/3425 4307/7413/3429 
f 4308/7414/3430 4307/7415/3429 4303/7411/3425 4305/7410/3427 
f 4309/7416/3431 4305/7417/3427 4299/7399/3421 4298/7398/3420 
f 4308/7418/3430 4305/7417/3427 4309/7416/3431 4310/7419/3432 
f 4298/7420/3420 4301/7421/3598 4304/7422/3426 4309/7423/3431 
f 4309/7423/3431 4304/7422/3426 4306/7424/3428 4310/7425/3432 
f 4310/7425/3432 4306/7424/3428 4311/7426/3433 4312/7427/3599 
f 4313/7428/3435 4308/7418/3430 4310/7419/3432 4312/7429/3599 
f 4312/7427/3599 4311/7426/3433 4314/7430/3436 4315/7431/3600 
f 4312/7429/3599 4315/7432/3600 4316/7433/3438 4313/7428/3435 
f 4316/7434/3438 4317/7435/3439 4318/7436/3440 4313/7437/3435 
f 4313/7437/3435 4318/7436/3440 4307/7415/3429 4308/7414/3430 
f 4318/7438/3440 4317/7439/3439 4314/7440/3436 4311/7441/3433 
f 4311/7441/3433 4306/7412/3428 4307/7413/3429 4318/7438/3440 
f 4319/7442/3601 4320/7443/3442 4317/7435/3439 4316/7434/3438 
f 4317/7439/3439 4320/7444/3442 4321/7445/3443 4314/7440/3436 
f 4315/7431/3600 4314/7430/3436 4321/7446/3443 4322/7447/3444 
f 4320/7444/3442 4323/7448/3602 4324/7449/3446 4321/7445/3443 
f 4322/7447/3444 4321/7446/3443 4324/7450/3446 4325/7451/3603 
f 4322/7452/3444 4325/7453/3603 4326/7454/3604 4319/7455/3601 
f 4315/7432/3600 4322/7452/3444 4319/7455/3601 4316/7433/3438 
f 4326/7456/3604 4323/7457/3602 4320/7443/3442 4319/7442/3601 
f 4326/7454/3604 4325/7453/3603 4327/7458/3449 4328/7459/3450 
f 4323/7457/3602 4326/7456/3604 4328/7460/3450 4329/7461/3451 
f 4328/7459/3450 4327/7458/3449 4330/7462/3605 4331/7463/3453 
f 4329/7461/3451 4328/7460/3450 4331/7464/3453 4332/7465/3454 
f 4330/7466/3605 4333/7467/3455 4332/7468/3454 4331/7469/3453 
f 4334/7470/3606 4329/7471/3451 4332/7472/3454 4333/7473/3455 
f 4327/7474/3449 4334/7475/3606 4333/7476/3455 4330/7477/3605 
f 4324/7449/3446 4323/7448/3602 4329/7471/3451 4334/7470/3606 
f 4325/7451/3603 4324/7450/3446 4334/7475/3606 4327/7474/3449 
f 4295/7478/3417 4302/7479/3424 4301/7421/3598 4298/7420/3420 
f 4293/7480/3416 4257/7481/2111 4302/7479/3424 4295/7478/3417 
f 4249/7326/3585 4257/7325/2111 4335/7482/2191 4336/7483/2192 
f 4337/7484/3457 4335/7485/2191 4257/7486/2111 4293/7387/3416 
f 4336/7483/2192 4335/7482/2191 4338/7487/2194 4339/7488/2195 
f 4340/7489/3607 4338/7490/2194 4335/7485/2191 4337/7484/3457 
f 4337/7484/3457 4293/7387/3416 4294/7388/2153 4341/7491/3459 
f 4340/7489/3607 4337/7484/3457 4341/7491/3459 4342/7492/2153 
f 4343/7493/3608 4340/7494/3607 4342/7495/2153 4344/7496/2200 
f 4345/7497/3461 4343/7493/3608 4344/7496/2200 4346/7498/3462 
f 4345/7497/3461 4347/7499/2204 4348/7500/2205 4343/7493/3608 
f 4343/7493/3608 4348/7500/2205 4338/7501/2194 4340/7494/3607 
f 4349/7502/3464 4350/7503/3609 4347/7499/2204 4345/7497/3461 
f 4349/7502/3464 4345/7497/3461 4346/7498/3462 4351/7504/3610 
f 4352/7505/3611 4353/7506/2212 4350/7507/3609 4349/7508/3464 
f 4352/7505/3611 4349/7508/3464 4351/7509/3610 4354/7510/3612 
f 4355/7511/3613 4352/7505/3611 4354/7510/3612 4356/7512/3471 
f 4357/7513/3614 4355/7511/3613 4356/7512/3471 4358/7514/3615 
f 4357/7513/3614 4359/7515/3616 4360/7516/2217 4355/7511/3613 
f 4355/7511/3613 4360/7516/2217 4353/7506/2212 4352/7505/3611 
f 4361/7517/3475 4362/7518/2220 4359/7519/3616 4357/7520/3614 
f 4361/7517/3475 4357/7520/3614 4358/7521/3615 4363/7522/3476 
f 4364/7523/3477 4365/7524/2226 4362/7518/2220 4361/7517/3475 
f 4364/7523/3477 4361/7517/3475 4363/7522/3476 4366/7525/2227 
f 4367/7526/3478 4364/7523/3477 4366/7525/2227 4368/7527/2106 
f 4369/7528/3479 4367/7529/3478 4368/7530/2106 4370/7531/2229 
f 4367/7526/3478 4339/7532/2195 4365/7524/2226 4364/7523/3477 
f 4369/7528/3479 4336/7533/2192 4339/7534/2195 4367/7529/3478 
f 4339/7488/2195 4338/7487/2194 4348/7535/2205 4365/7536/2226 
f 4365/7536/2226 4348/7535/2205 4347/7537/2204 4362/7538/2220 
f 4250/7318/3389 4369/7528/3479 4370/7531/2229 4251/7319/2106 
f 4250/7318/3389 4249/7317/3585 4336/7533/2192 4369/7528/3479 
f 4362/7538/2220 4347/7537/2204 4350/7539/3609 4359/7540/3616 
f 4359/7540/3616 4350/7539/3609 4353/7541/2212 4360/7542/2217 
f 4371/7543/3617 4372/7544/3618 4373/7545/3619 4374/7546/3483 
f 4374/7547/3483 4373/7548/3619 4375/7549/3620 4376/7550/82 
f 4372/7551/3618 4377/7552/2237 4375/7553/3620 4373/7554/3619 
f 4376/7550/82 4375/7549/3620 4378/7555/3621 4379/7556/82 
f 4377/7552/2237 4380/7557/2237 4378/7558/3621 4375/7553/3620 
f 4381/7559/3622 4382/7560/2240 4377/7552/2237 4372/7551/3618 
f 4382/7560/2240 4383/7561/2241 4380/7557/2237 4377/7552/2237 
f 4384/7562/3487 4385/7563/3623 4382/7560/2240 4381/7559/3622 
f 4385/7563/3623 4386/7564/3624 4383/7561/2241 4382/7560/2240 
f 4387/7565/3625 4385/7566/3623 4388/7567/3626 4389/7568/3492 
f 4390/7569/3627 4386/7570/3624 4385/7566/3623 4387/7565/3625 
f 4385/7563/3623 4384/7562/3487 4391/7571/3494 4388/7572/3626 
f 4389/7568/3492 4388/7567/3626 4392/7573/3495 4393/7574/3496 
f 4392/7575/3495 4388/7572/3626 4391/7571/3494 4394/7576/3628 
f 4393/7574/3496 4392/7573/3495 4395/7577/3498 4396/7578/3499 
f 4397/7579/3500 4395/7580/3498 4392/7575/3495 4394/7576/3628 
f 4396/7578/3499 4395/7577/3498 4398/7581/3629 4399/7582/3502 
f 4400/7583/3503 4398/7584/3629 4395/7580/3498 4397/7579/3500 
f 4399/7582/3502 4398/7581/3629 4401/7585/3504 4402/7586/3505 
f 4403/7587/3506 4401/7588/3504 4398/7584/3629 4400/7583/3503 
f 4404/7589/3507 4405/7590/3630 4401/7588/3504 4403/7587/3506 
f 4402/7586/3505 4401/7585/3504 4405/7591/3630 4406/7592/3509 
f 4399/7593/3502 4402/7594/3505 4407/7595/3510 4408/7596/3511 
f 4402/7594/3505 4406/7597/3509 4409/7598/3512 4407/7595/3510 
f 4406/7597/3509 4410/7599/3513 4411/7600/3514 4409/7598/3512 
f 4406/7592/3509 4405/7591/3630 4412/7601/3515 4410/7602/3513 
f 4410/7599/3513 4413/7603/3516 4414/7604/3517 4411/7600/3514 
f 4410/7602/3513 4412/7601/3515 4415/7605/3631 4413/7606/3516 
f 4416/7607/3519 4415/7608/3631 4412/7609/3515 4417/7610/3520 
f 4417/7610/3520 4412/7609/3515 4405/7590/3630 4404/7589/3507 
f 4413/7611/3516 4415/7612/3631 4416/7613/3519 4414/7614/3517 
f 4414/7615/3517 4416/7616/3519 4417/7617/3520 4411/7618/3514 
f 4411/7618/3514 4417/7617/3520 4404/7619/3507 4409/7620/3512 
f 4409/7620/3512 4404/7619/3507 4403/7621/3506 4407/7622/3510 
f 4407/7622/3510 4403/7621/3506 4400/7623/3503 4408/7624/3511 
f 4396/7625/3499 4399/7593/3502 4408/7596/3511 4418/7626/3521 
f 4408/7624/3511 4400/7623/3503 4397/7627/3500 4418/7628/3521 
f 4418/7628/3521 4397/7627/3500 4394/7629/3628 4419/7630/3522 
f 4393/7631/3496 4396/7625/3499 4418/7626/3521 4419/7632/3522 
f 4419/7632/3522 4420/7633/3632 4389/7634/3492 4393/7631/3496 
f 4419/7630/3522 4394/7629/3628 4391/7635/3494 4420/7636/3632 
f 4420/7633/3632 4421/7637/3524 4387/7638/3625 4389/7634/3492 
f 4420/7636/3632 4391/7635/3494 4384/7639/3487 4421/7640/3524 
f 4421/7640/3524 4384/7639/3487 4381/7641/3622 4422/7642/3633 
f 4387/7638/3625 4421/7637/3524 4422/7643/3633 4423/7644/2281 
f 4422/7642/3633 4381/7641/3622 4372/7544/3618 4371/7543/3617 
f 4390/7645/3627 4387/7638/3625 4423/7644/2281 4424/7646/2281 
f 4425/7647/3526 4390/7645/3627 4424/7646/2281 4426/7648/3634 
f 4427/7649/3635 4390/7645/3627 4425/7647/3526 4428/7650/3636 
f 4427/7651/3635 4429/7652/3530 4386/7653/3624 4390/7654/3627 
f 4430/7655/3531 4427/7649/3635 4428/7650/3636 4431/7656/3532 
f 4430/7657/3531 4432/7658/3533 4429/7652/3530 4427/7651/3635 
f 4433/7659/3534 4434/7660/3637 4429/7661/3530 4432/7662/3533 
f 4435/7663/3536 4386/7564/3624 4429/7661/3530 4434/7660/3637 
f 4436/7664/3638 4437/7665/3538 4432/7658/3533 4430/7657/3531 
f 4437/7666/3538 4438/7667/3539 4433/7659/3534 4432/7662/3533 
f 4439/7668/3540 4440/7669/3541 4437/7665/3538 4436/7664/3638 
f 4440/7670/3541 4441/7671/3542 4438/7667/3539 4437/7666/3538 
f 4442/7672/3543 4443/7673/3544 4441/7671/3542 4440/7670/3541 
f 4444/7674/3545 4442/7675/3543 4440/7669/3541 4439/7668/3540 
f 4445/7676/3546 4446/7677/3547 4439/7678/3540 4436/7679/3638 
f 4446/7677/3547 4447/7680/3548 4444/7681/3545 4439/7678/3540 
f 4447/7680/3548 4448/7682/3549 4449/7683/3550 4444/7681/3545 
f 4449/7684/3550 4450/7685/3639 4442/7675/3543 4444/7674/3545 
f 4448/7682/3549 4451/7686/3552 4452/7687/3553 4449/7683/3550 
f 4453/7688/3640 4450/7685/3639 4449/7684/3550 4452/7689/3553 
f 4453/7690/3640 4454/7691/3555 4455/7692/3556 4450/7693/3639 
f 4450/7693/3639 4455/7692/3556 4443/7673/3544 4442/7672/3543 
f 4456/7694/3641 4457/7695/3642 4454/7691/3555 4453/7690/3640 
f 4456/7696/3641 4453/7688/3640 4452/7689/3553 4458/7697/3559 
f 4459/7698/3560 4457/7699/3642 4456/7700/3641 4458/7701/3559 
f 4451/7702/3552 4454/7703/3555 4457/7704/3642 4459/7705/3560 
f 4451/7686/3552 4459/7706/3560 4458/7707/3559 4452/7687/3553 
f 4448/7708/3549 4455/7709/3556 4454/7703/3555 4451/7702/3552 
f 4447/7710/3548 4443/7711/3544 4455/7709/3556 4448/7708/3549 
f 4446/7712/3547 4441/7713/3542 4443/7711/3544 4447/7710/3548 
f 4445/7714/3546 4438/7715/3539 4441/7713/3542 4446/7712/3547 
f 4431/7656/3532 4445/7676/3546 4436/7679/3638 4430/7655/3531 
f 4431/7716/3532 4433/7717/3534 4438/7715/3539 4445/7714/3546 
f 4428/7718/3636 4434/7719/3637 4433/7717/3534 4431/7716/3532 
f 4425/7720/3526 4435/7721/3536 4434/7719/3637 4428/7718/3636 
f 4386/7564/3624 4435/7663/3536 4460/7722/3643 4383/7561/2241 
f 4426/7723/3634 4460/7724/3643 4435/7721/3536 4425/7720/3526 
f 4383/7561/2241 4460/7722/3643 4461/7725/3644 4380/7557/2237 
f 4462/7726/3645 4461/7727/3644 4460/7724/3643 4426/7723/3634 
f 4380/7557/2237 4461/7725/3644 4463/7728/3564 4378/7558/3621 
f 4464/7729/3565 4463/7730/3564 4461/7727/3644 4462/7726/3645 
f 4379/7556/82 4378/7555/3621 4463/7731/3564 4464/7732/3565 
f 4465/7733/3566 4466/7734/3567 4467/7735/3568 4468/7736/3646 
f 4466/7734/3567 4469/7737/3647 4470/7738/2076 4467/7735/3568 
f 4467/7735/3568 4470/7738/2076 4471/7739/229 
f 4468/7736/3646 4467/7735/3568 4471/7739/229 
f 4472/7740/2077 4468/7736/3646 4471/7739/229 
f 4470/7738/2076 4473/7741/3648 4471/7739/229 
f 4473/7741/3648 4474/7742/2079 4471/7739/229 
f 4475/7743/2080 4476/7744/2081 4471/7739/229 
f 4476/7744/2081 4472/7740/2077 4471/7739/229 
f 4474/7742/2079 4475/7743/2080 4471/7739/229 
f 4477/7745/2082 4478/7746/3572 4475/7743/2080 4474/7742/2079 
f 4479/7747/3649 4477/7745/2082 4474/7742/2079 4473/7741/3648 
f 4480/7748/2085 4477/7749/2082 4479/7750/3649 4481/7751/3650 
f 4482/7752/2087 4478/7753/3572 4477/7749/2082 4480/7748/2085 
f 4482/7754/2087 4480/7755/2085 4483/7756/2088 4484/7757/2089 
f 4480/7755/2085 4481/7758/3650 4485/7759/3651 4483/7756/2088 
f 4484/7757/2089 4486/7760/3652 4487/7761/3577 4482/7754/2087 
f 4488/7762/2093 4478/7753/3572 4482/7752/2087 4487/7763/3577 
f 4489/7764/3579 4487/7761/3577 4486/7760/3652 4490/7765/3653 
f 4491/7766/2096 4488/7767/2093 4487/7768/3577 4489/7769/3579 
f 4478/7746/3572 4488/7770/2093 4476/7744/2081 4475/7743/2080 
f 4472/7740/2077 4476/7744/2081 4488/7770/2093 4491/7771/2096 
f 4491/7771/2096 4465/7733/3566 4468/7736/3646 4472/7740/2077 
f 4492/7772/3581 4465/7773/3566 4491/7766/2096 4489/7769/3579 
f 4465/7773/3566 4492/7772/3581 4493/7774/2098 4466/7775/3567 
f 4493/7776/2098 4492/7777/3581 4494/7778/3654 4495/7779/3655 
f 4492/7777/3581 4489/7764/3579 4490/7765/3653 4494/7778/3654 
f 4496/7780/3583 4493/7776/2098 4495/7779/3655 4497/7781/3656 
f 4496/7782/3583 4469/7783/3647 4466/7775/3567 4493/7774/2098 
f 4497/7781/3656 4495/7779/3655 4498/7784/72 
f 4495/7779/3655 4494/7778/3654 4498/7784/72 
f 4494/7778/3654 4490/7765/3653 4498/7784/72 
f 4490/7765/3653 4486/7760/3652 4498/7784/72 
f 4486/7760/3652 4484/7757/2089 4498/7784/72 
f 4484/7757/2089 4483/7756/2088 4498/7784/72 
f 4483/7756/2088 4485/7759/3651 4498/7784/72 
f 4485/7759/3651 4497/7781/3656 4498/7784/72 
f 4481/7758/3650 4496/7780/3583 4497/7781/3656 4485/7759/3651 
f 4481/7751/3650 4479/7750/3649 4469/7783/3647 4496/7782/3583 
f 4469/7737/3647 4479/7747/3649 4473/7741/3648 4470/7738/2076 
f 4499/7785/2369 4500/7786/3657 4501/7787/114 4502/7788/114 
f 4502/7789/115 4501/7790/115 4503/7791/115 4504/7792/115 
f 4500/7793/2371 4505/7794/2372 4503/7795/2373 4501/7796/2373 
f 4504/7792/115 4503/7791/115 4506/7797/115 4507/7798/115 
f 4505/7794/2372 4508/7799/2372 4506/7800/2373 4503/7795/2373 
f 4509/7801/3658 4510/7802/2375 4505/7794/2372 4500/7793/2371 
f 4510/7802/2375 4511/7803/2376 4508/7799/2372 4505/7794/2372 
f 4512/7804/2377 4513/7805/3659 4510/7802/2375 4509/7801/3658 
f 4513/7805/3659 4514/7806/3660 4511/7803/2376 4510/7802/2375 
f 4515/7807/3661 4513/7808/3661 4516/7809/3662 4517/7810/2382 
f 4518/7811/2383 4514/7812/2383 4513/7813/2383 4515/7814/2383 
f 4513/7805/3659 4512/7804/2377 4519/7815/2384 4516/7816/2385 
f 4517/7810/2382 4516/7809/3662 4520/7817/3663 4521/7818/3663 
f 4520/7819/2387 4516/7816/2385 4519/7815/2384 4522/7820/2387 
f 4521/7818/3663 4520/7817/3663 4523/7821/73 4524/7822/73 
f 4525/7823/2388 4523/7824/2388 4520/7819/2387 4522/7820/2387 
f 4524/7822/73 4523/7821/73 4526/7825/73 4527/7826/73 
f 4528/7827/2259 4526/7828/2259 4523/7824/2388 4525/7823/2388 
f 4527/7826/73 4526/7825/73 4529/7829/73 4530/7830/73 
f 4531/7831/2260 4529/7832/2260 4526/7828/2259 4528/7827/2259 
f 4532/7833/2261 4533/7834/2261 4529/7832/2260 4531/7831/2260 
f 4530/7830/73 4529/7829/73 4533/7835/72 4534/7836/72 
f 4527/7837/3664 4530/7838/2257 4535/7839/2257 4536/7840/3664 
f 4530/7838/2257 4534/7841/2258 4537/7842/2258 4535/7839/2257 
f 4534/7841/2258 4538/7843/2389 4539/7844/2389 4537/7842/2258 
f 4534/7836/72 4533/7835/72 4540/7845/73 4538/7846/73 
f 4539/7847/2257 4538/7848/2257 4540/7849/2257 4541/7850/2257 
f 4541/7851/2391 4540/7852/2391 4533/7834/2261 4532/7833/2261 
f 4539/7853/2360 4541/7854/2360 4532/7855/229 4537/7856/229 
f 4537/7856/229 4532/7855/229 4531/7857/2370 4535/7858/2370 
f 4535/7858/2370 4531/7857/2370 4528/7859/229 4536/7860/229 
f 4524/7861/2262 4527/7837/3664 4536/7840/3664 4542/7862/2262 
f 4536/7860/229 4528/7859/229 4525/7863/229 4542/7864/229 
f 4542/7864/229 4525/7863/229 4522/7865/781 4543/7866/3665 
f 4521/7867/2393 4524/7861/2262 4542/7862/2262 4543/7868/2393 
f 4543/7868/2393 4544/7869/2394 4517/7870/3666 4521/7867/2393 
f 4543/7866/3665 4522/7865/781 4519/7871/3667 4544/7872/3668 
f 4544/7869/2394 4545/7873/2397 4515/7874/2398 4517/7870/3666 
f 4544/7872/3668 4519/7871/3667 4512/7875/3669 4545/7876/3669 
f 4545/7876/3669 4512/7875/3669 4509/7877/3670 4546/7878/3671 
f 4515/7874/2398 4545/7873/2397 4546/7879/2403 4547/7880/2403 
f 4546/7878/3670 4509/7877/3670 4500/7786/3657 4499/7785/2369 
f 4518/7881/2398 4515/7874/2398 4547/7880/2403 4548/7882/2403 
f 4549/7883/3672 4518/7881/2398 4548/7882/2403 4550/7884/2403 
f 4551/7885/2394 4518/7881/2398 4549/7883/3672 4552/7886/2406 
f 4551/7887/3673 4553/7888/3674 4514/7889/3675 4518/7890/3675 
f 4554/7891/3676 4551/7885/2394 4552/7886/2406 4555/7892/2393 
f 4554/7893/3677 4556/7894/3678 4553/7888/3674 4551/7887/3673 
f 4557/7895/2387 4558/7896/2412 4553/7897/2413 4556/7898/2387 
f 4559/7899/2414 4514/7806/3660 4553/7897/2413 4558/7896/2412 
f 4560/7900/114 4561/7901/114 4556/7894/3678 4554/7893/3677 
f 4561/7902/2388 4562/7903/2388 4557/7895/2387 4556/7898/2387 
f 4563/7904/114 4564/7905/114 4561/7901/114 4560/7900/114 
f 4564/7906/2259 4565/7907/2259 4562/7903/2388 4561/7902/2388 
f 4566/7908/2415 4567/7909/3679 4565/7907/2259 4564/7906/2259 
f 4568/7910/114 4566/7911/114 4564/7905/114 4563/7904/114 
f 4569/7912/2262 4570/7913/2256 4563/7914/2256 4560/7915/2262 
f 4570/7913/2256 4571/7916/2257 4568/7917/2257 4563/7914/2256 
f 4571/7916/2257 4572/7918/2258 4573/7919/2258 4568/7917/2257 
f 4573/7920/2360 4574/7921/2360 4566/7911/114 4568/7910/114 
f 4572/7918/2258 4575/7922/2389 4576/7923/2389 4573/7919/2258 
f 4577/7924/2360 4574/7921/2360 4573/7920/2360 4576/7925/2360 
f 4577/7926/2417 4578/7927/2417 4579/7928/3680 4574/7929/3680 
f 4574/7929/3680 4579/7928/3680 4567/7909/3679 4566/7908/2415 
f 4576/7930/2257 4575/7931/2257 4578/7932/2257 4577/7933/2257 
f 4572/7934/73 4579/7935/73 4578/7936/72 4575/7937/72 
f 4571/7938/73 4567/7939/73 4579/7935/73 4572/7934/73 
f 4570/7940/72 4565/7941/72 4567/7939/73 4571/7938/73 
f 4569/7942/73 4562/7943/73 4565/7941/72 4570/7940/72 
f 4555/7892/2393 4569/7912/2262 4560/7915/2262 4554/7891/3676 
f 4555/7944/3681 4557/7945/3682 4562/7943/73 4569/7942/73 
f 4552/7946/3683 4558/7947/3684 4557/7945/3682 4555/7944/3681 
f 4549/7948/3685 4559/7949/3686 4558/7947/3684 4552/7946/3683 
f 4514/7806/3660 4559/7899/2414 4580/7950/2424 4511/7803/2376 
f 4550/7951/3687 4580/7952/2426 4559/7949/3686 4549/7948/3685 
f 4511/7803/2376 4580/7950/2424 4581/7953/2372 4508/7799/2372 
f 4582/7954/3563 4581/7955/3688 4580/7952/2426 4550/7951/3687 
f 4508/7799/2372 4581/7953/2372 4583/7956/2373 4506/7800/2373 
f 4584/7957/72 4583/7958/72 4581/7955/3688 4582/7954/3563 
f 4507/7798/115 4506/7797/115 4583/7959/115 4584/7960/115 
f 4585/7961/2429 4586/7962/2430 4587/7963/2431 4588/7964/3689 
f 4586/7962/2430 4589/7965/3690 4590/7966/3691 4587/7963/2431 
f 4587/7963/2431 4590/7966/3691 4591/7967/229 
f 4588/7964/3689 4587/7963/2431 4591/7967/229 
f 4592/7968/3692 4593/7969/3693 4591/7967/229 
f 4593/7969/3693 4594/7970/2437 4591/7967/229 
f 4594/7970/2437 4595/7971/3694 4591/7967/229 
f 4595/7971/3694 4596/7972/2439 4591/7967/229 
f 4596/7972/2439 4588/7964/3689 4591/7967/229 
f 4590/7966/3691 4592/7968/3692 4591/7967/229 
f 4597/7973/2440 4598/7974/2441 4593/7969/3693 4592/7968/3692 
f 4589/7965/3690 4597/7973/2440 4592/7968/3692 4590/7966/3691 
f 4599/7975/2442 4597/7976/2440 4589/7977/3690 4600/7978/3695 
f 4601/7979/2444 4598/7980/2441 4597/7976/2440 4599/7975/2442 
f 4601/7981/2444 4599/7982/2442 4602/7983/2445 4603/7984/2446 
f 4599/7982/2442 4600/7985/3695 4604/7986/2447 4602/7983/2445 
f 4605/7987/2448 4601/7981/2444 4603/7984/2446 4606/7988/2449 
f 4605/7989/2448 4607/7990/2450 4598/7980/2441 4601/7979/2444 
f 4606/7988/2449 4608/7991/3696 4609/7992/3697 4605/7987/2448 
f 4610/7993/2453 4607/7990/2450 4605/7989/2448 4609/7994/3697 
f 4598/7974/2441 4607/7995/2450 4594/7970/2437 4593/7969/3693 
f 4607/7995/2450 4610/7996/2453 4595/7971/3694 4594/7970/2437 
f 4596/7972/2439 4595/7971/3694 4610/7996/2453 4611/7997/2454 
f 4611/7998/2454 4610/7993/2453 4609/7994/3697 4612/7999/3698 
f 4611/7997/2454 4585/7961/2429 4588/7964/3689 4596/7972/2439 
f 4613/8000/2456 4585/8001/2429 4611/8002/2454 4612/8003/3698 
f 4613/8004/2456 4612/8005/3698 4614/8006/2457 4615/8007/3699 
f 4612/8005/3698 4609/7992/3697 4608/7991/3696 4614/8006/2457 
f 4615/8007/3699 4614/8006/2457 4616/8008/72 
f 4614/8006/2457 4608/7991/3696 4616/8008/72 
f 4617/8009/3700 4615/8007/3699 4616/8008/72 
f 4604/7986/2447 4617/8009/3700 4616/8008/72 
f 4602/7983/2445 4604/7986/2447 4616/8008/72 
f 4608/7991/3696 4606/7988/2449 4616/8008/72 
f 4606/7988/2449 4603/7984/2446 4616/8008/72 
f 4603/7984/2446 4602/7983/2445 4616/8008/72 
f 4600/7985/3695 4618/8010/3701 4617/8009/3700 4604/7986/2447 
f 4618/8010/3701 4613/8004/2456 4615/8007/3699 4617/8009/3700 
f 4600/7978/3695 4589/7977/3690 4586/8011/2430 4618/8012/3701 
f 4585/8001/2429 4613/8000/2456 4618/8012/3701 4586/8011/2430 
f 4619/8013/82 4620/8014/82 4621/8015/82 4622/8016/82 
f 4620/8014/82 4619/8013/82 4623/8017/82 4624/8018/82 
f 4625/8019/2307 4626/8020/72 4624/8021/72 4623/8022/72 
f 4627/8023/2308 4620/8024/2309 4624/8025/2309 4626/8026/2310 
f 4628/8027/2311 4627/8023/2308 4626/8026/2310 4629/8028/3702 
f 4630/8029/3703 4629/8030/2314 4626/8020/2315 4625/8019/3704 
f 4631/8031/2316 4628/8027/2311 4629/8028/3702 4632/8032/3705 
f 4633/8033/3706 4632/8034/3706 4629/8030/2314 4630/8029/3703 
f 4634/8035/2319 4631/8036/2319 4632/8037/2319 4633/8038/2319 
f 4635/8039/3707 4636/8040/2321 4631/8041/3708 4634/8042/3708 
f 4631/8031/2316 4637/8043/2323 4638/8044/3709 4628/8027/2311 
f 4637/8043/2323 4631/8031/2316 4636/8045/3710 4639/8046/2326 
f 4637/8047/2327 4640/8048/2327 4641/8049/2327 4642/8050/2327 
f 4640/8051/2328 4637/8052/2328 4639/8053/3711 4643/8054/3712 
f 4638/8044/3709 4637/8043/2323 4642/8055/2331 4644/8056/2332 
f 4642/8057/3713 4641/8058/3713 4645/8059/2334 4644/8060/2334 
f 4646/8061/2336 4638/8044/3709 4644/8056/2332 4647/8062/2308 
f 4647/8063/2338 4644/8060/2334 4645/8059/2334 4648/8064/3714 
f 4640/8065/2339 4649/8066/2340 4645/8067/2341 4641/8068/2342 
f 4649/8066/2340 4650/8069/3715 4648/8070/3715 4645/8067/2341 
f 4640/8065/2339 4634/8071/2344 4651/8072/2345 4649/8066/2340 
f 4652/8073/2346 4651/8072/2345 4630/8074/2347 4625/8075/2346 
f 4651/8072/2345 4634/8071/2344 4633/8076/2342 4630/8074/2347 
f 4653/8077/114 4647/8063/2338 4648/8064/3714 4654/8078/114 
f 4622/8016/82 4621/8015/82 4653/8079/82 4654/8080/82 
f 4621/8081/2309 4646/8061/2336 4647/8062/2308 4653/8082/2309 
f 4627/8023/2308 4646/8061/2336 4621/8081/2309 4620/8024/2309 
f 4628/8027/2311 4638/8044/3709 4646/8061/2336 4627/8023/2308 
f 4643/8054/3712 4639/8053/3711 4655/8083/2348 4656/8084/3716 
f 4655/8085/2349 4639/8046/2326 4636/8045/3710 4657/8086/2349 
f 4656/8084/3716 4655/8083/2348 4658/8087/114 4659/8088/114 
f 4660/8089/2350 4658/8090/2350 4655/8085/2349 4657/8086/2349 
f 4659/8088/114 4658/8087/114 4661/8091/114 4662/8092/114 
f 4663/8093/2351 4661/8094/2351 4658/8090/2350 4660/8089/2350 
f 4662/8092/114 4661/8091/114 4664/8095/2355 4665/8096/2355 
f 4666/8097/2353 4664/8098/2353 4661/8094/2351 4663/8093/2351 
f 4667/8099/2354 4668/8100/2354 4664/8098/2353 4666/8097/2353 
f 4665/8096/2355 4664/8095/2355 4668/8101/2235 4669/8102/2235 
f 4662/8103/2356 4665/8104/2357 4670/8105/2357 4671/8106/2356 
f 4665/8104/2357 4669/8107/2358 4672/8108/2358 4670/8105/2357 
f 4669/8107/2358 4673/8109/2359 4674/8110/2359 4672/8108/2358 
f 4669/8102/2235 4668/8101/2235 4675/8111/2360 4673/8112/2360 
f 4674/8113/2357 4673/8114/2357 4675/8115/2357 4676/8116/2357 
f 4676/8117/2361 4675/8118/2361 4668/8100/2354 4667/8099/2354 
f 4674/8119/3044 4676/8120/3044 4667/8121/73 4672/8122/73 
f 4672/8122/73 4667/8121/73 4666/8123/72 4670/8124/72 
f 4670/8124/72 4666/8123/72 4663/8125/72 4671/8126/72 
f 4659/8127/2363 4662/8103/2356 4671/8106/2356 4677/8128/2363 
f 4671/8126/72 4663/8125/72 4660/8129/72 4677/8130/72 
f 4677/8130/72 4660/8129/72 4657/8131/3717 4678/8132/2364 
f 4656/8133/2365 4659/8127/2363 4677/8128/2363 4678/8134/2366 
f 4678/8134/2366 4635/8135/2368 4643/8136/3718 4656/8133/2365 
f 4678/8132/2364 4657/8131/3717 4636/8040/2321 4635/8039/3707 
f 4635/8135/2368 4634/8071/2344 4640/8065/2339 4643/8136/3718 
f 4679/8137/3719 4680/8138/3719 4681/8139/3719 4682/8140/3719 
f 4683/8141/3719 4684/8142/3719 4680/8138/3719 4679/8137/3719 
f 4684/8142/3719 4685/8143/3720 4686/8144/3719 4680/8138/3719 
f 4685/8143/3720 4687/8145/3720 4688/8146/3720 4686/8144/3719 
f 4687/8145/3720 4689/8147/3719 4690/8148/3720 4688/8146/3720 
f 4689/8147/3719 4691/8149/3719 4692/8150/3719 4690/8148/3720 
f 4691/8149/3719 4693/8151/3719 4694/8152/3719 4692/8150/3719 
f 4693/8151/3719 4695/8153/3719 4696/8154/3719 4694/8152/3719 
f 4692/8150/3719 4694/8152/3719 4697/8155/3719 4698/8156/3719 
f 4694/8152/3719 4696/8154/3719 4699/8157/3719 4697/8155/3719 
f 4696/8154/3719 4700/8158/3719 4701/8159/3719 4699/8157/3719 
f 4700/8158/3719 4702/8160/3720 4703/8161/3719 4701/8159/3719 
f 4702/8160/3720 4704/8162/3719 4705/8163/3719 4703/8161/3719 
f 4704/8162/3719 4706/8164/3719 4707/8165/3719 4705/8163/3719 
f 4708/8166/3719 4709/8167/3719 4704/8162/3719 4702/8160/3720 
f 4709/8167/3719 4710/8168/3719 4706/8164/3719 4704/8162/3719 
f 4711/8169/3719 4710/8168/3719 4712/8170/3719 4713/8171/3719 
f 4710/8168/3719 4711/8169/3719 4714/8172/3719 4706/8164/3719 
f 4712/8170/3719 4715/8173/3719 4716/8174/3719 4713/8171/3719 
f 4715/8173/3719 4717/8175/3719 4718/8176/3719 4716/8174/3719 
f 4717/8175/3719 4719/8177/3719 4720/8178/3719 4718/8176/3719 
f 4719/8177/3719 4721/8179/3720 4722/8180/3720 4720/8178/3719 
f 4721/8179/3720 4723/8181/3719 4724/8182/3719 4725/8183/3719 4722/8180/3720 
f 4726/8184/3719 4725/8183/3719 4724/8182/3719 4727/8185/3719 4728/8186/3719 
f 4724/8182/3719 4729/8187/3719 4730/8188/3720 4727/8185/3719 
f 4723/8181/3719 4731/8189/3719 4729/8187/3719 4724/8182/3719 
f 4731/8189/3719 4732/8190/3719 4733/8191/3719 4729/8187/3719 
f 4729/8187/3719 4733/8191/3719 4734/8192/3719 4730/8188/3720 
f 4735/8193/3720 4726/8184/3719 4728/8186/3719 4736/8194/3719 
f 4737/8195/3719 4735/8193/3720 4736/8194/3719 4738/8196/3719 
f 4739/8197/3719 4737/8195/3719 4738/8196/3719 4740/8198/3719 
f 4741/8199/3719 4739/8197/3719 4740/8198/3719 4742/8200/3719 
f 4707/8165/3719 4743/8201/3719 4741/8199/3719 4742/8200/3719 
f 4706/8164/3719 4744/8202/3719 4743/8201/3719 4707/8165/3719 
f 4744/8202/3719 4706/8164/3719 4745/8203/3719 
f 4706/8164/3719 4714/8172/3719 4745/8203/3719 
f 4746/8204/3719 4708/8166/3719 4702/8160/3720 4700/8158/3719 
f 4695/8153/3719 4746/8204/3719 4700/8158/3719 4696/8154/3719 
f 4690/8148/3720 4692/8150/3719 4698/8156/3719 4747/8205/3719 
f 4688/8146/3720 4690/8148/3720 4747/8205/3719 4748/8206/3719 
f 4686/8144/3719 4688/8146/3720 4748/8206/3719 4749/8207/3719 
f 4680/8138/3719 4686/8144/3719 4749/8207/3719 4681/8139/3719 
f 4750/8208/1 4751/8209/1 4752/8210/1 4753/8211/1 
f 4754/8212/1 4755/8213/1 4751/8209/1 4750/8208/1 
f 4755/8213/1 4756/8214/1 4757/8215/1 4751/8209/1 
f 4756/8214/1 4758/8216/1 4759/8217/1 4757/8215/1 
f 4758/8216/1 4760/8218/1 4761/8219/1 4759/8217/1 
f 4757/8215/1 4759/8217/1 4762/8220/1 4763/8221/1 
f 4759/8217/1 4761/8219/1 4764/8222/1 4762/8220/1 
f 4761/8219/1 4765/8223/1 4766/8224/1 4764/8222/1 
f 4765/8223/1 4767/8225/1 4768/8226/1 4766/8224/1 
f 4767/8225/1 4769/8227/1 4770/8228/1 4768/8226/1 
f 4771/8229/1 4772/8230/1 4767/8225/1 4765/8223/1 
f 4772/8230/1 4773/8231/1 4769/8227/1 4767/8225/1 
f 4773/8231/1 4774/8232/1 4775/8233/1 4769/8227/1 
f 4774/8232/1 4776/8234/1 4777/8235/1 4775/8233/1 
f 4776/8234/1 4778/8236/1 4779/8237/1 4777/8235/1 
f 4775/8233/1 4777/8235/1 4780/8238/1 4781/8239/1 
f 4777/8235/1 4779/8237/1 4782/8240/1 4780/8238/1 
f 4779/8237/1 4783/8241/1 4784/8242/1 4782/8240/1 
f 4783/8241/1 4785/8243/1 4786/8244/1 4784/8242/1 
f 4778/8236/1 4787/8245/1 4783/8241/1 4779/8237/1 
f 4787/8245/1 4788/8246/1 4785/8243/1 4783/8241/1 
f 4788/8246/1 4789/8247/1 4790/8248/1 4785/8243/1 
f 4789/8247/1 4791/8249/1 4792/8250/1 4790/8248/1 
f 4785/8243/1 4790/8248/1 4793/8251/1 4786/8244/1 
f 4790/8248/1 4792/8250/1 4794/8252/1 4793/8251/1 
f 4792/8250/1 4795/8253/1 4796/8254/1 4794/8252/1 
f 4795/8253/1 4797/8255/1 4798/8256/1 4796/8254/1 
f 4791/8249/1 4799/8257/1 4795/8253/1 4792/8250/1 
f 4799/8257/1 4800/8258/1 4797/8255/1 4795/8253/1 
f 4800/8258/1 4801/8259/1 4802/8260/1 4797/8255/1 
f 4801/8259/1 4803/8261/1 4804/8262/1 4802/8260/1 
f 4797/8255/1 4802/8260/1 4805/8263/1 4798/8256/1 
f 4802/8260/1 4804/8262/1 4806/8264/1 4805/8263/1 
f 4804/8262/1 4807/8265/1 4808/8266/1 4806/8264/1 
f 4807/8265/1 4809/8267/1 4810/8268/1 4808/8266/1 
f 4809/8267/1 4811/8269/1 4812/8270/1 4810/8268/1 
f 4813/8271/1 4814/8272/1 4809/8267/1 4807/8265/1 
f 4814/8272/1 4815/8273/1 4811/8269/1 4809/8267/1 
f 4815/8273/1 4816/8274/1 4817/8275/1 4811/8269/1 
f 4816/8274/1 4818/8276/1 4819/8277/1 4817/8275/1 
f 4811/8269/1 4817/8275/1 4820/8278/1 4812/8270/1 
f 4817/8275/1 4819/8277/1 4821/8279/1 4820/8278/1 
f 4819/8277/1 4822/8280/1 4823/8281/1 4821/8279/1 
f 4822/8280/1 4824/8282/1 4825/8283/1 4823/8281/1 
f 4818/8276/1 4826/8284/1 4822/8280/1 4819/8277/1 
f 4826/8284/1 4827/8285/1 4824/8282/1 4822/8280/1 
f 4827/8285/1 4828/8286/1 4829/8287/1 4824/8282/1 
f 4828/8286/1 4830/8288/1 4831/8289/1 4829/8287/1 
f 4824/8282/1 4829/8287/1 4832/8290/1 4825/8283/1 
f 4829/8287/1 4831/8289/1 4833/8291/1 4832/8290/1 
f 4831/8289/1 4834/8292/1 4835/8293/1 4833/8291/1 
f 4834/8292/1 4836/8294/1 4837/8295/1 4835/8293/1 
f 4830/8288/1 4838/8296/1 4834/8292/1 4831/8289/1 
f 4838/8296/1 4839/8297/1 4836/8294/1 4834/8292/1 
f 4803/8261/1 4813/8271/1 4807/8265/1 4804/8262/1 
f 4769/8227/1 4775/8233/1 4781/8239/1 4770/8228/1 
f 4760/8218/1 4771/8229/1 4765/8223/1 4761/8219/1 
f 4751/8209/1 4757/8215/1 4763/8221/1 4752/8210/1 
# 4038 polygons - 485 triangles

