# 3ds Max Wavefront OBJ Exporter v0.97b - (c)2007 guruware
# File Created: 04.05.2026 03:25:26

mtllib sofa.mtl

#
# object sofa_2
#

v  -36.6379 48.8646 -28.6477
v  -43.7993 48.8646 -28.6737
v  -44.3230 51.7920 -25.3229
v  -35.3244 51.0249 -25.4284
v  -44.7841 33.6279 42.5418
v  -49.4039 32.6672 40.1768
v  -37.9049 32.7312 38.6987
v  -38.7796 33.9446 41.9449
v  -77.7119 33.8709 43.0090
v  -77.7609 35.8935 43.4736
v  -84.0613 35.8935 43.0579
v  -84.2606 33.8169 42.4157
v  -80.8372 48.8686 -28.6793
v  -80.2027 42.1121 -28.2545
v  -88.3137 41.9561 -28.0542
v  -88.3984 48.8646 -28.3654
v  -37.8839 33.6612 -27.7026
v  -44.7632 33.5424 -27.5625
v  -44.3975 35.8919 -28.6793
v  -37.4500 35.8939 -28.6585
v  -90.7987 48.8646 -26.8478
v  -92.1655 48.8646 -23.2806
v  -88.7763 50.9170 -25.9154
v  -34.6455 48.8646 40.7160
v  -32.3251 48.8646 36.1479
v  -36.5929 51.0672 39.0233
v  -38.6019 48.8646 42.9440
v  -88.6539 33.7333 40.1955
v  -90.3720 33.4895 36.8010
v  -87.2248 32.5896 38.1598
v  -34.5506 33.8091 -27.0511
v  -33.9887 32.9153 -22.7924
v  -37.2715 32.4988 -24.0743
v  -35.8931 33.7866 39.4461
v  -34.7764 35.8935 39.7327
v  -38.5189 35.8935 42.6406
v  -85.0157 48.8646 43.0164
v  -88.9829 48.8855 41.1750
v  -89.2606 42.3909 41.3580
v  -84.3307 42.3826 43.7184
v  -32.9366 48.8646 -26.5175
v  -33.2869 42.2818 -26.9369
v  -37.0887 42.1650 -28.2547
v  -89.8423 33.6808 -26.5311
v  -90.8285 35.8935 -26.7947
v  -88.4867 35.8939 -28.4083
v  -87.0377 33.6042 -27.5882
v  -89.4865 52.5820 3.7399
v  -90.1556 52.2288 15.5386
v  -80.9824 55.4338 15.8338
v  -81.1458 55.4412 4.1973
v  -92.1442 33.0691 3.9638
v  -92.0336 33.0159 15.9867
v  -93.4459 35.8935 16.1738
v  -93.4618 35.8935 3.7845
v  -93.4731 48.8203 3.4010
v  -93.3872 48.8416 -7.3998
v  -93.2666 42.3782 -6.9765
v  -93.3464 42.4050 4.0250
v  -30.6922 48.8646 3.5037
v  -30.7701 48.8646 16.9390
v  -31.3701 42.6719 17.0863
v  -31.3361 42.6845 3.5194
v  -33.6230 32.5442 2.5564
v  -33.6386 32.5210 -7.2012
v  -30.9092 35.8935 -7.1504
v  -30.8115 35.8935 3.2256
v  -93.4523 48.8923 15.9439
v  -30.8950 48.8646 -6.7071
v  -33.6628 51.1724 -7.3597
v  -33.8817 51.3628 3.4800
v  -91.7163 32.6519 -7.0714
v  -88.4632 31.7053 -1.5543
v  -33.0485 33.2783 16.0654
v  -36.1646 31.8232 21.2902
v  -36.1714 31.6902 -1.4339
v  -70.0752 48.9597 -28.6801
v  -80.7256 51.4099 -25.8611
v  -70.4511 51.9651 -25.0559
v  -69.7289 33.8067 43.3051
v  -66.9227 32.7048 40.6391
v  -44.7575 35.8935 43.5193
v  -53.2943 35.8935 44.0033
v  -53.4799 33.7083 43.1221
v  -53.4165 48.8701 -28.6856
v  -43.9845 42.2224 -28.2552
v  -53.4929 42.3277 -28.2548
v  -80.5079 33.4679 -27.4213
v  -80.6715 35.8936 -28.6771
v  -69.6524 35.8937 -28.6831
v  -69.5856 33.4325 -27.3516
v  -45.0504 48.8646 43.4429
v  -44.4604 52.0718 39.5823
v  -53.6590 51.8669 40.2460
v  -53.7349 48.8646 44.0949
v  -53.8472 33.5000 -27.4846
v  -52.5164 32.4800 -23.9648
v  -62.1470 48.8957 -28.6845
v  -62.2483 51.6299 -25.5230
v  -53.3646 51.5806 -25.5906
v  -61.7516 33.8998 43.5026
v  -61.9068 35.9484 44.2114
v  -69.7600 35.9795 44.1157
v  -62.0510 33.5335 -27.5508
v  -62.0888 35.8940 -28.6831
v  -53.7685 35.8939 -28.6831
v  -70.0083 48.8611 44.1088
v  -62.0361 48.8646 44.0836
v  -61.7955 51.7095 40.5851
v  -69.6818 51.7737 40.4274
v  -65.7546 32.5532 -24.4420
v  -91.1494 33.4631 -23.3074
v  -92.1350 35.8935 -23.5319
v  -34.0382 34.0976 36.1614
v  -32.5041 35.8935 36.4475
v  -88.8890 35.8935 41.2600
v  -33.5461 35.8935 -27.5481
v  -69.9133 42.3070 44.6125
v  -77.9972 42.3632 44.2243
v  -32.0954 42.3045 -22.7971
v  -32.1804 35.8935 -23.3743
v  -34.6242 42.1871 40.1069
v  -38.6677 42.4818 43.2507
v  -90.6178 42.0140 -26.6661
v  -91.5256 42.3397 37.1234
v  -91.1899 35.8935 37.1901
v  -45.0173 42.4764 44.0761
v  -53.7123 42.4668 44.5558
v  -61.8256 42.3662 44.5960
v  -61.8596 42.3975 -28.2548
v  -31.3618 48.8646 28.8683
v  -34.2268 51.3731 27.9685
v  -91.7785 33.2673 27.9155
v  -87.8562 31.7285 19.4028
v  -78.7591 48.9649 43.6615
v  -79.3680 51.8242 40.0629
v  -87.4413 51.5960 38.9999
v  -32.9489 41.9550 36.0126
v  -91.5749 48.8848 36.8486
v  -43.4526 54.7700 28.2212
v  -52.8947 55.5667 28.4620
v  -61.7670 55.6615 28.5719
v  -33.1871 32.9805 28.0011
v  -31.3109 35.8935 28.1525
v  -93.0178 48.9507 28.0338
v  -92.8994 42.3995 28.3812
v  -52.8669 55.0593 -16.8781
v  -43.3447 54.5056 -16.8173
v  -93.0427 49.0586 -16.1449
v  -89.8797 51.9971 -18.4484
v  -33.7856 32.5513 -15.7735
v  -36.5442 31.8794 -15.6772
v  -88.1050 32.5601 -24.2106
v  -92.0569 42.1498 -23.1553
v  -32.1533 48.8646 -23.1653
v  -81.5427 54.3523 -18.1231
v  -70.8278 55.0662 -16.9622
v  -61.9963 55.1409 -16.7971
v  -91.4877 32.7278 -15.6033
v  -92.7107 35.8935 -15.5744
v  -31.5433 48.8646 -15.1863
v  -31.5826 42.5554 -15.1579
v  -80.4549 55.0796 27.3660
v  -89.8757 52.1887 27.7743
v  -92.7163 35.8935 28.2151
v  -31.8090 42.1771 28.5089
v  -33.8021 51.3003 16.3003
v  -43.0959 55.1428 16.2258
v  -52.6002 56.4249 16.3633
v  -61.8446 56.6681 16.2119
v  -31.4058 35.8935 16.4191
v  -93.3270 42.4107 15.8167
v  -69.7297 42.4767 -28.2547
v  -92.9531 42.4009 -15.6920
v  -93.3225 35.8935 -7.1181
v  -31.5641 35.8935 -15.5089
v  -31.3764 42.2660 -6.5734
v  -71.0380 56.5116 16.0685
v  -71.2243 56.6183 4.4098
v  -66.9916 31.6619 18.6829
v  -70.4792 55.6018 28.5091
v  -51.2295 31.6774 19.1202
v  -34.1621 51.3572 -15.9592
v  -43.0975 55.1825 4.1872
v  -52.5305 56.5365 4.5873
v  -61.8273 56.8072 4.5002
v  -67.6900 31.6519 -1.2681
v  -50.9630 31.6502 -0.5374
v  -52.5556 56.2090 -6.4560
v  -43.0059 55.0424 -6.6674
v  -90.0719 52.2349 -7.3549
v  -81.4203 55.2220 -7.0793
v  -61.9047 56.3892 -6.6380
v  -71.3663 56.2452 -6.7195
v  36.6379 48.8646 -28.6477
v  35.3244 51.0249 -25.4284
v  44.3230 51.7920 -25.3229
v  43.7993 48.8646 -28.6737
v  37.9049 32.7312 38.6987
v  49.4039 32.6672 40.1768
v  44.7841 33.6279 42.5418
v  38.7796 33.9446 41.9449
v  84.0613 35.8935 43.0579
v  77.7609 35.8935 43.4736
v  77.7119 33.8709 43.0090
v  84.2606 33.8169 42.4157
v  88.3137 41.9561 -28.0542
v  80.2027 42.1121 -28.2545
v  80.8372 48.8686 -28.6793
v  88.3984 48.8646 -28.3654
v  37.8839 33.6612 -27.7026
v  37.4500 35.8939 -28.6585
v  44.3975 35.8919 -28.6793
v  44.7632 33.5424 -27.5625
v  88.7763 50.9170 -25.9154
v  92.1655 48.8646 -23.2806
v  90.7987 48.8646 -26.8478
v  36.5929 51.0672 39.0233
v  32.3251 48.8646 36.1479
v  34.6455 48.8646 40.7160
v  38.6019 48.8646 42.9440
v  87.2248 32.5896 38.1598
v  90.3720 33.4895 36.8010
v  88.6539 33.7333 40.1955
v  37.2715 32.4988 -24.0743
v  33.9887 32.9153 -22.7924
v  34.5506 33.8091 -27.0511
v  38.5189 35.8935 42.6406
v  34.7764 35.8935 39.7327
v  35.8931 33.7866 39.4461
v  85.0157 48.8646 43.0164
v  84.3307 42.3826 43.7184
v  89.2606 42.3909 41.3580
v  88.9829 48.8855 41.1750
v  37.0887 42.1650 -28.2547
v  33.2869 42.2818 -26.9369
v  32.9366 48.8646 -26.5175
v  88.4867 35.8939 -28.4083
v  90.8285 35.8935 -26.7947
v  89.8423 33.6808 -26.5311
v  87.0377 33.6042 -27.5882
v  89.4865 52.5820 3.7399
v  81.1458 55.4412 4.1973
v  80.9824 55.4338 15.8338
v  90.1556 52.2288 15.5386
v  92.1442 33.0691 3.9638
v  93.4618 35.8935 3.7845
v  93.4459 35.8935 16.1738
v  92.0336 33.0159 15.9867
v  93.4731 48.8203 3.4010
v  93.3464 42.4050 4.0250
v  93.2666 42.3782 -6.9765
v  93.3872 48.8416 -7.3998
v  30.6922 48.8646 3.5037
v  31.3361 42.6845 3.5194
v  31.3701 42.6719 17.0863
v  30.7701 48.8646 16.9390
v  33.6230 32.5442 2.5564
v  30.8115 35.8935 3.2256
v  30.9092 35.8935 -7.1504
v  33.6386 32.5210 -7.2012
v  93.4523 48.8923 15.9439
v  33.8817 51.3628 3.4800
v  33.6628 51.1724 -7.3597
v  30.8950 48.8646 -6.7071
v  88.4632 31.7053 -1.5543
v  91.7163 32.6519 -7.0714
v  36.1714 31.6902 -1.4339
v  36.1646 31.8232 21.2902
v  33.0485 33.2783 16.0654
v  70.0752 48.9597 -28.6801
v  70.4511 51.9651 -25.0559
v  80.7256 51.4099 -25.8611
v  69.7289 33.8067 43.3051
v  66.9227 32.7048 40.6391
v  53.2943 35.8935 44.0033
v  44.7574 35.8935 43.5193
v  53.4799 33.7083 43.1221
v  53.4165 48.8701 -28.6856
v  53.4929 42.3277 -28.2548
v  43.9845 42.2224 -28.2552
v  69.6524 35.8937 -28.6831
v  80.6715 35.8936 -28.6771
v  80.5079 33.4679 -27.4213
v  69.5856 33.4325 -27.3516
v  53.6590 51.8669 40.2460
v  44.4604 52.0718 39.5823
v  45.0504 48.8646 43.4429
v  53.7349 48.8646 44.0949
v  53.8472 33.5000 -27.4846
v  52.5164 32.4800 -23.9648
v  53.3646 51.5806 -25.5906
v  62.2483 51.6299 -25.5230
v  62.1470 48.8957 -28.6845
v  61.7516 33.8998 43.5026
v  69.7600 35.9795 44.1157
v  61.9068 35.9484 44.2114
v  53.7685 35.8939 -28.6831
v  62.0888 35.8940 -28.6831
v  62.0510 33.5335 -27.5508
v  70.0083 48.8611 44.1088
v  69.6818 51.7737 40.4274
v  61.7955 51.7095 40.5851
v  62.0361 48.8646 44.0836
v  65.7546 32.5532 -24.4420
v  92.1350 35.8935 -23.5319
v  91.1494 33.4631 -23.3074
v  32.5041 35.8935 36.4475
v  34.0382 34.0976 36.1614
v  88.8890 35.8935 41.2600
v  33.5461 35.8935 -27.5481
v  77.9972 42.3632 44.2243
v  69.9133 42.3070 44.6125
v  32.1804 35.8935 -23.3743
v  32.0954 42.3045 -22.7971
v  38.6677 42.4818 43.2507
v  34.6242 42.1871 40.1069
v  90.6178 42.0140 -26.6661
v  91.1899 35.8935 37.1901
v  91.5256 42.3397 37.1234
v  45.0173 42.4764 44.0761
v  61.8256 42.3662 44.5960
v  53.7123 42.4668 44.5558
v  61.8596 42.3975 -28.2548
v  34.2268 51.3731 27.9685
v  31.3618 48.8646 28.8683
v  87.8562 31.7285 19.4028
v  91.7785 33.2673 27.9155
v  79.3680 51.8242 40.0629
v  78.7591 48.9649 43.6615
v  87.4413 51.5960 38.9999
v  32.9489 41.9550 36.0126
v  91.5749 48.8848 36.8486
v  43.4526 54.7700 28.2212
v  61.7670 55.6615 28.5719
v  52.8947 55.5667 28.4620
v  31.3109 35.8935 28.1525
v  33.1871 32.9805 28.0011
v  92.8994 42.3995 28.3812
v  93.0178 48.9507 28.0338
v  43.3447 54.5056 -16.8173
v  52.8669 55.0593 -16.8781
v  89.8797 51.9971 -18.4484
v  93.0427 49.0586 -16.1449
v  36.5442 31.8794 -15.6772
v  33.7856 32.5513 -15.7735
v  88.1050 32.5601 -24.2106
v  92.0569 42.1498 -23.1553
v  32.1533 48.8646 -23.1653
v  81.5427 54.3523 -18.1231
v  61.9963 55.1409 -16.7971
v  70.8278 55.0662 -16.9622
v  92.7107 35.8935 -15.5744
v  91.4877 32.7278 -15.6033
v  31.5826 42.5554 -15.1579
v  31.5433 48.8646 -15.1863
v  80.4549 55.0796 27.3660
v  89.8757 52.1887 27.7743
v  92.7163 35.8935 28.2151
v  31.8090 42.1771 28.5089
v  33.8021 51.3003 16.3003
v  43.0959 55.1428 16.2258
v  61.8446 56.6681 16.2119
v  52.6002 56.4249 16.3633
v  31.4058 35.8935 16.4191
v  93.3270 42.4107 15.8167
v  69.7297 42.4767 -28.2547
v  93.3225 35.8935 -7.1181
v  92.9531 42.4009 -15.6920
v  31.5641 35.8935 -15.5089
v  31.3764 42.2660 -6.5734
v  71.2243 56.6183 4.4098
v  71.0380 56.5116 16.0685
v  66.9916 31.6619 18.6829
v  70.4792 55.6018 28.5091
v  51.2295 31.6774 19.1202
v  34.1621 51.3572 -15.9592
v  43.0975 55.1825 4.1872
v  61.8273 56.8072 4.5002
v  52.5305 56.5365 4.5873
v  67.6900 31.6519 -1.2681
v  50.9631 31.6502 -0.5374
v  52.5556 56.2090 -6.4560
v  43.0059 55.0424 -6.6674
v  90.0719 52.2349 -7.3549
v  81.4203 55.2220 -7.0793
v  61.9047 56.3892 -6.6380
v  71.3663 56.2452 -6.7195
v  -25.1958 48.8646 -28.6477
v  -26.5092 51.0249 -25.4284
v  -17.5107 51.7920 -25.3229
v  -18.0343 48.8646 -28.6737
v  -23.9287 32.7312 38.6987
v  -12.4297 32.6672 40.1768
v  -17.0495 33.6279 42.5418
v  -23.0540 33.9446 41.9449
v  22.2277 35.8935 43.0579
v  15.9272 35.8935 43.4736
v  15.8782 33.8709 43.0090
v  22.4269 33.8169 42.4157
v  26.4801 41.9561 -28.0542
v  18.3691 42.1121 -28.2545
v  19.0036 48.8686 -28.6793
v  26.5647 48.8646 -28.3654
v  -23.9498 33.6612 -27.7026
v  -24.3836 35.8939 -28.6585
v  -17.4362 35.8919 -28.6793
v  -17.0704 33.5424 -27.5625
v  26.9427 50.9170 -25.9154
v  30.3319 48.8646 -23.2806
v  28.9650 48.8646 -26.8478
v  -25.2407 51.0671 39.0233
v  -29.5086 48.8646 36.1479
v  -27.1881 48.8646 40.7160
v  -23.2317 48.8646 42.9440
v  25.3911 32.5896 38.1598
v  28.5384 33.4895 36.8010
v  26.8203 33.7333 40.1955
v  -24.5621 32.4988 -24.0743
v  -27.8449 32.9153 -22.7924
v  -27.2830 33.8091 -27.0511
v  -23.3147 35.8935 42.6406
v  -27.0573 35.8935 39.7327
v  -25.9405 33.7866 39.4461
v  23.1821 48.8646 43.0164
v  22.4971 42.3826 43.7184
v  27.4269 42.3909 41.3580
v  27.1492 48.8855 41.1750
v  -24.7449 42.1650 -28.2547
v  -28.5467 42.2818 -26.9369
v  -28.8970 48.8646 -26.5175
v  26.6530 35.8939 -28.4083
v  28.9948 35.8935 -26.7947
v  28.0087 33.6808 -26.5311
v  25.2040 33.6042 -27.5882
v  27.6529 52.5820 3.7399
v  19.3122 55.4412 4.1973
v  19.1487 55.4338 15.8338
v  28.3220 52.2288 15.5386
v  30.3106 33.0691 3.9638
v  31.6282 35.8935 3.7845
v  31.6123 35.8935 16.1738
v  30.2000 33.0159 15.9867
v  31.6395 48.8203 3.4010
v  31.5128 42.4050 4.0250
v  31.4329 42.3782 -6.9765
v  31.5535 48.8416 -7.3998
v  -31.1415 48.8646 3.5037
v  -30.4975 42.6845 3.5194
v  -30.4636 42.6719 17.0863
v  -31.0635 48.8646 16.9390
v  -28.2106 32.5442 2.5564
v  -31.0222 35.8935 3.2256
v  -30.9244 35.8935 -7.1504
v  -28.1950 32.5210 -7.2012
v  31.6187 48.8923 15.9439
v  -27.9520 51.3628 3.4800
v  -28.1708 51.1724 -7.3597
v  -30.9386 48.8646 -6.7071
v  26.6296 31.7053 -1.5543
v  29.8826 32.6519 -7.0714
v  -25.6622 31.6902 -1.4339
v  -25.6691 31.8232 21.2902
v  -28.7851 33.2783 16.0654
v  8.2416 48.9597 -28.6801
v  8.6174 51.9651 -25.0559
v  18.8919 51.4099 -25.8611
v  7.8953 33.8067 43.3051
v  5.0891 32.7048 40.6391
v  -8.5394 35.8935 44.0033
v  -17.0762 35.8935 43.5193
v  -8.3537 33.7083 43.1221
v  -8.4171 48.8701 -28.6856
v  -8.3407 42.3277 -28.2548
v  -17.8491 42.2224 -28.2552
v  7.8187 35.8937 -28.6831
v  18.8379 35.8936 -28.6771
v  18.6742 33.4679 -27.4213
v  7.7520 33.4325 -27.3516
v  -8.1746 51.8669 40.2460
v  -17.3732 52.0718 39.5823
v  -16.7833 48.8646 43.4429
v  -8.0988 48.8646 44.0949
v  -7.9864 33.5000 -27.4846
v  -9.3173 32.4800 -23.9648
v  -8.4690 51.5806 -25.5906
v  0.4146 51.6299 -25.5230
v  0.3134 48.8957 -28.6845
v  -0.0820 33.8998 43.5026
v  7.9263 35.9795 44.1157
v  0.0732 35.9484 44.2114
v  -8.0652 35.8939 -28.6831
v  0.2552 35.8940 -28.6831
v  0.2174 33.5335 -27.5508
v  8.1747 48.8611 44.1088
v  7.8481 51.7737 40.4274
v  -0.0381 51.7095 40.5851
v  0.2025 48.8646 44.0836
v  3.9209 32.5532 -24.4420
v  30.3014 35.8935 -23.5319
v  29.3157 33.4631 -23.3074
v  -29.3295 35.8935 36.4475
v  -27.7954 34.0976 36.1614
v  27.0554 35.8935 41.2600
v  -28.2876 35.8935 -27.5481
v  16.1636 42.3632 44.2243
v  8.0797 42.3070 44.6125
v  -29.6532 35.8935 -23.3743
v  -29.7383 42.3045 -22.7971
v  -23.1660 42.4818 43.2507
v  -27.2094 42.1871 40.1069
v  28.7842 42.0140 -26.6661
v  29.3562 35.8935 37.1901
v  29.6920 42.3397 37.1234
v  -16.8163 42.4764 44.0761
v  -0.0080 42.3662 44.5960
v  -8.1214 42.4668 44.5558
v  0.0260 42.3975 -28.2548
v  -27.6068 51.3731 27.9685
v  -30.4719 48.8646 28.8683
v  26.0226 31.7285 19.4028
v  29.9449 33.2673 27.9155
v  17.5344 51.8242 40.0629
v  16.9255 48.9649 43.6615
v  25.6077 51.5960 38.9999
v  -28.8847 41.9550 36.0126
v  29.7413 48.8848 36.8486
v  -18.3811 54.7700 28.2212
v  -0.0667 55.6615 28.5719
v  -8.9389 55.5667 28.4620
v  -30.5227 35.8935 28.1525
v  -28.6466 32.9805 28.0011
v  31.0657 42.3995 28.3812
v  31.1841 48.9507 28.0338
v  -18.4889 54.5056 -16.8173
v  -8.9667 55.0593 -16.8781
v  28.0461 51.9971 -18.4484
v  31.2090 49.0586 -16.1449
v  -25.2894 31.8794 -15.6772
v  -28.0480 32.5513 -15.7735
v  26.2713 32.5601 -24.2106
v  30.2233 42.1498 -23.1553
v  -29.6803 48.8646 -23.1653
v  19.7091 54.3523 -18.1231
v  0.1627 55.1409 -16.7971
v  8.9942 55.0662 -16.9622
v  30.8771 35.8935 -15.5744
v  29.6541 32.7278 -15.6033
v  -30.2510 42.5554 -15.1579
v  -30.2904 48.8646 -15.1863
v  18.6213 55.0796 27.3660
v  28.0421 52.1887 27.7743
v  30.8827 35.8935 28.2151
v  -30.0246 42.1771 28.5089
v  -28.0316 51.3003 16.3003
v  -18.7377 55.1428 16.2258
v  0.0110 56.6681 16.2119
v  -9.2335 56.4249 16.3633
v  -30.4278 35.8935 16.4191
v  31.4934 42.4107 15.8167
v  7.8960 42.4767 -28.2547
v  31.4888 35.8935 -7.1181
v  31.1194 42.4009 -15.6920
v  -30.2695 35.8935 -15.5089
v  -30.4572 42.2660 -6.5734
v  9.3906 56.6183 4.4098
v  9.2044 56.5116 16.0685
v  5.1580 31.6619 18.6829
v  8.6455 55.6018 28.5091
v  -10.6042 31.6774 19.1202
v  -27.6716 51.3572 -15.9592
v  -18.7362 55.1825 4.1872
v  -0.0063 56.8072 4.5002
v  -9.3031 56.5365 4.5873
v  5.8564 31.6519 -1.2681
v  -10.8706 31.6502 -0.5374
v  -9.2780 56.2090 -6.4560
v  -18.8277 55.0424 -6.6674
v  28.2382 52.2349 -7.3549
v  19.5866 55.2220 -7.0793
v  0.0711 56.3892 -6.6380
v  9.5327 56.2452 -6.7195
v  -100.1074 21.0984 45.7209
v  -88.6008 21.2867 45.9784
v  -88.1261 21.3612 -34.0905
v  -99.8587 21.4121 -34.0306
v  -11.0225 4.5090 -45.7349
v  -11.4652 20.3562 -46.3883
v  0.0266 20.4749 -45.8703
v  0.0000 3.9972 -45.7349
v  -118.9027 25.3161 -45.7349
v  -115.4485 21.2867 -45.7349
v  -115.2589 20.9421 45.7028
v  -118.9027 25.3161 45.3353
v  -105.8498 56.9500 45.3353
v  -100.4282 46.5166 45.3353
v  -100.4459 46.4964 -33.6274
v  -105.8498 56.9500 -34.1785
v  -115.5781 51.4641 -45.7349
v  -116.1793 46.3150 -45.7349
v  -116.1793 46.3150 45.3353
v  -115.5657 51.3150 45.3353
v  -102.2791 45.9294 45.3354
v  -108.6750 57.6853 45.8049
v  -110.7340 56.6945 45.3356
v  -109.4079 46.8531 45.6254
v  -113.9712 67.3085 45.3353
v  -115.4519 64.8264 45.8679
v  -113.3024 62.9824 45.5944
v  -112.2320 65.0349 45.3353
v  0.0000 3.9972 45.3353
v  -11.0225 4.5090 45.3353
v  -111.5488 77.5187 -34.1724
v  -111.8458 77.5344 -45.7349
v  -108.4941 69.5734 -45.7349
v  -108.4941 69.5734 -34.1785
v  -112.0209 81.3722 -34.2894
v  -111.6885 85.5846 -34.1785
v  -111.6885 85.5846 -45.7349
v  -112.1309 81.3751 -45.7349
v  -108.1461 91.2829 -45.7349
v  -110.9572 87.8484 -45.7349
v  -110.9572 87.8484 -34.1785
v  -108.0625 91.1862 -34.3124
v  -99.9394 26.3465 -34.1120
v  -83.9734 35.1378 -31.6711
v  -92.9322 39.5294 -31.1680
v  -21.6996 32.3826 -45.7159
v  -0.0136 35.5404 -45.7096
v  -100.0002 33.3853 -32.8817
v  -97.9182 46.6611 -32.1270
v  -129.5738 69.7238 -34.0882
v  -130.2994 66.2887 -34.1785
v  -130.5627 66.2549 45.3353
v  -130.4917 69.2499 45.3353
v  -112.7696 68.2887 45.3353
v  -110.9369 65.8928 45.3353
v  -110.9369 65.8928 -34.1785
v  -105.9766 67.9735 -32.4980
v  -105.0296 68.5948 -45.7349
v  -112.5670 65.1659 -45.6734
v  -103.0621 59.5702 -32.4230
v  -106.6956 79.7780 -45.7132
v  -87.4412 90.2003 -45.6637
v  -80.8072 72.3201 -45.4944
v  -103.2063 71.2370 -31.3096
v  -106.0853 69.1574 -32.6014
v  -105.1803 68.5901 -32.2972
v  -100.8391 67.0143 -30.8039
v  -81.8272 71.0419 -27.6541
v  -91.1553 70.5771 -28.9927
v  -89.0145 60.8106 -28.6528
v  -79.6224 59.1319 -27.9228
v  -98.3011 70.8088 -30.2205
v  -95.7872 63.4436 -30.0525
v  -94.4771 11.4802 -45.6803
v  -94.9166 11.5329 45.2770
v  -97.1139 11.1516 45.2209
v  -96.8944 11.0267 -45.7335
v  -93.5530 13.2675 45.9199
v  -97.4030 13.2330 45.9694
v  -100.0000 10.0000 -45.7349
v  -99.4685 20.2578 -46.3882
v  -82.9743 20.5752 -46.3719
v  -100.2202 10.0563 45.6989
v  -104.5576 93.4045 -34.1896
v  -104.5620 93.4142 -45.7349
v  -106.8773 46.4438 -45.7305
v  -80.2906 38.1427 -45.6720
v  -108.8843 87.8175 -34.2245
v  -105.9087 90.6480 -34.2109
v  -84.5428 7.9569 -45.7182
v  -87.6041 8.2620 -45.7112
v  -80.0262 97.4937 -34.1785
v  -90.3384 96.7188 -34.1785
v  -89.2259 94.9335 -34.1262
v  -80.4083 95.3118 -34.0866
v  -81.3704 8.4562 -45.6877
v  -81.3627 8.4068 45.3353
v  -84.5424 7.9395 45.3353
v  -77.4085 21.3613 -34.0888
v  -77.4083 21.2867 45.9784
v  -80.8599 9.4959 45.9875
v  -84.3800 8.9013 45.9882
v  -69.2861 98.0730 -34.1785
v  -69.2861 98.0730 -45.7349
v  -80.0262 97.4937 -45.7349
v  -74.2683 33.5093 -31.9007
v  -58.1016 11.0715 -45.7236
v  -74.8334 9.6311 -45.6684
v  -68.1815 20.3656 -46.3884
v  -57.6903 20.5267 -46.3864
v  -58.1024 11.0596 45.3353
v  -74.8244 9.5609 45.3353
v  -50.9763 29.5322 -45.7114
v  -57.0044 99.4091 -34.1785
v  -57.0478 96.9204 -33.7496
v  -47.2992 98.9107 -33.8919
v  -47.3500 101.6708 -34.1785
v  -43.1827 7.5655 -45.7349
v  -43.1827 7.5655 45.3353
v  -43.1886 21.4618 -32.9245
v  -54.6199 21.3631 -34.0858
v  -54.6198 21.2867 45.9784
v  -43.1827 21.2867 45.9784
v  -43.1285 12.8744 45.9814
v  -58.0079 12.1229 45.9865
v  -38.9981 103.6957 -34.1785
v  -38.9981 103.6957 -45.7349
v  -47.3500 101.6708 -45.7349
v  -42.5474 33.0749 -31.8754
v  -54.1575 32.7886 -31.9270
v  -47.1156 96.2152 -45.5056
v  -43.4386 20.3299 -46.3884
v  -38.9782 100.8142 -33.8566
v  -32.8067 5.4923 -45.7349
v  -32.8067 5.4923 45.3353
v  -32.7329 21.6557 -30.6459
v  -32.8067 21.2867 45.9784
v  -32.3297 12.7585 45.8603
v  -30.4120 106.0652 -34.1785
v  -30.4120 106.0652 -45.7349
v  -31.8003 33.1929 -31.8036
v  -34.1277 19.8944 -46.2471
v  -21.9128 20.2736 -46.3883
v  -21.7763 6.3459 -45.7349
v  -21.7763 6.3459 45.3353
v  -17.5158 109.3641 -34.1785
v  -22.7436 109.1412 -34.1785
v  -20.1400 104.4761 -34.2197
v  -11.0069 21.4902 -32.5981
v  -21.7557 21.6526 -30.7239
v  -21.7763 21.2867 45.9784
v  -11.0224 21.2867 45.9784
v  -10.7127 12.3988 45.4841
v  -21.6248 13.0670 46.0790
v  -15.1411 110.3819 -34.1785
v  -15.2204 110.3639 -45.7349
v  -17.5158 109.3641 -45.7349
v  -10.4718 32.5638 -31.6706
v  -21.0866 33.0756 -31.6772
v  -20.4604 102.4211 -45.6183
v  -26.5665 107.6546 -34.1785
v  -26.5653 107.6553 -45.7349
v  -29.6364 102.9629 -33.4164
v  -12.0716 111.5052 -34.1785
v  -12.2310 105.3542 -33.2372
v  -0.0003 21.4767 -32.5195
v  0.0000 21.2867 45.9784
v  0.0000 12.8363 45.9431
v  0.0000 111.8892 -34.1785
v  0.0000 111.8892 -45.7349
v  -12.0716 111.5052 -45.7349
v  0.0000 32.4063 -31.9657
v  -0.0270 101.8637 -45.5751
v  -68.0057 21.3625 -34.0870
v  -68.0054 21.2867 45.9784
v  -73.9886 10.6049 45.9855
v  -57.0044 99.4091 -45.7349
v  -64.5147 32.9489 -31.9527
v  -69.3314 95.7907 -33.9133
v  -123.6288 74.1441 45.3353
v  -123.6288 73.9027 -34.1785
v  -127.5015 72.8635 -34.1216
v  -126.5137 73.5587 45.3353
v  -115.6882 10.1671 -45.7349
v  -115.1560 10.1448 45.7062
v  -100.0000 39.5270 45.3353
v  -100.0000 33.1720 45.3353
v  -120.2671 29.3307 -45.7349
v  -120.2671 29.3307 45.3353
v  -119.9711 34.2479 45.3353
v  -119.9711 34.2479 -45.7349
v  -102.3415 33.0395 45.3354
v  -101.9048 39.1907 45.3353
v  -110.5377 39.3602 45.8183
v  -111.0172 31.9189 45.5371
v  -111.0595 80.7607 -34.7516
v  -110.5851 85.0214 -34.5488
v  -100.0000 26.3548 45.3353
v  -102.7918 27.1064 45.7294
v  -111.6527 26.3988 45.4592
v  0.0000 106.0857 -33.2873
v  -107.1420 69.3564 -33.2066
v  -110.0362 77.2161 -33.8309
v  -96.9537 80.2075 -30.8241
v  -85.6112 83.8454 -30.5004
v  -96.0804 91.4449 -34.0648
v  -106.9096 87.7991 -34.1889
v  -49.0900 84.7478 -28.4130
v  -47.2727 96.3915 -33.6018
v  -57.0978 94.6105 -33.8412
v  -59.5532 83.6612 -28.8691
v  -39.5685 85.9647 -28.1799
v  -38.9755 98.1363 -33.9076
v  -20.1874 87.8230 -27.8943
v  -20.2885 100.8733 -33.9834
v  -30.4492 99.8329 -33.1648
v  -30.1237 87.0528 -28.0013
v  -10.1349 88.2244 -27.8402
v  -10.9573 100.7520 -33.6858
v  -81.3338 92.3281 -33.7822
v  -104.1021 78.1932 -31.7978
v  -109.4996 84.4731 -34.3337
v  -110.0361 80.2243 -33.9931
v  -105.7774 74.3852 -32.0181
v  -50.4312 74.3849 -45.0431
v  -60.1210 71.4538 -26.0961
v  -49.8840 72.1047 -25.1150
v  -39.9076 73.0222 -24.5103
v  -30.1943 73.8937 -24.2847
v  -20.1298 74.0247 -24.1047
v  -23.5017 76.9035 -45.1531
v  -9.8254 74.1977 -24.0970
v  -0.0166 77.6624 -45.3247
v  -71.0120 71.0339 -27.0483
v  -71.7302 83.0211 -29.5253
v  -80.7809 47.1482 -29.6357
v  -89.6376 50.5354 -29.4885
v  -24.1694 54.9161 -45.5512
v  -0.0271 55.9000 -45.6064
v  -101.2301 62.4564 -31.3958
v  -96.0305 55.6702 -30.6528
v  -108.7660 59.5748 -45.7198
v  -80.3313 56.0133 -45.5665
v  -61.5277 44.8991 -29.5772
v  -71.1436 45.3549 -29.7388
v  -41.0610 45.1860 -29.1506
v  -51.3791 44.9384 -29.3498
v  -30.7995 45.4358 -29.0054
v  -51.4674 53.8924 -45.4416
v  -9.9690 45.1216 -28.7328
v  -20.4189 45.4369 -28.7835
v  0.0000 44.7585 -28.8542
v  -108.5339 10.0909 -45.7349
v  -109.1370 22.5062 45.7067
v  -116.3475 26.7983 45.6606
v  -114.0855 22.8518 45.6994
v  -114.7912 65.1888 -45.4810
v  -115.3932 65.1076 -34.5129
v  -108.5164 10.0513 45.7246
v  -100.4170 14.1349 45.7387
v  -113.1652 56.0566 45.5810
v  -113.6684 46.8219 45.4945
v  -118.3849 66.4028 45.7187
v  -120.9050 62.7206 45.6181
v  -117.6791 62.5283 45.5869
v  -129.2916 71.8349 45.3353
v  -115.6104 63.9738 -45.6065
v  -115.4106 60.5153 45.5688
v  -127.0680 64.5724 45.6210
v  -125.4636 63.5867 45.7319
v  -123.3803 67.7627 45.9096
v  -126.4236 68.3878 45.3344
v  -115.5553 39.4818 45.6765
v  -116.3996 31.4190 45.6552
v  -102.9938 23.4544 45.6469
v  -129.5285 63.7015 -34.1785
v  -129.5285 63.7016 45.3353
v  -128.6523 66.2355 45.5601
v  -128.6529 68.6995 45.4905
v  -123.5886 62.9636 45.7402
v  -121.2590 67.2650 45.3356
v  -116.3978 69.5228 45.5540
v  -115.3511 71.2259 45.3353
v  -115.3511 71.2259 -34.1785
v  -118.7070 62.5588 -34.1648
v  -116.7155 58.8273 -45.6467
v  -117.1067 59.7750 45.3353
v  -118.5221 61.4225 45.3353
v  -124.1256 61.0087 -34.1785
v  -121.6737 61.1172 -34.0689
v  -122.5179 60.6968 45.3353
v  -125.0286 61.0728 45.3353
v  -125.0132 72.3093 45.5650
v  -121.5305 71.9640 45.5388
v  -120.2731 74.0494 45.3353
v  -120.2731 73.9259 -34.1785
v  -127.7100 62.3316 -34.1785
v  -127.7100 62.3316 45.3353
v  -128.3197 70.6221 45.5214
v  -118.8310 70.8003 45.7062
v  -117.5938 73.1096 45.3353
v  -117.5938 73.1096 -34.1785
v  -115.4285 55.8020 -45.7349
v  -115.4285 55.8020 45.3353
v  -116.9538 43.6225 45.3353
v  -108.4611 20.9611 45.7390
v  -118.3521 39.5270 -45.7349
v  -116.9538 43.6225 -45.7349
v  -118.3521 39.5270 45.3353
v  -122.5017 67.5224 -34.1773
v  -119.5546 67.9703 -34.1747
v  -119.0830 64.4924 -34.1746
v  -121.8376 63.5633 -34.1774
v  -118.2531 62.5878 -45.6568
v  -70.5736 92.9725 -33.5760
v  -70.4309 58.4153 -27.6536
v  -60.3881 58.3213 -27.0506
v  -90.7594 9.9156 -45.6657
v  -92.4940 10.8280 45.2309
v  -91.1870 11.6958 46.0471
v  -98.4011 95.4228 -34.1785
v  -98.4011 95.4228 -45.7349
v  -101.7698 92.4790 -34.1802
v  -96.0900 94.1286 -34.2241
v  -87.6110 8.2385 45.3353
v  -87.9299 9.3944 46.1201
v  -90.3384 96.7188 -45.7349
v  -50.3008 58.5675 -26.2213
v  -40.0696 59.0315 -25.6169
v  -30.3079 59.3458 -25.4241
v  -20.1861 59.4284 -25.3942
v  -9.8388 59.0514 -25.4018
v  0.0000 58.6368 -25.4958
v  -22.7510 109.1381 -45.7349
v  0.0000 100.8638 -33.6811
v  -113.6941 19.3969 45.6758
v  -107.8182 15.4371 45.9462
v  -108.4461 19.4115 45.7095
v  -113.6207 11.6804 45.7378
v  -108.3514 11.7162 45.4799
v  -101.8470 11.6114 45.7260
v  -101.9686 14.1319 45.7363
v  -101.7289 19.5220 45.6885
v  -116.3069 68.3699 -34.1699
v  -116.3258 65.4461 -34.1703
v  -124.2007 63.2661 -34.1783
v  -126.6456 63.4944 -34.1785
v  -127.6131 65.9388 -34.1785
v  -127.9468 69.2877 -34.1785
v  -126.2377 70.9363 -34.1785
v  -123.3042 71.5968 -34.1779
v  -120.4218 71.6388 -34.1761
v  -118.2922 71.5378 -34.1735
v  -125.1929 66.8811 -34.1783
v  0.0000 74.3111 -24.1892
v  0.0000 88.6341 -28.1043
v  100.1074 21.0984 45.7209
v  99.8587 21.4121 -34.0306
v  88.1261 21.3612 -34.0905
v  88.6008 21.2867 45.9784
v  11.8909 20.4228 -46.3882
v  11.0225 4.5090 -45.7349
v  118.9027 25.3161 -45.7349
v  118.9027 25.3161 45.3353
v  115.2589 20.9421 45.7028
v  115.4485 21.2867 -45.7349
v  105.8498 56.9500 45.3353
v  105.8498 56.9500 -34.1785
v  100.4547 46.4909 -33.5228
v  100.4282 46.5166 45.3353
v  115.5780 51.4641 -45.7349
v  115.5657 51.3150 45.3353
v  116.1793 46.3150 45.3353
v  116.1793 46.3150 -45.7349
v  102.2791 45.9294 45.3354
v  109.4079 46.8531 45.6254
v  110.7340 56.6945 45.3356
v  108.6750 57.6853 45.8049
v  113.3024 62.9824 45.5944
v  115.4519 64.8264 45.8679
v  113.9712 67.3085 45.3353
v  112.2320 65.0349 45.3353
v  11.0225 4.5090 45.3353
v  108.4941 69.5734 -45.7349
v  111.8458 77.5344 -45.7349
v  111.5488 77.5187 -34.1724
v  108.4941 69.5734 -34.1785
v  112.0209 81.3722 -34.2894
v  112.1309 81.3751 -45.7349
v  111.6885 85.5846 -45.7349
v  111.6885 85.5846 -34.1785
v  108.1460 91.2829 -45.7349
v  108.0625 91.1862 -34.3124
v  110.9572 87.8484 -34.1785
v  110.9572 87.8484 -45.7349
v  99.9394 26.3465 -34.1120
v  92.9322 39.5294 -31.1680
v  83.9734 35.1378 -31.6711
v  21.6659 32.5714 -45.7151
v  97.9182 46.6611 -32.1270
v  100.0002 33.3853 -32.8817
v  129.5738 69.7238 -34.0882
v  130.4917 69.2499 45.3353
v  130.5627 66.2549 45.3353
v  130.2994 66.2887 -34.1785
v  112.7696 68.2887 45.3353
v  110.9369 65.8928 -34.1785
v  110.9369 65.8928 45.3353
v  112.5670 65.1659 -45.6734
v  105.0286 68.5956 -45.7289
v  105.9766 67.9735 -32.4980
v  103.0621 59.5702 -32.4230
v  80.7794 72.3086 -45.4895
v  87.2673 90.9610 -45.6666
v  106.6956 79.7780 -45.7132
v  105.1803 68.5901 -32.2972
v  106.0853 69.1574 -32.6014
v  103.2063 71.2370 -31.3096
v  100.8391 67.0143 -30.8039
v  89.0145 60.8106 -28.6528
v  91.1553 70.5771 -28.9927
v  81.8272 71.0419 -27.6541
v  79.6224 59.1319 -27.9228
v  98.3011 70.8088 -30.2205
v  95.7872 63.4436 -30.0525
v  97.1139 11.1516 45.2209
v  94.9166 11.5329 45.2770
v  94.4771 11.4802 -45.6803
v  96.8944 11.0267 -45.7335
v  97.4030 13.2330 45.9694
v  93.5530 13.2675 45.9199
v  83.2243 20.2371 -46.3882
v  99.4685 20.2578 -46.3882
v  100.0000 10.0000 -45.7349
v  100.2201 10.0563 45.6989
v  104.5620 93.4142 -45.7349
v  104.5576 93.4045 -34.1896
v  80.2178 38.0801 -45.6706
v  106.8773 46.4438 -45.7305
v  105.9087 90.6480 -34.2109
v  108.8843 87.8175 -34.2245
v  84.5428 7.9569 -45.7182
v  87.6041 8.2620 -45.7112
v  80.0262 97.4937 -34.1785
v  80.4083 95.3118 -34.0866
v  89.2259 94.9335 -34.1262
v  90.3384 96.7188 -34.1785
v  84.5424 7.9395 45.3353
v  81.3627 8.4068 45.3353
v  81.3704 8.4562 -45.6877
v  77.3541 21.5443 -32.0768
v  77.4083 21.2867 45.9784
v  84.3800 8.9013 45.9882
v  80.8599 9.4959 45.9875
v  80.0262 97.4937 -45.7349
v  69.2861 98.0730 -45.7349
v  69.2861 98.0730 -34.1785
v  74.2683 33.5093 -31.9007
v  58.1016 11.0715 -45.7236
v  56.2375 20.5291 -46.3869
v  67.1697 20.2694 -46.3883
v  74.8334 9.6311 -45.6684
v  74.8244 9.5609 45.3353
v  58.1024 11.0596 45.3353
v  50.4901 29.5289 -45.7104
v  47.2992 98.9107 -33.8919
v  57.0478 96.9204 -33.7496
v  57.0044 99.4091 -34.1785
v  47.3500 101.6708 -34.1785
v  43.1827 7.5655 45.3353
v  43.1827 7.5655 -45.7349
v  43.1967 21.5666 -31.6999
v  43.1827 21.2867 45.9784
v  54.6198 21.2867 45.9784
v  54.7112 21.7663 -29.1775
v  58.0079 12.1229 45.9865
v  43.1285 12.8744 45.9814
v  47.3500 101.6708 -45.7349
v  38.9981 103.6957 -45.7349
v  38.9981 103.6957 -34.1785
v  54.1575 32.7886 -31.9270
v  42.5474 33.0749 -31.8754
v  46.8143 95.7161 -45.4831
v  43.8613 20.2328 -46.3877
v  38.9782 100.8142 -33.8566
v  32.8067 5.4923 45.3353
v  32.8067 5.4923 -45.7349
v  32.8067 21.3539 -34.0809
v  32.8067 21.2867 45.9784
v  32.3297 12.7585 45.8603
v  30.4120 106.0652 -45.7349
v  30.4120 106.0652 -34.1785
v  31.8003 33.1929 -31.8036
v  21.8826 20.4371 -46.3882
v  32.9237 20.1816 -46.3862
v  21.7763 6.3459 -45.7349
v  21.7763 6.3459 45.3353
v  17.5158 109.3641 -34.1785
v  20.1400 104.4761 -34.2197
v  22.7436 109.1412 -34.1785
v  10.9911 21.6032 -31.1806
v  11.0224 21.2867 45.9784
v  21.7763 21.2867 45.9784
v  21.7647 21.5337 -32.1012
v  21.6248 13.0670 46.0790
v  10.7127 12.3988 45.4841
v  17.5158 109.3641 -45.7349
v  15.2204 110.3639 -45.7349
v  15.1411 110.3819 -34.1785
v  21.0866 33.0756 -31.6772
v  10.4718 32.5638 -31.6706
v  20.3738 102.1057 -45.6102
v  26.5653 107.6553 -45.7349
v  26.5664 107.6546 -34.1785
v  29.6364 102.9629 -33.4164
v  12.0716 111.5052 -34.1785
v  12.2310 105.3542 -33.2372
v  12.0716 111.5052 -45.7349
v  68.0054 21.2867 45.9784
v  67.5880 21.7469 -29.5102
v  73.9886 10.6049 45.9855
v  57.0044 99.4091 -45.7349
v  64.5147 32.9489 -31.9527
v  69.3314 95.7907 -33.9133
v  127.5015 72.8635 -34.1216
v  123.6288 73.9027 -34.1785
v  123.6288 74.1441 45.3353
v  126.5137 73.5587 45.3353
v  115.1560 10.1448 45.7062
v  115.6882 10.1671 -45.7349
v  100.0000 33.1720 45.3353
v  100.0000 39.5270 45.3353
v  119.9711 34.2479 45.3353
v  120.2671 29.3307 45.3353
v  120.2671 29.3307 -45.7349
v  119.9711 34.2479 -45.7349
v  102.3415 33.0395 45.3354
v  111.0172 31.9189 45.5371
v  110.5377 39.3602 45.8183
v  101.9048 39.1907 45.3353
v  110.5851 85.0214 -34.5488
v  111.0595 80.7607 -34.7516
v  100.0000 26.3548 45.3353
v  102.7918 27.1064 45.7294
v  111.6527 26.3988 45.4592
v  110.0362 77.2161 -33.8309
v  107.1420 69.3564 -33.2066
v  96.9537 80.2075 -30.8241
v  106.9096 87.7991 -34.1889
v  96.0804 91.4449 -34.0648
v  85.6112 83.8454 -30.5004
v  57.0978 94.6105 -33.8412
v  47.2727 96.3915 -33.6018
v  49.0900 84.7478 -28.4130
v  59.5532 83.6612 -28.8691
v  38.9755 98.1363 -33.9076
v  39.5685 85.9647 -28.1799
v  30.4492 99.8329 -33.1648
v  20.2885 100.8733 -33.9834
v  20.1874 87.8230 -27.8943
v  30.1237 87.0528 -28.0013
v  10.9572 100.7520 -33.6858
v  10.1349 88.2244 -27.8402
v  81.3338 92.3281 -33.7822
v  104.1021 78.1932 -31.7978
v  110.0361 80.2243 -33.9931
v  109.4996 84.4731 -34.3337
v  105.7774 74.3852 -32.0181
v  50.4181 74.4466 -45.0295
v  49.8840 72.1047 -25.1150
v  60.1210 71.4538 -26.0961
v  39.9076 73.0222 -24.5103
v  20.1298 74.0247 -24.1047
v  30.1943 73.8937 -24.2847
v  23.4629 76.9510 -45.1411
v  9.8254 74.1977 -24.0970
v  71.7302 83.0211 -29.5253
v  71.0120 71.0339 -27.0483
v  89.6376 50.5354 -29.4885
v  80.7809 47.1482 -29.6357
v  24.0991 54.9431 -45.5441
v  101.2301 62.4564 -31.3958
v  96.0305 55.6702 -30.6528
v  80.2684 55.9636 -45.5609
v  108.7660 59.5748 -45.7198
v  71.1436 45.3549 -29.7388
v  61.5277 44.8991 -29.5772
v  51.3791 44.9384 -29.3498
v  41.0610 45.1860 -29.1506
v  30.7995 45.4358 -29.0054
v  51.3097 53.7919 -45.4374
v  20.4189 45.4369 -28.7835
v  9.9690 45.1216 -28.7328
v  108.5339 10.0909 -45.7349
v  116.3475 26.7983 45.6606
v  109.1369 22.5062 45.7067
v  114.0855 22.8518 45.6994
v  115.3932 65.1076 -34.5129
v  114.7912 65.1888 -45.4810
v  108.5164 10.0513 45.7246
v  100.4170 14.1349 45.7387
v  113.6684 46.8219 45.4945
v  113.1652 56.0566 45.5810
v  118.3849 66.4028 45.7187
v  117.6791 62.5283 45.5869
v  120.9050 62.7206 45.6181
v  129.2916 71.8349 45.3353
v  115.6104 63.9738 -45.6065
v  115.4106 60.5153 45.5688
v  123.3802 67.7627 45.9096
v  125.4636 63.5867 45.7319
v  127.0680 64.5724 45.6210
v  126.4236 68.3878 45.3344
v  115.5553 39.4818 45.6765
v  116.3996 31.4190 45.6552
v  102.9938 23.4544 45.6469
v  129.5285 63.7016 45.3353
v  129.5285 63.7015 -34.1785
v  128.6523 66.2355 45.5601
v  128.6530 68.6995 45.4905
v  121.2590 67.2650 45.3356
v  123.5886 62.9636 45.7402
v  116.3978 69.5228 45.5540
v  115.3511 71.2259 45.3353
v  115.3511 71.2259 -34.1785
v  118.7070 62.5588 -34.1648
v  118.5221 61.4225 45.3353
v  117.1067 59.7750 45.3353
v  116.7154 58.8273 -45.6467
v  124.1256 61.0087 -34.1785
v  125.0286 61.0728 45.3353
v  122.5179 60.6968 45.3353
v  121.6737 61.1172 -34.0689
v  125.0132 72.3093 45.5650
v  121.5305 71.9640 45.5388
v  120.2731 73.9259 -34.1785
v  120.2731 74.0494 45.3353
v  127.7100 62.3316 45.3353
v  127.7100 62.3316 -34.1785
v  128.3198 70.6221 45.5214
v  118.8310 70.8003 45.7062
v  117.5938 73.1096 -34.1785
v  117.5938 73.1096 45.3353
v  115.4285 55.8020 -45.7349
v  115.4285 55.8020 45.3353
v  116.9538 43.6225 45.3353
v  108.4611 20.9611 45.7390
v  118.3521 39.5270 -45.7349
v  116.9538 43.6225 -45.7349
v  118.3521 39.5270 45.3353
v  119.0830 64.4924 -34.1746
v  119.5546 67.9703 -34.1747
v  122.5017 67.5224 -34.1773
v  121.8376 63.5633 -34.1774
v  118.2530 62.5878 -45.6568
v  70.5736 92.9725 -33.5760
v  70.4309 58.4153 -27.6536
v  60.3881 58.3213 -27.0506
v  92.4940 10.8280 45.2309
v  90.7594 9.9156 -45.6657
v  91.1870 11.6958 46.0471
v  98.4011 95.4228 -45.7349
v  98.4011 95.4228 -34.1785
v  101.7698 92.4790 -34.1802
v  96.0900 94.1286 -34.2241
v  87.6110 8.2385 45.3353
v  87.9299 9.3944 46.1201
v  90.3384 96.7188 -45.7349
v  50.3008 58.5675 -26.2213
v  40.0696 59.0315 -25.6169
v  20.1861 59.4284 -25.3942
v  30.3079 59.3458 -25.4241
v  9.8388 59.0514 -25.4018
v  22.7510 109.1381 -45.7349
v  113.6941 19.3969 45.6758
v  108.4461 19.4115 45.7095
v  107.8182 15.4371 45.9462
v  113.6207 11.6804 45.7378
v  108.3514 11.7162 45.4799
v  101.8470 11.6114 45.7260
v  101.9686 14.1319 45.7363
v  101.7289 19.5220 45.6885
v  116.3069 68.3699 -34.1699
v  116.3258 65.4461 -34.1703
v  124.2007 63.2661 -34.1783
v  126.6455 63.4944 -34.1785
v  127.6131 65.9388 -34.1785
v  127.9468 69.2877 -34.1785
v  126.2377 70.9363 -34.1785
v  123.3042 71.5968 -34.1779
v  120.4218 71.6388 -34.1761
v  118.2922 71.5378 -34.1735
v  125.1929 66.8811 -34.1783
v  -122.6652 59.3748 39.1215
v  -118.0483 60.9403 39.9611
v  -118.2617 61.0512 42.1665
v  -122.3570 60.1139 42.2202
v  -131.9532 65.5868 41.4943
v  -133.7413 65.6094 38.5301
v  -131.5587 62.1485 38.5695
v  -130.5688 62.9615 41.5905
v  -109.1950 73.8519 -33.8124
v  -112.8638 75.7536 -34.1423
v  -110.4957 79.7729 -32.0385
v  -105.9730 78.5513 -28.2602
v  -99.0069 57.5657 -33.5539
v  -101.2285 63.2225 -33.5250
v  -97.4985 66.1517 -28.2554
v  -94.7610 55.6462 -28.2299
v  -117.1653 77.5369 -34.3689
v  -121.7102 78.0017 -34.4746
v  -121.8954 82.8043 -32.8633
v  -115.7197 82.0395 -32.5031
v  -129.3297 75.1475 -34.3633
v  -131.3407 72.4772 -34.1372
v  -133.6593 74.0050 -31.0220
v  -131.9214 78.0186 -32.0514
v  -96.8436 33.5080 -33.2220
v  -94.9423 35.9161 -26.2166
v  -94.7895 30.7417 -27.0816
v  -96.4192 27.8934 -33.1268
v  -96.2707 46.2780 -33.2233
v  -97.6075 53.1291 -33.5015
v  -94.1881 44.4412 -27.9847
v  -126.3412 60.4777 -33.9869
v  -122.8341 60.1865 -34.1571
v  -122.8410 59.9895 -30.2067
v  -127.2790 60.0691 -29.7750
v  -87.6625 30.4798 -27.6852
v  -87.7339 27.5632 -33.1193
v  -131.2160 62.5435 -29.8470
v  -130.2088 62.9074 -33.8281
v  -96.7799 39.6688 -33.3616
v  -118.4641 61.5925 42.3239
v  -122.1334 60.6396 42.3310
v  -118.8193 61.5147 -33.7974
v  -122.8457 60.6975 -34.2891
v  -119.2851 61.9470 -34.1233
v  -118.5952 61.9952 32.4709
v  -130.0799 65.5480 42.0524
v  -130.0795 67.9741 41.8769
v  -132.3160 68.8313 41.3671
v  -131.8821 66.3820 -33.9080
v  -130.2537 66.3006 -34.3631
v  -129.3191 63.9809 -34.3821
v  -107.6260 70.0636 42.6536
v  -111.8559 67.6830 42.5579
v  -109.8448 64.3997 42.5905
v  -105.0000 66.2789 42.7048
v  -116.1583 72.2164 -34.0223
v  -118.2319 73.8043 -34.3243
v  -102.8644 62.2729 42.7105
v  -107.8235 61.2200 42.9083
v  -105.3957 57.0549 43.1637
v  -100.5669 57.6186 43.1154
v  -103.2715 66.8156 -33.5776
v  -106.3743 60.3405 -33.9720
v  -108.8555 63.9817 -33.9390
v  -122.6238 77.9235 42.1943
v  -122.6508 74.4388 42.3593
v  -118.9227 73.8564 42.2690
v  -117.8440 77.4011 42.3522
v  -120.9748 74.0552 -34.3702
v  -126.9876 76.9400 42.0355
v  -125.5478 74.0869 42.1619
v  -128.7981 71.7356 -34.4669
v  -130.0246 69.3370 -34.4546
v  -132.0907 69.7910 -33.8257
v  -99.5680 21.8607 -33.8406
v  -99.6225 33.0477 -33.8712
v  -96.3204 27.1767 44.3593
v  -96.3907 34.3301 43.9602
v  -99.8244 33.2766 44.6149
v  -99.9357 21.4910 44.6162
v  -101.9333 52.0239 -34.0294
v  -103.9128 55.9061 -33.9585
v  -98.4665 52.5761 43.5014
v  -102.7659 51.8649 43.3984
v  -100.5379 46.4416 43.6264
v  -96.8524 46.8405 43.7606
v  -126.4263 61.5906 -34.3304
v  -126.1232 61.7030 42.2219
v  -126.6625 60.6002 41.6857
v  0.0000 22.1004 -34.0481
v  -11.8913 22.0707 -34.0224
v  -11.8850 28.6158 -32.3077
v  0.0000 28.8157 -32.0622
v  -87.7405 21.4966 44.6073
v  -87.7392 27.2925 44.4365
v  -128.8905 63.4086 42.1511
v  -96.4848 40.5910 43.9118
v  -99.8115 40.5755 44.2460
v  -99.7548 39.5977 -33.9854
v  -100.1308 46.1931 -34.0484
v  -110.3417 73.1408 42.5277
v  -102.5610 73.0471 40.6405
v  -106.5096 77.3357 40.6903
v  -113.5362 75.5946 42.4280
v  -115.1369 71.6964 42.4665
v  -113.5056 69.9352 42.4783
v  -106.0014 70.7656 -33.6114
v  -111.4216 66.9140 -33.8179
v  -113.5554 69.6635 -33.9673
v  -130.1302 74.6394 41.7965
v  -128.3821 80.2261 40.0378
v  -132.4626 76.8958 39.5674
v  -131.8685 71.8364 41.6014
v  -129.5338 70.5676 41.4663
v  -128.0099 72.5124 41.7864
v  -126.0448 77.0419 -34.4836
v  -124.5776 73.6453 -34.4022
v  -127.2266 72.9653 -34.5052
v  -99.6954 31.1760 33.7092
v  -99.7989 22.0213 35.4368
v  -115.6931 71.1439 33.0866
v  -113.7540 69.6210 33.6259
v  -112.1799 67.2932 33.3970
v  -110.5051 64.3742 32.5374
v  -108.2934 60.6544 32.8284
v  -105.6065 56.3128 32.7891
v  -102.7980 51.4052 32.3628
v  -100.7440 45.5844 32.0917
v  -99.9173 38.8714 32.4990
v  -123.2445 74.1950 32.7886
v  -117.3756 73.1152 33.7923
v  -125.4345 73.8351 32.7796
v  -128.9912 71.9404 33.0361
v  -127.1720 73.0507 32.7726
v  -130.1463 67.6404 33.4871
v  -130.0324 71.1629 33.3673
v  -126.3198 62.2073 34.0190
v  -130.2232 65.0564 33.5690
v  -123.1370 60.7695 33.6654
v  -123.1213 59.3871 19.1968
v  -123.2597 59.6057 13.2512
v  -118.5859 61.2233 13.7996
v  -118.5014 61.1876 19.6802
v  -133.7328 70.4127 18.0861
v  -135.6000 70.6040 12.4144
v  -134.9857 66.7137 12.5828
v  -133.4804 66.8558 18.3945
v  -115.9416 81.6506 17.8015
v  -115.4157 84.1953 23.4293
v  -109.5431 82.1199 24.0004
v  -110.3846 80.4749 17.6180
v  -122.0732 84.8757 23.0654
v  -121.6727 81.7253 17.9092
v  -135.9058 70.1529 23.4393
v  -135.5287 74.4493 23.2235
v  -133.2346 74.0546 17.9338
v  -94.0553 36.6658 17.9717
v  -94.3491 37.0974 25.7638
v  -94.3521 31.2961 25.7158
v  -94.9351 28.1938 18.5341
v  -122.9539 59.2837 25.0367
v  -128.0005 60.0361 24.4808
v  -127.9974 60.1672 18.7964
v  -132.3384 62.6656 24.2893
v  -131.8284 62.9767 18.6098
v  -119.1789 62.5454 18.1689
v  -96.0525 64.8504 9.0723
v  -99.1485 73.0910 8.9782
v  -100.9784 71.7390 17.2001
v  -97.5149 64.1116 17.3347
v  -122.1552 85.1030 12.7953
v  -128.7537 82.9588 12.8460
v  -127.1502 80.4546 17.9637
v  -116.2468 82.1520 -7.4647
v  -115.6206 84.8647 -1.1810
v  -109.5899 82.6259 -0.9616
v  -110.9167 79.8478 -7.7972
v  -122.2277 85.4230 -1.2198
v  -122.0623 82.9539 -7.3538
v  -134.1435 70.9972 -7.1726
v  -136.2320 70.8193 -0.9443
v  -136.1251 75.7472 -1.0334
v  -134.0485 75.2548 -7.2085
v  -94.0561 36.0649 -7.6146
v  -94.4015 36.7800 1.0589
v  -94.8921 31.2802 0.4843
v  -94.9958 28.7339 -7.5732
v  -123.3573 59.7977 -6.9320
v  -123.4026 59.6108 0.1083
v  -128.4412 60.0997 -0.3171
v  -128.2187 60.5859 -6.9515
v  -87.6979 30.8397 -1.2148
v  -87.7282 27.8825 -7.7646
v  -132.8126 62.6180 -0.6252
v  -132.1413 63.2757 -7.0886
v  -123.2069 59.9031 -13.7387
v  -118.6412 61.4577 -13.7501
v  -118.7499 61.4837 -7.3277
v  -135.2659 70.8986 -13.3317
v  -134.5621 66.7279 -13.2472
v  -133.6840 67.1548 -7.2099
v  -119.3886 62.7446 -12.3548
v  -95.3439 65.5469 -17.9085
v  -99.3781 73.6468 -17.8359
v  -100.4133 71.9295 -8.7000
v  -96.4733 64.3572 -8.6278
v  -122.1616 85.3804 -13.4130
v  -128.9863 84.1517 -13.3908
v  -127.9402 82.0170 -7.3437
v  -115.6930 84.5178 -13.6550
v  -109.9917 82.3228 -14.4887
v  -109.8337 82.6642 -19.6838
v  -115.5083 85.0759 -20.0875
v  -122.1591 86.0812 -20.2960
v  -135.8407 70.6980 -19.5345
v  -135.2917 75.3943 -13.4388
v  -135.9364 75.1256 -20.0858
v  -94.6394 35.2401 -16.5580
v  -94.6694 30.7592 -13.2975
v  -94.9597 31.4775 -19.4979
v  -128.1208 60.6140 -13.3633
v  -127.9112 60.5742 -19.3893
v  -123.1216 60.0322 -20.1303
v  -132.2184 63.0248 -13.2552
v  -132.1126 62.9046 -19.3176
v  -122.9610 59.9940 -24.3942
v  -118.4489 61.6645 -22.4288
v  -135.2013 70.5359 -25.2690
v  -134.2413 66.3509 -24.9398
v  -134.8208 66.4607 -19.3202
v  -101.0247 73.2515 -27.6157
v  -122.0637 85.8389 -27.2153
v  -128.9505 84.2396 -27.2919
v  -129.2154 84.6616 -20.4815
v  -123.3935 59.5971 6.5673
v  -118.6850 61.2931 0.8308
v  -118.7731 61.1803 6.4849
v  -136.5589 70.7277 5.8864
v  -135.2218 66.5623 -0.8218
v  -135.5638 66.4365 5.9733
v  -119.5691 62.7201 0.7409
v  -95.7947 64.7129 0.2776
v  -98.9722 72.8559 -0.0146
v  -128.9392 83.8966 -1.2165
v  -129.0348 84.0069 5.9510
v  -122.2592 85.8605 5.9078
v  -115.5412 84.8962 12.4080
v  -109.5826 83.0290 11.6019
v  -109.5752 83.2896 6.3690
v  -115.5323 85.4535 5.8832
v  -135.1195 74.9790 12.3727
v  -136.2450 75.5724 5.8595
v  -128.2497 60.1370 12.7841
v  -128.4108 60.0728 6.3053
v  -132.6015 62.6647 12.6660
v  -132.8453 62.5153 6.1075
v  -122.8905 59.1524 30.3168
v  -117.9615 60.9090 26.1339
v  -117.8819 60.8610 31.1793
v  -136.4280 69.9013 29.1875
v  -134.8250 66.3405 23.8870
v  -135.1140 65.9764 29.3632
v  -96.3601 65.8049 35.4669
v  -96.2938 64.7160 25.9847
v  -99.9763 72.3890 25.4395
v  -99.7831 73.6233 33.9428
v  -128.6601 82.7906 23.0855
v  -129.2276 83.5401 29.4432
v  -122.2818 85.4915 29.6063
v  -115.0846 84.8066 29.8967
v  -115.1852 84.2055 36.2312
v  -109.4928 82.8778 35.8508
v  -109.3663 83.0660 30.7471
v  -122.4897 84.3823 35.8982
v  -135.7764 69.6863 34.4018
v  -135.7880 73.8986 34.7148
v  -136.3866 74.3014 29.1838
v  -122.7743 59.1087 34.9703
v  -127.8101 59.7992 34.5583
v  -127.9465 59.9187 29.7659
v  -87.5008 31.4267 25.7698
v  -87.7339 27.9192 18.4431
v  -132.3171 62.0793 34.5034
v  -132.4658 62.3906 29.6805
v  -109.7253 82.0299 -26.7056
v  -115.3335 84.6704 -26.8245
v  -135.2467 74.9386 -25.9733
v  -127.5875 60.4278 -24.5929
v  -131.6271 62.7662 -24.7718
v  -118.3940 61.5294 -29.7315
v  -133.8893 70.2661 -30.2294
v  -133.3476 66.3176 -29.9938
v  -119.1683 62.8080 -26.7969
v  -127.7187 81.3836 -32.8054
v  -118.0225 71.8119 -10.5422
v  -117.6789 73.9042 -25.6761
v  -115.4703 71.6362 -25.4107
v  -116.3411 70.2049 -10.4208
v  -114.6918 68.7284 -10.3097
v  -113.6880 69.5146 -24.8202
v  -111.8778 67.1590 -23.1772
v  -112.9525 66.3149 -9.8105
v  -111.1793 63.9035 -9.5944
v  -110.0511 64.6041 -22.6086
v  -107.5543 60.7303 -22.5924
v  -108.5160 60.3137 -9.5377
v  -105.0588 56.4339 -23.0461
v  -102.6261 51.6850 -22.6427
v  -103.1190 51.4789 -9.8122
v  -105.6968 56.1275 -9.6039
v  -101.0027 45.5460 -9.8918
v  -100.7676 45.9458 -22.4489
v  -100.0429 38.8352 -22.4677
v  -100.1242 38.6470 -9.5542
v  -124.0564 74.6503 -10.4679
v  -123.8097 75.7680 -25.7927
v  -127.1904 73.8456 -10.4997
v  -127.7658 74.9449 -25.7535
v  -125.7530 75.4165 -25.8000
v  -125.4682 74.2878 -10.4822
v  -130.7483 71.8206 -10.5416
v  -131.2206 71.4049 -24.2992
v  -129.5446 73.1980 -25.7960
v  -129.4762 72.8556 -10.5416
v  -129.2767 65.1004 -25.9527
v  -131.2622 67.4050 -21.9437
v  -130.8092 67.4988 -9.0911
v  -129.4919 65.3536 -11.0994
v  -127.5098 63.6450 -10.7399
v  -127.1572 63.4084 -25.2886
v  -123.4699 61.9341 -24.1934
v  -123.4144 61.8488 -10.1048
v  -94.4016 36.8332 9.8118
v  -94.5090 30.9897 10.1442
v  -115.8652 71.1967 3.6367
v  -118.2217 73.3342 3.7076
v  -114.1135 69.1701 3.7927
v  -112.2884 67.0704 3.8971
v  -108.0507 60.8729 4.1022
v  -110.3705 64.4372 3.9043
v  -105.3583 56.4840 4.1463
v  -102.7241 51.6014 4.0770
v  -100.7467 45.6487 4.1848
v  -100.0384 38.8305 4.4022
v  -124.0751 74.7926 3.8659
v  -127.4202 74.1446 3.6329
v  -125.5951 74.4940 3.7696
v  -129.6939 72.8771 3.6202
v  -131.1448 71.9310 3.4569
v  -130.9302 67.9728 3.7111
v  -130.6184 64.9292 3.6911
v  -127.9450 63.1141 3.6187
v  -123.2884 61.5782 0.5629
v  -117.6912 73.1821 16.7983
v  -116.2669 70.8280 16.7188
v  -114.5772 68.8023 16.6837
v  -112.9418 66.6567 16.7744
v  -111.2762 64.3515 16.9841
v  -108.7584 60.6196 17.0749
v  -106.0516 56.0703 17.1661
v  -103.0957 51.3321 17.0848
v  -100.6430 45.6007 17.2088
v  -99.4510 38.7347 17.4145
v  -124.1362 74.5919 16.8681
v  -126.8300 72.8802 16.5429
v  -125.3497 73.8208 16.7216
v  -129.6502 71.1138 16.5305
v  -128.5946 71.7749 16.5352
v  -130.0971 67.7006 16.7192
v  -129.8716 65.1931 16.9294
v  -127.0384 62.9526 18.5058
v  -123.0997 61.3088 18.7236
v  -93.9098 36.8851 33.3958
v  -93.4194 33.1905 33.8887
v  -117.8833 60.6862 35.7386
v  -134.8145 65.8827 34.4255
v  -129.4728 82.9758 35.7095
v  -116.5235 81.2255 40.5523
v  -111.1742 79.8798 40.8676
v  -99.6248 67.9612 40.7083
v  -97.7451 64.1490 40.5237
v  -122.5001 81.4417 40.1414
v  -134.4677 69.4440 38.6373
v  -134.1992 73.0884 39.0311
v  -93.9128 36.0967 39.5997
v  -92.9570 32.2780 40.1795
v  -93.8855 55.9132 35.3182
v  -95.5886 58.3261 40.2963
v  -94.4943 53.6718 39.9190
v  -127.3894 59.9400 38.6345
v  -93.7223 45.4520 34.6223
v  -94.1347 47.2534 39.3186
v  -94.1832 41.6360 39.1687
v  -132.7321 79.3153 12.5053
v  -130.9516 77.5231 17.9206
v  -133.5377 80.2652 -13.4280
v  -132.1864 79.3434 -7.2670
v  -133.6720 79.8396 -26.7680
v  -134.1519 80.3139 -20.3116
v  -133.6247 80.4326 -1.0777
v  -133.5768 80.1842 5.8922
v  -132.9583 78.7290 23.1889
v  -133.8022 79.0336 29.2652
v  -133.8810 78.7165 35.1524
v  -87.7204 21.8819 -33.8589
v  -87.7260 21.7681 -19.2660
v  -99.9893 21.7901 -22.9774
v  -99.9851 31.1205 -23.5362
v  -87.7168 32.0837 40.1740
v  -93.5867 45.6671 17.6965
v  -93.5298 45.7547 25.9936
v  -93.2974 45.1432 -8.0152
v  -93.4741 45.5794 0.7866
v  -93.4558 44.9656 -17.5754
v  -100.0000 31.0481 -9.2710
v  -93.5629 45.6443 9.4067
v  -99.9728 31.2416 4.7636
v  -99.2579 31.1770 18.1420
v  -94.8534 54.9541 17.5001
v  -94.1656 55.3316 26.1176
v  -94.1791 55.0887 -8.2760
v  -94.0207 55.0860 0.5869
v  -93.7170 55.3241 -17.8271
v  -94.2728 55.1281 9.2357
v  -104.9021 79.9203 8.9140
v  -105.5105 77.2754 17.1581
v  -105.4173 79.6439 -17.6207
v  -105.6440 77.0756 -8.5561
v  -104.1217 78.8857 -0.3052
v  -104.6801 78.3126 24.9038
v  -105.0373 80.0798 33.4111
v  -87.7399 31.1299 -21.5105
v  -76.4542 31.3195 -21.4957
v  -76.4712 30.6605 -27.6272
v  -76.4426 21.5285 43.6931
v  -76.4514 27.6735 44.3388
v  -76.4539 31.4078 4.4995
v  -76.4666 30.9136 -2.0218
v  -87.7444 31.2135 4.5134
v  -76.4415 28.0905 -7.9392
v  -76.4707 30.9934 -14.4166
v  -87.6607 30.6688 -13.5469
v  -76.4462 28.1045 18.4438
v  -76.4628 31.0447 11.7730
v  -87.6560 30.7832 12.2756
v  -76.4522 31.7589 40.0888
v  -64.1293 31.4349 -21.4904
v  -64.1470 30.8580 -27.5897
v  -64.1376 21.2695 44.1251
v  -64.1372 28.0371 44.2401
v  -64.1262 31.7359 26.1444
v  -64.1299 28.0880 18.4438
v  -76.3925 31.6701 26.1552
v  -64.1279 31.4371 4.4934
v  -64.1332 30.9368 -2.0596
v  -64.1293 28.2299 -8.0433
v  -64.1394 31.0350 -14.4842
v  -64.1284 31.0729 11.7828
v  -64.1372 31.8869 40.0270
v  -64.1446 32.7682 34.0663
v  -76.4936 32.5351 34.0433
v  -38.8986 31.4290 -21.4928
v  -38.8950 30.8610 -27.5392
v  -51.0726 31.0594 -27.5473
v  -51.0662 31.5848 -21.4928
v  -38.8972 32.1881 26.0953
v  -38.9031 28.2970 18.4500
v  -51.0702 28.1115 18.4443
v  -51.0624 31.8991 26.1085
v  -38.8923 31.4371 4.4921
v  -38.8910 30.9376 -2.0546
v  -51.0599 30.9356 -2.0669
v  -51.0599 31.4371 4.4916
v  -38.8971 28.2008 -8.0186
v  -38.8905 31.0305 -14.4586
v  -51.0608 31.0946 -14.4954
v  -51.0615 28.2630 -8.0705
v  -38.9017 31.0787 11.7387
v  -51.0716 31.0740 11.7741
v  -25.7239 22.1836 -34.0845
v  -38.9392 22.1351 -34.0370
v  -38.9060 28.0217 -32.8961
v  -25.7123 27.9360 -32.9365
v  -25.7047 31.3484 -21.4888
v  -11.8969 31.3485 -21.4878
v  -11.9005 30.7911 -27.1081
v  -25.7165 30.7103 -27.5172
v  -11.8976 21.5670 44.5684
v  -11.8886 28.3717 44.1879
v  -25.7156 28.4791 43.9306
v  -25.7178 21.4966 44.6073
v  -11.8815 32.4309 39.9477
v  -25.6987 31.8760 39.8476
v  -11.8921 31.4373 4.5086
v  -11.8840 30.9493 -1.9824
v  -25.6997 30.9436 -2.0176
v  -25.7014 31.4372 4.5013
v  -11.8928 28.0749 -7.8434
v  -11.8942 31.0143 -14.3539
v  -25.7021 31.0192 -14.3904
v  -25.7040 28.0968 -7.9086
v  -11.9002 28.1125 18.4444
v  -11.8903 31.0748 11.7687
v  -25.7015 31.0762 11.7575
v  -25.7102 28.2185 18.4478
v  0.0000 31.3483 -21.4931
v  0.0000 31.0599 -24.4684
v  0.0000 30.8182 -26.9616
v  0.0000 21.4966 44.6073
v  0.0000 28.3774 43.9565
v  0.0000 31.9318 26.2166
v  0.0000 28.1725 18.4637
v  -11.8802 31.9832 26.1732
v  0.0000 31.4372 4.5059
v  0.0000 30.9407 -2.0359
v  0.0000 28.0872 -7.8915
v  0.0000 31.0178 -14.3799
v  0.0000 31.0743 11.7720
v  -11.8895 33.0334 34.0413
v  0.0000 32.2630 39.8931
v  0.0000 33.0568 34.0465
v  -100.0100 22.0265 -9.1977
v  -99.9684 22.4458 4.9313
v  -99.5980 22.1395 18.2694
v  -87.7264 21.8181 37.0078
v  -87.7255 22.2690 10.6934
v  -64.1324 22.0150 -33.9526
v  -54.1898 21.7681 -19.2660
v  -54.2191 21.8181 37.0078
v  -54.1520 22.2690 10.6934
v  -51.0908 21.5038 44.1456
v  -38.9106 21.4921 44.3793
v  0.0000 21.7681 -19.2660
v  0.0000 21.8181 37.0078
v  0.0000 22.2690 10.6934
v  -38.9089 28.4313 43.8778
v  -51.0848 28.4236 44.0989
v  -51.0745 32.0399 39.8867
v  -38.9017 31.7690 39.8249
v  -25.7078 32.9034 34.0404
v  -25.7033 32.0376 26.0893
v  -51.0798 32.9445 34.0440
v  -38.8998 32.8903 34.0404
v  -51.0795 28.1032 -32.8577
v  -64.1356 27.9016 -32.9676
v  -76.4469 27.7319 -33.0600
v  -87.5426 32.6928 34.3207
v  118.2617 61.0512 42.1665
v  118.0483 60.9403 39.9611
v  122.6651 59.3748 39.1215
v  122.3570 60.1139 42.2202
v  131.5587 62.1485 38.5695
v  133.7413 65.6094 38.5301
v  131.9532 65.5868 41.4943
v  130.5688 62.9615 41.5905
v  109.1950 73.8519 -33.8124
v  105.9730 78.5513 -28.2602
v  110.4957 79.7729 -32.0385
v  112.8638 75.7536 -34.1423
v  99.0069 57.5657 -33.5539
v  94.7610 55.6462 -28.2299
v  97.4985 66.1517 -28.2554
v  101.2285 63.2225 -33.5250
v  117.1653 77.5369 -34.3689
v  115.7196 82.0395 -32.5031
v  121.8954 82.8043 -32.8633
v  121.7102 78.0017 -34.4746
v  129.3297 75.1475 -34.3633
v  131.9214 78.0186 -32.0514
v  133.6593 74.0050 -31.0220
v  131.3407 72.4772 -34.1372
v  94.7896 30.7417 -27.0816
v  94.9423 35.9161 -26.2166
v  96.8436 33.5080 -33.2220
v  96.4192 27.8934 -33.1268
v  96.2707 46.2780 -33.2233
v  94.1881 44.4412 -27.9847
v  97.6075 53.1291 -33.5015
v  126.3412 60.4777 -33.9869
v  127.2790 60.0691 -29.7750
v  122.8410 59.9895 -30.2067
v  122.8341 60.1865 -34.1571
v  87.7339 27.5632 -33.1193
v  87.6625 30.4798 -27.6852
v  131.2160 62.5435 -29.8470
v  130.2088 62.9074 -33.8281
v  96.7799 39.6688 -33.3616
v  122.1334 60.6396 42.3310
v  118.4641 61.5925 42.3239
v  118.8193 61.5147 -33.7974
v  119.2851 61.9470 -34.1233
v  122.8456 60.6975 -34.2891
v  118.5952 61.9952 32.4709
v  130.0795 67.9741 41.8769
v  130.0799 65.5480 42.0524
v  132.3160 68.8313 41.3671
v  129.3191 63.9809 -34.3821
v  130.2537 66.3006 -34.3631
v  131.8821 66.3820 -33.9080
v  109.8448 64.3997 42.5905
v  111.8559 67.6830 42.5579
v  107.6260 70.0636 42.6536
v  105.0000 66.2789 42.7048
v  118.2319 73.8043 -34.3243
v  116.1583 72.2164 -34.0223
v  105.3957 57.0549 43.1637
v  107.8235 61.2200 42.9083
v  102.8644 62.2729 42.7105
v  100.5669 57.6186 43.1154
v  103.2715 66.8156 -33.5776
v  108.8555 63.9817 -33.9390
v  106.3743 60.3405 -33.9720
v  118.9227 73.8564 42.2690
v  122.6508 74.4388 42.3593
v  122.6238 77.9235 42.1943
v  117.8440 77.4011 42.3522
v  120.9748 74.0552 -34.3702
v  125.5478 74.0869 42.1619
v  126.9876 76.9400 42.0355
v  130.0247 69.3370 -34.4546
v  128.7981 71.7356 -34.4669
v  132.0907 69.7910 -33.8257
v  99.6225 33.0477 -33.8712
v  99.5680 21.8607 -33.8406
v  96.3204 27.1767 44.3593
v  99.9357 21.4910 44.6162
v  99.8244 33.2766 44.6149
v  96.3907 34.3301 43.9602
v  103.9128 55.9061 -33.9585
v  101.9333 52.0239 -34.0294
v  100.5379 46.4416 43.6264
v  102.7659 51.8649 43.3984
v  98.4665 52.5761 43.5014
v  96.8524 46.8405 43.7606
v  126.4263 61.5906 -34.3304
v  126.1232 61.7030 42.2219
v  126.6625 60.6002 41.6857
v  11.8850 28.6158 -32.3077
v  11.8913 22.0707 -34.0224
v  87.7392 27.2925 44.4365
v  87.7405 21.4966 44.6073
v  128.8905 63.4086 42.1511
v  99.8115 40.5755 44.2460
v  96.4848 40.5910 43.9118
v  100.1308 46.1931 -34.0484
v  99.7548 39.5977 -33.9854
v  110.3417 73.1408 42.5277
v  106.5096 77.3357 40.6903
v  102.5610 73.0471 40.6405
v  113.5056 69.9352 42.4783
v  115.1369 71.6964 42.4665
v  113.5362 75.5946 42.4280
v  113.5554 69.6635 -33.9673
v  111.4216 66.9140 -33.8179
v  106.0014 70.7656 -33.6114
v  130.1302 74.6394 41.7965
v  132.4626 76.8958 39.5674
v  128.3821 80.2261 40.0378
v  128.0099 72.5124 41.7864
v  129.5338 70.5676 41.4663
v  131.8685 71.8364 41.6014
v  127.2266 72.9653 -34.5052
v  124.5776 73.6453 -34.4022
v  126.0447 77.0419 -34.4836
v  99.7989 22.0213 35.4368
v  99.6954 31.1760 33.7092
v  113.7540 69.6210 33.6259
v  115.6931 71.1439 33.0866
v  110.5051 64.3742 32.5374
v  112.1799 67.2932 33.3970
v  105.6065 56.3128 32.7891
v  108.2934 60.6544 32.8284
v  100.7439 45.5844 32.0917
v  102.7980 51.4052 32.3628
v  99.9174 38.8714 32.4990
v  117.3756 73.1152 33.7923
v  123.2445 74.1950 32.7886
v  125.4345 73.8351 32.7796
v  127.1719 73.0507 32.7726
v  128.9912 71.9404 33.0361
v  130.0324 71.1629 33.3673
v  130.1463 67.6404 33.4871
v  130.2232 65.0564 33.5690
v  126.3198 62.2073 34.0190
v  123.1370 60.7695 33.6654
v  123.1213 59.3871 19.1968
v  118.5014 61.1876 19.6802
v  118.5859 61.2233 13.7996
v  123.2597 59.6057 13.2512
v  133.7328 70.4127 18.0861
v  133.4804 66.8558 18.3945
v  134.9857 66.7137 12.5828
v  135.6000 70.6040 12.4144
v  115.9416 81.6506 17.8015
v  110.3846 80.4749 17.6180
v  109.5431 82.1199 24.0004
v  115.4157 84.1953 23.4293
v  122.0732 84.8757 23.0654
v  121.6727 81.7253 17.9092
v  133.2347 74.0546 17.9338
v  135.5288 74.4493 23.2235
v  135.9058 70.1529 23.4393
v  94.0553 36.6658 17.9717
v  94.9351 28.1938 18.5341
v  94.3521 31.2961 25.7158
v  94.3492 37.0974 25.7638
v  127.9974 60.1672 18.7964
v  128.0005 60.0361 24.4808
v  122.9539 59.2837 25.0367
v  131.8284 62.9767 18.6098
v  132.3384 62.6656 24.2893
v  119.1789 62.5454 18.1689
v  100.9784 71.7390 17.2001
v  99.1485 73.0910 8.9782
v  96.0525 64.8504 9.0723
v  97.5149 64.1116 17.3347
v  127.1502 80.4546 17.9637
v  128.7537 82.9588 12.8460
v  122.1552 85.1030 12.7953
v  116.2468 82.1520 -7.4647
v  110.9167 79.8478 -7.7972
v  109.5899 82.6259 -0.9616
v  115.6206 84.8647 -1.1810
v  122.2277 85.4230 -1.2198
v  122.0623 82.9539 -7.3538
v  134.1435 70.9972 -7.1726
v  134.0486 75.2548 -7.2085
v  136.1251 75.7472 -1.0334
v  136.2320 70.8193 -0.9443
v  94.0561 36.0649 -7.6146
v  94.9958 28.7339 -7.5732
v  94.8921 31.2802 0.4843
v  94.4015 36.7800 1.0589
v  123.3573 59.7977 -6.9320
v  128.2187 60.5859 -6.9515
v  128.4412 60.0997 -0.3171
v  123.4026 59.6108 0.1083
v  87.7282 27.8825 -7.7646
v  87.6979 30.8397 -1.2148
v  132.1413 63.2757 -7.0886
v  132.8126 62.6180 -0.6252
v  118.7499 61.4837 -7.3277
v  118.6412 61.4577 -13.7501
v  123.2069 59.9031 -13.7387
v  133.6840 67.1548 -7.2099
v  134.5621 66.7279 -13.2472
v  135.2659 70.8986 -13.3317
v  119.3886 62.7446 -12.3548
v  100.4133 71.9295 -8.7000
v  99.3781 73.6468 -17.8359
v  95.3439 65.5469 -17.9085
v  96.4733 64.3572 -8.6278
v  127.9402 82.0170 -7.3437
v  128.9863 84.1517 -13.3908
v  122.1616 85.3804 -13.4130
v  109.8337 82.6642 -19.6838
v  109.9917 82.3228 -14.4887
v  115.6930 84.5178 -13.6550
v  115.5083 85.0759 -20.0875
v  122.1591 86.0812 -20.2960
v  135.8407 70.6980 -19.5345
v  135.9364 75.1256 -20.0858
v  135.2917 75.3943 -13.4388
v  94.6394 35.2401 -16.5580
v  94.9597 31.4775 -19.4979
v  94.6694 30.7592 -13.2975
v  127.9112 60.5742 -19.3893
v  128.1208 60.6140 -13.3633
v  123.1216 60.0322 -20.1303
v  132.1126 62.9046 -19.3176
v  132.2184 63.0248 -13.2552
v  118.4488 61.6645 -22.4288
v  122.9610 59.9940 -24.3942
v  134.8208 66.4607 -19.3202
v  134.2413 66.3509 -24.9398
v  135.2013 70.5359 -25.2690
v  101.0247 73.2515 -27.6157
v  129.2154 84.6616 -20.4815
v  128.9505 84.2396 -27.2919
v  122.0637 85.8389 -27.2153
v  123.3935 59.5971 6.5673
v  118.7731 61.1803 6.4849
v  118.6849 61.2931 0.8308
v  136.5589 70.7277 5.8864
v  135.5638 66.4365 5.9733
v  135.2218 66.5623 -0.8218
v  119.5691 62.7201 0.7409
v  98.9722 72.8559 -0.0146
v  95.7947 64.7129 0.2776
v  129.0348 84.0069 5.9510
v  128.9392 83.8966 -1.2165
v  122.2592 85.8605 5.9078
v  109.5752 83.2896 6.3690
v  109.5826 83.0290 11.6019
v  115.5411 84.8962 12.4080
v  115.5323 85.4535 5.8832
v  136.2450 75.5724 5.8595
v  135.1195 74.9790 12.3727
v  128.4108 60.0728 6.3053
v  128.2497 60.1370 12.7841
v  132.8454 62.5153 6.1075
v  132.6015 62.6647 12.6660
v  122.8905 59.1524 30.3168
v  117.8819 60.8610 31.1793
v  117.9615 60.9090 26.1339
v  136.4280 69.9013 29.1875
v  135.1140 65.9764 29.3632
v  134.8250 66.3405 23.8870
v  96.3601 65.8049 35.4669
v  99.7831 73.6233 33.9428
v  99.9763 72.3890 25.4395
v  96.2938 64.7160 25.9847
v  129.2276 83.5401 29.4432
v  128.6601 82.7906 23.0855
v  122.2818 85.4915 29.6063
v  115.0845 84.8066 29.8967
v  109.3663 83.0660 30.7471
v  109.4928 82.8778 35.8508
v  115.1852 84.2055 36.2312
v  122.4897 84.3823 35.8982
v  136.3866 74.3014 29.1838
v  135.7880 73.8986 34.7148
v  135.7764 69.6863 34.4018
v  127.9465 59.9187 29.7659
v  127.8101 59.7992 34.5583
v  122.7743 59.1087 34.9703
v  87.5008 31.4267 25.7698
v  87.7339 27.9192 18.4431
v  132.4658 62.3906 29.6805
v  132.3171 62.0793 34.5034
v  109.7253 82.0299 -26.7056
v  115.3334 84.6704 -26.8245
v  135.2467 74.9386 -25.9733
v  127.5875 60.4278 -24.5929
v  131.6271 62.7662 -24.7718
v  118.3940 61.5294 -29.7315
v  133.3476 66.3176 -29.9938
v  133.8893 70.2661 -30.2294
v  119.1683 62.8080 -26.7969
v  127.7186 81.3836 -32.8054
v  118.0225 71.8119 -10.5422
v  116.3411 70.2049 -10.4208
v  115.4703 71.6362 -25.4107
v  117.6789 73.9042 -25.6761
v  114.6918 68.7284 -10.3097
v  112.9525 66.3149 -9.8105
v  111.8778 67.1590 -23.1772
v  113.6880 69.5146 -24.8202
v  111.1793 63.9035 -9.5944
v  108.5160 60.3137 -9.5377
v  107.5543 60.7303 -22.5924
v  110.0511 64.6041 -22.6086
v  103.1189 51.4789 -9.8122
v  102.6261 51.6850 -22.6427
v  105.0588 56.4339 -23.0461
v  105.6968 56.1275 -9.6039
v  101.0027 45.5460 -9.8918
v  100.1242 38.6470 -9.5542
v  100.0429 38.8352 -22.4677
v  100.7675 45.9458 -22.4489
v  124.0564 74.6503 -10.4679
v  123.8097 75.7680 -25.7927
v  127.1904 73.8456 -10.4997
v  125.4682 74.2878 -10.4822
v  125.7530 75.4165 -25.8000
v  127.7658 74.9449 -25.7535
v  130.7483 71.8206 -10.5416
v  129.4762 72.8556 -10.5416
v  129.5446 73.1980 -25.7960
v  131.2206 71.4049 -24.2992
v  130.8092 67.4988 -9.0911
v  131.2622 67.4050 -21.9437
v  129.2767 65.1004 -25.9527
v  129.4920 65.3536 -11.0994
v  127.5098 63.6450 -10.7399
v  127.1572 63.4084 -25.2886
v  123.4699 61.9341 -24.1934
v  123.4144 61.8488 -10.1048
v  94.5090 30.9897 10.1442
v  94.4016 36.8332 9.8118
v  115.8652 71.1967 3.6367
v  118.2217 73.3342 3.7076
v  114.1135 69.1701 3.7927
v  112.2883 67.0704 3.8971
v  108.0507 60.8729 4.1022
v  110.3705 64.4372 3.9043
v  105.3583 56.4840 4.1463
v  102.7241 51.6014 4.0770
v  100.7467 45.6487 4.1848
v  100.0384 38.8305 4.4022
v  124.0751 74.7926 3.8659
v  127.4201 74.1446 3.6329
v  125.5951 74.4940 3.7696
v  129.6939 72.8771 3.6202
v  131.1448 71.9310 3.4569
v  130.9302 67.9728 3.7111
v  130.6184 64.9292 3.6911
v  127.9450 63.1141 3.6187
v  123.2884 61.5782 0.5629
v  117.6912 73.1821 16.7983
v  116.2669 70.8280 16.7188
v  114.5772 68.8023 16.6837
v  112.9418 66.6567 16.7744
v  111.2762 64.3515 16.9841
v  108.7584 60.6196 17.0749
v  106.0516 56.0703 17.1661
v  103.0957 51.3321 17.0848
v  100.6430 45.6007 17.2088
v  99.4510 38.7347 17.4145
v  124.1362 74.5919 16.8681
v  126.8300 72.8802 16.5429
v  125.3497 73.8208 16.7216
v  129.6502 71.1138 16.5305
v  128.5946 71.7749 16.5352
v  130.0971 67.7006 16.7192
v  129.8716 65.1931 16.9294
v  127.0384 62.9526 18.5058
v  123.0997 61.3088 18.7236
v  93.4194 33.1905 33.8887
v  93.9098 36.8851 33.3958
v  117.8833 60.6862 35.7386
v  134.8146 65.8827 34.4255
v  129.4728 82.9758 35.7095
v  111.1741 79.8798 40.8676
v  116.5235 81.2255 40.5523
v  97.7451 64.1490 40.5237
v  99.6248 67.9612 40.7083
v  122.5001 81.4417 40.1414
v  134.1992 73.0884 39.0311
v  134.4677 69.4440 38.6373
v  92.9570 32.2780 40.1795
v  93.9128 36.0967 39.5997
v  93.8855 55.9132 35.3182
v  94.4943 53.6718 39.9190
v  95.5886 58.3261 40.2963
v  127.3894 59.9400 38.6345
v  93.7223 45.4520 34.6223
v  94.1832 41.6360 39.1687
v  94.1347 47.2534 39.3186
v  130.9516 77.5231 17.9206
v  132.7322 79.3153 12.5053
v  132.1864 79.3434 -7.2670
v  133.5377 80.2652 -13.4280
v  134.1519 80.3139 -20.3116
v  133.6720 79.8396 -26.7680
v  133.5768 80.1842 5.8922
v  133.6248 80.4326 -1.0777
v  133.8022 79.0336 29.2652
v  132.9583 78.7290 23.1889
v  133.8810 78.7165 35.1524
v  87.7260 21.7681 -19.2660
v  87.7204 21.8819 -33.8589
v  99.9893 21.7901 -22.9774
v  99.9851 31.1205 -23.5362
v  87.7168 32.0837 40.1740
v  93.5868 45.6671 17.6965
v  93.5298 45.7547 25.9936
v  93.2974 45.1432 -8.0152
v  93.4741 45.5794 0.7866
v  93.4559 44.9656 -17.5754
v  100.0000 31.0481 -9.2710
v  93.5629 45.6443 9.4067
v  99.9728 31.2416 4.7636
v  99.2579 31.1770 18.1420
v  94.8535 54.9541 17.5001
v  94.1656 55.3316 26.1176
v  94.1791 55.0887 -8.2760
v  94.0207 55.0860 0.5869
v  93.7171 55.3241 -17.8271
v  94.2728 55.1281 9.2357
v  105.5105 77.2754 17.1581
v  104.9021 79.9203 8.9140
v  105.6440 77.0756 -8.5561
v  105.4173 79.6439 -17.6207
v  104.1217 78.8857 -0.3052
v  105.0373 80.0798 33.4111
v  104.6801 78.3126 24.9038
v  87.7399 31.1299 -21.5105
v  76.4712 30.6605 -27.6272
v  76.4542 31.3195 -21.4957
v  76.4514 27.6735 44.3388
v  76.4426 21.5285 43.6931
v  76.4666 30.9136 -2.0218
v  76.4539 31.4078 4.4995
v  87.7444 31.2135 4.5134
v  87.6607 30.6688 -13.5469
v  76.4707 30.9934 -14.4166
v  76.4415 28.0905 -7.9392
v  87.6560 30.7832 12.2756
v  76.4628 31.0447 11.7730
v  76.4462 28.1045 18.4438
v  76.4522 31.7589 40.0888
v  64.1470 30.8580 -27.5897
v  64.1293 31.4349 -21.4904
v  64.1372 28.0371 44.2401
v  64.1376 21.2695 44.1251
v  64.1299 28.0880 18.4438
v  64.1262 31.7359 26.1444
v  76.3925 31.6701 26.1552
v  64.1332 30.9368 -2.0596
v  64.1279 31.4371 4.4934
v  64.1394 31.0350 -14.4842
v  64.1293 28.2299 -8.0433
v  64.1284 31.0729 11.7828
v  76.4936 32.5351 34.0433
v  64.1446 32.7682 34.0663
v  64.1372 31.8869 40.0270
v  51.0726 31.0594 -27.5473
v  38.8950 30.8610 -27.5392
v  38.8986 31.4290 -21.4928
v  51.0662 31.5848 -21.4928
v  51.0702 28.1115 18.4443
v  38.9031 28.2970 18.4500
v  38.8972 32.1881 26.0953
v  51.0624 31.8991 26.1085
v  51.0599 30.9356 -2.0669
v  38.8910 30.9376 -2.0546
v  38.8923 31.4371 4.4921
v  51.0599 31.4371 4.4916
v  51.0608 31.0946 -14.4954
v  38.8905 31.0305 -14.4586
v  38.8971 28.2008 -8.0186
v  51.0615 28.2630 -8.0705
v  51.0716 31.0740 11.7741
v  38.9017 31.0787 11.7387
v  25.7239 22.1836 -34.0845
v  25.7123 27.9360 -32.9365
v  38.9060 28.0217 -32.8961
v  38.9392 22.1351 -34.0370
v  25.7047 31.3484 -21.4888
v  25.7165 30.7103 -27.5172
v  11.9005 30.7911 -27.1081
v  11.8969 31.3485 -21.4878
v  25.7156 28.4791 43.9306
v  11.8886 28.3717 44.1879
v  11.8976 21.5670 44.5684
v  25.7178 21.4966 44.6073
v  25.6987 31.8760 39.8476
v  11.8815 32.4309 39.9477
v  25.6997 30.9436 -2.0176
v  11.8840 30.9493 -1.9824
v  11.8921 31.4373 4.5086
v  25.7014 31.4372 4.5013
v  25.7021 31.0192 -14.3904
v  11.8942 31.0143 -14.3539
v  11.8928 28.0749 -7.8434
v  25.7040 28.0968 -7.9086
v  25.7015 31.0762 11.7575
v  11.8903 31.0748 11.7687
v  11.9002 28.1125 18.4444
v  25.7102 28.2185 18.4478
v  11.8802 31.9832 26.1732
v  11.8895 33.0334 34.0413
v  100.0100 22.0265 -9.1977
v  99.9684 22.4458 4.9313
v  99.5980 22.1395 18.2694
v  87.7264 21.8181 37.0078
v  87.7255 22.2690 10.6934
v  54.1898 21.7681 -19.2660
v  64.1324 22.0150 -33.9526
v  54.2191 21.8181 37.0078
v  54.1520 22.2690 10.6934
v  51.0908 21.5038 44.1456
v  38.9106 21.4921 44.3793
v  51.0848 28.4236 44.0989
v  38.9089 28.4313 43.8778
v  51.0745 32.0399 39.8867
v  38.9017 31.7690 39.8249
v  25.7078 32.9034 34.0404
v  25.7033 32.0376 26.0893
v  38.8998 32.8903 34.0404
v  51.0798 32.9445 34.0440
v  51.0795 28.1032 -32.8577
v  64.1356 27.9016 -32.9676
v  76.4469 27.7319 -33.0600
v  87.5426 32.6928 34.3207
v  -112.0715 9.3070 42.4204
v  -110.2601 9.2950 43.7543
v  -110.2070 9.8993 43.6957
v  -111.9351 9.8730 42.3884
v  -107.8416 9.2645 44.4865
v  -107.7948 9.9121 44.3693
v  -105.3653 9.2270 43.8969
v  -103.3393 9.2927 42.6079
v  -103.4688 9.8723 42.5527
v  -105.4359 9.9061 43.8977
v  -112.1416 9.3132 33.9150
v  -113.3223 9.3018 35.7753
v  -113.2573 9.8644 35.7618
v  -112.0422 9.8382 33.9619
v  -113.8735 9.2627 38.1895
v  -113.7214 9.8898 38.1840
v  -113.2446 9.3007 40.4808
v  -113.1953 9.8745 40.4222
v  -102.7061 2.6228 40.3460
v  -103.0659 3.1942 40.1968
v  -103.8345 3.1894 42.1177
v  -103.8060 2.7048 42.1608
v  -104.0340 2.3183 41.9265
v  -103.0896 2.3005 40.1845
v  -102.2057 2.6616 38.1579
v  -102.4167 3.2063 38.0627
v  -102.6352 2.3173 38.1536
v  -102.5948 2.5854 35.9511
v  -103.0423 2.2901 36.1360
v  -104.0893 2.3324 34.5169
v  -103.7938 2.6493 34.1919
v  -103.9647 3.1862 34.6170
v  -102.8987 3.1836 36.1596
v  -110.0377 2.6592 43.1340
v  -109.8993 3.1959 42.8500
v  -111.6144 3.1950 41.8863
v  -111.8797 2.6913 42.1437
v  -111.5996 2.3265 41.8558
v  -109.8898 2.3075 42.7767
v  -107.8160 2.5831 43.5690
v  -107.8368 3.1900 43.4379
v  -107.8196 2.2898 43.1054
v  -105.7346 2.5758 43.1806
v  -105.8787 2.2873 42.7629
v  -105.7705 3.1946 42.8784
v  -102.1582 9.3325 40.5117
v  -102.2192 9.8249 40.6152
v  -101.7712 9.3019 38.1697
v  -101.7881 9.8270 38.1026
v  -102.1756 9.3019 35.7755
v  -103.3887 9.3019 33.7803
v  -103.6233 9.7704 33.8754
v  -102.3670 9.7824 35.8236
v  -111.3708 1.2354 41.6544
v  -112.3569 1.2146 40.0830
v  -111.4781 0.0631 39.7142
v  -110.7072 0.0630 40.9988
v  -112.5889 1.2796 38.1698
v  -111.6573 0.0642 38.1798
v  -112.1111 1.4052 36.3484
v  -111.0874 1.5328 34.9707
v  -110.4085 0.0663 35.6696
v  -111.2539 0.0656 36.7360
v  -109.6239 1.5348 34.1289
v  -109.2357 0.0661 35.0163
v  -107.8369 1.4725 33.7562
v  -107.8174 0.0660 34.7053
v  -106.3373 0.0658 34.8137
v  -105.9765 1.3801 33.9267
v  -104.3487 1.2826 34.7300
v  -105.0418 0.0649 35.4315
v  -109.7495 3.2009 33.8812
v  -109.9140 2.6342 33.5369
v  -111.6478 2.6873 34.4893
v  -111.4061 3.1994 34.6787
v  -107.8559 3.1948 32.9712
v  -107.8569 2.6464 32.9985
v  -110.3317 5.6579 32.4397
v  -110.0146 4.1747 33.2359
v  -111.8713 4.1737 34.2097
v  -112.1929 5.7608 33.8771
v  -107.8378 5.6043 31.7939
v  -107.8512 4.1707 32.4702
v  -105.8910 3.1824 33.6563
v  -105.6389 4.1624 33.0819
v  -103.5975 4.1649 34.1674
v  -105.7504 2.6300 33.3005
v  -110.1018 4.1902 43.3316
v  -112.0140 4.1708 42.2813
v  -107.8381 4.1674 43.9140
v  -105.3131 5.6517 43.9827
v  -105.5564 4.1706 43.3883
v  -103.5084 4.1670 42.4399
v  -103.3466 5.6986 42.6018
v  -107.8294 5.6891 44.3310
v  -112.4078 3.1959 36.2165
v  -112.9906 4.1714 35.9755
v  -112.8995 3.1952 38.1771
v  -113.4719 4.1709 38.1733
v  -112.7997 2.6506 36.0942
v  -113.3383 2.6657 38.1052
v  -112.7172 3.1939 40.2485
v  -113.0429 2.6377 40.3291
v  -113.5659 5.7100 40.5883
v  -113.2025 4.1701 40.4471
v  -112.2363 5.7220 42.4965
v  -114.1144 5.6771 38.1771
v  -102.5538 4.1728 40.4097
v  -102.0136 4.2053 38.0936
v  -102.0160 5.6986 35.7195
v  -102.4602 4.1774 35.9478
v  -103.3892 5.7204 33.7988
v  -101.4723 5.6652 38.1652
v  -112.1317 8.3240 33.9357
v  -110.3954 8.4149 32.2788
v  -110.3351 7.3395 32.3826
v  -112.4760 7.3194 33.5955
v  -107.8409 8.3890 31.8354
v  -107.8432 7.3457 31.3914
v  -102.9846 7.3204 33.6166
v  -105.4090 7.2910 32.5965
v  -105.3190 8.4119 32.4071
v  -103.4614 8.4497 33.8371
v  -112.5033 7.3090 42.7499
v  -110.2963 7.2882 43.8063
v  -110.3204 8.3986 43.8345
v  -112.2558 8.3535 42.5197
v  -107.8231 7.3438 44.8607
v  -107.8297 8.4079 44.5665
v  -103.4230 8.3351 42.5233
v  -105.2221 8.4373 44.2102
v  -105.2621 7.3361 44.1217
v  -103.0596 7.3152 42.8869
v  -113.5713 7.3072 35.7510
v  -113.6071 8.3911 35.7178
v  -114.5275 7.3113 38.1732
v  -114.0495 8.3698 38.1703
v  -113.5746 8.3800 40.6091
v  -113.5564 7.2491 40.5841
v  -101.8662 7.2935 40.5449
v  -101.8281 8.3270 40.5845
v  -101.0453 7.3164 38.1672
v  -101.4541 8.3733 38.3536
v  -102.0110 8.3896 35.6981
v  -102.0148 7.2481 35.7158
v  -110.3028 9.2782 32.6340
v  -107.8736 9.2456 31.8710
v  -110.2581 9.7661 32.5756
v  -107.8805 9.8104 31.8989
v  -105.3988 9.2156 32.6225
v  -105.4431 9.7939 32.5166
v  -104.2183 0.0634 39.7012
v  -103.3894 1.2716 40.0521
v  -104.3744 1.3096 41.5838
v  -105.0006 0.0636 40.9651
v  -103.9407 0.0632 38.1677
v  -103.0056 1.2227 38.1699
v  -103.3067 1.2067 36.2531
v  -104.2103 0.0635 36.6342
v  -109.4051 0.0629 41.7671
v  -109.7532 1.2623 42.5670
v  -107.8377 0.0628 42.0205
v  -107.8369 1.2797 42.8556
v  -105.9339 1.2902 42.5305
v  -106.2764 0.0630 41.7519
v  -112.6297 2.3017 40.1798
v  -112.9449 2.3207 38.1367
v  -111.4502 2.3437 34.6765
v  -112.4915 2.3179 36.2257
v  -109.7947 2.3251 33.8026
v  -107.8424 2.3277 33.3307
v  -105.8633 2.3217 33.6596
v  -105.3898 5.7067 32.5523
v  -110.2471 5.7244 43.7037
v  -113.2619 5.7983 35.8751
v  -102.1963 5.7259 40.5585
v  -107.7902 0.0642 38.3007
v  -112.0715 9.3070 -34.1177
v  -110.2601 9.2950 -32.7837
v  -110.2070 9.8993 -32.8423
v  -111.9351 9.8730 -34.1497
v  -107.8416 9.2645 -32.0516
v  -107.7948 9.9121 -32.1688
v  -105.3653 9.2270 -32.6412
v  -103.3393 9.2927 -33.9302
v  -103.4688 9.8723 -33.9854
v  -105.4359 9.9061 -32.6404
v  -112.1416 9.3132 -42.6231
v  -113.3223 9.3018 -40.7627
v  -113.2573 9.8643 -40.7763
v  -112.0422 9.8382 -42.5762
v  -113.8735 9.2627 -38.3486
v  -113.7214 9.8898 -38.3541
v  -113.2446 9.3007 -36.0573
v  -113.1953 9.8745 -36.1159
v  -102.7061 2.6228 -36.1921
v  -103.0659 3.1942 -36.3412
v  -103.8345 3.1894 -34.4203
v  -103.8060 2.7047 -34.3774
v  -104.0340 2.3183 -34.6116
v  -103.0896 2.3004 -36.3536
v  -102.2057 2.6616 -38.3802
v  -102.4167 3.2063 -38.4754
v  -102.6352 2.3173 -38.3844
v  -102.5948 2.5854 -40.5871
v  -103.0423 2.2901 -40.4021
v  -104.0893 2.3324 -42.0212
v  -103.7938 2.6493 -42.3462
v  -103.9647 3.1862 -41.9212
v  -102.8987 3.1836 -40.3786
v  -110.0377 2.6592 -33.4041
v  -109.8993 3.1959 -33.6880
v  -111.6144 3.1950 -34.6518
v  -111.8797 2.6913 -34.3945
v  -111.5996 2.3265 -34.6823
v  -109.8898 2.3075 -33.7614
v  -107.8160 2.5831 -32.9690
v  -107.8368 3.1900 -33.1003
v  -107.8196 2.2898 -33.4327
v  -105.7346 2.5758 -33.3575
v  -105.8787 2.2873 -33.7752
v  -105.7705 3.1946 -33.6597
v  -102.1582 9.3325 -36.0264
v  -102.2192 9.8249 -35.9229
v  -101.7712 9.3019 -38.3683
v  -101.7881 9.8270 -38.4355
v  -102.1756 9.3019 -40.7626
v  -103.3887 9.3019 -42.7579
v  -103.6233 9.7704 -42.6626
v  -102.3670 9.7824 -40.7145
v  -111.3708 1.2354 -34.8837
v  -112.3569 1.2146 -36.4551
v  -111.4781 0.0631 -36.8239
v  -110.7072 0.0629 -35.5394
v  -112.5889 1.2796 -38.3683
v  -111.6573 0.0642 -38.3583
v  -112.1111 1.4052 -40.1897
v  -111.0874 1.5328 -41.5674
v  -110.4085 0.0663 -40.8685
v  -111.2539 0.0656 -39.8022
v  -109.6239 1.5348 -42.4092
v  -109.2357 0.0661 -41.5218
v  -107.8369 1.4725 -42.7819
v  -107.8174 0.0660 -41.8328
v  -106.3373 0.0658 -41.7244
v  -105.9765 1.3801 -42.6114
v  -104.3487 1.2826 -41.8082
v  -105.0418 0.0649 -41.1066
v  -109.7495 3.2009 -42.6569
v  -109.9140 2.6342 -43.0011
v  -111.6478 2.6873 -42.0488
v  -111.4061 3.1994 -41.8594
v  -107.8559 3.1948 -43.5669
v  -107.8569 2.6464 -43.5396
v  -110.3317 5.6578 -44.0984
v  -110.0146 4.1747 -43.3022
v  -111.8713 4.1737 -42.3284
v  -112.1929 5.7608 -42.6611
v  -107.8378 5.6043 -44.7442
v  -107.8512 4.1707 -44.0679
v  -105.8910 3.1824 -42.8818
v  -105.6389 4.1624 -43.4562
v  -103.5975 4.1649 -42.3708
v  -105.7504 2.6300 -43.2376
v  -110.1018 4.1902 -33.2066
v  -112.0140 4.1708 -34.2568
v  -107.8381 4.1674 -32.6241
v  -105.3131 5.6517 -32.5555
v  -105.5564 4.1706 -33.1498
v  -103.5084 4.1670 -34.0982
v  -103.3466 5.6986 -33.9363
v  -107.8294 5.6891 -32.2071
v  -112.4078 3.1959 -40.3216
v  -112.9906 4.1714 -40.5627
v  -112.8995 3.1952 -38.3610
v  -113.4719 4.1709 -38.3648
v  -112.7997 2.6506 -40.4439
v  -113.3383 2.6657 -38.4329
v  -112.7172 3.1939 -36.2896
v  -113.0429 2.6377 -36.2090
v  -113.5659 5.7100 -35.9498
v  -113.2025 4.1701 -36.0910
v  -112.2363 5.7220 -34.0417
v  -114.1144 5.6771 -38.3610
v  -102.5538 4.1728 -36.1283
v  -102.0136 4.2052 -38.4445
v  -102.0160 5.6986 -40.8187
v  -102.4602 4.1774 -40.5903
v  -103.3892 5.7204 -42.7393
v  -101.4723 5.6652 -38.3729
v  -112.1317 8.3239 -42.6023
v  -110.3954 8.4149 -44.2593
v  -110.3351 7.3395 -44.1554
v  -112.4760 7.3194 -42.9427
v  -107.8409 8.3890 -44.7027
v  -107.8432 7.3457 -45.1467
v  -102.9846 7.3204 -42.9214
v  -105.4090 7.2910 -43.9416
v  -105.3190 8.4119 -44.1310
v  -103.4614 8.4497 -42.7010
v  -112.5033 7.3090 -33.7881
v  -110.2963 7.2882 -32.7317
v  -110.3204 8.3986 -32.7035
v  -112.2558 8.3535 -34.0184
v  -107.8231 7.3438 -31.6774
v  -107.8297 8.4079 -31.9716
v  -103.4230 8.3351 -34.0148
v  -105.2221 8.4372 -32.3279
v  -105.2621 7.3361 -32.4164
v  -103.0596 7.3152 -33.6512
v  -113.5713 7.3072 -40.7870
v  -113.6071 8.3911 -40.8204
v  -114.5275 7.3113 -38.3649
v  -114.0495 8.3698 -38.3678
v  -113.5746 8.3800 -35.9290
v  -113.5564 7.2491 -35.9540
v  -101.8662 7.2935 -35.9932
v  -101.8281 8.3270 -35.9537
v  -101.0453 7.3164 -38.3709
v  -101.4541 8.3733 -38.1845
v  -102.0110 8.3896 -40.8400
v  -102.0148 7.2481 -40.8223
v  -110.3028 9.2782 -43.9041
v  -107.8736 9.2456 -44.6670
v  -110.2581 9.7661 -43.9625
v  -107.8805 9.8104 -44.6392
v  -105.3988 9.2156 -43.9156
v  -105.4431 9.7939 -44.0215
v  -104.2183 0.0634 -36.8370
v  -103.3894 1.2716 -36.4860
v  -104.3744 1.3096 -34.9543
v  -105.0006 0.0636 -35.5730
v  -103.9407 0.0632 -38.3704
v  -103.0056 1.2227 -38.3682
v  -103.3067 1.2067 -40.2850
v  -104.2103 0.0635 -39.9039
v  -109.4051 0.0629 -34.7710
v  -109.7532 1.2623 -33.9711
v  -107.8377 0.0628 -34.5176
v  -107.8369 1.2797 -33.6825
v  -105.9339 1.2902 -34.0076
v  -106.2764 0.0630 -34.7862
v  -112.6297 2.3017 -36.3583
v  -112.9449 2.3207 -38.4014
v  -111.4502 2.3437 -41.8616
v  -112.4915 2.3179 -40.3124
v  -109.7947 2.3251 -42.7355
v  -107.8424 2.3277 -43.2074
v  -105.8633 2.3217 -42.8785
v  -105.3898 5.7067 -43.9858
v  -110.2471 5.7244 -32.8344
v  -113.2619 5.7983 -40.6630
v  -102.1963 5.7259 -35.9795
v  -107.7902 0.0642 -38.2375
v  112.0715 9.3070 42.4204
v  111.9351 9.8730 42.3884
v  110.2070 9.8993 43.6957
v  110.2601 9.2950 43.7543
v  107.7948 9.9121 44.3693
v  107.8416 9.2645 44.4865
v  105.3653 9.2270 43.8969
v  105.4359 9.9061 43.8977
v  103.4687 9.8723 42.5527
v  103.3393 9.2927 42.6079
v  112.1416 9.3132 33.9150
v  112.0422 9.8382 33.9619
v  113.2573 9.8644 35.7618
v  113.3223 9.3018 35.7753
v  113.7214 9.8898 38.1840
v  113.8735 9.2627 38.1895
v  113.2446 9.3007 40.4808
v  113.1953 9.8745 40.4222
v  103.8345 3.1894 42.1177
v  103.0659 3.1942 40.1968
v  102.7061 2.6228 40.3460
v  103.8060 2.7048 42.1608
v  103.0896 2.3005 40.1845
v  104.0340 2.3183 41.9265
v  102.4167 3.2063 38.0627
v  102.2057 2.6616 38.1579
v  102.6352 2.3173 38.1536
v  104.0892 2.3324 34.5169
v  103.0423 2.2901 36.1360
v  102.5948 2.5854 35.9511
v  103.7938 2.6493 34.1919
v  102.8987 3.1836 36.1596
v  103.9647 3.1862 34.6170
v  111.6144 3.1950 41.8863
v  109.8993 3.1959 42.8500
v  110.0377 2.6592 43.1340
v  111.8797 2.6913 42.1437
v  109.8898 2.3075 42.7767
v  111.5995 2.3265 41.8558
v  107.8368 3.1900 43.4379
v  107.8160 2.5831 43.5690
v  107.8195 2.2898 43.1054
v  105.8786 2.2873 42.7629
v  105.7346 2.5758 43.1806
v  105.7704 3.1946 42.8784
v  102.2192 9.8249 40.6152
v  102.1582 9.3325 40.5117
v  101.7881 9.8270 38.1026
v  101.7712 9.3019 38.1697
v  102.1756 9.3019 35.7755
v  102.3669 9.7824 35.8236
v  103.6233 9.7704 33.8754
v  103.3887 9.3019 33.7803
v  111.3708 1.2354 41.6544
v  110.7072 0.0630 40.9988
v  111.4781 0.0631 39.7142
v  112.3569 1.2146 40.0830
v  111.6573 0.0642 38.1798
v  112.5889 1.2796 38.1698
v  112.1111 1.4052 36.3484
v  111.2539 0.0656 36.7360
v  110.4085 0.0663 35.6696
v  111.0874 1.5328 34.9707
v  109.2357 0.0661 35.0163
v  109.6239 1.5348 34.1289
v  107.8174 0.0660 34.7053
v  107.8369 1.4725 33.7562
v  104.3487 1.2826 34.7300
v  105.9765 1.3801 33.9267
v  106.3373 0.0658 34.8137
v  105.0418 0.0649 35.4315
v  111.6478 2.6873 34.4893
v  109.9139 2.6342 33.5369
v  109.7495 3.2009 33.8812
v  111.4061 3.1994 34.6787
v  107.8569 2.6464 32.9985
v  107.8559 3.1948 32.9712
v  111.8713 4.1737 34.2097
v  110.0146 4.1747 33.2359
v  110.3317 5.6579 32.4397
v  112.1929 5.7608 33.8771
v  107.8512 4.1707 32.4702
v  107.8378 5.6043 31.7939
v  103.5975 4.1649 34.1674
v  105.6389 4.1624 33.0819
v  105.8910 3.1824 33.6563
v  105.7504 2.6300 33.3005
v  112.0140 4.1708 42.2813
v  110.1018 4.1902 43.3316
v  107.8381 4.1674 43.9140
v  103.5084 4.1670 42.4399
v  105.5564 4.1706 43.3883
v  105.3131 5.6517 43.9827
v  103.3466 5.6986 42.6018
v  107.8294 5.6891 44.3310
v  112.9906 4.1714 35.9755
v  112.4078 3.1959 36.2165
v  113.4719 4.1709 38.1733
v  112.8995 3.1952 38.1771
v  112.7997 2.6506 36.0942
v  113.3383 2.6657 38.1052
v  113.0429 2.6377 40.3291
v  112.7171 3.1939 40.2485
v  113.2025 4.1701 40.4471
v  113.5659 5.7100 40.5883
v  112.2363 5.7220 42.4965
v  114.1143 5.6771 38.1771
v  102.5538 4.1728 40.4097
v  102.0136 4.2053 38.0936
v  102.4602 4.1774 35.9478
v  102.0159 5.6986 35.7195
v  103.3892 5.7204 33.7988
v  101.4723 5.6652 38.1652
v  112.1317 8.3240 33.9357
v  112.4760 7.3194 33.5955
v  110.3351 7.3395 32.3826
v  110.3954 8.4149 32.2788
v  107.8432 7.3457 31.3914
v  107.8409 8.3890 31.8354
v  105.3190 8.4119 32.4071
v  105.4090 7.2910 32.5965
v  102.9846 7.3204 33.6166
v  103.4614 8.4497 33.8371
v  110.3204 8.3986 43.8345
v  110.2963 7.2882 43.8063
v  112.5033 7.3090 42.7499
v  112.2558 8.3535 42.5197
v  107.8297 8.4079 44.5665
v  107.8231 7.3438 44.8607
v  103.4230 8.3351 42.5233
v  103.0596 7.3152 42.8869
v  105.2621 7.3361 44.1217
v  105.2221 8.4373 44.2102
v  113.6071 8.3911 35.7178
v  113.5713 7.3072 35.7510
v  114.0495 8.3698 38.1703
v  114.5275 7.3113 38.1732
v  113.5564 7.2491 40.5841
v  113.5746 8.3800 40.6091
v  101.8281 8.3270 40.5845
v  101.8662 7.2935 40.5449
v  101.4541 8.3733 38.3536
v  101.0453 7.3164 38.1672
v  102.0148 7.2481 35.7158
v  102.0110 8.3896 35.6981
v  110.3028 9.2782 32.6340
v  107.8736 9.2456 31.8710
v  110.2581 9.7661 32.5756
v  107.8805 9.8104 31.8989
v  105.4431 9.7939 32.5166
v  105.3987 9.2156 32.6225
v  104.3744 1.3096 41.5838
v  103.3894 1.2716 40.0521
v  104.2183 0.0634 39.7012
v  105.0006 0.0636 40.9651
v  103.0056 1.2227 38.1699
v  103.9407 0.0632 38.1677
v  104.2103 0.0635 36.6342
v  103.3067 1.2067 36.2531
v  109.7532 1.2623 42.5670
v  109.4051 0.0629 41.7671
v  107.8369 1.2797 42.8556
v  107.8377 0.0628 42.0205
v  106.2764 0.0630 41.7519
v  105.9339 1.2902 42.5305
v  112.6297 2.3017 40.1798
v  112.9449 2.3207 38.1367
v  112.4915 2.3179 36.2257
v  111.4502 2.3437 34.6765
v  109.7946 2.3251 33.8026
v  107.8424 2.3277 33.3307
v  105.8632 2.3217 33.6596
v  105.3898 5.7067 32.5523
v  110.2471 5.7244 43.7037
v  113.2619 5.7983 35.8751
v  102.1963 5.7259 40.5585
v  107.7902 0.0642 38.3007
v  112.0715 9.3070 -34.1177
v  111.9351 9.8730 -34.1497
v  110.2070 9.8993 -32.8423
v  110.2601 9.2950 -32.7837
v  107.7948 9.9121 -32.1688
v  107.8416 9.2645 -32.0516
v  105.3653 9.2270 -32.6412
v  105.4359 9.9061 -32.6404
v  103.4687 9.8723 -33.9854
v  103.3393 9.2927 -33.9302
v  112.1416 9.3132 -42.6231
v  112.0422 9.8382 -42.5762
v  113.2573 9.8643 -40.7763
v  113.3223 9.3018 -40.7627
v  113.7214 9.8898 -38.3541
v  113.8735 9.2627 -38.3486
v  113.2446 9.3007 -36.0573
v  113.1953 9.8745 -36.1159
v  103.8345 3.1894 -34.4203
v  103.0659 3.1942 -36.3412
v  102.7061 2.6228 -36.1921
v  103.8060 2.7047 -34.3774
v  103.0896 2.3004 -36.3536
v  104.0340 2.3183 -34.6116
v  102.4167 3.2063 -38.4754
v  102.2057 2.6616 -38.3802
v  102.6352 2.3173 -38.3844
v  104.0892 2.3324 -42.0212
v  103.0423 2.2901 -40.4021
v  102.5948 2.5854 -40.5871
v  103.7938 2.6493 -42.3462
v  102.8987 3.1836 -40.3786
v  103.9647 3.1862 -41.9212
v  111.6144 3.1950 -34.6518
v  109.8993 3.1959 -33.6880
v  110.0377 2.6592 -33.4041
v  111.8797 2.6913 -34.3945
v  109.8898 2.3075 -33.7614
v  111.5995 2.3265 -34.6823
v  107.8368 3.1900 -33.1003
v  107.8160 2.5831 -32.9690
v  107.8195 2.2898 -33.4327
v  105.8786 2.2873 -33.7752
v  105.7346 2.5758 -33.3575
v  105.7704 3.1946 -33.6597
v  102.2192 9.8249 -35.9229
v  102.1582 9.3325 -36.0264
v  101.7881 9.8270 -38.4355
v  101.7712 9.3019 -38.3683
v  102.1756 9.3019 -40.7626
v  102.3669 9.7824 -40.7145
v  103.6233 9.7704 -42.6626
v  103.3887 9.3019 -42.7579
v  111.3708 1.2354 -34.8837
v  110.7072 0.0629 -35.5394
v  111.4781 0.0631 -36.8239
v  112.3569 1.2146 -36.4551
v  111.6573 0.0642 -38.3583
v  112.5889 1.2796 -38.3683
v  112.1111 1.4052 -40.1897
v  111.2539 0.0656 -39.8022
v  110.4085 0.0663 -40.8685
v  111.0874 1.5328 -41.5674
v  109.2357 0.0661 -41.5218
v  109.6239 1.5348 -42.4092
v  107.8174 0.0660 -41.8328
v  107.8369 1.4725 -42.7819
v  104.3487 1.2826 -41.8082
v  105.9765 1.3801 -42.6114
v  106.3373 0.0658 -41.7244
v  105.0418 0.0649 -41.1066
v  111.6478 2.6873 -42.0488
v  109.9139 2.6342 -43.0011
v  109.7495 3.2009 -42.6569
v  111.4061 3.1994 -41.8594
v  107.8569 2.6464 -43.5396
v  107.8559 3.1948 -43.5669
v  111.8713 4.1737 -42.3284
v  110.0146 4.1747 -43.3022
v  110.3317 5.6578 -44.0984
v  112.1929 5.7608 -42.6611
v  107.8512 4.1707 -44.0679
v  107.8378 5.6043 -44.7442
v  103.5975 4.1649 -42.3708
v  105.6389 4.1624 -43.4562
v  105.8910 3.1824 -42.8818
v  105.7504 2.6300 -43.2376
v  112.0140 4.1708 -34.2568
v  110.1018 4.1902 -33.2066
v  107.8381 4.1674 -32.6241
v  103.5084 4.1670 -34.0982
v  105.5564 4.1706 -33.1498
v  105.3131 5.6517 -32.5555
v  103.3466 5.6986 -33.9363
v  107.8294 5.6891 -32.2071
v  112.9906 4.1714 -40.5627
v  112.4078 3.1959 -40.3216
v  113.4719 4.1709 -38.3648
v  112.8995 3.1952 -38.3610
v  112.7997 2.6506 -40.4439
v  113.3383 2.6657 -38.4329
v  113.0429 2.6377 -36.2090
v  112.7171 3.1939 -36.2896
v  113.2025 4.1701 -36.0910
v  113.5659 5.7100 -35.9498
v  112.2363 5.7220 -34.0417
v  114.1143 5.6771 -38.3610
v  102.5538 4.1728 -36.1283
v  102.0136 4.2052 -38.4445
v  102.4602 4.1774 -40.5903
v  102.0159 5.6986 -40.8187
v  103.3892 5.7204 -42.7393
v  101.4723 5.6652 -38.3729
v  112.1317 8.3239 -42.6023
v  112.4760 7.3194 -42.9427
v  110.3351 7.3395 -44.1554
v  110.3954 8.4149 -44.2593
v  107.8432 7.3457 -45.1467
v  107.8409 8.3890 -44.7027
v  105.3190 8.4119 -44.1310
v  105.4090 7.2910 -43.9416
v  102.9846 7.3204 -42.9214
v  103.4614 8.4497 -42.7010
v  110.3204 8.3986 -32.7035
v  110.2963 7.2882 -32.7317
v  112.5033 7.3090 -33.7881
v  112.2558 8.3535 -34.0184
v  107.8297 8.4079 -31.9716
v  107.8231 7.3438 -31.6774
v  103.4230 8.3351 -34.0148
v  103.0596 7.3152 -33.6512
v  105.2621 7.3361 -32.4164
v  105.2221 8.4372 -32.3279
v  113.6071 8.3911 -40.8204
v  113.5713 7.3072 -40.7870
v  114.0495 8.3698 -38.3678
v  114.5275 7.3113 -38.3649
v  113.5564 7.2491 -35.9540
v  113.5746 8.3800 -35.9290
v  101.8281 8.3270 -35.9537
v  101.8662 7.2935 -35.9932
v  101.4541 8.3733 -38.1845
v  101.0453 7.3164 -38.3709
v  102.0148 7.2481 -40.8223
v  102.0110 8.3896 -40.8400
v  110.3028 9.2782 -43.9041
v  107.8736 9.2456 -44.6670
v  110.2581 9.7661 -43.9625
v  107.8805 9.8104 -44.6392
v  105.4431 9.7939 -44.0215
v  105.3987 9.2156 -43.9156
v  104.3744 1.3096 -34.9543
v  103.3894 1.2716 -36.4860
v  104.2183 0.0634 -36.8370
v  105.0006 0.0636 -35.5730
v  103.0056 1.2227 -38.3682
v  103.9407 0.0632 -38.3704
v  104.2103 0.0635 -39.9039
v  103.3067 1.2067 -40.2850
v  109.7532 1.2623 -33.9711
v  109.4051 0.0629 -34.7710
v  107.8369 1.2797 -33.6825
v  107.8377 0.0628 -34.5176
v  106.2764 0.0630 -34.7862
v  105.9339 1.2902 -34.0076
v  112.6297 2.3017 -36.3583
v  112.9449 2.3207 -38.4014
v  112.4915 2.3179 -40.3124
v  111.4502 2.3437 -41.8616
v  109.7946 2.3251 -42.7355
v  107.8424 2.3277 -43.2074
v  105.8632 2.3217 -42.8785
v  105.3898 5.7067 -43.9858
v  110.2471 5.7244 -32.8344
v  113.2619 5.7983 -40.6630
v  102.1963 5.7259 -35.9795
v  107.7902 0.0642 -38.2375
v  -75.1173 57.0697 5.0009
v  -73.9827 57.9484 5.0395
v  -75.2343 58.0690 4.7464
v  -76.1682 100.3594 -12.1353
v  -73.6811 94.4468 -14.9083
v  -76.4317 99.3021 -11.0633
v  -33.4320 77.0200 -10.3165
v  -33.6639 87.0175 -14.9749
v  -41.2786 86.4475 -12.7080
v  -41.0779 77.3309 -8.5759
v  -24.4287 84.2917 -20.7920
v  -27.5618 86.1659 -17.5519
v  -27.5356 76.1562 -13.3151
v  -24.4722 74.6877 -17.3695
v  -37.1453 71.6265 -24.9415
v  -36.8423 62.2174 -21.0964
v  -45.0756 62.5335 -20.9077
v  -45.5418 71.7398 -24.8263
v  -24.3945 64.3860 -13.6712
v  -30.0102 62.9550 -18.3944
v  -29.9865 72.7080 -22.0029
v  -58.9588 56.4355 -4.6092
v  -58.2141 59.5128 -0.7254
v  -67.6840 58.2601 2.3322
v  -67.5134 56.6305 -0.7756
v  -59.5050 96.6927 -19.5310
v  -61.3816 91.0469 -22.6214
v  -69.0154 92.2210 -19.0310
v  -69.0877 98.5746 -15.9267
v  -74.7188 100.5605 -13.0544
v  -74.8147 99.5867 -11.2796
v  -66.4369 95.8351 -11.3977
v  -73.8834 56.9902 4.7211
v  -72.6748 58.1402 -0.7953
v  -67.7687 58.1018 -5.7677
v  -34.9735 53.4893 -9.9847
v  -29.5516 51.7278 -9.7552
v  -28.0992 56.2819 -8.4669
v  -33.8704 57.6095 -6.8723
v  -35.3142 96.0021 -25.8152
v  -27.1746 97.3337 -25.5702
v  -28.8838 91.8229 -26.7108
v  -36.1485 89.6835 -28.3997
v  -64.5838 68.5010 1.9779
v  -64.1321 78.5280 -1.6013
v  -70.7099 78.0469 -1.7640
v  -71.2288 66.9131 2.1293
v  -35.9903 55.0043 -15.1978
v  -43.8731 56.0681 -14.5902
v  -25.9067 54.9779 -10.1384
v  -30.0154 54.2349 -13.2921
v  -40.9751 67.9085 -5.3623
v  -33.5128 67.1316 -6.8082
v  -73.7302 76.5493 -3.4424
v  -72.5879 73.3808 -9.4076
v  -72.5311 65.1335 -5.7433
v  -73.8075 65.6743 0.5788
v  -27.5285 66.1927 -9.5980
v  -68.8035 73.0863 -15.3747
v  -73.0624 84.4192 -13.1422
v  -69.2398 82.6663 -18.6578
v  -33.8033 94.6534 -22.0130
v  -42.0538 93.1082 -18.7136
v  -23.5342 93.8555 -23.7216
v  -26.2904 95.4648 -23.2093
v  -36.8661 81.1301 -28.0430
v  -45.6483 80.7245 -27.8791
v  -71.8160 89.1746 -6.2205
v  -74.3623 87.5692 -7.7437
v  -29.7150 82.3578 -25.1103
v  -56.7415 87.5359 -8.1984
v  -56.4717 78.2287 -3.9559
v  -48.8585 77.6402 -6.6301
v  -49.0428 86.4790 -10.6047
v  -53.3192 63.2730 -18.8304
v  -61.3713 63.6970 -15.8045
v  -61.7353 72.5921 -19.7546
v  -53.6647 72.2281 -22.7537
v  -50.5833 55.8368 -7.2954
v  -42.3798 54.9066 -9.1853
v  -41.4798 59.0190 -5.4377
v  -49.6781 59.8008 -3.3539
v  -51.4464 95.6857 -22.3292
v  -43.6080 95.3838 -24.5213
v  -45.5431 89.5810 -27.5759
v  -52.6780 89.6738 -25.7326
v  -60.0152 57.5522 -9.5369
v  -51.9888 57.0474 -12.6691
v  -56.7159 68.5885 -0.5135
v  -48.8940 68.5475 -3.4526
v  -57.9476 93.9669 -13.6069
v  -49.9485 93.0611 -16.2072
v  -62.1336 81.7171 -22.8830
v  -53.8383 81.0069 -25.7923
v  -24.4607 96.7021 -25.0423
v  -64.5680 88.8073 -6.1446
v  -68.4908 64.1614 -11.4398
v  -27.3728 52.6238 -9.7064
v  75.1173 57.0697 5.0009
v  73.9827 57.9484 5.0395
v  73.8834 56.9902 4.7211
v  76.1682 100.3594 -12.1353
v  73.6811 94.4468 -14.9083
v  74.7188 100.5605 -13.0544
v  33.4320 77.0200 -10.3165
v  41.0779 77.3309 -8.5759
v  41.2786 86.4475 -12.7080
v  33.6639 87.0175 -14.9749
v  27.5356 76.1562 -13.3151
v  27.5618 86.1659 -17.5519
v  24.4287 84.2917 -20.7920
v  24.4722 74.6877 -17.3695
v  37.1453 71.6265 -24.9415
v  45.5418 71.7398 -24.8263
v  45.0756 62.5335 -20.9077
v  36.8423 62.2174 -21.0964
v  29.9865 72.7080 -22.0029
v  30.0102 62.9550 -18.3944
v  24.3945 64.3860 -13.6712
v  67.6840 58.2601 2.3322
v  58.2141 59.5128 -0.7254
v  58.9588 56.4355 -4.6092
v  67.5134 56.6305 -0.7756
v  69.0154 92.2210 -19.0310
v  61.3816 91.0469 -22.6214
v  59.5050 96.6927 -19.5310
v  69.0877 98.5746 -15.9267
v  66.4369 95.8351 -11.3977
v  74.8147 99.5867 -11.2796
v  67.7687 58.1018 -5.7677
v  72.6748 58.1402 -0.7953
v  34.9735 53.4893 -9.9847
v  33.8704 57.6095 -6.8723
v  28.0992 56.2819 -8.4669
v  29.5516 51.7278 -9.7552
v  35.3142 96.0021 -25.8152
v  36.1485 89.6835 -28.3997
v  28.8838 91.8229 -26.7108
v  27.1746 97.3337 -25.5702
v  64.5838 68.5010 1.9779
v  71.2288 66.9131 2.1293
v  70.7099 78.0469 -1.7640
v  64.1321 78.5280 -1.6013
v  43.8731 56.0681 -14.5902
v  35.9903 55.0043 -15.1978
v  30.0154 54.2349 -13.2921
v  25.9067 54.9779 -10.1384
v  40.9751 67.9085 -5.3623
v  33.5128 67.1316 -6.8082
v  72.5311 65.1335 -5.7433
v  72.5879 73.3808 -9.4076
v  73.7302 76.5493 -3.4424
v  73.8075 65.6743 0.5788
v  27.5285 66.1927 -9.5980
v  73.0624 84.4192 -13.1422
v  68.8035 73.0863 -15.3747
v  69.2398 82.6663 -18.6578
v  42.0538 93.1082 -18.7136
v  33.8033 94.6534 -22.0130
v  26.2904 95.4648 -23.2093
v  23.5342 93.8555 -23.7216
v  36.8661 81.1301 -28.0430
v  45.6483 80.7245 -27.8791
v  71.8160 89.1746 -6.2205
v  74.3623 87.5692 -7.7437
v  29.7150 82.3578 -25.1103
v  48.8585 77.6402 -6.6301
v  56.4717 78.2287 -3.9559
v  56.7415 87.5359 -8.1984
v  49.0428 86.4790 -10.6047
v  53.3192 63.2730 -18.8304
v  53.6647 72.2281 -22.7537
v  61.7353 72.5921 -19.7546
v  61.3713 63.6970 -15.8045
v  50.5833 55.8368 -7.2954
v  49.6781 59.8008 -3.3539
v  41.4798 59.0190 -5.4377
v  42.3798 54.9066 -9.1853
v  51.4464 95.6857 -22.3292
v  52.6780 89.6738 -25.7326
v  45.5431 89.5810 -27.5759
v  43.6080 95.3838 -24.5213
v  51.9888 57.0474 -12.6691
v  60.0152 57.5522 -9.5369
v  48.8940 68.5475 -3.4526
v  56.7159 68.5885 -0.5135
v  49.9485 93.0611 -16.2072
v  57.9476 93.9669 -13.6069
v  53.8383 81.0069 -25.7923
v  62.1336 81.7171 -22.8830
v  76.4317 99.3021 -11.0633
v  24.4607 96.7021 -25.0423
v  64.5680 88.8073 -6.1446
v  68.4908 64.1614 -11.4398
v  27.3728 52.6238 -9.7064
v  75.2343 58.0690 4.7464
v  -29.1589 53.9436 -3.0057
v  -27.5054 56.2258 -2.2713
v  -29.1301 56.1242 -2.8658
v  -29.0286 86.8762 -15.1368
v  -27.1438 84.6333 -16.7205
v  -28.8538 84.8882 -14.0047
v  -7.9503 66.5881 -3.0570
v  -8.2444 73.3734 -6.1407
v  -16.4215 73.2075 -4.6667
v  -16.4897 65.4525 -1.7404
v  -27.3306 60.5842 -4.1111
v  -26.9134 70.9157 -8.8962
v  -24.2679 68.9656 -14.1935
v  -24.5045 60.7850 -10.6308
v  -9.3009 66.5558 -21.6213
v  -18.1402 67.2551 -19.3176
v  -18.5133 75.0452 -21.7205
v  -9.5007 74.1681 -24.0957
v  -24.4020 71.6096 -4.9446
v  -24.9042 81.1808 -9.5809
v  -27.0814 81.4382 -12.4780
v  -8.4168 80.2343 -8.9735
v  0.0000 73.7730 -7.0879
v  0.0000 80.3035 -9.6007
v  0.0000 56.4394 -9.4018
v  -8.3495 56.1628 -9.0331
v  -9.0296 56.1951 -14.5191
v  0.0000 55.9952 -14.5175
v  0.0000 66.9762 -3.7358
v  0.0000 59.5445 -19.0536
v  -9.1536 59.6381 -18.4868
v  0.0000 66.1653 -22.0635
v  -9.0782 85.4433 -18.7115
v  -8.7727 84.3362 -13.7741
v  0.0000 84.4275 -14.9151
v  0.0000 85.2910 -18.9417
v  0.0000 74.2361 -24.6959
v  0.0000 61.2327 -4.4835
v  -8.3135 60.7005 -4.1917
v  0.0000 80.8198 -22.7669
v  -9.3966 81.0385 -22.3722
v  -16.9387 80.6975 -8.1770
v  -17.5015 55.3752 -7.1309
v  -18.2468 55.7773 -11.3618
v  -18.1434 59.8825 -15.9761
v  -18.1441 86.1283 -17.7447
v  -17.7846 84.9472 -13.1619
v  -17.2375 59.4248 -3.2523
v  -27.2711 53.5996 -3.7617
v  -18.6210 82.1108 -20.7537
v  -27.0261 87.3255 -16.2491
v  -27.3870 86.3807 -13.9556
v  -28.1161 55.0142 -4.6883
v  -25.5145 61.6145 -2.1253
v  -24.7979 77.3752 -16.6817
v  29.1590 53.9436 -3.0057
v  27.5054 56.2258 -2.2713
v  27.2712 53.5996 -3.7617
v  29.0286 86.8762 -15.1368
v  27.1439 84.6333 -16.7205
v  27.0261 87.3255 -16.2491
v  7.9503 66.5881 -3.0570
v  16.4897 65.4525 -1.7404
v  16.4215 73.2075 -4.6667
v  8.2445 73.3734 -6.1407
v  27.3307 60.5842 -4.1111
v  24.5046 60.7850 -10.6308
v  24.2680 68.9656 -14.1935
v  26.9135 70.9157 -8.8962
v  18.5134 75.0452 -21.7205
v  18.1402 67.2551 -19.3176
v  9.3010 66.5558 -21.6213
v  9.5007 74.1681 -24.0957
v  24.9043 81.1808 -9.5809
v  24.4020 71.6096 -4.9446
v  27.0815 81.4382 -12.4780
v  8.4169 80.2343 -8.9735
v  9.0297 56.1951 -14.5191
v  8.3495 56.1625 -9.0330
v  9.1537 59.6381 -18.4868
v  8.7727 84.3362 -13.7741
v  9.0783 85.4433 -18.7115
v  8.3135 60.7005 -4.1917
v  9.3967 81.0385 -22.3722
v  16.9387 80.6975 -8.1770
v  18.2469 55.7773 -11.3618
v  17.5016 55.3752 -7.1309
v  18.1435 59.8825 -15.9761
v  17.7847 84.9472 -13.1619
v  18.1441 86.1283 -17.7447
v  17.2376 59.4248 -3.2523
v  18.6211 82.1108 -20.7537
v  27.3871 86.3807 -13.9556
v  28.1162 55.0142 -4.6883
v  25.5146 61.6145 -2.1253
v  24.7979 77.3752 -16.6817
v  29.1302 56.1242 -2.8658
v  28.8538 84.8882 -14.0047
v  -88.4918 53.3459 17.4340
v  -86.9137 56.3779 15.6845
v  -89.3047 56.1179 16.4579
v  -105.5649 96.1034 7.3363
v  -105.3118 93.8152 5.2558
v  -105.0974 94.4527 8.5289
v  -74.5580 89.6019 -17.6907
v  -79.0881 88.7196 -12.6342
v  -74.1416 78.8473 -10.1747
v  -69.4758 79.4050 -15.3291
v  -69.4231 87.1613 -27.7275
v  -70.2170 88.8969 -23.7938
v  -66.0721 78.5996 -21.3979
v  -66.0726 77.1832 -25.8287
v  -78.2469 73.2775 -25.8330
v  -75.1266 64.3551 -23.6240
v  -81.9861 62.9667 -19.2696
v  -85.6731 71.4715 -21.3898
v  -62.1627 67.5662 -23.9570
v  -67.3536 66.2639 -24.7143
v  -71.2247 75.6176 -26.6597
v  -81.1990 55.1841 0.6307
v  -78.4178 60.4512 2.7926
v  -82.0903 59.0801 9.0598
v  -85.7892 53.7656 8.8434
v  -96.7282 94.7916 -7.9275
v  -99.3482 88.9718 -10.1171
v  -102.7415 89.2822 -3.4810
v  -100.4059 95.1251 -1.8345
v  -104.0959 96.1751 4.1795
v  -101.5564 94.2837 6.1713
v  -97.3370 93.7420 0.6343
v  -88.0510 52.8335 15.1194
v  -89.9086 54.4753 13.2471
v  -89.8410 55.3187 4.7193
v  -66.5941 56.9946 -17.3977
v  -58.9141 55.8318 -21.6218
v  -57.7407 58.5376 -21.0902
v  -64.0717 61.7527 -14.1935
v  -82.6851 98.0589 -24.9530
v  -76.4802 100.5720 -29.1854
v  -75.6359 98.0344 -30.2335
v  -83.3819 92.4273 -27.5367
v  -82.7882 67.5249 8.4483
v  -86.2508 76.9902 6.5462
v  -90.4889 75.2845 10.4691
v  -86.7583 64.6934 12.7266
v  -70.5438 57.7768 -20.1609
v  -76.8553 57.2145 -15.2039
v  -56.9528 58.5026 -23.1380
v  -60.0990 57.9495 -23.2886
v  -70.7422 70.1365 -8.6692
v  -65.7160 70.2412 -13.9553
v  -94.7378 72.2140 11.4816
v  -97.7073 71.2418 5.3837
v  -94.3822 62.9869 7.3001
v  -90.5315 60.9276 14.3378
v  -61.9341 68.4972 -20.1750
v  -98.2055 70.4356 -1.4199
v  -101.7097 81.5201 3.5600
v  -101.7790 79.7125 -3.1216
v  -79.9033 96.8081 -22.7098
v  -84.9246 94.6721 -16.5374
v  -72.5149 98.8412 -30.0970
v  -74.4856 99.3879 -28.3411
v  -81.7041 82.6234 -27.6400
v  -88.9953 80.7117 -23.2412
v  -95.3415 86.1408 8.0903
v  -99.8139 84.4775 9.2028
v  -74.5629 85.7778 -28.6825
v  -87.5542 87.7121 -1.8453
v  -82.7053 77.7194 0.8860
v  -78.8503 78.1829 -4.9237
v  -83.4830 87.7933 -7.4212
v  -87.4318 62.2855 -13.1628
v  -91.7981 61.7575 -6.4879
v  -95.4904 70.1664 -8.5665
v  -91.0835 70.6432 -15.2707
v  -71.9173 56.6279 -11.7085
v  -69.4485 61.9003 -8.8487
v  -74.3944 61.2765 -3.3113
v  -77.7203 55.9624 -5.3358
v  -92.6669 95.0876 -13.8100
v  -87.9383 96.1695 -19.6863
v  -89.7668 90.5047 -22.5935
v  -95.0415 89.2982 -16.4970
v  -86.1845 55.8292 -2.9183
v  -82.2209 56.6335 -9.3506
v  -79.2996 68.7798 2.5264
v  -75.4804 69.4819 -3.4013
v  -93.4757 93.4947 -5.3977
v  -89.3404 93.6867 -11.0881
v  -99.0443 79.4479 -10.2890
v  -94.5318 79.6793 -16.9595
v  -90.9999 86.9792 4.0100
v  -94.5965 61.9054 0.9026
v  -56.5923 56.5264 -23.0932
v  -74.1559 100.5879 -30.1287
v  88.4918 53.3459 17.4340
v  86.9137 56.3779 15.6845
v  88.0510 52.8335 15.1194
v  105.5649 96.1034 7.3363
v  105.3118 93.8152 5.2558
v  104.0959 96.1751 4.1795
v  74.1416 78.8473 -10.1747
v  79.0881 88.7196 -12.6342
v  74.5580 89.6019 -17.6907
v  69.4758 79.4050 -15.3291
v  66.0721 78.5996 -21.3979
v  70.2170 88.8969 -23.7938
v  69.4231 87.1613 -27.7275
v  66.0727 77.1832 -25.8287
v  78.2469 73.2775 -25.8330
v  85.6731 71.4715 -21.3898
v  81.9861 62.9667 -19.2696
v  75.1266 64.3551 -23.6240
v  71.2247 75.6176 -26.6597
v  67.3536 66.2639 -24.7143
v  62.1628 67.5662 -23.9570
v  82.0903 59.0801 9.0598
v  78.4178 60.4512 2.7926
v  81.1990 55.1841 0.6307
v  85.7892 53.7656 8.8434
v  102.7415 89.2822 -3.4810
v  99.3482 88.9718 -10.1171
v  96.7282 94.7916 -7.9275
v  100.4059 95.1251 -1.8345
v  97.3370 93.7420 0.6343
v  101.5564 94.2837 6.1713
v  89.8410 55.3187 4.7193
v  89.9086 54.4753 13.2471
v  66.5941 56.9946 -17.3977
v  64.0717 61.7527 -14.1935
v  57.7407 58.5376 -21.0902
v  58.9141 55.8318 -21.6218
v  82.6851 98.0589 -24.9530
v  83.3820 92.4273 -27.5367
v  75.6359 98.0344 -30.2335
v  76.4802 100.5720 -29.1854
v  82.7882 67.5249 8.4483
v  86.7583 64.6934 12.7266
v  90.4889 75.2845 10.4691
v  86.2508 76.9902 6.5462
v  76.8553 57.2145 -15.2039
v  70.5438 57.7768 -20.1609
v  60.0990 57.9495 -23.2886
v  56.9528 58.5026 -23.1380
v  70.7422 70.1365 -8.6692
v  65.7160 70.2412 -13.9553
v  94.3822 62.9869 7.3001
v  97.7073 71.2418 5.3837
v  94.7378 72.2140 11.4816
v  90.5315 60.9276 14.3378
v  61.9341 68.4972 -20.1750
v  101.7097 81.5201 3.5600
v  98.2055 70.4356 -1.4199
v  101.7790 79.7125 -3.1216
v  84.9246 94.6721 -16.5374
v  79.9033 96.8081 -22.7098
v  74.4856 99.3879 -28.3411
v  72.5149 98.8412 -30.0970
v  81.7041 82.6234 -27.6400
v  88.9953 80.7117 -23.2412
v  95.3415 86.1408 8.0903
v  99.8139 84.4775 9.2028
v  74.5629 85.7778 -28.6825
v  78.8503 78.1829 -4.9237
v  82.7053 77.7194 0.8860
v  87.5542 87.7121 -1.8453
v  83.4830 87.7933 -7.4212
v  87.4318 62.2855 -13.1628
v  91.0835 70.6432 -15.2707
v  95.4904 70.1664 -8.5665
v  91.7981 61.7575 -6.4879
v  74.3944 61.2765 -3.3113
v  69.4485 61.9003 -8.8487
v  71.9173 56.6279 -11.7085
v  77.7203 55.9624 -5.3358
v  92.6669 95.0876 -13.8100
v  95.0415 89.2982 -16.4970
v  89.7668 90.5047 -22.5935
v  87.9383 96.1695 -19.6863
v  82.2209 56.6335 -9.3506
v  86.1845 55.8292 -2.9183
v  75.4804 69.4819 -3.4013
v  79.2996 68.7798 2.5264
v  89.3404 93.6867 -11.0881
v  93.4757 93.4947 -5.3977
v  94.5318 79.6793 -16.9595
v  99.0443 79.4479 -10.2890
v  90.9999 86.9792 4.0100
v  94.5965 61.9054 0.9026
v  56.5923 56.5264 -23.0932
v  74.1559 100.5879 -30.1287
v  105.0974 94.4527 8.5289
v  89.3047 56.1179 16.4579
v  78.5880 91.2436 -9.7226
v  74.5619 91.3936 -9.1020
v  73.7679 85.1609 -6.9797
v  78.0139 84.5883 -7.4621
v  73.4697 79.3450 -4.4484
v  77.5858 78.8766 -4.8324
v  72.8997 73.7527 -1.9320
v  77.0158 73.2843 -2.3160
v  77.3143 77.9581 -4.4825
v  73.3968 78.1081 -4.2111
v  72.6028 71.8754 -0.9924
v  76.7402 71.3028 -1.1256
v  72.1744 66.0595 1.5389
v  76.1819 65.5910 1.5041
v  73.0504 60.4672 3.2399
v  77.0579 59.9988 3.2051
v  77.4375 61.2045 3.4302
v  73.8862 60.9066 3.2837
v  74.4111 57.8595 4.8452
v  78.2840 55.9445 6.3701
v  73.3579 57.1439 4.6622
v  72.5842 56.2685 6.4192
v  67.8959 58.9068 1.4484
v  67.3003 57.2628 3.8722
v  20.9127 91.2927 -23.6378
v  21.0855 84.6994 -21.1416
v  24.3902 85.5062 -21.0709
v  23.9768 91.7128 -23.3705
v  21.4416 78.6115 -19.5110
v  24.6354 79.4153 -19.2818
v  21.4255 72.6710 -17.8906
v  24.6194 73.4748 -17.6614
v  19.4915 78.4799 -19.0778
v  19.3335 71.1925 -16.5081
v  24.5877 71.9993 -16.4374
v  24.5051 78.9000 -18.8105
v  19.5320 65.0901 -14.1235
v  24.6754 65.8939 -13.8943
v  20.2371 59.8271 -12.5309
v  25.3805 60.6309 -12.3017
v  21.2969 57.2060 -11.8577
v  22.0852 51.2154 -9.5863
v  26.5111 54.3502 -10.0030
v  25.7974 57.5347 -11.5647
v  26.8194 49.9700 -8.2752
v  27.5165 53.2308 -10.6991
v  32.1480 50.0659 -7.9586
v  32.9047 53.8900 -9.9882
v  19.4915 69.4867 -15.8460
v  19.3335 62.1994 -13.2763
v  24.5877 63.0061 -13.2056
v  24.5051 69.9068 -15.5787
v  20.6564 56.0969 -10.8917
v  25.7998 56.9007 -10.6625
v  22.8260 50.8340 -9.2991
v  27.1967 51.6378 -12.4458
v  68.6037 56.6005 5.1149
v  68.8588 58.2281 1.9017
v  62.6550 57.0166 -2.4038
v  61.6171 56.5739 2.6085
v  56.5640 56.7357 -4.1762
v  54.5662 56.4181 0.9836
v  50.6246 56.7389 -5.8056
v  48.6268 56.4213 -0.6458
v  49.1207 56.1530 -1.8108
v  50.6641 57.0081 -6.4442
v  43.4523 56.6278 -7.7990
v  42.9266 55.3560 -3.9903
v  38.1932 55.9830 -8.1701
v  36.7077 53.0729 -4.2138
v  31.1386 53.6911 -10.2428
v  29.6531 50.7809 -6.2866
v  72.9827 101.9666 -18.0335
v  71.6927 99.2269 -14.7965
v  75.9059 100.1712 -11.5836
v  78.4775 101.7841 -14.9545
v  75.8633 97.5063 -10.4265
v  78.9296 96.2247 -12.5590
v  75.3050 91.0459 -9.3353
v  78.3948 90.1729 -10.9120
v  65.6149 99.4568 -22.5482
v  65.1520 100.1885 -19.4129
v  72.5137 101.7684 -15.6761
v  73.0859 101.4105 -17.9750
v  64.6429 97.6762 -17.6298
v  59.8511 99.0669 -21.7832
v  59.5677 96.3990 -19.5653
v  54.2322 96.7410 -27.3411
v  53.9745 97.8107 -23.8105
v  60.1089 98.4766 -25.3137
v  54.3723 96.8155 -27.3504
v  45.6306 96.4859 -29.1574
v  45.4841 97.7908 -27.1487
v  54.2906 98.2902 -24.9263
v  37.4531 97.9356 -28.6720
v  37.5686 95.3710 -25.5649
v  45.1865 94.9865 -24.4915
v  37.3962 96.5128 -30.9022
v  30.9374 97.4459 -30.6503
v  30.9943 98.8687 -28.4201
v  31.2566 97.3307 -30.8278
v  23.5974 99.6052 -28.7130
v  24.2158 98.6663 -26.4393
v  30.8251 98.0257 -28.0279
v  26.1659 97.1296 -25.1844
v  21.2215 93.7440 -23.7504
v  23.8800 94.5246 -24.0237
v  20.3969 88.0963 -24.1580
v  20.9578 88.2811 -22.4150
v  20.7572 93.5733 -25.2924
v  24.7794 88.8095 -20.2956
v  15.9292 88.5367 -20.5491
v  16.3177 85.7226 -18.0197
v  25.2719 86.5366 -16.5069
v  7.1149 87.4275 -22.2939
v  8.0486 85.0726 -19.0931
v  0.0000 87.2280 -22.0458
v  0.0000 86.7393 -20.3837
v  0.0000 84.8699 -18.8412
v  24.1831 89.4539 -20.1523
v  25.2390 86.5774 -16.6897
v  28.7236 86.9661 -15.0590
v  32.2910 89.8268 -16.5725
v  28.4209 84.3012 -14.2442
v  32.2167 83.1408 -14.8381
v  26.3743 79.5336 -11.4435
v  30.4417 78.7817 -12.0570
v  31.1531 61.1325 -5.2411
v  29.2446 66.3029 -7.7651
v  25.3600 66.2004 -5.3431
v  27.2469 59.7236 -3.1180
v  29.8161 72.3210 -10.1740
v  25.7439 71.7729 -7.9032
v  30.1068 80.5762 -12.2923
v  26.1273 79.5294 -11.2935
v  30.9905 61.5328 -5.3960
v  27.2736 59.9208 -2.9691
v  29.2838 55.8023 -2.8006
v  34.0539 53.9387 -6.2893
v  29.0747 53.8356 -3.0197
v  31.4356 53.0397 -2.2627
v  25.2784 53.1546 -0.7303
v  27.0131 54.5508 -3.2561
v  21.2081 55.6227 -6.6585
v  19.3436 55.6964 -2.9317
v  23.4645 54.0103 -1.2147
v  25.1825 54.3461 -5.0827
v  16.2283 56.5101 -7.5558
v  15.9392 55.7466 -5.0299
v  7.9592 56.4269 -8.7976
v  7.1249 56.2656 -5.4583
v  0.0000 56.7374 -9.4823
v  0.0000 56.3496 -6.1429
v  106.2485 97.2523 -2.9298
v  103.2272 97.7598 -2.8790
v  107.0928 98.0640 4.6121
v  109.7453 97.7817 5.3188
v  99.2492 95.0708 -2.8169
v  99.8793 97.5322 -8.4460
v  96.2019 94.5938 -7.4669
v  99.0035 96.3932 -14.5039
v  96.2283 97.1429 -13.6237
v  102.6545 97.2288 -9.2476
v  91.9477 97.3818 -21.8409
v  89.0787 98.0031 -18.9388
v  94.2530 96.7769 -12.9568
v  96.8237 96.4456 -15.4930
v  85.1552 99.5970 -23.6164
v  84.8716 97.3508 -22.2577
v  88.7832 95.9475 -17.9457
v  82.4237 100.2415 -32.1026
v  79.5887 101.1746 -28.5964
v  88.0079 99.2387 -27.0227
v  108.4796 98.2140 2.3592
v  105.5722 98.5591 4.0873
v  107.7146 97.8837 9.1421
v  111.0950 96.9182 8.0617
v  105.4122 95.8345 7.3901
v  104.7621 94.1748 8.2167
v  106.1127 94.0776 10.6465
v  103.8066 90.1718 11.4755
v  106.3657 87.8436 11.0512
v  108.7949 91.5375 10.0634
v  98.6170 72.8477 13.7809
v  100.7578 79.4524 13.4304
v  100.3735 79.5217 13.6647
v  98.1289 73.1716 14.1742
v  103.0233 84.1545 12.8505
v  97.6313 79.6736 10.0012
v  103.6209 84.0070 12.6089
v  107.0231 90.3125 10.7191
v  106.2399 90.2083 11.4359
v  91.5903 55.6011 19.1524
v  93.1744 62.5481 16.9574
v  91.0906 63.4734 12.0308
v  89.1752 56.6346 15.5337
v  95.1137 67.9082 15.3353
v  92.3493 68.3787 11.2325
v  98.5159 74.2137 13.4454
v  95.1592 73.8811 10.8589
v  90.2116 56.7407 20.4945
v  89.9411 56.5688 15.7173
v  88.5651 53.6769 17.3414
v  89.1957 52.6689 20.3673
v  88.1852 53.3381 15.4997
v  86.0802 53.4980 16.5756
v  86.1474 53.9138 10.9227
v  83.4721 54.2288 12.3550
v  75.3944 55.3940 -6.2828
v  78.8747 55.6165 0.2840
v  81.6044 55.6929 0.3379
v  78.7377 56.8652 -4.2277
v  82.4058 54.5637 5.1573
v  83.8153 55.0066 6.6390
v  82.4106 54.5646 5.1707
v  83.8193 55.0055 6.6486
v  64.2245 80.0520 -30.6614
v  66.7979 86.2964 -32.3085
v  70.2692 86.1805 -27.3085
v  67.9014 80.3280 -26.5730
v  68.3261 91.5195 -32.2790
v  72.2322 91.1199 -27.7853
v  68.3119 97.3747 -34.7507
v  73.9443 97.0206 -28.5362
v  54.9602 59.7347 -27.7513
v  59.4966 66.1984 -29.4570
v  62.9375 68.4646 -24.2752
v  58.0918 61.5631 -23.8124
v  63.0335 73.3272 -29.7214
v  66.3723 74.6332 -25.1845
v  64.9212 80.4386 -29.5391
v  67.6009 80.4214 -26.0557
v  61.3350 51.7312 -20.1632
v  66.3963 51.1370 -14.7209
v  69.6971 56.6113 -15.5495
v  65.7464 57.7837 -19.2176
v  71.0684 50.9009 -10.9275
v  73.4635 56.6436 -10.0353
v  75.7912 51.2409 -6.0561
v  77.9688 55.7445 -4.7190
v  63.1269 51.8584 -19.5505
v  65.8107 56.6550 -20.1489
v  60.8941 56.9181 -20.9661
v  57.9054 52.7053 -22.6716
v  56.7006 57.1472 -23.4633
v  53.9597 56.9369 -26.5354
v  58.5811 61.7221 -23.3379
v  56.2723 61.4062 -29.2015
v  83.2625 101.7034 -27.5709
v  81.6309 100.7916 -28.0869
v  76.5252 101.5582 -31.5835
v  77.5912 101.9420 -33.3316
v  73.5932 99.6405 -30.3528
v  73.7285 100.1474 -32.6185
v  75.6123 99.9337 -29.2618
v  71.7134 96.0908 -31.4180
v  71.0750 93.6234 -32.4831
v  73.4635 98.6183 -34.2707
v  74.8788 90.8772 -7.7508
v  74.2100 84.6101 -4.8278
v  76.7471 84.3238 -6.1035
v  77.3059 90.8022 -8.3640
v  73.1174 79.9293 -4.1402
v  73.8582 78.9981 -2.2486
v  73.4076 85.5907 -6.6714
v  73.3034 73.5544 0.2678
v  75.7755 73.3203 -0.9574
v  76.3303 78.7639 -3.4738
v  73.7331 77.9452 -1.9560
v  73.0638 71.6791 1.3297
v  75.6129 71.3915 0.2330
v  76.1718 77.8698 -3.1240
v  71.3627 66.2875 2.8975
v  72.5856 66.0668 3.9086
v  71.7797 71.9488 0.3662
v  75.0694 65.8315 2.8627
v  73.4384 60.6232 5.1705
v  75.9222 60.3879 4.5637
v  75.3654 61.6018 4.7887
v  71.9221 61.2716 3.7914
v  73.4611 58.3055 4.6917
v  76.1795 56.4473 7.7287
v  71.4079 58.7127 4.1184
v  71.0044 56.8360 6.6272
v  66.0911 59.3454 1.6387
v  65.8609 56.9135 4.0801
v  20.4086 90.8500 -22.2792
v  20.5768 84.4320 -19.7830
v  25.6080 85.2173 -19.7123
v  25.2056 91.2589 -22.0119
v  20.9234 78.5059 -18.1524
v  25.3116 79.2883 -17.9232
v  20.9078 72.7233 -16.5320
v  23.9649 73.5057 -16.3028
v  18.9733 78.3777 -17.7192
v  18.8195 71.2841 -15.1495
v  23.9341 72.0695 -15.0788
v  23.8537 78.7867 -17.4519
v  19.0128 65.3439 -12.7649
v  24.0194 66.1263 -12.5357
v  19.6992 60.2208 -11.1723
v  24.7058 61.0033 -10.9431
v  20.7307 57.6693 -10.4991
v  21.4981 51.8380 -8.2277
v  25.8063 54.8895 -8.6444
v  25.1116 57.9894 -10.2061
v  26.1065 50.6257 -6.9166
v  26.7850 53.7998 -9.3405
v  31.2934 50.7191 -6.6000
v  32.0300 54.4415 -8.6296
v  18.9733 69.6236 -14.4874
v  18.8195 62.5300 -11.9177
v  23.9341 63.3153 -11.8470
v  23.8537 70.0326 -14.2201
v  20.1073 56.5898 -9.5331
v  25.1140 57.3722 -9.3039
v  22.2193 51.4667 -7.9405
v  26.4738 52.2492 -11.0873
v  67.0308 56.6882 4.0926
v  67.0284 59.0092 2.4618
v  60.9896 57.8300 -1.8437
v  60.2299 56.6622 1.5862
v  55.0604 57.5566 -3.6161
v  53.3664 56.5106 -0.0387
v  49.2789 57.5597 -5.2455
v  47.5849 55.7957 -1.6681
v  48.4606 55.5293 -1.1204
v  49.3174 57.4768 -5.0856
v  42.2972 57.1066 -6.4404
v  42.4312 54.7535 -3.2999
v  37.1780 56.4788 -6.8115
v  36.5153 52.5635 -5.0769
v  30.3109 54.2479 -8.8842
v  29.6482 50.3325 -7.1497
v  71.0427 102.2970 -15.8493
v  70.4249 100.5138 -13.7497
v  75.2885 101.0258 -10.5865
v  77.1983 102.1193 -12.7704
v  74.4374 100.1292 -11.5597
v  74.3959 97.5352 -10.4026
v  75.4258 96.9791 -8.9698
v  74.8907 90.8381 -7.6724
v  77.1178 89.7199 -8.7279
v  77.6385 95.6109 -10.3748
v  63.8708 100.5541 -19.6756
v  63.3768 99.2954 -16.1289
v  70.5325 100.7983 -13.6096
v  71.1432 102.4559 -16.2395
v  62.9246 97.0639 -16.2712
v  58.2361 98.1903 -18.4611
v  57.9843 95.8206 -18.2067
v  52.7906 97.9105 -24.4685
v  52.5156 97.0125 -20.4884
v  58.5111 99.6000 -22.4411
v  52.9270 97.7787 -25.2909
v  44.4177 97.4578 -27.0979
v  44.1977 96.4469 -23.2908
v  52.8043 97.0227 -20.8431
v  36.4875 96.6501 -24.6941
v  36.5699 94.8199 -24.2063
v  43.9853 94.4456 -23.1329
v  36.4022 97.4840 -28.8427
v  30.1151 98.3923 -28.5907
v  30.0828 97.5584 -25.9953
v  30.4370 98.3181 -28.3264
v  22.9813 98.8971 -26.2117
v  24.4074 97.9496 -24.7487
v  30.2762 97.3015 -26.0466
v  25.4703 96.5318 -23.8258
v  22.6369 93.7550 -22.7511
v  25.1585 93.9960 -23.2358
v  20.4224 87.6942 -21.6566
v  22.4322 88.4448 -21.3045
v  20.7731 93.0256 -22.7910
v  24.1180 88.3960 -18.9371
v  15.5031 88.1305 -19.1905
v  15.7501 87.3719 -17.3176
v  24.4181 87.9136 -16.4039
v  7.4483 86.5266 -18.4146
v  7.8346 84.7952 -17.7346
v  15.8840 85.4279 -16.6611
v  6.9231 87.0508 -20.9354
v  0.0000 86.8567 -20.6873
v  0.0000 86.4177 -18.8909
v  24.0716 88.4250 -16.7874
v  29.8234 88.7953 -14.1392
v  31.4300 89.3863 -15.2139
v  23.5177 89.0233 -18.7937
v  27.9601 86.6384 -13.7004
v  27.6654 84.0444 -12.8856
v  29.6448 84.1579 -12.2287
v  28.2154 79.7246 -10.4397
v  29.6365 78.6348 -10.6984
v  31.3577 82.8780 -13.4795
v  30.3020 61.4915 -3.8825
v  28.4570 66.4903 -6.4065
v  26.7031 66.4587 -4.2709
v  28.5441 60.8297 -1.3355
v  27.1713 72.1075 -6.7527
v  25.0596 71.8491 -6.5446
v  24.6859 66.4247 -3.9846
v  29.0133 72.3484 -8.8154
v  29.2900 80.4184 -10.9337
v  27.9159 79.9267 -10.4915
v  30.1419 61.8885 -4.0374
v  26.5486 60.3120 -1.6105
v  28.5053 56.3030 -1.4420
v  33.1238 54.4962 -4.9307
v  28.3018 54.3885 -1.6611
v  30.5752 53.6211 -0.9041
v  24.5816 53.7329 0.6283
v  26.2950 55.0848 -1.8976
v  20.6443 56.1038 -5.2999
v  18.8046 55.5112 -1.5731
v  22.8408 54.5586 0.1439
v  24.5131 54.8855 -3.7241
v  15.7969 56.9920 -6.1973
v  15.5154 56.2487 -3.6713
v  7.7476 56.9110 -7.4390
v  6.9355 56.7539 -4.0997
v  0.0000 57.2132 -8.1237
v  0.0000 56.5157 -4.7843
v  103.2825 97.9092 -3.4446
v  100.4957 96.4357 -2.5080
v  104.3774 96.6592 4.7323
v  106.6864 98.4246 4.8039
v  99.7060 94.5277 -3.2928
v  97.3091 96.1483 -7.8264
v  96.7398 94.0633 -7.9427
v  96.2123 97.0730 -15.0187
v  93.7551 95.9133 -12.9780
v  99.7663 97.8864 -9.7624
v  90.4937 98.3934 -18.9498
v  87.3059 97.5824 -17.6796
v  92.3216 96.4093 -11.6711
v  95.2402 97.4821 -12.6019
v  83.4855 99.1526 -22.3939
v  83.8188 96.7471 -20.8991
v  87.6265 95.3811 -16.5871
v  86.6586 100.2009 -24.1315
v  81.2229 101.1770 -29.2114
v  78.0657 100.6476 -27.3811
v  106.2970 98.9134 3.8928
v  102.6895 96.7014 3.5897
v  104.5978 96.2763 8.3952
v  108.8430 97.6521 9.5953
v  103.6870 94.3566 6.8489
v  103.5160 92.8363 7.5492
v  103.3000 93.1612 9.7083
v  101.1013 89.2797 10.4762
v  104.2394 88.8187 12.5847
v  106.6040 92.4144 11.5970
v  96.0181 72.8953 15.1518
v  98.1020 79.3244 14.5711
v  96.0197 79.4443 12.2066
v  93.2988 73.4552 13.8584
v  97.9805 84.0129 11.3980
v  98.9562 84.2505 9.2835
v  96.9100 79.4908 10.0330
v  100.8891 83.7580 13.7496
v  104.2008 89.8959 11.8598
v  100.9714 89.7157 10.3520
v  91.5606 62.8695 18.3160
v  88.6461 63.3426 15.7253
v  88.1035 58.0738 17.7546
v  90.0185 56.1072 20.5110
v  89.5159 62.8263 13.3252
v  90.7537 68.3277 13.6832
v  91.1526 68.4944 12.3489
v  96.7600 74.2250 14.8040
v  93.7626 74.0549 12.5899
v  93.4483 68.0871 16.6939
v  89.2664 57.2165 20.5782
v  89.3616 57.0491 15.4849
v  88.0221 54.2341 17.1091
v  88.2906 53.3014 20.4511
v  87.6524 53.9042 15.2673
v  85.2150 54.1572 16.6593
v  85.6687 54.4647 10.6904
v  82.6762 54.8686 12.4388
v  73.4082 56.0273 -4.9242
v  76.7960 56.2656 1.6426
v  81.2648 56.3426 1.6965
v  78.4743 57.4838 -2.8691
v  80.2332 55.5050 6.5159
v  83.4169 55.6745 7.9976
v  82.5591 55.6614 13.2106
v  86.0543 55.1351 11.8601
v  62.5369 79.9081 -29.3028
v  65.0419 85.9866 -30.9499
v  68.4014 85.8736 -25.9499
v  66.0965 80.1768 -25.2144
v  66.5295 91.0708 -30.9204
v  70.3122 90.6818 -26.4267
v  68.8376 96.7703 -31.8351
v  71.9787 96.4256 -27.1776
v  53.4993 60.1308 -26.3927
v  57.9151 66.4227 -28.0984
v  61.2645 68.6287 -22.9166
v  56.5476 61.9106 -22.4538
v  61.3580 73.3621 -28.3628
v  64.6080 74.6333 -23.8260
v  63.1954 80.2844 -28.1805
v  65.8040 80.2676 -24.6971
v  59.7046 52.3401 -18.8046
v  64.6314 51.7617 -13.3623
v  67.8444 57.0905 -14.1909
v  63.9987 58.2317 -17.8590
v  69.1793 51.5318 -9.5689
v  71.5107 57.1219 -8.6767
v  73.7765 51.8629 -4.6975
v  75.8963 56.2467 -3.3604
v  61.4489 52.4639 -18.1919
v  64.0613 57.1330 -18.7903
v  59.2755 57.3891 -19.6075
v  56.3662 53.2883 -21.3130
v  55.1934 57.6121 -22.1047
v  52.5254 57.4074 -25.1768
v  57.0239 62.0654 -21.9793
v  54.7765 61.7579 -27.8429
v  81.5886 102.4139 -26.6887
v  80.1198 101.3645 -26.0603
v  74.9330 101.9084 -30.4483
v  76.0681 102.6462 -32.4494
v  73.6024 99.2613 -27.9032
v  71.6369 98.9759 -28.9942
v  71.7006 99.8020 -31.4455
v  69.5959 95.4936 -30.0139
v  69.7250 94.5487 -31.6009
v  72.0501 99.4108 -33.3885
v  94.5036 73.7991 10.3961
v  101.5381 89.7029 8.4177
v  103.4097 94.4134 5.2189
v  101.4345 89.5722 8.2398
v  103.9073 94.5560 3.2730
v  93.1858 94.2152 -13.0243
v  92.8738 93.9828 -10.8704
v  78.4127 98.6885 -25.8068
v  88.3968 57.3753 15.6109
v  94.3443 73.5918 10.6031
v  69.9735 98.2016 -13.4542
v  52.2638 95.1112 -20.2340
v  70.3361 98.5024 -14.1238
v  73.8524 91.2465 -8.5445
v  74.1805 91.6577 -9.5272
v  72.5626 74.4857 -1.6238
v  73.0313 78.0159 -3.7482
v  72.2155 60.8438 3.7475
v  52.6858 95.2678 -20.0665
v  29.7947 95.7282 -24.3077
v  24.6002 86.2203 -15.1483
v  24.5681 86.2600 -15.3311
v  25.6732 79.4035 -10.0849
v  26.5226 60.1200 -1.7594
v  25.4328 79.3994 -9.9349
v  0.0000 84.5980 -17.4826
v  103.9146 95.6642 3.2182
v  102.6238 89.9800 8.8293
v  103.5652 95.0999 3.7489
v  92.5509 94.7498 -12.5484
v  94.1738 94.5111 -12.2290
v  79.3178 99.3453 -27.1654
v  80.3877 98.8586 -27.0878
v  71.7963 96.1319 -29.4953
v  78.2509 98.2148 -25.7292
v  69.8878 95.5606 -28.1367
v  84.7952 55.0181 11.8520
v  85.8552 54.4525 11.4202
v  71.8843 98.8451 -14.8128
v  53.6910 95.6703 -21.5926
v  54.1245 95.8311 -21.4251
v  31.1098 96.3041 -25.3129
v  30.5826 96.3935 -25.6742
v  23.8179 89.0908 -22.2684
v  29.7696 95.8153 -24.3156
v  25.0980 88.7067 -21.4805
v  -78.5880 91.2436 -9.7226
v  -78.0139 84.5883 -7.4621
v  -73.7679 85.1609 -6.9797
v  -74.5619 91.3936 -9.1020
v  -77.5858 78.8766 -4.8324
v  -73.4697 79.3450 -4.4484
v  -77.0158 73.2843 -2.3160
v  -72.8997 73.7527 -1.9320
v  -77.3143 77.9581 -4.4825
v  -76.7402 71.3028 -1.1256
v  -72.6028 71.8754 -0.9924
v  -73.3968 78.1081 -4.2111
v  -76.1819 65.5910 1.5041
v  -72.1744 66.0595 1.5389
v  -77.0579 59.9988 3.2051
v  -73.0504 60.4672 3.2399
v  -77.4375 61.2045 3.4302
v  -78.2840 55.9445 6.3701
v  -74.4111 57.8595 4.8452
v  -73.8862 60.9066 3.2837
v  -72.5842 56.2685 6.4192
v  -73.3579 57.1439 4.6622
v  -67.3003 57.2628 3.8722
v  -67.8959 58.9068 1.4484
v  -20.9127 91.2927 -23.6378
v  -23.9768 91.7128 -23.3705
v  -24.3902 85.5062 -21.0709
v  -21.0855 84.6994 -21.1416
v  -24.6354 79.4153 -19.2818
v  -21.4416 78.6115 -19.5110
v  -24.6194 73.4748 -17.6614
v  -21.4255 72.6710 -17.8906
v  -19.4915 78.4799 -19.0778
v  -24.5051 78.9000 -18.8105
v  -24.5877 71.9993 -16.4374
v  -19.3335 71.1925 -16.5081
v  -24.6754 65.8939 -13.8943
v  -19.5320 65.0901 -14.1235
v  -25.3805 60.6309 -12.3017
v  -20.2371 59.8271 -12.5309
v  -21.2969 57.2060 -11.8577
v  -25.7974 57.5347 -11.5647
v  -26.5111 54.3502 -10.0030
v  -22.0852 51.2154 -9.5863
v  -27.5165 53.2308 -10.6991
v  -26.8194 49.9700 -8.2752
v  -32.9047 53.8900 -9.9882
v  -32.1480 50.0659 -7.9586
v  -19.4915 69.4867 -15.8460
v  -24.5051 69.9068 -15.5787
v  -24.5877 63.0061 -13.2056
v  -19.3335 62.1994 -13.2763
v  -25.7998 56.9007 -10.6625
v  -20.6564 56.0969 -10.8917
v  -27.1967 51.6378 -12.4458
v  -22.8260 50.8340 -9.2991
v  -68.6037 56.6005 5.1149
v  -61.6171 56.5739 2.6085
v  -62.6550 57.0166 -2.4038
v  -68.8588 58.2281 1.9017
v  -54.5662 56.4181 0.9836
v  -56.5640 56.7357 -4.1762
v  -48.6268 56.4213 -0.6458
v  -50.6246 56.7389 -5.8056
v  -49.1207 56.1530 -1.8108
v  -42.9266 55.3560 -3.9903
v  -43.4523 56.6278 -7.7990
v  -50.6641 57.0081 -6.4442
v  -36.7077 53.0729 -4.2138
v  -38.1932 55.9830 -8.1701
v  -29.6531 50.7809 -6.2866
v  -31.1386 53.6911 -10.2428
v  -72.9827 101.9666 -18.0335
v  -78.4775 101.7841 -14.9545
v  -75.9059 100.1712 -11.5836
v  -71.6927 99.2269 -14.7965
v  -78.9296 96.2247 -12.5590
v  -75.8633 97.5063 -10.4265
v  -78.3948 90.1729 -10.9120
v  -75.3050 91.0459 -9.3353
v  -72.5137 101.7684 -15.6761
v  -65.1520 100.1885 -19.4129
v  -65.6149 99.4568 -22.5482
v  -73.0859 101.4105 -17.9750
v  -64.6429 97.6762 -17.6298
v  -59.5677 96.3990 -19.5653
v  -59.8511 99.0669 -21.7832
v  -53.9745 97.8107 -23.8105
v  -54.2322 96.7410 -27.3411
v  -60.1089 98.4766 -25.3137
v  -54.3723 96.8155 -27.3504
v  -54.2906 98.2902 -24.9263
v  -45.4841 97.7908 -27.1487
v  -45.6306 96.4859 -29.1574
v  -37.5686 95.3710 -25.5649
v  -37.4531 97.9356 -28.6720
v  -45.1865 94.9865 -24.4915
v  -37.3962 96.5128 -30.9022
v  -30.9943 98.8687 -28.4201
v  -30.9374 97.4459 -30.6503
v  -31.2566 97.3307 -30.8278
v  -30.8251 98.0257 -28.0279
v  -24.2158 98.6663 -26.4393
v  -23.5974 99.6052 -28.7130
v  -26.1659 97.1296 -25.1844
v  -23.8800 94.5246 -24.0237
v  -21.2215 93.7440 -23.7504
v  -20.9578 88.2811 -22.4150
v  -20.3969 88.0963 -24.1580
v  -20.7572 93.5733 -25.2924
v  -24.7794 88.8095 -20.2956
v  -25.2719 86.5366 -16.5069
v  -16.3177 85.7226 -18.0197
v  -15.9292 88.5367 -20.5491
v  -8.0486 85.0726 -19.0931
v  -7.1149 87.4275 -22.2939
v  -24.1831 89.4539 -20.1523
v  -32.2910 89.8268 -16.5725
v  -28.7236 86.9661 -15.0590
v  -25.2390 86.5774 -16.6897
v  -32.2167 83.1408 -14.8381
v  -28.4209 84.3012 -14.2442
v  -30.4417 78.7817 -12.0570
v  -26.3743 79.5336 -11.4435
v  -31.1531 61.1325 -5.2411
v  -27.2469 59.7236 -3.1180
v  -25.3600 66.2004 -5.3431
v  -29.2446 66.3029 -7.7651
v  -25.7439 71.7729 -7.9032
v  -29.8161 72.3210 -10.1740
v  -26.1273 79.5294 -11.2935
v  -30.1068 80.5762 -12.2923
v  -30.9905 61.5328 -5.3960
v  -34.0539 53.9387 -6.2893
v  -29.2838 55.8023 -2.8006
v  -27.2736 59.9208 -2.9691
v  -31.4356 53.0397 -2.2627
v  -29.0747 53.8356 -3.0197
v  -25.2784 53.1546 -0.7303
v  -19.3436 55.6964 -2.9317
v  -21.2081 55.6227 -6.6585
v  -27.0131 54.5508 -3.2561
v  -23.4645 54.0103 -1.2147
v  -15.9392 55.7466 -5.0299
v  -16.2283 56.5101 -7.5558
v  -25.1825 54.3461 -5.0827
v  -7.1249 56.2656 -5.4583
v  -7.9592 56.4269 -8.7976
v  -107.0928 98.0640 4.6121
v  -103.2272 97.7598 -2.8790
v  -106.2485 97.2523 -2.9298
v  -109.7453 97.7817 5.3188
v  -99.2492 95.0708 -2.8169
v  -96.2019 94.5938 -7.4669
v  -99.8793 97.5322 -8.4460
v  -96.2283 97.1429 -13.6237
v  -99.0035 96.3932 -14.5039
v  -102.6545 97.2288 -9.2476
v  -94.2530 96.7769 -12.9568
v  -89.0787 98.0031 -18.9388
v  -91.9477 97.3818 -21.8409
v  -96.8237 96.4456 -15.4930
v  -84.8716 97.3508 -22.2577
v  -85.1552 99.5970 -23.6164
v  -88.7832 95.9475 -17.9457
v  -79.5887 101.1746 -28.5964
v  -82.4237 100.2415 -32.1026
v  -88.0079 99.2387 -27.0227
v  -108.4796 98.2140 2.3592
v  -111.0951 96.9182 8.0617
v  -107.7146 97.8837 9.1421
v  -105.5722 98.5591 4.0873
v  -105.4123 95.8345 7.3901
v  -106.1127 94.0776 10.6465
v  -104.7621 94.1748 8.2167
v  -106.3658 87.8436 11.0512
v  -103.8066 90.1718 11.4755
v  -108.7950 91.5375 10.0634
v  -98.6170 72.8477 13.7809
v  -98.1289 73.1716 14.1742
v  -100.3735 79.5217 13.6647
v  -100.7578 79.4524 13.4304
v  -103.0233 84.1545 12.8505
v  -97.6313 79.6736 10.0012
v  -103.6209 84.0070 12.6089
v  -106.2399 90.2083 11.4359
v  -107.0231 90.3125 10.7191
v  -91.5903 55.6011 19.1524
v  -89.1752 56.6346 15.5337
v  -91.0905 63.4734 12.0308
v  -93.1744 62.5481 16.9574
v  -92.3493 68.3787 11.2325
v  -95.1137 67.9082 15.3353
v  -95.1592 73.8811 10.8589
v  -98.5159 74.2137 13.4454
v  -90.2116 56.7407 20.4945
v  -89.1957 52.6689 20.3673
v  -88.5651 53.6769 17.3414
v  -89.9411 56.5688 15.7173
v  -86.0802 53.4980 16.5756
v  -88.1852 53.3381 15.4997
v  -83.4721 54.2288 12.3550
v  -86.1474 53.9138 10.9227
v  -75.3944 55.3940 -6.2828
v  -78.7377 56.8652 -4.2277
v  -81.6044 55.6929 0.3379
v  -78.8747 55.6165 0.2840
v  -83.8153 55.0066 6.6390
v  -82.4058 54.5637 5.1573
v  -83.8193 55.0055 6.6486
v  -82.4106 54.5646 5.1707
v  -64.2245 80.0520 -30.6614
v  -67.9014 80.3280 -26.5730
v  -70.2692 86.1805 -27.3085
v  -66.7979 86.2964 -32.3085
v  -72.2322 91.1199 -27.7853
v  -68.3261 91.5195 -32.2790
v  -73.9442 97.0206 -28.5362
v  -68.3118 97.3747 -34.7507
v  -54.9602 59.7347 -27.7513
v  -58.0918 61.5631 -23.8124
v  -62.9375 68.4646 -24.2752
v  -59.4966 66.1984 -29.4570
v  -66.3723 74.6332 -25.1845
v  -63.0335 73.3272 -29.7214
v  -67.6009 80.4214 -26.0557
v  -64.9212 80.4386 -29.5391
v  -61.3350 51.7312 -20.1632
v  -65.7464 57.7837 -19.2176
v  -69.6971 56.6113 -15.5495
v  -66.3963 51.1370 -14.7209
v  -73.4635 56.6436 -10.0353
v  -71.0684 50.9009 -10.9275
v  -77.9688 55.7445 -4.7190
v  -75.7912 51.2409 -6.0561
v  -63.1269 51.8584 -19.5505
v  -57.9054 52.7053 -22.6716
v  -60.8941 56.9181 -20.9661
v  -65.8107 56.6550 -20.1489
v  -53.9597 56.9369 -26.5354
v  -56.7006 57.1472 -23.4633
v  -56.2723 61.4062 -29.2015
v  -58.5811 61.7221 -23.3379
v  -83.2625 101.7034 -27.5709
v  -77.5912 101.9420 -33.3316
v  -76.5252 101.5582 -31.5835
v  -81.6309 100.7916 -28.0869
v  -73.7285 100.1474 -32.6185
v  -73.5932 99.6405 -30.3528
v  -75.6123 99.9337 -29.2618
v  -71.0750 93.6234 -32.4831
v  -71.7134 96.0908 -31.4180
v  -73.4635 98.6183 -34.2707
v  -76.7471 84.3238 -6.1035
v  -74.2100 84.6101 -4.8278
v  -74.8788 90.8772 -7.7508
v  -77.3059 90.8022 -8.3640
v  -73.8582 78.9981 -2.2486
v  -73.1174 79.9293 -4.1402
v  -73.4076 85.5907 -6.6714
v  -75.7755 73.3203 -0.9574
v  -73.3034 73.5544 0.2678
v  -76.3303 78.7639 -3.4738
v  -75.6129 71.3915 0.2330
v  -73.0638 71.6791 1.3297
v  -73.7331 77.9452 -1.9560
v  -76.1718 77.8698 -3.1240
v  -72.5856 66.0668 3.9086
v  -71.3627 66.2875 2.8975
v  -71.7797 71.9488 0.3662
v  -75.0694 65.8315 2.8627
v  -75.9222 60.3879 4.5637
v  -73.4384 60.6232 5.1705
v  -75.3654 61.6018 4.7887
v  -76.1795 56.4473 7.7287
v  -73.4611 58.3055 4.6917
v  -71.9221 61.2716 3.7914
v  -71.0044 56.8360 6.6272
v  -71.4079 58.7127 4.1184
v  -65.8609 56.9135 4.0801
v  -66.0911 59.3454 1.6387
v  -20.4086 90.8500 -22.2792
v  -25.2056 91.2589 -22.0119
v  -25.6080 85.2173 -19.7123
v  -20.5768 84.4320 -19.7830
v  -25.3116 79.2883 -17.9232
v  -20.9234 78.5059 -18.1524
v  -23.9649 73.5057 -16.3028
v  -20.9078 72.7233 -16.5320
v  -18.9733 78.3777 -17.7192
v  -23.8537 78.7867 -17.4519
v  -23.9341 72.0695 -15.0788
v  -18.8195 71.2841 -15.1495
v  -24.0194 66.1263 -12.5357
v  -19.0128 65.3439 -12.7649
v  -24.7058 61.0033 -10.9431
v  -19.6992 60.2208 -11.1723
v  -20.7307 57.6693 -10.4991
v  -25.1116 57.9894 -10.2061
v  -25.8063 54.8895 -8.6444
v  -21.4981 51.8380 -8.2277
v  -26.7850 53.7998 -9.3405
v  -26.1065 50.6257 -6.9166
v  -32.0300 54.4415 -8.6296
v  -31.2934 50.7191 -6.6000
v  -18.9733 69.6236 -14.4874
v  -23.8537 70.0326 -14.2201
v  -23.9341 63.3153 -11.8470
v  -18.8195 62.5300 -11.9177
v  -25.1140 57.3722 -9.3039
v  -20.1073 56.5898 -9.5331
v  -26.4738 52.2492 -11.0873
v  -22.2193 51.4667 -7.9405
v  -67.0308 56.6882 4.0926
v  -60.2299 56.6622 1.5862
v  -60.9896 57.8300 -1.8437
v  -67.0284 59.0092 2.4618
v  -53.3664 56.5106 -0.0387
v  -55.0604 57.5566 -3.6161
v  -47.5849 55.7957 -1.6681
v  -49.2789 57.5597 -5.2455
v  -48.4606 55.5293 -1.1204
v  -42.4312 54.7535 -3.2999
v  -42.2972 57.1066 -6.4404
v  -49.3174 57.4768 -5.0856
v  -36.5153 52.5635 -5.0769
v  -37.1780 56.4788 -6.8115
v  -29.6482 50.3325 -7.1497
v  -30.3109 54.2479 -8.8842
v  -71.0427 102.2970 -15.8493
v  -77.1983 102.1193 -12.7704
v  -75.2885 101.0258 -10.5865
v  -70.4249 100.5138 -13.7497
v  -74.4374 100.1292 -11.5597
v  -75.4258 96.9791 -8.9698
v  -74.3959 97.5352 -10.4026
v  -77.1178 89.7199 -8.7279
v  -74.8907 90.8381 -7.6724
v  -77.6385 95.6109 -10.3748
v  -70.5325 100.7983 -13.6096
v  -63.3768 99.2954 -16.1289
v  -63.8708 100.5541 -19.6756
v  -71.1431 102.4559 -16.2395
v  -62.9246 97.0639 -16.2712
v  -57.9843 95.8206 -18.2067
v  -58.2360 98.1903 -18.4611
v  -52.5156 97.0125 -20.4884
v  -52.7906 97.9105 -24.4685
v  -58.5111 99.6000 -22.4411
v  -52.9270 97.7787 -25.2909
v  -52.8043 97.0227 -20.8431
v  -44.1978 96.4469 -23.2908
v  -44.4177 97.4578 -27.0979
v  -36.5700 94.8199 -24.2063
v  -36.4875 96.6501 -24.6941
v  -43.9853 94.4456 -23.1329
v  -36.4022 97.4840 -28.8427
v  -30.0828 97.5584 -25.9953
v  -30.1151 98.3923 -28.5907
v  -30.4370 98.3181 -28.3264
v  -30.2762 97.3015 -26.0466
v  -24.4074 97.9496 -24.7487
v  -22.9813 98.8971 -26.2117
v  -25.4703 96.5318 -23.8258
v  -25.1585 93.9960 -23.2358
v  -22.6369 93.7550 -22.7511
v  -22.4322 88.4448 -21.3045
v  -20.4224 87.6942 -21.6566
v  -20.7731 93.0256 -22.7910
v  -24.1180 88.3960 -18.9371
v  -24.4181 87.9136 -16.4039
v  -15.7501 87.3719 -17.3176
v  -15.5031 88.1305 -19.1905
v  -7.8346 84.7952 -17.7346
v  -7.4483 86.5266 -18.4146
v  -15.8840 85.4279 -16.6611
v  -6.9231 87.0508 -20.9354
v  -31.4300 89.3863 -15.2139
v  -29.8234 88.7953 -14.1392
v  -24.0716 88.4250 -16.7874
v  -23.5177 89.0233 -18.7937
v  -27.9601 86.6384 -13.7004
v  -29.6448 84.1579 -12.2287
v  -27.6654 84.0444 -12.8856
v  -29.6365 78.6348 -10.6984
v  -28.2154 79.7246 -10.4397
v  -31.3577 82.8780 -13.4795
v  -30.3020 61.4915 -3.8825
v  -28.5441 60.8297 -1.3355
v  -26.7031 66.4587 -4.2709
v  -28.4570 66.4903 -6.4065
v  -25.0596 71.8491 -6.5446
v  -27.1713 72.1075 -6.7527
v  -24.6859 66.4247 -3.9846
v  -29.0133 72.3484 -8.8154
v  -27.9159 79.9267 -10.4915
v  -29.2901 80.4184 -10.9337
v  -30.1419 61.8885 -4.0374
v  -33.1238 54.4962 -4.9307
v  -28.5053 56.3030 -1.4420
v  -26.5486 60.3120 -1.6105
v  -30.5752 53.6211 -0.9041
v  -28.3018 54.3885 -1.6611
v  -24.5816 53.7329 0.6283
v  -18.8046 55.5112 -1.5731
v  -20.6443 56.1038 -5.2999
v  -26.2950 55.0848 -1.8976
v  -22.8408 54.5586 0.1439
v  -15.5154 56.2487 -3.6713
v  -15.7969 56.9920 -6.1973
v  -24.5131 54.8855 -3.7241
v  -6.9355 56.7539 -4.0997
v  -7.7476 56.9110 -7.4390
v  -104.3774 96.6592 4.7323
v  -100.4958 96.4357 -2.5080
v  -103.2825 97.9092 -3.4446
v  -106.6864 98.4246 4.8039
v  -99.7060 94.5277 -3.2928
v  -96.7398 94.0633 -7.9427
v  -97.3091 96.1483 -7.8264
v  -93.7551 95.9133 -12.9780
v  -96.2123 97.0730 -15.0187
v  -99.7663 97.8864 -9.7624
v  -92.3216 96.4093 -11.6711
v  -87.3059 97.5824 -17.6796
v  -90.4937 98.3934 -18.9498
v  -95.2401 97.4821 -12.6019
v  -83.8188 96.7471 -20.8991
v  -83.4855 99.1526 -22.3939
v  -87.6265 95.3811 -16.5871
v  -86.6586 100.2009 -24.1315
v  -78.0657 100.6476 -27.3811
v  -81.2229 101.1770 -29.2114
v  -106.2970 98.9134 3.8928
v  -108.8430 97.6521 9.5953
v  -104.5978 96.2763 8.3952
v  -102.6895 96.7014 3.5897
v  -103.6870 94.3566 6.8489
v  -103.3000 93.1612 9.7083
v  -103.5160 92.8363 7.5492
v  -104.2394 88.8187 12.5847
v  -101.1013 89.2797 10.4762
v  -106.6040 92.4144 11.5970
v  -96.0181 72.8953 15.1518
v  -93.2988 73.4552 13.8584
v  -96.0197 79.4443 12.2066
v  -98.1020 79.3244 14.5711
v  -98.9562 84.2505 9.2835
v  -97.9805 84.0129 11.3980
v  -96.9100 79.4908 10.0330
v  -100.8891 83.7580 13.7496
v  -100.9714 89.7157 10.3520
v  -104.2008 89.8959 11.8598
v  -88.1035 58.0738 17.7546
v  -88.6461 63.3426 15.7253
v  -91.5606 62.8695 18.3160
v  -90.0185 56.1072 20.5110
v  -89.5159 62.8263 13.3252
v  -91.1526 68.4944 12.3489
v  -90.7537 68.3277 13.6832
v  -93.7626 74.0549 12.5899
v  -96.7600 74.2250 14.8040
v  -93.4483 68.0871 16.6939
v  -89.2664 57.2165 20.5782
v  -88.2906 53.3014 20.4511
v  -88.0221 54.2341 17.1091
v  -89.3616 57.0491 15.4849
v  -85.2150 54.1572 16.6593
v  -87.6524 53.9042 15.2673
v  -82.6762 54.8686 12.4388
v  -85.6687 54.4647 10.6904
v  -73.4082 56.0273 -4.9242
v  -78.4743 57.4838 -2.8691
v  -81.2648 56.3426 1.6965
v  -76.7960 56.2656 1.6426
v  -83.4169 55.6745 7.9976
v  -80.2332 55.5050 6.5159
v  -86.0543 55.1351 11.8601
v  -82.5591 55.6614 13.2106
v  -62.5369 79.9081 -29.3028
v  -66.0965 80.1768 -25.2144
v  -68.4014 85.8736 -25.9499
v  -65.0419 85.9866 -30.9499
v  -70.3122 90.6818 -26.4267
v  -66.5294 91.0708 -30.9204
v  -71.9787 96.4256 -27.1776
v  -68.8376 96.7703 -31.8351
v  -53.4993 60.1308 -26.3927
v  -56.5476 61.9106 -22.4538
v  -61.2645 68.6287 -22.9166
v  -57.9151 66.4227 -28.0984
v  -64.6080 74.6333 -23.8260
v  -61.3580 73.3621 -28.3628
v  -65.8040 80.2676 -24.6971
v  -63.1954 80.2844 -28.1805
v  -59.7046 52.3401 -18.8046
v  -63.9987 58.2317 -17.8590
v  -67.8444 57.0905 -14.1909
v  -64.6314 51.7617 -13.3623
v  -71.5107 57.1219 -8.6767
v  -69.1793 51.5318 -9.5689
v  -75.8963 56.2467 -3.3604
v  -73.7765 51.8629 -4.6975
v  -61.4489 52.4639 -18.1919
v  -56.3662 53.2883 -21.3130
v  -59.2755 57.3891 -19.6075
v  -64.0613 57.1330 -18.7903
v  -52.5254 57.4074 -25.1768
v  -55.1934 57.6121 -22.1047
v  -54.7765 61.7579 -27.8429
v  -57.0239 62.0654 -21.9793
v  -81.5886 102.4139 -26.6887
v  -76.0681 102.6462 -32.4494
v  -74.9330 101.9084 -30.4483
v  -80.1198 101.3645 -26.0603
v  -73.6024 99.2613 -27.9032
v  -71.7006 99.8020 -31.4455
v  -71.6369 98.9759 -28.9942
v  -69.7250 94.5487 -31.6009
v  -69.5959 95.4936 -30.0139
v  -72.0501 99.4108 -33.3885
v  -94.5036 73.7991 10.3961
v  -101.5381 89.7029 8.4177
v  -103.4098 94.4134 5.2189
v  -101.4345 89.5722 8.2398
v  -103.9074 94.5560 3.2730
v  -93.1858 94.2152 -13.0243
v  -92.8738 93.9828 -10.8704
v  -78.4127 98.6885 -25.8068
v  -88.3968 57.3753 15.6109
v  -94.3443 73.5918 10.6031
v  -69.9735 98.2016 -13.4542
v  -52.2638 95.1112 -20.2340
v  -70.3361 98.5024 -14.1238
v  -73.8524 91.2465 -8.5445
v  -74.1805 91.6577 -9.5272
v  -72.5626 74.4857 -1.6238
v  -73.0313 78.0159 -3.7482
v  -72.2154 60.8438 3.7475
v  -52.6858 95.2678 -20.0665
v  -29.7947 95.7282 -24.3077
v  -24.6001 86.2203 -15.1483
v  -24.5681 86.2600 -15.3311
v  -25.6732 79.4035 -10.0849
v  -26.5226 60.1200 -1.7594
v  -25.4328 79.3994 -9.9349
v  -103.9146 95.6642 3.2182
v  -102.6238 89.9800 8.8293
v  -103.5652 95.0999 3.7489
v  -92.5509 94.7498 -12.5484
v  -94.1738 94.5111 -12.2290
v  -79.3178 99.3453 -27.1654
v  -80.3877 98.8586 -27.0878
v  -71.7963 96.1319 -29.4953
v  -78.2509 98.2148 -25.7292
v  -69.8878 95.5606 -28.1367
v  -85.8552 54.4525 11.4202
v  -84.7952 55.0181 11.8520
v  -71.8843 98.8451 -14.8128
v  -53.6910 95.6703 -21.5926
v  -54.1245 95.8311 -21.4251
v  -31.1098 96.3041 -25.3129
v  -30.5826 96.3935 -25.6742
v  -23.8179 89.0908 -22.2684
v  -29.7696 95.8153 -24.3156
v  -25.0980 88.7067 -21.4805
# 4692 vertices

vn 0.2298 0.3988 -0.8878
vn 0.0113 0.3982 -0.9172
vn 0.0676 0.8849 -0.4608
vn 0.3577 0.8636 -0.3553
vn 0.0760 -0.7259 0.6836
vn 0.0125 -0.9786 0.2052
vn 0.1916 -0.9615 0.1968
vn 0.2909 -0.6790 0.6740
vn -0.0532 -0.6838 0.7277
vn -0.0668 -0.1906 0.9794
vn -0.2237 -0.1975 0.9544
vn -0.1794 -0.6835 0.7076
vn -0.0185 0.3848 -0.9228
vn -0.0148 0.0032 -0.9999
vn -0.2922 0.0057 -0.9563
vn -0.2970 0.3762 -0.8777
vn 0.0936 -0.7343 -0.6723
vn -0.0004 -0.7583 -0.6519
vn -0.0012 -0.1847 -0.9828
vn 0.1374 -0.1673 -0.9763
vn -0.7325 0.3444 -0.5871
vn -0.8925 0.3729 -0.2537
vn -0.3462 0.8421 -0.4135
vn 0.6951 0.3636 0.6201
vn 0.8747 0.4007 0.2727
vn 0.3612 0.8642 0.3504
vn 0.3076 0.4372 0.8451
vn -0.5260 -0.6438 0.5557
vn -0.6651 -0.7050 0.2462
vn -0.1576 -0.9671 0.1998
vn 0.4617 -0.6967 -0.5491
vn 0.5543 -0.8179 -0.1545
vn 0.0885 -0.9778 -0.1897
vn 0.5428 -0.6941 0.4729
vn 0.7420 -0.2535 0.6207
vn 0.3826 -0.2271 0.8956
vn -0.2621 0.4387 0.8596
vn -0.6332 0.3663 0.6818
vn -0.6788 -0.0106 0.7342
vn -0.2435 -0.0115 0.9698
vn 0.7245 0.3645 -0.5850
vn 0.7408 0.0042 -0.6717
vn 0.1825 0.0111 -0.9832
vn -0.5160 -0.6822 -0.5180
vn -0.7545 -0.1888 -0.6285
vn -0.2979 -0.1809 -0.9373
vn -0.1400 -0.7272 -0.6720
vn -0.5179 0.8555 -0.0026
vn -0.5310 0.8473 0.0105
vn -0.2112 0.9771 0.0240
vn -0.2194 0.9756 -0.0055
vn -0.6676 -0.7445 0.0019
vn -0.6682 -0.7437 0.0185
vn -0.9779 -0.2074 0.0248
vn -0.9767 -0.2143 -0.0053
vn -0.9260 0.3776 -0.0029
vn -0.9274 0.3738 -0.0167
vn -0.9996 -0.0097 -0.0269
vn -1.0000 -0.0019 -0.0034
vn 0.9213 0.3889 -0.0030
vn 0.9224 0.3857 0.0212
vn 0.9993 -0.0291 0.0216
vn 0.9998 -0.0209 0.0025
vn 0.5927 -0.8054 0.0098
vn 0.5564 -0.8307 -0.0181
vn 0.9549 -0.2956 -0.0274
vn 0.9546 -0.2979 0.0079
vn -0.9276 0.3733 0.0133
vn 0.9213 0.3879 -0.0282
vn 0.5211 0.8532 -0.0229
vn 0.5073 0.8617 -0.0029
vn -0.6188 -0.7850 -0.0297
vn -0.1510 -0.9885 -0.0043
vn 0.6337 -0.7736 0.0086
vn 0.2007 -0.9795 0.0180
vn 0.1614 -0.9869 -0.0049
vn 0.0006 0.3913 -0.9203
vn -0.0528 0.8650 -0.4990
vn -0.0035 0.8629 -0.5053
vn -0.0321 -0.6975 0.7158
vn -0.0041 -0.9766 0.2152
vn 0.0927 -0.2332 0.9680
vn 0.0395 -0.2258 0.9734
vn 0.0254 -0.7111 0.7027
vn 0.0006 0.3837 -0.9235
vn 0.0011 0.0018 -1.0000
vn 0.0002 0.0006 -1.0000
vn -0.0043 -0.7655 -0.6434
vn -0.0108 -0.1911 -0.9815
vn -0.0020 -0.2055 -0.9787
vn -0.0024 -0.7741 -0.6330
vn 0.0813 0.4734 0.8771
vn 0.1089 0.9000 0.4222
vn 0.0226 0.8836 0.4677
vn 0.0293 0.4643 0.8852
vn 0.0013 -0.7649 -0.6441
vn -0.0010 -0.9869 -0.1614
vn -0.0002 0.3868 -0.9222
vn 0.0030 0.8543 -0.5197
vn 0.0071 0.8557 -0.5174
vn 0.0055 -0.6937 0.7202
vn 0.0049 -0.2094 0.9778
vn -0.0351 -0.2000 0.9792
vn 0.0000 -0.7616 -0.6480
vn -0.0014 -0.1979 -0.9802
vn 0.0002 -0.1930 -0.9812
vn -0.0194 0.4644 0.8854
vn 0.0016 0.4679 0.8838
vn 0.0009 0.8789 0.4770
vn -0.0174 0.8834 0.4684
vn 0.0008 -0.9859 -0.1674
vn -0.6778 -0.7064 -0.2040
vn -0.9541 -0.1867 -0.2343
vn 0.5934 -0.7697 0.2354
vn 0.9117 -0.2658 0.3134
vn -0.6383 -0.2078 0.7412
vn 0.6853 -0.2256 -0.6925
vn -0.0289 -0.0036 0.9996
vn -0.0685 -0.0117 0.9976
vn 0.9855 -0.0048 -0.1693
vn 0.9464 -0.2678 -0.1804
vn 0.7652 -0.0335 0.6430
vn 0.3564 -0.0231 0.9341
vn -0.7682 0.0050 -0.6402
vn -0.9440 -0.0157 0.3296
vn -0.9256 -0.1939 0.3249
vn 0.0889 -0.0016 0.9960
vn 0.0338 0.0024 0.9994
vn 0.0035 0.0030 1.0000
vn -0.0002 -0.0000 -1.0000
vn 0.9107 0.4017 0.0961
vn 0.4746 0.8767 0.0785
vn -0.6777 -0.7306 0.0832
vn -0.1573 -0.9872 0.0251
vn -0.0672 0.4723 0.8789
vn -0.0840 0.8935 0.4411
vn -0.3654 0.8488 0.3822
vn 0.9549 -0.0099 0.2967
vn -0.8623 0.3946 0.3174
vn 0.1958 0.9723 0.1280
vn 0.0443 0.9831 0.1774
vn 0.0016 0.9810 0.1942
vn 0.5943 -0.8003 0.0796
vn 0.9610 -0.2657 0.0772
vn -0.9178 0.3847 0.0981
vn -0.9946 -0.0171 0.1021
vn 0.0328 0.9726 -0.2303
vn 0.1721 0.9715 -0.1630
vn -0.9205 0.3827 -0.0786
vn -0.4768 0.8681 -0.1382
vn 0.5606 -0.8265 -0.0508
vn 0.1109 -0.9929 -0.0436
vn -0.1422 -0.9738 -0.1775
vn -0.9710 -0.0063 -0.2388
vn 0.8926 0.4089 -0.1901
vn -0.1433 0.9699 -0.1970
vn -0.0261 0.9722 -0.2329
vn 0.0039 0.9698 -0.2440
vn -0.6267 -0.7773 -0.0563
vn -0.9768 -0.2033 -0.0678
vn 0.9142 0.4003 -0.0640
vn 0.9981 -0.0003 -0.0611
vn -0.1577 0.9788 0.1308
vn -0.4909 0.8659 0.0962
vn -0.9747 -0.1979 0.1043
vn 0.9962 -0.0131 0.0867
vn 0.5086 0.8609 0.0129
vn 0.2518 0.9675 0.0216
vn 0.0737 0.9966 0.0371
vn 0.0036 0.9990 0.0437
vn 0.9594 -0.2817 0.0131
vn -0.9998 -0.0058 0.0208
vn -0.0002 -0.0005 -1.0000
vn -0.9970 -0.0159 -0.0760
vn -0.9763 -0.2140 -0.0323
vn 0.9560 -0.2877 -0.0580
vn 0.9996 -0.0012 -0.0291
vn -0.0573 0.9976 0.0376
vn -0.0645 0.9979 -0.0106
vn -0.0010 -0.9997 0.0235
vn -0.0357 0.9821 0.1852
vn 0.0030 -0.9997 0.0245
vn 0.4887 0.8684 -0.0842
vn 0.2601 0.9656 -0.0052
vn 0.0806 0.9967 -0.0090
vn 0.0041 0.9999 -0.0119
vn -0.0012 -0.9998 -0.0186
vn -0.0015 -0.9999 -0.0140
vn 0.0654 0.9959 -0.0631
vn 0.2429 0.9694 -0.0368
vn -0.5239 0.8516 -0.0191
vn -0.2033 0.9780 -0.0460
vn 0.0029 0.9971 -0.0760
vn -0.0540 0.9962 -0.0683
vn -0.2298 0.3988 -0.8878
vn -0.3577 0.8636 -0.3553
vn -0.0676 0.8849 -0.4608
vn -0.0113 0.3982 -0.9172
vn -0.1916 -0.9615 0.1968
vn -0.0125 -0.9786 0.2052
vn -0.0760 -0.7259 0.6836
vn -0.2909 -0.6790 0.6740
vn 0.2237 -0.1975 0.9544
vn 0.0668 -0.1906 0.9794
vn 0.0532 -0.6838 0.7277
vn 0.1794 -0.6835 0.7076
vn 0.2922 0.0057 -0.9563
vn 0.0148 0.0032 -0.9999
vn 0.0185 0.3848 -0.9228
vn 0.2970 0.3762 -0.8777
vn -0.0936 -0.7343 -0.6723
vn -0.1374 -0.1673 -0.9763
vn 0.0012 -0.1847 -0.9828
vn 0.0004 -0.7583 -0.6519
vn 0.3462 0.8421 -0.4135
vn 0.8925 0.3729 -0.2537
vn 0.7325 0.3444 -0.5871
vn -0.3612 0.8642 0.3504
vn -0.8747 0.4007 0.2727
vn -0.6951 0.3636 0.6201
vn -0.3076 0.4372 0.8451
vn 0.1576 -0.9671 0.1998
vn 0.6651 -0.7050 0.2462
vn 0.5260 -0.6438 0.5557
vn -0.0885 -0.9778 -0.1897
vn -0.5543 -0.8179 -0.1545
vn -0.4617 -0.6967 -0.5491
vn -0.3826 -0.2271 0.8956
vn -0.7420 -0.2535 0.6207
vn -0.5428 -0.6941 0.4729
vn 0.2621 0.4387 0.8596
vn 0.2435 -0.0115 0.9698
vn 0.6788 -0.0106 0.7342
vn 0.6332 0.3663 0.6818
vn -0.1825 0.0111 -0.9832
vn -0.7408 0.0042 -0.6717
vn -0.7245 0.3645 -0.5850
vn 0.2979 -0.1809 -0.9373
vn 0.7545 -0.1888 -0.6285
vn 0.5160 -0.6822 -0.5180
vn 0.1400 -0.7272 -0.6720
vn 0.5179 0.8555 -0.0026
vn 0.2194 0.9756 -0.0055
vn 0.2112 0.9771 0.0240
vn 0.5310 0.8473 0.0105
vn 0.6676 -0.7445 0.0019
vn 0.9767 -0.2143 -0.0053
vn 0.9779 -0.2074 0.0248
vn 0.6682 -0.7437 0.0185
vn 0.9260 0.3776 -0.0029
vn 1.0000 -0.0019 -0.0034
vn 0.9996 -0.0097 -0.0269
vn 0.9274 0.3738 -0.0167
vn -0.9213 0.3889 -0.0030
vn -0.9998 -0.0209 0.0025
vn -0.9993 -0.0291 0.0216
vn -0.9224 0.3857 0.0212
vn -0.5927 -0.8054 0.0098
vn -0.9546 -0.2979 0.0079
vn -0.9549 -0.2956 -0.0274
vn -0.5564 -0.8307 -0.0181
vn 0.9276 0.3733 0.0133
vn -0.5073 0.8617 -0.0029
vn -0.5211 0.8532 -0.0229
vn -0.9213 0.3879 -0.0282
vn 0.1510 -0.9885 -0.0043
vn 0.6188 -0.7850 -0.0297
vn -0.1614 -0.9869 -0.0049
vn -0.2007 -0.9795 0.0180
vn -0.6337 -0.7736 0.0086
vn -0.0006 0.3913 -0.9203
vn 0.0035 0.8629 -0.5054
vn 0.0528 0.8650 -0.4990
vn 0.0321 -0.6975 0.7158
vn 0.0041 -0.9766 0.2152
vn -0.0395 -0.2258 0.9734
vn -0.0927 -0.2332 0.9680
vn -0.0254 -0.7111 0.7027
vn -0.0006 0.3837 -0.9235
vn -0.0002 0.0006 -1.0000
vn -0.0011 0.0018 -1.0000
vn 0.0020 -0.2055 -0.9787
vn 0.0108 -0.1911 -0.9815
vn 0.0043 -0.7655 -0.6434
vn 0.0024 -0.7741 -0.6330
vn -0.0226 0.8836 0.4677
vn -0.1089 0.9000 0.4222
vn -0.0813 0.4734 0.8771
vn -0.0293 0.4643 0.8852
vn -0.0013 -0.7649 -0.6441
vn 0.0010 -0.9869 -0.1614
vn -0.0071 0.8557 -0.5174
vn -0.0030 0.8543 -0.5197
vn 0.0002 0.3868 -0.9222
vn -0.0055 -0.6937 0.7202
vn 0.0351 -0.2000 0.9792
vn -0.0049 -0.2094 0.9778
vn -0.0002 -0.1930 -0.9812
vn 0.0014 -0.1979 -0.9802
vn -0.0000 -0.7616 -0.6480
vn 0.0194 0.4644 0.8854
vn 0.0174 0.8834 0.4684
vn -0.0009 0.8789 0.4770
vn -0.0016 0.4679 0.8838
vn -0.0008 -0.9859 -0.1674
vn 0.9541 -0.1867 -0.2343
vn 0.6778 -0.7064 -0.2040
vn -0.9117 -0.2658 0.3134
vn -0.5934 -0.7697 0.2354
vn 0.6383 -0.2078 0.7412
vn -0.6853 -0.2256 -0.6925
vn 0.0685 -0.0117 0.9976
vn 0.0289 -0.0036 0.9996
vn -0.9464 -0.2678 -0.1804
vn -0.9855 -0.0048 -0.1693
vn -0.3564 -0.0231 0.9341
vn -0.7652 -0.0335 0.6430
vn 0.7682 0.0050 -0.6402
vn 0.9256 -0.1939 0.3249
vn 0.9440 -0.0157 0.3296
vn -0.0889 -0.0016 0.9960
vn -0.0035 0.0030 1.0000
vn -0.0338 0.0024 0.9994
vn 0.0002 -0.0000 -1.0000
vn -0.4746 0.8767 0.0785
vn -0.9107 0.4017 0.0961
vn 0.1573 -0.9872 0.0251
vn 0.6777 -0.7306 0.0832
vn 0.0840 0.8935 0.4411
vn 0.0672 0.4723 0.8789
vn 0.3654 0.8488 0.3822
vn -0.9549 -0.0099 0.2967
vn 0.8623 0.3946 0.3174
vn -0.1958 0.9723 0.1280
vn -0.0016 0.9810 0.1942
vn -0.0443 0.9831 0.1774
vn -0.9610 -0.2657 0.0772
vn -0.5943 -0.8003 0.0796
vn 0.9946 -0.0171 0.1021
vn 0.9178 0.3847 0.0981
vn -0.1721 0.9715 -0.1630
vn -0.0328 0.9726 -0.2303
vn 0.4768 0.8681 -0.1382
vn 0.9205 0.3827 -0.0786
vn -0.1109 -0.9929 -0.0436
vn -0.5606 -0.8265 -0.0508
vn 0.1422 -0.9738 -0.1775
vn 0.9710 -0.0063 -0.2388
vn -0.8926 0.4089 -0.1901
vn 0.1433 0.9699 -0.1970
vn -0.0039 0.9698 -0.2440
vn 0.0261 0.9722 -0.2329
vn 0.9768 -0.2033 -0.0678
vn 0.6267 -0.7773 -0.0563
vn -0.9981 -0.0003 -0.0611
vn -0.9142 0.4003 -0.0640
vn 0.1577 0.9788 0.1308
vn 0.4909 0.8659 0.0962
vn 0.9747 -0.1979 0.1043
vn -0.9962 -0.0131 0.0867
vn -0.5086 0.8609 0.0129
vn -0.2518 0.9675 0.0216
vn -0.0036 0.9990 0.0437
vn -0.0737 0.9966 0.0371
vn -0.9594 -0.2817 0.0131
vn 0.9998 -0.0058 0.0208
vn 0.0002 -0.0005 -1.0000
vn 0.9763 -0.2140 -0.0323
vn 0.9970 -0.0159 -0.0760
vn -0.9560 -0.2877 -0.0580
vn -0.9996 -0.0012 -0.0291
vn 0.0645 0.9979 -0.0106
vn 0.0573 0.9976 0.0376
vn 0.0010 -0.9997 0.0235
vn 0.0357 0.9821 0.1852
vn -0.0030 -0.9997 0.0245
vn -0.4887 0.8684 -0.0842
vn -0.2601 0.9656 -0.0052
vn -0.0041 0.9999 -0.0119
vn -0.0806 0.9967 -0.0090
vn 0.0012 -0.9998 -0.0186
vn 0.0015 -0.9999 -0.0140
vn -0.0654 0.9959 -0.0631
vn -0.2429 0.9694 -0.0368
vn 0.5239 0.8516 -0.0191
vn 0.2033 0.9780 -0.0460
vn -0.0029 0.9971 -0.0760
vn 0.0540 0.9962 -0.0683
vn 0.0035 0.8629 -0.5053
vn -0.0059 1.0000 0.0024
vn -0.0030 1.0000 0.0017
vn 0.0106 -0.0331 -0.9994
vn 0.0090 0.0034 -1.0000
vn 0.0000 0.0058 -1.0000
vn 0.0002 -0.0239 -0.9997
vn -0.8705 -0.4921 -0.0002
vn -0.9399 -0.3415 0.0019
vn -0.9431 -0.3324 0.0019
vn -0.8687 -0.4954 -0.0002
vn 0.8787 0.4774 -0.0001
vn 0.9675 0.2528 -0.0008
vn 0.9656 0.2600 -0.0008
vn 0.8785 0.4777 -0.0001
vn -0.9971 0.0757 0.0001
vn -0.9801 0.1983 0.0001
vn -0.9971 0.0758 0.0001
vn 0.0393 0.0099 0.9992
vn 0.0339 0.0293 0.9990
vn -0.0046 -0.0046 1.0000
vn 0.0041 0.0079 1.0000
vn 0.0684 0.0451 0.9966
vn 0.0568 0.0176 0.9982
vn 0.0234 -0.0032 0.9997
vn 0.0720 0.0489 0.9962
vn -0.1076 -0.9942 0.0000
vn 0.0000 -1.0000 0.0000
vn -0.9707 -0.2400 0.0147
vn -0.9713 -0.2374 0.0148
vn -0.9275 -0.3736 0.0117
vn -0.9999 -0.0032 0.0112
vn -0.9795 0.2016 0.0024
vn -0.9797 0.2007 0.0024
vn -0.9999 -0.0031 0.0112
vn -0.6522 0.7580 0.0058
vn -0.8745 0.4850 0.0028
vn -0.8754 0.4833 0.0028
vn -0.0661 -0.1351 0.9886
vn -0.0465 -0.1455 0.9883
vn -0.0287 -0.1573 0.9871
vn -0.0233 -0.1602 0.9868
vn -0.1146 -0.1169 0.9865
vn -0.0008 0.0274 -0.9996
vn 0.0000 0.0194 -0.9998
vn -0.4792 -0.0809 0.8740
vn -0.1942 -0.0718 0.9783
vn -0.3512 -0.0786 0.9330
vn -0.9487 0.3160 -0.0087
vn -0.9940 -0.1089 -0.0044
vn -0.9943 -0.1069 -0.0044
vn -0.9491 0.3148 -0.0087
vn 0.7787 0.6273 -0.0005
vn 0.8337 0.5523 -0.0000
vn 0.8202 0.5721 -0.0005
vn -0.2911 0.9567 -0.0050
vn -0.5227 0.8525 -0.0004
vn -0.4148 0.9099 0.0066
vn -0.2518 0.9677 -0.0092
vn -0.4155 -0.1881 0.8899
vn -0.3466 -0.1402 0.9275
vn 0.0042 0.0003 -1.0000
vn 0.0045 -0.0009 -1.0000
vn 0.0051 -0.0097 -0.9999
vn 0.0089 -0.0015 -1.0000
vn -0.2895 -0.0266 0.9568
vn -0.3869 -0.0800 0.9187
vn -0.3411 -0.0781 0.9368
vn -0.2539 -0.0538 0.9657
vn -0.0803 0.0788 0.9937
vn -0.1422 0.0550 0.9883
vn -0.1472 -0.0546 0.9876
vn -0.0581 -0.0816 0.9950
vn -0.5296 -0.8482 -0.0062
vn -0.4056 -0.9140 0.0066
vn -0.2558 -0.9667 0.0095
vn -0.1836 0.0250 0.9827
vn -0.2096 -0.0517 0.9764
vn -0.0861 -0.9963 0.0013
vn -0.0872 -0.9962 0.0013
vn 0.2541 -0.9672 0.0017
vn 0.2518 -0.9678 0.0017
vn -0.0444 -0.3461 0.9371
vn -0.0499 -0.1429 0.9885
vn 0.0096 -0.1154 0.9933
vn 0.0342 -0.2311 0.9723
vn 0.0110 -0.0776 -0.9969
vn 0.0020 -0.0659 -0.9978
vn -0.0055 -0.0177 -0.9998
vn 0.0038 -0.0108 -0.9999
vn 0.1616 -0.9869 0.0009
vn 0.1530 -0.9882 0.0009
vn -0.4187 0.9081 0.0032
vn -0.4198 0.9076 0.0032
vn -0.0007 0.0105 -0.9999
vn 0.0058 0.0226 -0.9997
vn -0.0128 0.0211 0.9997
vn 0.0709 -0.0698 0.9950
vn -0.0160 -0.0125 0.9998
vn -0.0173 0.0120 0.9998
vn 0.0032 -0.0023 -1.0000
vn 0.0031 -0.0058 -1.0000
vn 0.0040 -0.0522 -0.9986
vn -0.0221 -0.0453 -0.9987
vn -0.0086 0.0617 0.9981
vn -0.0053 0.0098 0.9999
vn -0.0114 0.0479 0.9988
vn -0.0143 0.0789 0.9968
vn 0.1629 -0.9866 -0.0005
vn 0.0264 -0.9997 -0.0003
vn 0.0261 -0.9997 -0.0003
vn -0.0000 1.0000 0.0009
vn 0.0903 -0.5571 0.8255
vn 0.0484 -0.2918 0.9552
vn 0.0211 -0.3170 0.9482
vn 0.0110 -0.5610 0.8277
vn -0.0810 0.9967 -0.0000
vn -0.0644 0.9979 -0.0000
vn -0.0028 -0.1760 0.9844
vn -0.0082 -0.1763 0.9843
vn 0.0006 -0.0104 -0.9999
vn 0.0068 -0.0303 -0.9995
vn -0.0030 -0.0640 -0.9979
vn 0.0027 -0.0640 -0.9979
vn 0.0044 -0.0089 -1.0000
vn -0.0017 0.0062 -1.0000
vn 0.1316 -0.9913 -0.0006
vn -0.0715 -0.9974 -0.0003
vn -0.0713 -0.9975 -0.0003
vn 0.0015 0.0406 -0.9992
vn -0.0218 0.1391 0.9900
vn -0.0144 0.0906 0.9958
vn -0.0133 0.0831 0.9965
vn -0.0251 0.1190 0.9926
vn -0.2122 -0.9772 -0.0000
vn -0.0068 1.0000 0.0024
vn -0.0021 1.0000 0.0013
vn -0.0022 1.0000 0.0013
vn -0.0070 1.0000 0.0025
vn -0.0101 -0.1391 0.9902
vn -0.0039 -0.0727 0.9973
vn 0.0065 -0.1793 0.9838
vn 0.0164 -0.3781 0.9256
vn -0.2319 0.9727 0.0000
vn -0.2509 0.9680 0.0000
vn -0.0788 -0.0657 0.9947
vn -0.0439 -0.1383 0.9894
vn -0.0186 -0.1813 0.9833
vn -0.0253 -0.1601 0.9868
vn 0.0099 -0.0416 -0.9991
vn 0.0117 -0.0434 -0.9990
vn 0.0062 -0.0280 -0.9996
vn -0.0024 -0.0497 -0.9988
vn 0.0056 0.0176 -0.9998
vn -0.0425 0.0898 0.9951
vn -0.0501 0.1430 0.9885
vn -0.0600 -0.9982 0.0000
vn -0.0051 1.0000 0.0041
vn -0.0048 1.0000 0.0041
vn -0.0045 -0.0913 0.9958
vn -0.0035 -0.0482 0.9988
vn -0.3246 0.9458 0.0000
vn -0.0589 0.0501 0.9970
vn -0.0326 -0.0861 0.9958
vn 0.0034 -0.0263 -0.9996
vn -0.0014 -0.0420 -0.9991
vn -0.0021 0.0057 -1.0000
vn -0.0039 0.0053 -1.0000
vn -0.0038 -0.0427 -0.9991
vn -0.0460 -0.9989 0.0000
vn -0.0780 0.0587 0.9952
vn 0.0265 0.0420 0.9988
vn -0.0123 0.0303 0.9995
vn 0.0040 1.0000 0.0031
vn 0.0042 1.0000 0.0042
vn 0.0040 1.0000 0.0042
vn 0.0042 1.0000 0.0031
vn 0.0077 -0.0757 0.9971
vn -0.0014 -0.0528 0.9986
vn 0.0007 -0.0403 0.9992
vn 0.0082 -0.0430 0.9990
vn -0.3694 0.9293 0.0005
vn -0.3697 0.9292 0.0005
vn -0.2234 0.9747 0.0003
vn 0.0491 -0.0348 0.9982
vn 0.0248 -0.1337 0.9907
vn 0.0143 -0.0939 0.9955
vn 0.0411 0.0459 0.9981
vn 0.0063 -0.0195 -0.9998
vn 0.0074 -0.0195 -0.9998
vn 0.0006 -0.0177 -0.9998
vn -0.3722 0.9281 0.0000
vn 0.0038 -0.0215 -0.9998
vn -0.0121 0.1075 0.9941
vn -0.0787 0.1941 0.9778
vn -0.0265 0.1520 0.9880
vn -0.0858 0.1166 0.9895
vn -0.0453 0.0371 0.9983
vn -0.0025 1.0000 0.0029
vn -0.0027 1.0000 0.0029
vn 0.0000 -0.0448 0.9990
vn 0.0000 -0.0377 0.9993
vn -0.1894 0.9819 0.0002
vn -0.0000 1.0000 -0.0000
vn -0.0330 -0.0363 0.9988
vn -0.0169 -0.1357 0.9906
vn 0.0022 -0.0157 -0.9999
vn 0.0001 -0.0151 -0.9999
vn 0.0001 -0.0147 -0.9999
vn 0.0318 -0.2795 0.9596
vn 0.0823 -0.5558 0.8273
vn -0.1684 0.9857 0.0000
vn -0.0083 -0.1854 0.9826
vn -0.0025 -0.1803 0.9836
vn 0.0079 -0.0343 -0.9994
vn 0.0107 -0.0579 -0.9983
vn -0.0168 0.1146 0.9933
vn -0.0125 0.0916 0.9957
vn -0.1124 0.9937 -0.0033
vn -0.1119 0.9937 -0.0033
vn -0.5957 0.8032 -0.0077
vn -0.3841 0.9233 -0.0026
vn -1.0000 0.0062 0.0040
vn 0.9998 0.0182 -0.0005
vn 0.9995 0.0330 -0.0014
vn 0.9998 0.0187 -0.0005
vn -0.9911 -0.1333 0.0000
vn -0.9840 0.1779 0.0000
vn 0.0317 0.0071 0.9995
vn 0.0217 -0.0031 0.9998
vn 0.0137 0.0002 0.9999
vn 0.0135 -0.0043 0.9999
vn 0.0034 -0.0009 -1.0000
vn 0.0032 -0.0014 -1.0000
vn 0.2685 0.0054 0.9633
vn -0.1022 0.0752 0.9919
vn 0.0371 -0.0440 0.9983
vn 0.2040 -0.0962 0.9742
vn 1.0000 0.0008 0.0012
vn 1.0000 0.0007 0.0012
vn 0.0327 0.0263 0.9991
vn 0.0124 0.0250 0.9996
vn 0.0000 0.0381 0.9993
vn 0.0000 0.1516 0.9884
vn 0.0040 -0.0001 -1.0000
vn 0.0031 0.0011 -1.0000
vn -0.4324 -0.1278 0.8926
vn -0.4213 -0.0983 0.9016
vn -0.3266 0.0015 0.9452
vn -0.0863 0.0612 0.9944
vn -0.2427 -0.9701 0.0094
vn -0.2155 -0.9763 0.0198
vn 0.0023 0.0017 -1.0000
vn -0.1412 0.1837 0.9728
vn -0.0722 0.2763 0.9584
vn -0.0521 0.1725 0.9836
vn -0.0906 0.0941 0.9914
vn -0.0794 0.3388 0.9375
vn -0.0416 0.2399 0.9699
vn -0.0418 0.2373 0.9705
vn -0.0753 0.3192 0.9447
vn -0.0721 0.3414 0.9371
vn -0.0607 0.2291 0.9715
vn -0.0153 0.3393 0.9406
vn -0.0040 0.2094 0.9778
vn -0.0362 0.2264 0.9734
vn -0.0474 0.3364 0.9405
vn -0.0053 0.3417 0.9398
vn -0.0198 0.1860 0.9824
vn -0.0309 0.2390 0.9705
vn -0.2395 0.1079 0.9649
vn -0.2461 0.0800 0.9659
vn -0.4208 0.0742 0.9041
vn -0.3398 -0.0089 0.9405
vn 0.0035 -0.0003 -1.0000
vn -0.0817 0.0783 0.9936
vn -0.0750 0.0872 0.9934
vn -0.0478 0.0964 0.9942
vn -0.0258 0.1006 0.9946
vn -0.0118 0.0910 0.9958
vn -0.0035 -0.0003 -1.0000
vn 0.0019 0.0893 0.9960
vn 0.0002 0.0004 -1.0000
vn -0.0635 0.0766 0.9950
vn -0.0565 0.2962 0.9535
vn -0.0317 -0.1464 0.9887
vn -0.1442 -0.1046 0.9840
vn -0.0037 0.0125 -0.9999
vn 0.0001 0.0111 -0.9999
vn -0.2764 -0.0900 0.9568
vn -0.3140 -0.0856 0.9455
vn -0.3251 -0.1300 0.9367
vn -0.2601 -0.0853 0.9618
vn -0.0038 0.0026 -1.0000
vn 0.0063 0.0069 -1.0000
vn -0.0296 -0.1880 0.9817
vn -0.0246 -0.1684 0.9854
vn -0.0132 -0.2286 0.9734
vn -0.0243 -0.2112 0.9771
vn -0.0111 -0.2339 0.9722
vn 0.0013 0.0123 -0.9999
vn -0.0015 -0.2329 0.9725
vn -0.0124 -0.2320 0.9726
vn -0.0000 -0.2351 0.9720
vn -0.0214 -0.0304 -0.9993
vn -0.0019 0.0227 0.9997
vn -0.0382 -0.0012 0.9993
vn -0.0190 0.0187 0.9996
vn -0.1128 0.9933 -0.0234
vn -0.0087 -1.0000 -0.0001
vn 1.0000 -0.0025 0.0019
vn 0.0015 0.0150 0.9999
vn -0.0033 -0.0187 0.9998
vn -0.0083 0.0077 0.9999
vn -0.0244 -0.0067 0.9997
vn -0.0418 0.0209 0.9989
vn -0.0115 0.0201 0.9997
vn -0.0102 -0.0781 0.9969
vn -0.0324 -0.0867 0.9957
vn -0.7224 0.6915 -0.0057
vn -0.0071 0.0349 -0.9994
vn 0.0165 0.0514 -0.9985
vn -0.0307 -0.0506 0.9982
vn -0.0871 -0.0198 0.9960
vn -0.0479 -0.0731 0.9962
vn 0.0042 0.0053 1.0000
vn -0.0261 0.0219 0.9994
vn -0.0634 0.0192 0.9978
vn -0.0372 -0.0071 0.9993
vn -0.0291 -0.0180 -0.9994
vn -0.0376 -0.0295 -0.9989
vn 0.0223 0.0268 0.9994
vn -0.0123 -0.9999 -0.0003
vn -0.8072 -0.5903 -0.0009
vn -0.0436 -0.0002 0.9990
vn -0.0331 0.0090 0.9994
vn 0.0162 -0.0931 0.9955
vn 0.0297 -0.0039 0.9996
vn 0.0490 0.0484 0.9976
vn 0.7059 0.7083 -0.0005
vn -0.8562 -0.5166 -0.0055
vn -0.9157 -0.4015 -0.0146
vn -0.8862 -0.4634 -0.0008
vn -0.8464 -0.5326 -0.0016
vn -0.2217 -0.9751 -0.0023
vn 0.1240 -0.9923 -0.0056
vn 0.1224 -0.9925 -0.0055
vn -0.2216 -0.9751 -0.0023
vn -0.0357 0.0786 0.9963
vn 0.0095 0.0606 0.9981
vn 0.1629 0.9866 -0.0015
vn 0.1630 0.9866 -0.0015
vn -0.4954 -0.8687 -0.0009
vn -0.0440 0.0201 0.9988
vn 0.0315 0.0457 0.9985
vn 0.4861 0.8739 -0.0004
vn -0.0383 -0.0179 -0.9991
vn -0.0325 -0.0025 -0.9995
vn -0.0214 0.0122 -0.9997
vn 0.0005 -0.0001 -1.0000
vn 0.0005 -0.0000 -1.0000
vn 0.0475 0.0429 -0.9979
vn -0.0030 0.0031 -1.0000
vn 0.0761 0.0299 0.9967
vn 0.0385 0.0135 0.9992
vn -0.0000 -0.0000 1.0000
vn 0.1034 0.0469 0.9935
vn 0.0519 0.0168 0.9985
vn 0.0553 0.0436 0.9975
vn 0.0341 0.0120 0.9993
vn 0.0833 0.0631 0.9945
vn 0.0546 0.1066 0.9928
vn 0.0141 0.1139 0.9934
vn 0.0004 0.1137 0.9935
vn -0.0534 0.1167 0.9917
vn -0.0814 0.0704 0.9942
vn -0.1010 0.0214 0.9947
vn -0.1067 -0.0125 0.9942
vn -0.0958 -0.0698 0.9929
vn -0.0918 -0.1106 0.9896
vn -0.0434 -0.1703 0.9844
vn 0.0063 -0.1766 0.9843
vn -0.0356 -0.1526 0.9877
vn -0.1074 -0.0833 0.9907
vn -0.0931 -0.0001 0.9957
vn -0.1034 -0.0262 0.9943
vn -0.0952 0.0415 0.9946
vn -0.0797 0.0289 0.9964
vn -0.0282 -0.0032 0.9996
vn -0.0004 0.0008 1.0000
vn -0.0126 0.0138 -0.9998
vn 0.0005 -0.0002 -1.0000
vn -0.1204 0.0386 0.9920
vn -0.0897 0.0102 0.9959
vn -0.0893 -0.0070 0.9960
vn -0.0855 -0.0110 0.9963
vn 0.0006 0.0000 -1.0000
vn 0.0011 0.0000 -1.0000
vn -0.0292 0.0169 -0.9994
vn 0.0048 -0.0132 -0.9999
vn -0.5765 0.8158 -0.0463
vn -0.8265 0.5615 -0.0412
vn -0.6904 0.7221 -0.0449
vn -0.9834 -0.1812 0.0001
vn -0.9831 -0.1831 0.0001
vn -0.9540 0.2999 -0.0000
vn -0.9513 0.3082 -0.0000
vn -0.5522 0.8324 -0.0465
vn -0.0317 0.2502 0.9677
vn -0.0476 -0.1063 0.9932
vn -0.0623 -0.1276 0.9899
vn -0.4086 -0.9127 0.0003
vn -0.4068 -0.9135 0.0004
vn -0.2241 -0.3923 0.8921
vn -0.1469 -0.2147 0.9656
vn -0.2354 0.9719 0.0002
vn 0.0024 -0.0085 -1.0000
vn 0.0283 -0.1114 -0.9934
vn -0.0158 0.0010 0.9999
vn -0.0081 0.0107 0.9999
vn -0.0259 -0.0473 -0.9985
vn 0.0022 -0.0055 1.0000
vn -0.0094 0.0255 0.9996
vn -0.2867 -0.9580 -0.0002
vn -0.2869 -0.9580 -0.0002
vn -0.1415 -0.5432 0.8276
vn -0.1225 -0.3021 0.9454
vn -0.1169 0.9931 -0.0000
vn 0.0013 -0.0103 -0.9999
vn -0.0544 -0.1483 0.9874
vn -0.0276 -0.1600 0.9867
vn -0.0117 -0.1626 0.9866
vn -0.0077 -0.1609 0.9869
vn -0.0003 -0.1600 0.9871
vn -0.6112 0.7915 -0.0066
vn -0.0000 -0.1617 0.9868
vn 0.0001 0.0007 1.0000
vn 0.0029 -0.0030 1.0000
vn -0.0019 -0.0041 1.0000
vn 0.0037 -0.0265 0.9996
vn 0.0081 -0.0117 0.9999
vn 0.0000 -0.0309 0.9995
vn -0.0000 0.0008 1.0000
vn 0.0174 -0.0421 0.9990
vn 0.0173 0.1028 0.9946
vn -0.2053 0.9787 -0.0001
vn -0.2054 0.9787 -0.0001
vn 0.0036 -0.0161 -0.9999
vn 0.0000 0.1712 0.9852
vn -0.0054 -0.0064 1.0000
vn -0.0013 -0.0118 0.9999
vn 0.0024 0.0126 0.9999
vn 0.0095 0.0297 0.9995
vn 0.0038 0.0135 0.9999
vn 0.0040 0.0581 0.9983
vn -0.0054 0.0021 1.0000
vn -0.0067 0.0023 1.0000
vn -0.0010 -0.0155 0.9999
vn 0.0010 0.0017 1.0000
vn 0.2971 -0.9548 -0.0081
vn -0.9249 -0.3783 -0.0375
vn -0.0022 -0.0023 -1.0000
vn -0.0069 0.0579 -0.9983
vn -0.0022 0.0177 -0.9998
vn -0.0374 0.0970 -0.9946
vn -0.0432 0.0640 -0.9970
vn -0.0427 0.0148 -0.9990
vn 0.0119 -0.0243 -0.9996
vn 0.0141 -0.0123 -0.9998
vn 0.0067 -0.0057 -1.0000
vn 0.0000 0.0000 -1.0000
vn 0.0001 0.0000 -1.0000
vn 0.0000 -0.0000 -1.0000
vn -0.0039 0.0031 -1.0000
vn -0.0103 0.0081 -0.9999
vn -0.0256 0.0170 -0.9995
vn -0.0172 0.0112 -0.9998
vn -0.0221 0.0145 -0.9997
vn -0.0128 0.0085 -0.9999
vn -0.0052 0.0043 -1.0000
vn -0.0025 0.0022 -1.0000
vn 0.0002 -0.0013 -1.0000
vn 0.0006 -0.0007 -1.0000
vn -0.0008 -0.0022 -1.0000
vn -0.0001 -0.0015 -1.0000
vn 0.0002 0.0000 -1.0000
vn -0.0563 -0.0300 -0.9980
vn -0.0033 0.0135 -0.9999
vn 0.0000 0.0909 0.9959
vn 0.0000 0.3435 0.9392
vn 0.0059 1.0000 0.0024
vn 0.0072 1.0000 0.0022
vn -0.0088 0.0033 -1.0000
vn -0.0105 -0.0326 -0.9994
vn 0.8705 -0.4921 -0.0002
vn 0.8687 -0.4954 -0.0002
vn 0.9431 -0.3324 0.0019
vn 0.9399 -0.3415 0.0019
vn -0.8788 0.4772 -0.0001
vn -0.8786 0.4775 -0.0001
vn -0.9656 0.2600 -0.0008
vn -0.9675 0.2528 -0.0009
vn 0.9971 0.0757 0.0001
vn 0.9971 0.0758 0.0001
vn 0.9801 0.1983 0.0001
vn -0.0393 0.0099 0.9992
vn -0.0041 0.0079 1.0000
vn 0.0046 -0.0046 1.0000
vn -0.0339 0.0293 0.9990
vn -0.0234 -0.0032 0.9997
vn -0.0568 0.0176 0.9982
vn -0.0684 0.0451 0.9966
vn -0.0720 0.0489 0.9962
vn 0.1076 -0.9942 0.0000
vn 0.9275 -0.3736 0.0117
vn 0.9713 -0.2374 0.0148
vn 0.9707 -0.2400 0.0147
vn 0.9999 -0.0032 0.0112
vn 0.9999 -0.0031 0.0112
vn 0.9797 0.2007 0.0024
vn 0.9795 0.2016 0.0024
vn 0.6522 0.7580 0.0058
vn 0.8754 0.4833 0.0028
vn 0.8745 0.4850 0.0028
vn 0.0661 -0.1351 0.9886
vn 0.1146 -0.1169 0.9865
vn 0.0472 -0.1334 0.9899
vn 0.0647 -0.1171 0.9910
vn 0.0465 -0.1455 0.9883
vn 0.0002 0.0293 -0.9996
vn 0.4606 -0.0783 0.8841
vn 0.3423 -0.0779 0.9364
vn 0.1917 -0.0722 0.9788
vn 0.9487 0.3160 -0.0087
vn 0.9491 0.3148 -0.0087
vn 0.9943 -0.1069 -0.0044
vn 0.9940 -0.1089 -0.0044
vn -0.7787 0.6273 -0.0005
vn -0.8202 0.5721 -0.0005
vn -0.8337 0.5523 -0.0000
vn 0.2911 0.9567 -0.0050
vn 0.2518 0.9677 -0.0092
vn 0.4149 0.9099 0.0066
vn 0.5227 0.8525 -0.0004
vn 0.4099 -0.1831 0.8936
vn 0.3446 -0.1385 0.9285
vn -0.0045 0.0003 -1.0000
vn -0.0090 -0.0015 -1.0000
vn -0.0051 -0.0102 -0.9999
vn -0.0047 -0.0011 -1.0000
vn 0.3411 -0.0781 0.9368
vn 0.3869 -0.0800 0.9187
vn 0.2895 -0.0266 0.9568
vn 0.2539 -0.0538 0.9657
vn 0.1472 -0.0546 0.9876
vn 0.1422 0.0550 0.9883
vn 0.0803 0.0788 0.9937
vn 0.0581 -0.0816 0.9950
vn 0.5296 -0.8482 -0.0063
vn 0.2556 -0.9667 0.0095
vn 0.4055 -0.9141 0.0065
vn 0.1836 0.0250 0.9827
vn 0.2096 -0.0517 0.9764
vn -0.2541 -0.9672 0.0017
vn 0.0872 -0.9962 0.0013
vn 0.0861 -0.9963 0.0013
vn -0.2518 -0.9678 0.0017
vn -0.0096 -0.1154 0.9933
vn 0.0499 -0.1429 0.9885
vn 0.0444 -0.3461 0.9371
vn -0.0343 -0.2311 0.9723
vn -0.0093 -0.0789 -0.9968
vn -0.0036 -0.0124 -0.9999
vn 0.0060 -0.0174 -0.9998
vn -0.0012 -0.0662 -0.9978
vn -0.1616 -0.9869 0.0009
vn -0.1530 -0.9882 0.0009
vn 0.4198 0.9076 0.0032
vn 0.4187 0.9081 0.0032
vn -0.0058 0.0229 -0.9997
vn 0.0006 0.0105 -0.9999
vn 0.0128 0.0211 0.9997
vn 0.0173 0.0120 0.9998
vn 0.0160 -0.0125 0.9998
vn -0.0709 -0.0698 0.9950
vn -0.0031 -0.0023 -1.0000
vn -0.0031 -0.0058 -1.0000
vn -0.0042 -0.0549 -0.9985
vn 0.0229 -0.0481 -0.9986
vn 0.0086 0.0617 0.9981
vn 0.0143 0.0789 0.9968
vn 0.0114 0.0479 0.9988
vn 0.0053 0.0098 0.9999
vn -0.0264 -0.9997 -0.0003
vn -0.1629 -0.9866 -0.0005
vn -0.0261 -0.9997 -0.0003
vn 0.0097 0.9999 0.0032
vn 0.0099 0.9999 0.0034
vn -0.0211 -0.3170 0.9482
vn -0.0484 -0.2918 0.9552
vn -0.0903 -0.5571 0.8255
vn -0.0110 -0.5610 0.8277
vn 0.0644 0.9979 -0.0000
vn 0.0810 0.9967 -0.0000
vn 0.0640 -0.0668 0.9957
vn 0.1058 0.0102 0.9943
vn -0.0007 -0.0112 -0.9999
vn -0.0068 -0.0326 -0.9994
vn 0.0028 -0.0647 -0.9979
vn 0.0022 0.0069 -1.0000
vn -0.0046 -0.0092 -0.9999
vn -0.0038 -0.0658 -0.9978
vn -0.1316 -0.9913 -0.0006
vn 0.0713 -0.9975 -0.0003
vn 0.0715 -0.9974 -0.0003
vn -0.0007 0.0407 -0.9992
vn 0.0133 0.0831 0.9965
vn 0.0144 0.0906 0.9958
vn 0.0218 0.1391 0.9900
vn 0.0251 0.1190 0.9926
vn 0.2122 -0.9772 -0.0000
vn -0.0100 0.9999 0.0034
vn -0.0099 0.9999 0.0036
vn -0.0042 1.0000 0.0056
vn -0.0045 1.0000 0.0056
vn -0.0065 -0.1793 0.9838
vn 0.0039 -0.0727 0.9973
vn 0.0101 -0.1391 0.9902
vn -0.0164 -0.3781 0.9256
vn 0.2319 0.9727 0.0000
vn 0.2509 0.9680 0.0000
vn -0.0195 -0.0129 0.9997
vn -0.0505 -0.1059 0.9931
vn -0.1069 0.0158 0.9941
vn -0.0434 0.1788 0.9829
vn -0.0099 -0.0414 -0.9991
vn -0.0060 -0.0279 -0.9996
vn -0.0116 -0.0429 -0.9990
vn 0.0063 -0.0524 -0.9986
vn 0.0030 0.0095 -1.0000
vn 0.0425 0.0898 0.9951
vn 0.0501 0.1430 0.9885
vn 0.0600 -0.9982 0.0000
vn -0.0009 1.0000 0.0021
vn -0.0011 1.0000 0.0021
vn 0.0035 -0.0482 0.9988
vn 0.0045 -0.0913 0.9958
vn 0.3246 0.9458 0.0000
vn 0.0055 -0.1635 0.9865
vn -0.0112 -0.1023 0.9947
vn -0.0033 -0.0269 -0.9996
vn 0.0017 0.0067 -1.0000
vn 0.0027 0.0067 -1.0000
vn 0.0011 -0.0464 -0.9989
vn 0.0010 -0.0444 -0.9990
vn 0.0460 -0.9989 0.0000
vn 0.0780 0.0587 0.9952
vn 0.0123 0.0303 0.9995
vn -0.0265 0.0420 0.9988
vn -0.0013 1.0000 0.0034
vn 0.0059 1.0000 0.0028
vn 0.0061 1.0000 0.0027
vn -0.0077 -0.0757 0.9971
vn -0.0082 -0.0430 0.9990
vn -0.0007 -0.0403 0.9992
vn 0.0014 -0.0528 0.9986
vn 0.2234 0.9747 0.0003
vn 0.3697 0.9292 0.0005
vn 0.3694 0.9293 0.0005
vn 0.0416 -0.1397 0.9893
vn -0.0091 -0.1156 0.9933
vn -0.0146 0.0004 0.9999
vn 0.0707 -0.0539 0.9960
vn -0.0063 -0.0197 -0.9998
vn -0.0005 -0.0180 -0.9998
vn -0.0075 -0.0198 -0.9998
vn 0.3722 0.9281 0.0000
vn -0.0037 -0.0219 -0.9998
vn 0.0121 0.1075 0.9941
vn 0.0787 0.1941 0.9778
vn 0.0265 0.1520 0.9880
vn 0.0453 0.0371 0.9983
vn 0.0858 0.1166 0.9895
vn 0.1894 0.9819 0.0002
vn -0.0022 -0.0159 -0.9999
vn 0.0060 1.0000 0.0054
vn 0.0064 1.0000 0.0054
vn -0.0318 -0.2795 0.9596
vn -0.0823 -0.5558 0.8272
vn 0.1684 0.9857 0.0000
vn 0.0388 0.0008 0.9992
vn 0.0777 0.1722 0.9820
vn -0.0079 -0.0362 -0.9993
vn -0.0114 -0.0604 -0.9981
vn 0.0125 0.0916 0.9957
vn 0.0168 0.1146 0.9933
vn 0.5957 0.8032 -0.0077
vn 0.1119 0.9937 -0.0033
vn 0.1124 0.9937 -0.0033
vn 0.3841 0.9233 -0.0026
vn 1.0000 0.0062 0.0040
vn -0.9998 0.0183 -0.0005
vn -0.9998 0.0188 -0.0005
vn -0.9994 0.0334 -0.0014
vn 0.9840 0.1779 0.0000
vn 0.9911 -0.1333 -0.0000
vn -0.0317 0.0071 0.9995
vn -0.0135 -0.0043 0.9999
vn -0.0137 0.0002 0.9999
vn -0.0217 -0.0031 0.9998
vn -0.0034 -0.0009 -1.0000
vn -0.0031 -0.0014 -1.0000
vn -0.0371 -0.0440 0.9983
vn 0.1022 0.0752 0.9919
vn -0.2685 0.0054 0.9633
vn -0.2040 -0.0962 0.9742
vn -1.0000 0.0007 0.0012
vn -1.0000 0.0008 0.0012
vn -0.0327 0.0263 0.9991
vn -0.0124 0.0250 0.9996
vn -0.0040 -0.0001 -1.0000
vn -0.0035 0.0010 -1.0000
vn 0.3266 0.0015 0.9452
vn 0.4213 -0.0983 0.9016
vn 0.4324 -0.1278 0.8926
vn 0.0863 0.0612 0.9944
vn 0.2425 -0.9701 0.0094
vn 0.2154 -0.9763 0.0197
vn -0.0030 0.0016 -1.0000
vn 0.1412 0.1837 0.9728
vn 0.0906 0.0941 0.9914
vn 0.0521 0.1725 0.9836
vn 0.0722 0.2763 0.9584
vn 0.0418 0.2373 0.9705
vn 0.0416 0.2399 0.9699
vn 0.0794 0.3388 0.9375
vn 0.0753 0.3192 0.9447
vn 0.0607 0.2291 0.9715
vn 0.0721 0.3414 0.9371
vn 0.0362 0.2264 0.9734
vn 0.0040 0.2094 0.9778
vn 0.0153 0.3393 0.9406
vn 0.0474 0.3364 0.9405
vn 0.0198 0.1860 0.9824
vn 0.0053 0.3417 0.9398
vn 0.0309 0.2390 0.9705
vn 0.2395 0.1079 0.9649
vn 0.4208 0.0742 0.9041
vn 0.2461 0.0800 0.9659
vn 0.3398 -0.0089 0.9405
vn -0.0036 -0.0002 -1.0000
vn 0.0750 0.0872 0.9934
vn 0.0817 0.0783 0.9936
vn 0.0478 0.0964 0.9942
vn 0.0118 0.0910 0.9958
vn 0.0258 0.1006 0.9946
vn 0.0038 -0.0003 -1.0000
vn -0.0019 0.0893 0.9960
vn 0.0565 0.2962 0.9535
vn 0.0635 0.0766 0.9950
vn 0.1442 -0.1046 0.9840
vn 0.0317 -0.1464 0.9887
vn 0.0039 0.0127 -0.9999
vn 0.3251 -0.1300 0.9367
vn 0.3140 -0.0856 0.9455
vn 0.2764 -0.0900 0.9568
vn 0.2601 -0.0853 0.9618
vn -0.0064 0.0071 -1.0000
vn 0.0036 0.0027 -1.0000
vn 0.0246 -0.1684 0.9854
vn 0.0296 -0.1880 0.9817
vn 0.0243 -0.2112 0.9771
vn 0.0132 -0.2286 0.9734
vn 0.0111 -0.2339 0.9722
vn -0.0013 0.0125 -0.9999
vn 0.0124 -0.2320 0.9726
vn 0.0015 -0.2329 0.9725
vn 0.0214 -0.0304 -0.9993
vn 0.0382 -0.0012 0.9993
vn 0.0019 0.0227 0.9997
vn 0.0190 0.0187 0.9996
vn 0.1128 0.9933 -0.0234
vn 0.0087 -1.0000 -0.0001
vn -1.0000 -0.0025 0.0019
vn 0.0033 -0.0187 0.9998
vn -0.0015 0.0150 0.9999
vn 0.0083 0.0077 0.9999
vn 0.0418 0.0209 0.9989
vn 0.0244 -0.0067 0.9997
vn 0.0115 0.0201 0.9997
vn 0.0324 -0.0867 0.9957
vn 0.0102 -0.0781 0.9969
vn 0.7224 0.6915 -0.0057
vn 0.0071 0.0349 -0.9994
vn -0.0165 0.0514 -0.9985
vn 0.0307 -0.0506 0.9982
vn -0.0042 0.0053 1.0000
vn 0.0479 -0.0731 0.9962
vn 0.0871 -0.0198 0.9960
vn 0.0261 0.0219 0.9994
vn 0.0634 0.0192 0.9978
vn 0.0372 -0.0071 0.9993
vn 0.0376 -0.0295 -0.9989
vn 0.0291 -0.0180 -0.9994
vn -0.0223 0.0268 0.9994
vn 0.0123 -0.9999 -0.0003
vn 0.8072 -0.5903 -0.0009
vn 0.0436 -0.0002 0.9990
vn 0.0331 0.0090 0.9994
vn -0.0297 -0.0039 0.9996
vn -0.0162 -0.0931 0.9955
vn -0.0490 0.0484 0.9976
vn -0.7059 0.7083 -0.0005
vn 0.8562 -0.5166 -0.0055
vn 0.8463 -0.5326 -0.0016
vn 0.8862 -0.4634 -0.0008
vn 0.9157 -0.4015 -0.0146
vn 0.2217 -0.9751 -0.0023
vn 0.2216 -0.9751 -0.0023
vn -0.1224 -0.9925 -0.0055
vn -0.1240 -0.9923 -0.0056
vn 0.0357 0.0786 0.9963
vn -0.0095 0.0606 0.9981
vn -0.1630 0.9866 -0.0015
vn -0.1629 0.9866 -0.0015
vn 0.4954 -0.8687 -0.0009
vn 0.0440 0.0201 0.9988
vn -0.0315 0.0457 0.9985
vn -0.4861 0.8739 -0.0004
vn 0.0383 -0.0179 -0.9991
vn 0.0325 -0.0025 -0.9995
vn 0.0214 0.0122 -0.9997
vn -0.0005 -0.0001 -1.0000
vn -0.0005 -0.0000 -1.0000
vn -0.0475 0.0429 -0.9979
vn 0.0030 0.0031 -1.0000
vn -0.0761 0.0299 0.9967
vn -0.0385 0.0135 0.9992
vn 0.0000 -0.0000 1.0000
vn -0.1034 0.0469 0.9935
vn -0.0519 0.0168 0.9985
vn -0.0553 0.0436 0.9975
vn -0.0341 0.0120 0.9993
vn -0.0833 0.0631 0.9945
vn -0.0546 0.1066 0.9928
vn -0.0141 0.1139 0.9934
vn -0.0004 0.1137 0.9935
vn 0.0534 0.1167 0.9917
vn 0.0814 0.0704 0.9942
vn 0.1010 0.0214 0.9947
vn 0.1067 -0.0125 0.9942
vn 0.0958 -0.0698 0.9930
vn 0.0918 -0.1106 0.9896
vn 0.0434 -0.1703 0.9844
vn -0.0063 -0.1766 0.9843
vn 0.0356 -0.1526 0.9877
vn 0.1074 -0.0833 0.9907
vn 0.0931 -0.0001 0.9957
vn 0.1034 -0.0262 0.9943
vn 0.0952 0.0415 0.9946
vn 0.0797 0.0289 0.9964
vn 0.0282 -0.0032 0.9996
vn 0.0004 0.0008 1.0000
vn 0.0126 0.0138 -0.9998
vn -0.0005 -0.0002 -1.0000
vn 0.1204 0.0386 0.9920
vn 0.0897 0.0102 0.9959
vn 0.0893 -0.0070 0.9960
vn 0.0855 -0.0110 0.9963
vn 0.0292 0.0169 -0.9994
vn -0.0011 0.0000 -1.0000
vn -0.0006 0.0000 -1.0000
vn -0.0048 -0.0132 -0.9999
vn 0.5765 0.8158 -0.0463
vn 0.6904 0.7221 -0.0449
vn 0.8265 0.5615 -0.0412
vn 0.9834 -0.1812 0.0001
vn 0.9831 -0.1831 0.0001
vn 0.9540 0.2999 -0.0000
vn 0.9513 0.3082 0.0000
vn 0.5522 0.8324 -0.0465
vn 0.0317 0.2502 0.9677
vn 0.0476 -0.1063 0.9932
vn 0.0623 -0.1276 0.9899
vn 0.4068 -0.9135 0.0004
vn 0.4086 -0.9127 0.0003
vn 0.1469 -0.2147 0.9656
vn 0.2241 -0.3923 0.8921
vn 0.2354 0.9719 0.0002
vn -0.0026 -0.0089 -1.0000
vn -0.0291 -0.1176 -0.9926
vn 0.0158 0.0010 0.9999
vn 0.0081 0.0107 0.9999
vn 0.0272 -0.0501 -0.9984
vn 0.0094 0.0255 0.9996
vn -0.0022 -0.0055 1.0000
vn 0.2867 -0.9580 -0.0002
vn 0.2869 -0.9580 -0.0002
vn 0.1415 -0.5432 0.8276
vn 0.1225 -0.3021 0.9454
vn 0.1169 0.9931 -0.0000
vn -0.0014 -0.0111 -0.9999
vn 0.0544 -0.1483 0.9874
vn 0.0276 -0.1600 0.9867
vn 0.0077 -0.1609 0.9869
vn 0.0117 -0.1626 0.9866
vn 0.0003 -0.1600 0.9871
vn 0.6112 0.7915 -0.0066
vn -0.0001 0.0007 1.0000
vn -0.0029 -0.0030 1.0000
vn 0.0019 -0.0041 1.0000
vn -0.0081 -0.0117 0.9999
vn -0.0037 -0.0265 0.9996
vn 0.0000 0.0008 1.0000
vn -0.0174 -0.0421 0.9990
vn -0.0173 0.1028 0.9946
vn 0.2054 0.9787 -0.0001
vn 0.2053 0.9787 -0.0001
vn -0.0037 -0.0165 -0.9999
vn 0.0054 -0.0064 1.0000
vn -0.0024 0.0126 0.9999
vn 0.0013 -0.0118 0.9999
vn -0.0038 0.0135 0.9999
vn -0.0095 0.0297 0.9995
vn 0.0054 0.0021 1.0000
vn -0.0040 0.0581 0.9983
vn 0.0067 0.0023 1.0000
vn 0.0010 -0.0155 0.9999
vn -0.0010 0.0017 1.0000
vn -0.2971 -0.9548 -0.0081
vn 0.9249 -0.3783 -0.0375
vn 0.0022 -0.0023 -1.0000
vn 0.0022 0.0177 -0.9998
vn 0.0069 0.0579 -0.9983
vn 0.0432 0.0640 -0.9970
vn 0.0374 0.0970 -0.9946
vn 0.0427 0.0148 -0.9990
vn -0.0119 -0.0243 -0.9996
vn -0.0067 -0.0057 -1.0000
vn -0.0141 -0.0123 -0.9998
vn -0.0001 0.0000 -1.0000
vn -0.0000 0.0000 -1.0000
vn 0.0039 0.0031 -1.0000
vn 0.0103 0.0081 -0.9999
vn 0.0172 0.0112 -0.9998
vn 0.0256 0.0170 -0.9995
vn 0.0128 0.0085 -0.9999
vn 0.0221 0.0145 -0.9997
vn 0.0025 0.0022 -1.0000
vn 0.0052 0.0043 -1.0000
vn -0.0006 -0.0007 -1.0000
vn -0.0002 -0.0013 -1.0000
vn 0.0001 -0.0015 -1.0000
vn 0.0008 -0.0022 -1.0000
vn -0.0002 0.0000 -1.0000
vn 0.0561 -0.0298 -0.9980
vn 0.0033 0.0135 -0.9999
vn 0.0713 -0.9887 0.1316
vn 0.2809 -0.9536 0.1083
vn 0.2045 -0.7479 0.6315
vn 0.0140 -0.7545 0.6561
vn -0.6087 -0.1941 0.7693
vn -0.8705 -0.3390 0.3568
vn -0.6590 -0.7062 0.2587
vn -0.5204 -0.4907 0.6989
vn 0.3343 0.2254 -0.9151
vn 0.2120 0.1608 -0.9640
vn 0.4418 0.5690 -0.6936
vn 0.6340 0.6518 -0.4162
vn 0.4773 0.1529 -0.8654
vn 0.4389 0.1839 -0.8795
vn 0.8453 0.3412 -0.4113
vn 0.9336 0.1541 -0.3234
vn 0.0957 0.1697 -0.9808
vn 0.0055 0.1753 -0.9845
vn -0.0138 0.6713 -0.7410
vn 0.2324 0.6589 -0.7154
vn -0.2991 0.1580 -0.9410
vn -0.5101 0.0814 -0.8562
vn -0.8636 0.1313 -0.4868
vn -0.6614 0.3943 -0.6380
vn 0.6739 -0.0029 -0.7388
vn 0.9877 -0.0499 -0.1481
vn 0.9823 0.0390 -0.1834
vn 0.3322 0.0640 -0.9410
vn 0.6446 0.0211 -0.7642
vn 0.5624 0.1031 -0.8204
vn 0.9725 -0.0264 -0.2314
vn -0.2357 -0.7623 -0.6028
vn 0.1157 -0.8016 -0.5866
vn 0.1408 -0.9898 -0.0213
vn -0.3056 -0.9501 -0.0622
vn 0.0164 0.8925 -0.4507
vn 0.0206 0.9592 -0.2819
vn 0.0031 0.9560 -0.2934
vn 0.0027 0.8868 -0.4622
vn -0.7056 -0.6935 -0.1456
vn -0.5676 -0.5361 -0.6248
vn 0.6551 -0.0509 -0.7538
vn 0.0671 -0.2445 0.9673
vn -0.0108 -0.2725 0.9621
vn 0.3166 -0.8413 -0.4382
vn 0.0609 -0.3213 -0.9450
vn 0.1836 -0.3525 -0.9176
vn 0.8711 0.4908 0.0178
vn 0.8713 0.4905 0.0169
vn 0.8561 0.5167 0.0096
vn -0.2692 -0.0517 0.9617
vn -0.1689 0.0389 0.9849
vn -0.5345 -0.0147 0.8450
vn -0.6848 -0.2037 -0.6997
vn -0.3013 -0.0846 -0.9498
vn -0.2778 -0.2161 -0.9360
vn 0.1208 0.1100 0.9866
vn -0.0262 0.0061 0.9996
vn -0.0142 0.0173 0.9998
vn 0.1507 0.0999 0.9835
vn 0.0459 -0.0441 -0.9980
vn 0.0371 -0.0384 -0.9986
vn 0.1879 0.1171 0.9752
vn 0.0021 0.0577 0.9983
vn 0.0021 0.0708 0.9975
vn 0.2422 0.1294 0.9615
vn 0.3782 0.2306 -0.8965
vn 0.0632 0.0334 -0.9974
vn 0.0421 0.0346 -0.9985
vn -0.0551 0.2814 0.9580
vn -0.0306 0.0231 0.9993
vn -0.0190 0.0088 0.9998
vn 0.0075 0.2331 0.9724
vn 0.0144 -0.0213 -0.9997
vn -0.1800 0.2531 0.9505
vn -0.0685 0.0009 0.9976
vn -0.1333 0.0158 -0.9910
vn -0.2395 0.0077 -0.9709
vn -0.6516 -0.0161 -0.7584
vn 0.0718 0.0847 -0.9938
vn 0.2217 -0.0088 -0.9751
vn 0.1407 0.1536 0.9781
vn 0.5174 0.0679 0.8531
vn 0.1213 0.0250 0.9923
vn 0.0366 0.0321 0.9988
vn 0.1219 0.0297 -0.9921
vn 0.0782 0.0358 -0.9963
vn 0.3492 0.1016 0.9315
vn -0.0221 0.0449 0.9987
vn -0.0074 0.0473 0.9989
vn 0.4837 0.0644 0.8729
vn -0.1699 -0.2935 -0.9407
vn -0.1762 -0.3209 0.9306
vn -0.2676 -0.7202 0.6401
vn -0.0000 0.2688 -0.9632
vn 0.0130 0.2478 -0.9687
vn 0.0128 0.2483 -0.9686
vn 0.0209 -0.0006 0.9998
vn 0.0125 0.3561 0.9343
vn -0.2479 -0.2526 0.9353
vn 0.5492 0.0480 0.8343
vn 0.0807 0.0491 0.9955
vn 0.2124 -0.0073 -0.9772
vn 0.1817 0.0122 -0.9833
vn 0.0979 0.1331 0.9863
vn 0.5731 0.4203 0.7036
vn 0.4709 0.5066 0.7222
vn 0.0575 0.1694 0.9839
vn -0.0220 0.0073 0.9997
vn -0.0232 0.0115 0.9997
vn 0.3580 0.2562 -0.8979
vn 0.0400 0.0092 -0.9992
vn 0.0437 -0.0238 -0.9988
vn -0.3169 0.1536 0.9359
vn -0.3461 0.6168 0.7070
vn -0.6530 0.4128 0.6349
vn -0.4327 0.0607 0.8995
vn -0.0480 -0.0195 0.9987
vn -0.0590 -0.0605 0.9964
vn -0.1112 0.1727 -0.9787
vn 0.0026 -0.0098 -0.9999
vn -0.0411 0.0108 -0.9991
vn -1.0000 -0.0036 -0.0055
vn -0.9999 -0.0018 -0.0152
vn -0.9998 0.0148 -0.0163
vn -0.9999 0.0091 -0.0139
vn -0.6430 -0.7645 0.0451
vn -0.7122 -0.7007 0.0422
vn -0.7551 -0.6531 0.0580
vn -0.7528 -0.6558 0.0568
vn -0.8362 -0.5460 0.0517
vn -0.8310 -0.5535 0.0549
vn -0.8472 -0.5288 0.0503
vn -0.8541 -0.5167 0.0592
vn -0.8681 -0.4940 0.0490
vn -0.8547 -0.5154 0.0622
vn -0.8524 -0.5208 0.0474
vn -0.8627 -0.5043 0.0382
vn -0.9088 -0.4159 0.0337
vn -0.9035 -0.4278 0.0250
vn -0.9691 -0.2464 0.0109
vn -0.9705 -0.2395 0.0288
vn -0.9975 -0.0694 0.0145
vn -0.9971 -0.0763 -0.0058
vn -0.0273 -0.9990 0.0345
vn 0.0186 -0.9998 0.0090
vn -0.4729 -0.8808 0.0240
vn -0.3734 -0.9269 0.0366
vn 0.3077 -0.9513 0.0177
vn 0.3577 -0.9338 0.0066
vn 0.5844 -0.8114 -0.0077
vn 0.8099 -0.5833 -0.0616
vn 0.6640 -0.7476 -0.0145
vn 0.5370 -0.8436 0.0057
vn 0.9849 -0.1694 -0.0358
vn 0.9916 0.1279 -0.0206
vn 0.9996 0.0297 -0.0020
vn 0.9290 -0.3692 -0.0245
vn 0.4435 0.8957 0.0328
vn 0.4737 0.8802 0.0290
vn 0.8703 0.4923 0.0104
vn 0.7844 0.6199 0.0213
vn 0.0173 0.9994 0.0301
vn 0.0667 0.9972 0.0330
vn -0.2503 0.9672 0.0432
vn -0.2624 0.9640 0.0419
vn 0.1045 -0.9942 -0.0267
vn 0.1126 -0.9936 -0.0087
vn 0.3377 -0.9411 -0.0163
vn 0.3448 -0.9379 -0.0387
vn -0.9995 -0.0205 -0.0238
vn -0.9750 -0.0194 0.2213
vn -0.9332 -0.3180 0.1673
vn -0.9472 -0.3204 -0.0132
vn 0.1780 0.9827 0.0508
vn 0.1914 0.9467 -0.2591
vn 0.4575 0.8653 -0.2049
vn 0.4613 0.8853 0.0593
vn -0.0914 0.9501 -0.2984
vn -0.1042 0.9942 0.0271
vn -0.9690 -0.0929 -0.2290
vn -0.9212 0.2883 -0.2614
vn -0.9459 0.3239 -0.0170
vn 0.9976 -0.0694 -0.0039
vn 0.9991 -0.0367 -0.0235
vn 0.7396 0.6291 -0.2391
vn 0.8667 0.4414 -0.2324
vn 0.0963 -0.9949 -0.0293
vn -0.3439 -0.9384 -0.0335
vn -0.3518 -0.9360 -0.0053
vn -0.6999 -0.7091 -0.0850
vn -0.7350 -0.6781 0.0036
vn 0.8690 0.4943 -0.0222
vn 0.9026 0.4301 -0.0179
vn 0.8907 0.4544 -0.0149
vn 0.9519 0.2893 0.1012
vn 0.8497 0.5123 0.1250
vn 0.8531 0.5195 0.0490
vn 0.9470 0.3203 0.0224
vn -0.1103 0.9382 0.3279
vn -0.4598 0.8260 0.3260
vn -0.4715 0.8817 0.0147
vn 0.2613 0.9650 -0.0228
vn 0.2186 0.9457 -0.2405
vn 0.4469 0.8660 -0.2244
vn 0.4705 0.8819 -0.0299
vn -0.0653 0.9750 -0.2126
vn -0.0266 0.9996 -0.0032
vn -0.9951 -0.0739 -0.0660
vn -0.9813 -0.0866 -0.1719
vn -0.9538 0.2532 -0.1617
vn -0.9745 0.2168 -0.0574
vn 0.9950 -0.1001 0.0036
vn 0.9960 -0.0879 0.0130
vn 0.9962 -0.0865 0.0114
vn 0.9949 -0.1007 0.0064
vn 0.1010 -0.9946 -0.0228
vn 0.1154 -0.9931 -0.0217
vn -0.3172 -0.9474 -0.0436
vn -0.3430 -0.9384 -0.0416
vn 0.0237 0.9871 -0.1583
vn 0.0025 0.9742 -0.2255
vn 0.0211 0.9997 0.0101
vn 0.0587 0.9982 0.0075
vn -0.7061 -0.7026 -0.0882
vn -0.7376 -0.6732 -0.0525
vn 0.0974 -0.9952 -0.0095
vn 0.3278 -0.9447 -0.0073
vn 0.3366 -0.9416 -0.0108
vn -0.9879 -0.0835 0.1311
vn -0.9334 -0.3469 0.0924
vn -0.9490 -0.3106 -0.0541
vn 0.8627 0.5056 0.0101
vn 0.8512 0.5244 0.0191
vn 0.8632 0.5046 0.0147
vn 0.9444 0.3287 -0.0070
vn 0.8112 0.5843 0.0234
vn 0.8241 0.5664 0.0049
vn 0.9485 0.3161 0.0209
vn -0.0180 0.9729 0.2306
vn -0.4085 0.8885 0.2090
vn -0.3889 0.9213 0.0084
vn 0.2635 0.9361 0.2328
vn 0.4675 0.8572 0.2161
vn 0.4953 0.8687 -0.0074
vn 0.2741 0.9615 0.0178
vn -0.0247 0.9995 0.0217
vn -0.9930 -0.1176 -0.0080
vn -0.9724 0.1809 0.1473
vn -0.9886 0.1500 -0.0133
vn 0.9963 -0.0779 -0.0361
vn 0.9965 -0.0778 -0.0314
vn 0.9995 -0.0243 -0.0211
vn -0.3366 -0.9416 -0.0028
vn -0.3141 -0.9494 -0.0040
vn 0.1084 -0.9941 0.0005
vn -0.7073 -0.7060 0.0349
vn -0.6706 -0.7417 -0.0136
vn 0.1323 -0.9910 0.0202
vn 0.3313 -0.9435 0.0057
vn -0.9777 -0.1211 -0.1713
vn -0.9094 -0.3992 -0.1171
vn -0.9134 -0.4068 -0.0142
vn 0.7412 0.5339 -0.4069
vn -0.0245 0.9650 -0.2609
vn -0.4473 0.8503 -0.2774
vn -0.4481 0.8940 0.0031
vn 0.1165 -0.9932 -0.0016
vn 0.3351 -0.9421 -0.0151
vn 0.3282 -0.9446 -0.0059
vn -0.9962 -0.0725 0.0489
vn -0.9237 -0.3563 -0.1411
vn -0.9237 -0.3824 0.0259
vn 0.8987 0.4384 -0.0150
vn 0.8553 0.5178 0.0171
vn 0.8610 0.5085 0.0128
vn 0.9563 0.2902 -0.0365
vn 0.8454 0.5264 -0.0902
vn -0.4123 0.8947 -0.1719
vn -0.4605 0.8852 0.0658
vn -0.1031 0.9942 0.0297
vn 0.1727 0.9392 0.2968
vn 0.4496 0.8603 0.2403
vn 0.4595 0.8881 -0.0128
vn 0.1996 0.9799 -0.0000
vn -0.9169 0.2978 0.2657
vn -0.9559 0.2821 0.0814
vn -0.3266 -0.9448 0.0257
vn -0.3023 -0.9532 0.0069
vn -0.7163 -0.6915 0.0931
vn -0.6860 -0.7274 0.0153
vn 0.0892 -0.9958 -0.0208
vn 0.3294 -0.9436 -0.0327
vn 0.3193 -0.9473 -0.0239
vn -0.9908 -0.1356 -0.0020
vn -0.9038 -0.3967 -0.1602
vn -0.8984 -0.4390 -0.0134
vn 0.8462 0.5329 -0.0007
vn 0.8575 0.5139 -0.0248
vn 0.9242 0.3515 0.1495
vn 0.9417 0.3244 -0.0892
vn 0.8495 0.5147 -0.1161
vn 0.8318 0.5390 0.1326
vn -0.4693 0.8307 -0.2996
vn -0.4904 0.8712 -0.0251
vn -0.0915 0.9958 0.0099
vn 0.1884 0.9821 -0.0057
vn 0.1348 0.9260 0.3526
vn 0.4059 0.8571 0.3172
vn 0.4489 0.8925 -0.0434
vn -0.0952 0.9315 0.3509
vn -0.9735 -0.1238 0.1924
vn -0.9541 0.1957 0.2268
vn -0.9691 0.2463 -0.0162
vn 0.0896 -0.9958 0.0188
vn -0.3073 -0.9512 0.0270
vn -0.3188 -0.9475 -0.0246
vn 0.0076 0.9560 -0.2933
vn -0.0008 0.9075 -0.4202
vn -0.6701 -0.7394 0.0655
vn -0.6694 -0.7424 -0.0274
vn 0.5051 0.8333 -0.2248
vn 0.2882 0.9271 -0.2395
vn -0.9673 0.1353 -0.2146
vn -0.3005 -0.9537 0.0111
vn -0.6779 -0.7340 -0.0413
vn 0.3296 -0.9441 -0.0094
vn -0.9344 -0.0723 -0.3488
vn -0.9110 -0.3294 -0.2480
vn 0.8450 0.5344 0.0188
vn 0.7578 0.6482 -0.0744
vn 0.8389 0.5442 -0.0114
vn -0.3348 0.5952 -0.7305
vn -0.5378 -0.8427 -0.0254
vn -0.5046 -0.8629 -0.0284
vn -0.7049 -0.7078 -0.0460
vn -0.7036 -0.7103 -0.0185
vn -0.7516 -0.6593 -0.0200
vn -0.7531 -0.6559 -0.0516
vn -0.7848 -0.6161 -0.0664
vn -0.7954 -0.6060 -0.0136
vn -0.8136 -0.5812 -0.0130
vn -0.8073 -0.5855 -0.0734
vn -0.8416 -0.5353 -0.0720
vn -0.8336 -0.5522 -0.0125
vn -0.8717 -0.4859 -0.0635
vn -0.9196 -0.3892 -0.0536
vn -0.9159 -0.4014 -0.0068
vn -0.8628 -0.5054 -0.0094
vn -0.9756 -0.2194 -0.0033
vn -0.9776 -0.2066 -0.0392
vn -0.9983 -0.0538 -0.0226
vn -0.9980 -0.0628 -0.0001
vn -0.0697 -0.9971 -0.0290
vn -0.0469 -0.9981 0.0391
vn 0.3674 -0.9298 -0.0231
vn 0.4289 -0.9004 0.0722
vn 0.2055 -0.9755 0.0782
vn 0.2204 -0.9750 -0.0290
vn 0.9014 -0.4329 -0.0055
vn 0.9280 -0.3680 0.0573
vn 0.7094 -0.6980 0.0978
vn 0.5735 -0.8192 -0.0072
vn 0.7435 0.6676 -0.0384
vn 0.9557 0.2943 -0.0012
vn 0.9804 0.1968 0.0125
vn 0.7466 0.6651 0.0146
vn 0.5033 0.8638 0.0236
vn 0.5093 0.8585 -0.0599
vn 0.0734 0.9961 -0.0486
vn 0.0738 0.9972 0.0144
vn -0.2656 0.9607 -0.0810
vn -0.2212 0.9752 0.0064
vn 0.9972 -0.0735 -0.0112
vn 0.9980 -0.0619 -0.0136
vn -0.7317 -0.6813 0.0216
vn -0.5151 -0.8567 0.0269
vn -0.7621 -0.6474 0.0066
vn -0.7950 -0.6067 0.0045
vn -0.8379 -0.5457 -0.0042
vn -0.8178 -0.5754 0.0045
vn -0.8599 -0.5104 -0.0087
vn -0.9089 -0.4171 -0.0013
vn -0.9720 -0.2346 0.0122
vn -0.9973 -0.0699 0.0228
vn 0.0071 -1.0000 0.0051
vn 0.3852 -0.9221 -0.0379
vn 0.2946 -0.9554 -0.0214
vn 0.5209 -0.8521 -0.0503
vn 0.8837 -0.4661 -0.0435
vn 0.9958 0.0889 -0.0238
vn 0.8488 0.5288 0.0004
vn 0.4841 0.8750 0.0109
vn 0.0447 0.9988 0.0197
vn -0.2748 0.9614 0.0142
vn -0.5338 -0.8456 0.0004
vn -0.7610 -0.6488 0.0067
vn -0.7639 -0.6453 0.0044
vn -0.8087 -0.5882 -0.0001
vn -0.8317 -0.5552 -0.0072
vn -0.8470 -0.5313 -0.0135
vn -0.8583 -0.5130 -0.0127
vn -0.9004 -0.4349 -0.0077
vn -0.9677 -0.2521 0.0004
vn -0.9966 -0.0818 0.0078
vn 0.0710 -0.9973 -0.0178
vn 0.4683 -0.8826 -0.0419
vn 0.3843 -0.9227 -0.0297
vn 0.8659 -0.4976 -0.0509
vn 0.5361 -0.8428 -0.0471
vn 0.9995 0.0027 -0.0315
vn 0.8794 0.4756 -0.0224
vn 0.4898 0.8718 0.0054
vn 0.0467 0.9986 0.0242
vn -0.2848 0.9582 0.0280
vn 0.9991 0.0378 -0.0211
vn 0.7133 0.6980 -0.0636
vn 0.3111 -0.9502 0.0211
vn -0.9067 -0.4000 0.1336
vn 0.8712 0.4908 0.0068
vn -0.4617 0.8299 0.3132
vn 0.0653 0.6427 0.7633
vn 0.2685 0.5730 0.7743
vn 0.6220 0.3276 0.7112
vn 0.6944 0.2726 0.6659
vn -0.0839 0.6781 0.7302
vn -0.8905 -0.0783 0.4482
vn -0.8272 0.1551 0.5401
vn 0.9534 0.0978 0.2853
vn 0.5490 0.6196 0.5610
vn 0.9843 0.1516 0.0903
vn 0.7691 0.2331 0.5951
vn 0.8739 0.1267 0.4694
vn -0.3105 -0.9331 0.1813
vn 0.9993 -0.0003 0.0374
vn 0.9394 0.0378 0.3407
vn 0.9628 0.0164 0.2697
vn -0.7395 0.6040 0.2970
vn -0.7650 0.6440 0.0065
vn -0.7965 0.5794 0.1727
vn -0.7734 0.6337 -0.0197
vn -0.8173 0.5150 -0.2584
vn -0.8349 0.5502 -0.0111
vn -0.7519 0.6428 -0.1465
vn -0.7670 0.6352 0.0901
vn -0.7467 0.6060 -0.2741
vn -0.8016 0.5964 -0.0421
vn 0.1789 -0.9573 0.2271
vn -0.0864 -0.9868 0.1369
vn -0.7986 0.5464 0.2523
vn 0.7393 0.6678 -0.0865
vn 0.0011 -1.0000 -0.0072
vn 0.0017 -0.9999 -0.0102
vn -0.0013 -1.0000 0.0045
vn -0.0022 -1.0000 0.0028
vn -0.9998 -0.0062 -0.0195
vn -0.9994 -0.0079 -0.0338
vn -0.9993 -0.0035 -0.0373
vn -0.9998 -0.0013 -0.0187
vn -0.4486 -0.8922 0.0528
vn -0.6976 -0.7164 0.0129
vn -0.7585 -0.6515 -0.0127
vn -0.7832 -0.6212 -0.0273
vn -0.8086 -0.5863 -0.0494
vn -0.8521 -0.5191 -0.0668
vn -0.8788 -0.4720 -0.0699
vn -0.9225 -0.3802 -0.0662
vn -0.9797 -0.1933 -0.0535
vn -0.9982 -0.0474 -0.0376
vn 0.4611 -0.8607 0.2157
vn 0.9589 -0.2459 0.1418
vn 0.7561 -0.6264 0.1897
vn 0.7398 0.6697 -0.0648
vn 0.9537 0.2985 0.0377
vn 0.4741 0.8726 -0.1179
vn 0.0108 0.9913 -0.1310
vn -0.2940 0.9479 -0.1227
vn 0.0226 0.8873 0.4607
vn 0.9999 0.0145 -0.0035
vn 0.9999 0.0037 -0.0133
vn 0.9998 -0.0179 0.0041
vn 0.9998 -0.0120 0.0150
vn 0.9988 -0.0307 -0.0393
vn -1.0000 -0.0057 0.0005
vn 0.9999 -0.0004 0.0108
vn -0.9997 -0.0016 0.0244
vn -1.0000 -0.0009 0.0093
vn 0.9853 0.1708 0.0003
vn 0.9867 0.1542 -0.0511
vn 0.9908 0.1344 0.0147
vn 0.9912 0.1323 -0.0009
vn 0.9919 0.1239 -0.0276
vn 0.9877 0.1464 0.0544
vn 0.6729 0.7301 0.1187
vn 0.7002 0.7112 0.0627
vn 0.6463 0.7603 0.0656
vn 0.6416 0.7670 -0.0090
vn 0.6538 0.7407 -0.1546
vn 0.6983 0.7000 -0.1496
vn 0.6764 0.7248 0.1310
vn 0.0071 0.9996 -0.0258
vn -0.0139 0.9996 -0.0257
vn -0.0128 0.9554 -0.2951
vn -0.0004 0.1311 -0.9914
vn 0.0159 -0.0493 0.9987
vn 0.0069 0.3627 0.9319
vn -0.0095 0.9999 -0.0110
vn -0.0141 0.9669 -0.2548
vn -0.0020 1.0000 0.0013
vn -0.0120 0.9999 -0.0036
vn -0.0086 0.9727 0.2319
vn 0.0236 0.9698 0.2426
vn -0.0048 0.9125 0.4090
vn -0.0079 0.9728 0.2314
vn -0.0106 0.9704 0.2412
vn -0.0148 0.9221 0.3867
vn 0.0008 0.8984 0.4392
vn -0.0100 0.9998 -0.0190
vn -0.0120 0.9556 -0.2943
vn -0.0043 -0.0319 0.9995
vn -0.0073 0.3893 0.9211
vn -0.0087 0.9597 -0.2808
vn -0.0045 0.9029 -0.4298
vn -0.0060 0.9053 -0.4247
vn -0.0069 0.9612 -0.2759
vn -0.0011 0.9999 -0.0131
vn -0.0031 0.9683 -0.2497
vn -0.0045 1.0000 -0.0061
vn -0.0053 0.9723 0.2336
vn -0.0007 0.9135 0.4068
vn -0.0009 0.9726 0.2323
vn -0.0116 0.9039 0.4276
vn -0.0129 0.9999 0.0095
vn -0.0016 1.0000 0.0001
vn 0.0089 0.9998 -0.0188
vn 0.0103 0.9576 -0.2879
vn 0.0000 0.9568 -0.2908
vn 0.0006 0.9999 -0.0135
vn -0.0037 0.9598 -0.2806
vn -0.0050 0.8934 -0.4493
vn -0.0123 0.8970 -0.4419
vn -0.0120 0.9584 -0.2851
vn -0.0001 0.9999 -0.0132
vn 0.0023 0.9678 -0.2516
vn 0.0004 0.9690 -0.2472
vn -0.0000 0.9999 -0.0133
vn 0.0037 1.0000 -0.0073
vn 0.0043 0.9721 0.2347
vn 0.0004 0.9718 0.2360
vn 0.0006 1.0000 -0.0039
vn -0.0021 0.9203 0.3912
vn -0.0011 0.9747 0.2236
vn -0.0019 0.9734 0.2292
vn -0.0037 0.9161 0.4010
vn 0.0083 0.2099 -0.9777
vn -0.0032 0.1901 -0.9818
vn 0.0085 0.2101 -0.9776
vn 0.0027 0.9997 -0.0260
vn -0.0005 0.9996 -0.0267
vn -0.0034 0.9678 -0.2516
vn 0.0015 0.9607 -0.2775
vn 0.0002 0.0758 0.9971
vn -0.0034 0.4324 0.9017
vn -0.0123 0.4547 0.8905
vn -0.0093 0.0804 0.9967
vn -0.0084 0.9062 0.4227
vn -0.0148 0.9061 0.4229
vn 0.0000 0.9999 -0.0127
vn 0.0000 0.9653 -0.2611
vn 0.0019 0.9661 -0.2581
vn -0.0000 0.9999 -0.0129
vn 0.0000 0.9999 -0.0161
vn 0.0000 0.9724 0.2334
vn 0.0010 0.9724 0.2331
vn 0.0023 0.9999 -0.0131
vn 0.0004 0.9163 0.4005
vn 0.0002 0.9734 0.2289
vn 0.0015 0.9743 0.2252
vn 0.0030 0.9193 0.3936
vn 0.0000 0.9997 -0.0256
vn 0.0000 0.9952 -0.0976
vn 0.0000 0.9712 -0.2381
vn 0.0000 0.0751 0.9972
vn 0.0000 0.4289 0.9033
vn 0.0000 0.9561 -0.2932
vn -0.0000 0.8970 -0.4421
vn 0.0037 0.8956 -0.4448
vn 0.0016 0.9568 -0.2906
vn -0.0000 0.9999 -0.0128
vn 0.0000 0.9649 -0.2625
vn 0.0000 0.9999 -0.0142
vn -0.0000 0.9725 0.2330
vn 0.0000 0.9158 0.4017
vn 0.0000 0.9733 0.2296
vn -0.0050 1.0000 -0.0004
vn 0.0000 0.9043 0.4269
vn -0.0000 0.9930 0.1180
vn 0.0000 0.7225 0.6913
vn -1.0000 0.0005 0.0006
vn -0.9997 0.0100 0.0218
vn -0.9997 0.0210 0.0102
vn -0.0049 -0.9987 -0.0507
vn -0.0057 -0.9995 -0.0305
vn -0.0028 -0.9995 -0.0318
vn -0.0026 -0.9989 -0.0470
vn -0.0109 -0.9998 0.0191
vn -0.0049 -1.0000 -0.0017
vn -0.0197 -0.9997 0.0111
vn -0.0055 -0.9999 -0.0163
vn 0.0031 -0.9999 -0.0153
vn 0.0014 -1.0000 -0.0012
vn 0.0030 -0.9994 -0.0353
vn -0.0019 -0.9988 -0.0489
vn 0.0000 -1.0000 -0.0002
vn -0.0103 -0.9958 -0.0911
vn 0.0065 -0.9989 -0.0468
vn 0.0010 -0.9989 -0.0462
vn -0.0062 -0.9992 -0.0399
vn -0.0005 -0.9997 -0.0233
vn 0.0046 -0.9982 -0.0596
vn -0.0007 -0.9993 -0.0363
vn 0.0000 -0.9998 -0.0209
vn 0.0000 -1.0000 -0.0021
vn 0.0000 -0.9997 -0.0260
vn 0.0000 -0.9994 -0.0348
vn -0.0056 0.0620 0.9981
vn -0.0005 0.4526 0.8917
vn 0.0031 0.4268 0.9043
vn 0.0021 0.0171 0.9999
vn 0.0025 0.9068 0.4215
vn 0.0048 0.9059 0.4234
vn -0.0068 0.9996 0.0257
vn 0.0071 0.8936 -0.4489
vn 0.0043 0.9588 -0.2840
vn -0.0052 0.9998 0.0206
vn 0.0011 0.9993 0.0370
vn 0.0031 0.1645 -0.9864
vn -0.0022 0.1841 -0.9829
vn 0.0039 -0.9998 -0.0209
vn 0.0054 0.1650 -0.9863
vn -0.0011 0.1431 -0.9897
vn 0.0000 0.9905 -0.1372
vn -0.0106 0.8766 -0.4810
vn -0.0109 0.8795 -0.4759
vn 0.0086 0.8828 -0.4697
vn -0.0006 0.8769 -0.4807
vn -0.0059 0.9165 -0.3999
vn -0.0006 0.8967 -0.4427
vn 0.0000 0.9267 -0.3759
vn 0.0287 0.9995 -0.0152
vn -0.0009 0.9862 0.1658
vn -0.0206 0.9321 0.3617
vn 0.0592 0.9688 0.2407
vn 0.0356 0.9993 0.0063
vn -0.2045 -0.7479 0.6315
vn -0.2809 -0.9536 0.1083
vn -0.0713 -0.9887 0.1316
vn -0.0140 -0.7545 0.6561
vn 0.6590 -0.7062 0.2587
vn 0.8705 -0.3390 0.3568
vn 0.6087 -0.1941 0.7693
vn 0.5204 -0.4907 0.6989
vn -0.3343 0.2254 -0.9151
vn -0.6340 0.6518 -0.4162
vn -0.4418 0.5690 -0.6936
vn -0.2120 0.1608 -0.9640
vn -0.4773 0.1529 -0.8654
vn -0.9336 0.1541 -0.3234
vn -0.8453 0.3412 -0.4113
vn -0.4389 0.1839 -0.8795
vn -0.0957 0.1697 -0.9808
vn -0.2324 0.6589 -0.7154
vn 0.0138 0.6713 -0.7410
vn -0.0055 0.1753 -0.9845
vn 0.2991 0.1580 -0.9410
vn 0.6614 0.3943 -0.6380
vn 0.8636 0.1313 -0.4868
vn 0.5101 0.0814 -0.8562
vn -0.9823 0.0390 -0.1834
vn -0.9877 -0.0499 -0.1481
vn -0.6739 -0.0029 -0.7388
vn -0.3322 0.0640 -0.9410
vn -0.6446 0.0211 -0.7642
vn -0.9725 -0.0264 -0.2314
vn -0.5624 0.1031 -0.8204
vn 0.2357 -0.7623 -0.6028
vn 0.3056 -0.9501 -0.0622
vn -0.1408 -0.9898 -0.0213
vn -0.1157 -0.8016 -0.5866
vn -0.0164 0.8925 -0.4507
vn -0.0027 0.8868 -0.4622
vn -0.0031 0.9560 -0.2934
vn -0.0206 0.9592 -0.2819
vn 0.7056 -0.6935 -0.1456
vn 0.5676 -0.5361 -0.6248
vn -0.6551 -0.0509 -0.7538
vn 0.0108 -0.2725 0.9621
vn -0.0671 -0.2445 0.9673
vn -0.3166 -0.8413 -0.4382
vn -0.1836 -0.3525 -0.9176
vn -0.0609 -0.3213 -0.9450
vn -0.8711 0.4908 0.0178
vn -0.8561 0.5167 0.0096
vn -0.8713 0.4905 0.0169
vn 0.1689 0.0389 0.9849
vn 0.2692 -0.0517 0.9617
vn 0.5345 -0.0147 0.8450
vn 0.2778 -0.2161 -0.9360
vn 0.3013 -0.0846 -0.9498
vn 0.6848 -0.2037 -0.6997
vn 0.0142 0.0173 0.9998
vn 0.0262 0.0061 0.9996
vn -0.1208 0.1100 0.9866
vn -0.1507 0.0999 0.9835
vn -0.0371 -0.0384 -0.9986
vn -0.0459 -0.0441 -0.9980
vn -0.0021 0.0708 0.9975
vn -0.0021 0.0577 0.9983
vn -0.1879 0.1171 0.9752
vn -0.2422 0.1294 0.9615
vn -0.3782 0.2306 -0.8965
vn -0.0421 0.0346 -0.9985
vn -0.0632 0.0334 -0.9974
vn 0.0190 0.0088 0.9998
vn 0.0306 0.0231 0.9993
vn 0.0551 0.2814 0.9580
vn -0.0075 0.2331 0.9724
vn -0.0144 -0.0213 -0.9997
vn 0.0685 0.0009 0.9976
vn 0.1800 0.2531 0.9505
vn 0.2395 0.0077 -0.9709
vn 0.1333 0.0158 -0.9910
vn 0.6516 -0.0161 -0.7584
vn -0.2217 -0.0088 -0.9751
vn -0.0718 0.0847 -0.9938
vn -0.1407 0.1536 0.9781
vn -0.0366 0.0321 0.9988
vn -0.1213 0.0250 0.9923
vn -0.5174 0.0679 0.8531
vn -0.0782 0.0358 -0.9963
vn -0.1219 0.0297 -0.9921
vn 0.0074 0.0473 0.9989
vn 0.0221 0.0449 0.9987
vn -0.3492 0.1016 0.9315
vn -0.4837 0.0644 0.8729
vn 0.1699 -0.2935 -0.9407
vn 0.1762 -0.3209 0.9306
vn 0.2676 -0.7202 0.6401
vn -0.0128 0.2483 -0.9686
vn -0.0130 0.2478 -0.9687
vn -0.0125 0.3561 0.9343
vn -0.0209 -0.0006 0.9998
vn 0.2479 -0.2526 0.9353
vn -0.0807 0.0491 0.9955
vn -0.5492 0.0480 0.8343
vn -0.1817 0.0122 -0.9833
vn -0.2124 -0.0073 -0.9772
vn -0.0979 0.1331 0.9863
vn -0.4709 0.5066 0.7222
vn -0.5731 0.4203 0.7036
vn 0.0232 0.0115 0.9997
vn 0.0220 0.0073 0.9997
vn -0.0575 0.1694 0.9839
vn -0.0437 -0.0238 -0.9988
vn -0.0400 0.0092 -0.9992
vn -0.3580 0.2562 -0.8979
vn 0.3169 0.1536 0.9359
vn 0.6530 0.4128 0.6349
vn 0.3461 0.6168 0.7070
vn 0.0590 -0.0605 0.9964
vn 0.0480 -0.0195 0.9987
vn 0.4327 0.0607 0.8995
vn 0.0411 0.0108 -0.9991
vn -0.0026 -0.0098 -0.9999
vn 0.1112 0.1727 -0.9787
vn 0.9998 0.0148 -0.0163
vn 0.9999 -0.0018 -0.0152
vn 1.0000 -0.0036 -0.0055
vn 0.9999 0.0091 -0.0139
vn 0.7551 -0.6531 0.0580
vn 0.7122 -0.7007 0.0422
vn 0.6430 -0.7645 0.0451
vn 0.7528 -0.6558 0.0568
vn 0.8472 -0.5288 0.0503
vn 0.8310 -0.5535 0.0549
vn 0.8362 -0.5460 0.0517
vn 0.8541 -0.5167 0.0592
vn 0.8681 -0.4940 0.0490
vn 0.8627 -0.5043 0.0382
vn 0.8524 -0.5208 0.0474
vn 0.8547 -0.5154 0.0622
vn 0.9691 -0.2464 0.0109
vn 0.9035 -0.4278 0.0250
vn 0.9088 -0.4159 0.0337
vn 0.9705 -0.2395 0.0288
vn 0.9971 -0.0763 -0.0058
vn 0.9975 -0.0694 0.0145
vn 0.4729 -0.8808 0.0240
vn -0.0186 -0.9998 0.0090
vn 0.0273 -0.9990 0.0345
vn 0.3734 -0.9269 0.0366
vn -0.3577 -0.9338 0.0066
vn -0.3077 -0.9513 0.0177
vn -0.5844 -0.8114 -0.0077
vn -0.5370 -0.8436 0.0057
vn -0.6640 -0.7476 -0.0145
vn -0.8099 -0.5833 -0.0616
vn -0.9849 -0.1694 -0.0358
vn -0.9290 -0.3692 -0.0245
vn -0.9996 0.0297 -0.0020
vn -0.9916 0.1279 -0.0206
vn -0.8703 0.4923 0.0104
vn -0.4737 0.8802 0.0290
vn -0.4435 0.8957 0.0328
vn -0.7844 0.6199 0.0213
vn -0.0667 0.9972 0.0330
vn -0.0173 0.9994 0.0301
vn 0.2624 0.9640 0.0419
vn 0.2503 0.9672 0.0432
vn -0.1045 -0.9942 -0.0267
vn -0.3448 -0.9379 -0.0387
vn -0.3377 -0.9411 -0.0163
vn -0.1126 -0.9936 -0.0087
vn 0.9995 -0.0205 -0.0238
vn 0.9472 -0.3204 -0.0132
vn 0.9332 -0.3180 0.1673
vn 0.9750 -0.0194 0.2213
vn -0.1780 0.9827 0.0508
vn -0.4613 0.8853 0.0593
vn -0.4575 0.8653 -0.2049
vn -0.1914 0.9467 -0.2591
vn 0.0914 0.9501 -0.2984
vn 0.1042 0.9942 0.0271
vn 0.9459 0.3239 -0.0170
vn 0.9212 0.2883 -0.2614
vn 0.9690 -0.0929 -0.2290
vn -0.9976 -0.0694 -0.0039
vn -0.8667 0.4414 -0.2324
vn -0.7396 0.6291 -0.2391
vn -0.9991 -0.0367 -0.0235
vn 0.3518 -0.9360 -0.0053
vn 0.3439 -0.9384 -0.0335
vn -0.0963 -0.9949 -0.0293
vn 0.7350 -0.6781 0.0035
vn 0.6999 -0.7091 -0.0850
vn -0.8690 0.4943 -0.0222
vn -0.8907 0.4544 -0.0149
vn -0.9026 0.4301 -0.0179
vn -0.8531 0.5195 0.0490
vn -0.8497 0.5123 0.1250
vn -0.9519 0.2893 0.1012
vn -0.9470 0.3203 0.0224
vn 0.4715 0.8817 0.0147
vn 0.4598 0.8260 0.3260
vn 0.1103 0.9382 0.3279
vn -0.2613 0.9650 -0.0228
vn -0.4705 0.8819 -0.0299
vn -0.4469 0.8660 -0.2244
vn -0.2186 0.9457 -0.2405
vn 0.0653 0.9750 -0.2126
vn 0.0266 0.9996 -0.0032
vn 0.9951 -0.0739 -0.0660
vn 0.9745 0.2168 -0.0574
vn 0.9538 0.2532 -0.1617
vn 0.9813 -0.0866 -0.1719
vn -0.9950 -0.1001 0.0036
vn -0.9949 -0.1007 0.0064
vn -0.9962 -0.0865 0.0114
vn -0.9960 -0.0879 0.0130
vn -0.1010 -0.9946 -0.0228
vn 0.3430 -0.9384 -0.0416
vn 0.3172 -0.9474 -0.0436
vn -0.1154 -0.9931 -0.0217
vn -0.0211 0.9997 0.0101
vn -0.0025 0.9742 -0.2255
vn -0.0237 0.9871 -0.1583
vn -0.0587 0.9982 0.0075
vn 0.7376 -0.6732 -0.0525
vn 0.7061 -0.7026 -0.0883
vn -0.3366 -0.9416 -0.0108
vn -0.3278 -0.9447 -0.0073
vn -0.0974 -0.9952 -0.0095
vn 0.9490 -0.3106 -0.0541
vn 0.9334 -0.3469 0.0924
vn 0.9879 -0.0835 0.1311
vn -0.8627 0.5056 0.0101
vn -0.8632 0.5046 0.0147
vn -0.8512 0.5244 0.0191
vn -0.8241 0.5664 0.0049
vn -0.8112 0.5843 0.0234
vn -0.9444 0.3287 -0.0070
vn -0.9485 0.3161 0.0209
vn 0.3889 0.9213 0.0084
vn 0.4085 0.8885 0.2090
vn 0.0180 0.9729 0.2306
vn -0.4953 0.8687 -0.0074
vn -0.4675 0.8572 0.2161
vn -0.2635 0.9361 0.2328
vn -0.2741 0.9615 0.0178
vn 0.0247 0.9995 0.0217
vn 0.9930 -0.1176 -0.0080
vn 0.9886 0.1500 -0.0133
vn 0.9724 0.1809 0.1473
vn -0.9963 -0.0779 -0.0361
vn -0.9995 -0.0243 -0.0211
vn -0.9965 -0.0778 -0.0314
vn 0.3141 -0.9494 -0.0040
vn 0.3366 -0.9416 -0.0028
vn -0.1084 -0.9941 0.0005
vn 0.6706 -0.7417 -0.0136
vn 0.7073 -0.7060 0.0349
vn -0.3313 -0.9435 0.0057
vn -0.1323 -0.9910 0.0202
vn 0.9134 -0.4068 -0.0142
vn 0.9094 -0.3992 -0.1171
vn 0.9777 -0.1211 -0.1713
vn -0.7412 0.5339 -0.4069
vn 0.4481 0.8940 0.0031
vn 0.4474 0.8503 -0.2774
vn 0.0245 0.9650 -0.2610
vn -0.1165 -0.9932 -0.0016
vn -0.3282 -0.9446 -0.0059
vn -0.3351 -0.9421 -0.0151
vn 0.9962 -0.0725 0.0489
vn 0.9237 -0.3824 0.0259
vn 0.9237 -0.3563 -0.1411
vn -0.8987 0.4384 -0.0150
vn -0.8610 0.5085 0.0128
vn -0.8553 0.5178 0.0171
vn -0.8454 0.5264 -0.0902
vn -0.9563 0.2902 -0.0365
vn 0.4605 0.8852 0.0658
vn 0.4123 0.8947 -0.1719
vn 0.1031 0.9942 0.0297
vn -0.4595 0.8881 -0.0128
vn -0.4496 0.8603 0.2403
vn -0.1727 0.9392 0.2968
vn -0.1996 0.9799 -0.0000
vn 0.9559 0.2821 0.0814
vn 0.9169 0.2978 0.2657
vn 0.3023 -0.9532 0.0069
vn 0.3266 -0.9448 0.0257
vn 0.6860 -0.7274 0.0153
vn 0.7163 -0.6915 0.0931
vn -0.0892 -0.9958 -0.0208
vn -0.3193 -0.9473 -0.0239
vn -0.3294 -0.9436 -0.0327
vn 0.9908 -0.1356 -0.0020
vn 0.8984 -0.4390 -0.0134
vn 0.9038 -0.3967 -0.1602
vn -0.8462 0.5329 -0.0007
vn -0.8575 0.5139 -0.0248
vn -0.9242 0.3515 0.1495
vn -0.8318 0.5390 0.1326
vn -0.8495 0.5147 -0.1161
vn -0.9417 0.3244 -0.0892
vn 0.4904 0.8712 -0.0251
vn 0.4693 0.8307 -0.2996
vn 0.0915 0.9958 0.0099
vn -0.1884 0.9821 -0.0057
vn -0.4489 0.8925 -0.0434
vn -0.4059 0.8571 0.3172
vn -0.1348 0.9260 0.3526
vn 0.0952 0.9315 0.3509
vn 0.9691 0.2463 -0.0162
vn 0.9541 0.1957 0.2268
vn 0.9735 -0.1238 0.1924
vn 0.3188 -0.9475 -0.0246
vn 0.3073 -0.9512 0.0270
vn -0.0896 -0.9958 0.0188
vn -0.0076 0.9560 -0.2933
vn 0.0008 0.9075 -0.4202
vn 0.6694 -0.7424 -0.0274
vn 0.6701 -0.7394 0.0655
vn -0.5051 0.8333 -0.2248
vn -0.2882 0.9271 -0.2395
vn 0.9673 0.1353 -0.2146
vn 0.3005 -0.9537 0.0111
vn 0.6779 -0.7340 -0.0413
vn -0.3296 -0.9441 -0.0094
vn 0.9110 -0.3294 -0.2480
vn 0.9344 -0.0723 -0.3488
vn -0.8450 0.5344 0.0188
vn -0.8389 0.5442 -0.0114
vn -0.7578 0.6482 -0.0744
vn 0.3348 0.5952 -0.7305
vn 0.5378 -0.8427 -0.0254
vn 0.7036 -0.7103 -0.0185
vn 0.7049 -0.7078 -0.0460
vn 0.5046 -0.8629 -0.0284
vn 0.7516 -0.6593 -0.0200
vn 0.7954 -0.6060 -0.0136
vn 0.7848 -0.6161 -0.0664
vn 0.7531 -0.6559 -0.0516
vn 0.8136 -0.5812 -0.0130
vn 0.8336 -0.5522 -0.0125
vn 0.8416 -0.5353 -0.0720
vn 0.8073 -0.5855 -0.0734
vn 0.9159 -0.4014 -0.0068
vn 0.9196 -0.3892 -0.0536
vn 0.8717 -0.4859 -0.0635
vn 0.8628 -0.5054 -0.0094
vn 0.9756 -0.2194 -0.0033
vn 0.9980 -0.0628 -0.0001
vn 0.9983 -0.0538 -0.0226
vn 0.9776 -0.2066 -0.0392
vn 0.0697 -0.9971 -0.0290
vn 0.0469 -0.9981 0.0391
vn -0.3674 -0.9298 -0.0231
vn -0.2204 -0.9750 -0.0290
vn -0.2055 -0.9755 0.0782
vn -0.4289 -0.9004 0.0722
vn -0.9014 -0.4329 -0.0055
vn -0.5735 -0.8192 -0.0072
vn -0.7094 -0.6980 0.0978
vn -0.9280 -0.3680 0.0573
vn -0.9804 0.1968 0.0125
vn -0.9557 0.2943 -0.0012
vn -0.7435 0.6676 -0.0384
vn -0.7466 0.6651 0.0146
vn -0.5033 0.8638 0.0236
vn -0.5093 0.8585 -0.0599
vn -0.0734 0.9961 -0.0486
vn -0.0738 0.9972 0.0144
vn 0.2656 0.9607 -0.0810
vn 0.2212 0.9752 0.0064
vn -0.9980 -0.0619 -0.0136
vn -0.9972 -0.0735 -0.0112
vn 0.7317 -0.6813 0.0216
vn 0.5151 -0.8567 0.0269
vn 0.7621 -0.6474 0.0066
vn 0.7950 -0.6067 0.0045
vn 0.8379 -0.5457 -0.0042
vn 0.8178 -0.5754 0.0045
vn 0.8599 -0.5104 -0.0087
vn 0.9089 -0.4171 -0.0013
vn 0.9720 -0.2346 0.0122
vn 0.9973 -0.0699 0.0228
vn -0.0071 -1.0000 0.0051
vn -0.3852 -0.9221 -0.0379
vn -0.2946 -0.9554 -0.0214
vn -0.5209 -0.8521 -0.0503
vn -0.8837 -0.4661 -0.0435
vn -0.9958 0.0889 -0.0238
vn -0.8488 0.5288 0.0004
vn -0.4841 0.8750 0.0109
vn -0.0447 0.9988 0.0197
vn 0.2748 0.9614 0.0142
vn 0.5338 -0.8456 0.0004
vn 0.7610 -0.6488 0.0067
vn 0.7639 -0.6453 0.0044
vn 0.8087 -0.5882 -0.0001
vn 0.8317 -0.5552 -0.0072
vn 0.8470 -0.5313 -0.0135
vn 0.8583 -0.5130 -0.0127
vn 0.9004 -0.4349 -0.0077
vn 0.9677 -0.2521 0.0004
vn 0.9966 -0.0818 0.0078
vn -0.0710 -0.9973 -0.0178
vn -0.4683 -0.8826 -0.0419
vn -0.3843 -0.9227 -0.0297
vn -0.8659 -0.4976 -0.0509
vn -0.5361 -0.8428 -0.0471
vn -0.9995 0.0027 -0.0315
vn -0.8794 0.4756 -0.0224
vn -0.4898 0.8718 0.0054
vn -0.0467 0.9986 0.0242
vn 0.2848 0.9582 0.0280
vn -0.7133 0.6980 -0.0636
vn -0.9991 0.0378 -0.0211
vn -0.3111 -0.9502 0.0210
vn 0.9067 -0.4000 0.1336
vn -0.8712 0.4908 0.0068
vn 0.4617 0.8299 0.3132
vn -0.2685 0.5730 0.7743
vn -0.0653 0.6427 0.7633
vn -0.6944 0.2726 0.6659
vn -0.6220 0.3276 0.7112
vn 0.0839 0.6781 0.7302
vn 0.8272 0.1551 0.5401
vn 0.8905 -0.0783 0.4482
vn -0.5490 0.6196 0.5610
vn -0.9534 0.0978 0.2853
vn -0.9843 0.1516 0.0903
vn -0.8739 0.1267 0.4694
vn -0.7691 0.2331 0.5951
vn 0.3105 -0.9331 0.1813
vn -0.9993 -0.0003 0.0374
vn -0.9628 0.0164 0.2697
vn -0.9394 0.0378 0.3407
vn 0.7650 0.6440 0.0065
vn 0.7395 0.6040 0.2970
vn 0.7734 0.6337 -0.0197
vn 0.7965 0.5794 0.1727
vn 0.8349 0.5502 -0.0111
vn 0.8173 0.5150 -0.2584
vn 0.7670 0.6352 0.0901
vn 0.7519 0.6428 -0.1465
vn 0.8016 0.5964 -0.0421
vn 0.7467 0.6060 -0.2741
vn -0.1789 -0.9573 0.2271
vn 0.0864 -0.9868 0.1369
vn 0.7986 0.5464 0.2523
vn -0.7393 0.6678 -0.0865
vn 0.0013 -1.0000 0.0045
vn -0.0017 -0.9999 -0.0102
vn -0.0011 -1.0000 -0.0072
vn 0.0022 -1.0000 0.0028
vn 0.9998 -0.0062 -0.0195
vn 0.9998 -0.0013 -0.0187
vn 0.9993 -0.0035 -0.0373
vn 0.9994 -0.0079 -0.0338
vn 0.6976 -0.7164 0.0129
vn 0.4486 -0.8922 0.0528
vn 0.7832 -0.6212 -0.0273
vn 0.7585 -0.6515 -0.0127
vn 0.8521 -0.5191 -0.0668
vn 0.8086 -0.5863 -0.0494
vn 0.9225 -0.3802 -0.0662
vn 0.8788 -0.4720 -0.0699
vn 0.9982 -0.0474 -0.0376
vn 0.9797 -0.1933 -0.0535
vn -0.4611 -0.8607 0.2157
vn -0.7561 -0.6264 0.1897
vn -0.9589 -0.2459 0.1418
vn -0.9537 0.2985 0.0377
vn -0.7398 0.6697 -0.0648
vn -0.4741 0.8726 -0.1179
vn -0.0108 0.9913 -0.1310
vn 0.2940 0.9479 -0.1227
vn -0.0226 0.8873 0.4607
vn -0.9999 0.0145 -0.0035
vn -0.9999 0.0037 -0.0133
vn -0.9998 -0.0179 0.0041
vn -0.9998 -0.0120 0.0150
vn -0.9988 -0.0307 -0.0393
vn 1.0000 -0.0057 0.0005
vn -0.9999 -0.0004 0.0108
vn 0.9997 -0.0016 0.0244
vn 1.0000 -0.0009 0.0093
vn -0.9853 0.1708 0.0003
vn -0.9867 0.1542 -0.0511
vn -0.9908 0.1344 0.0147
vn -0.9912 0.1323 -0.0009
vn -0.9919 0.1239 -0.0276
vn -0.9877 0.1464 0.0544
vn -0.7002 0.7112 0.0627
vn -0.6729 0.7301 0.1187
vn -0.6416 0.7670 -0.0090
vn -0.6463 0.7603 0.0656
vn -0.6538 0.7407 -0.1546
vn -0.6764 0.7248 0.1310
vn -0.6983 0.7000 -0.1496
vn -0.0071 0.9996 -0.0258
vn 0.0128 0.9554 -0.2951
vn 0.0139 0.9996 -0.0257
vn 0.0004 0.1311 -0.9914
vn -0.0069 0.3627 0.9319
vn -0.0159 -0.0493 0.9987
vn 0.0141 0.9669 -0.2548
vn 0.0095 0.9999 -0.0110
vn 0.0020 1.0000 0.0013
vn -0.0236 0.9698 0.2426
vn 0.0086 0.9727 0.2319
vn 0.0120 0.9999 -0.0036
vn 0.0106 0.9704 0.2412
vn 0.0079 0.9728 0.2314
vn 0.0048 0.9125 0.4090
vn 0.0148 0.9221 0.3867
vn -0.0008 0.8984 0.4392
vn 0.0120 0.9556 -0.2943
vn 0.0100 0.9998 -0.0190
vn 0.0073 0.3893 0.9211
vn 0.0043 -0.0319 0.9995
vn 0.0060 0.9053 -0.4247
vn 0.0045 0.9029 -0.4298
vn 0.0087 0.9597 -0.2808
vn 0.0069 0.9612 -0.2759
vn 0.0031 0.9683 -0.2497
vn 0.0012 0.9999 -0.0131
vn 0.0053 0.9723 0.2336
vn 0.0045 1.0000 -0.0061
vn 0.0009 0.9726 0.2323
vn 0.0007 0.9135 0.4068
vn 0.0016 1.0000 0.0001
vn 0.0129 0.9999 0.0095
vn 0.0116 0.9039 0.4276
vn -0.0000 0.9568 -0.2908
vn -0.0103 0.9576 -0.2879
vn -0.0089 0.9998 -0.0188
vn -0.0006 0.9999 -0.0135
vn 0.0123 0.8970 -0.4419
vn 0.0050 0.8934 -0.4493
vn 0.0037 0.9598 -0.2806
vn 0.0120 0.9584 -0.2851
vn -0.0004 0.9690 -0.2472
vn -0.0023 0.9678 -0.2516
vn 0.0001 0.9999 -0.0132
vn 0.0000 0.9999 -0.0133
vn -0.0004 0.9718 0.2360
vn -0.0043 0.9721 0.2347
vn -0.0037 1.0000 -0.0073
vn -0.0006 1.0000 -0.0039
vn 0.0019 0.9734 0.2292
vn 0.0011 0.9747 0.2236
vn 0.0021 0.9203 0.3912
vn 0.0037 0.9161 0.4010
vn -0.0083 0.2099 -0.9777
vn -0.0085 0.2101 -0.9776
vn 0.0032 0.1901 -0.9818
vn -0.0027 0.9997 -0.0260
vn -0.0015 0.9607 -0.2775
vn 0.0034 0.9678 -0.2516
vn 0.0005 0.9996 -0.0267
vn 0.0123 0.4547 0.8905
vn 0.0034 0.4324 0.9017
vn -0.0002 0.0758 0.9971
vn 0.0093 0.0804 0.9967
vn 0.0148 0.9061 0.4229
vn 0.0084 0.9062 0.4227
vn -0.0019 0.9661 -0.2581
vn -0.0000 0.9653 -0.2611
vn -0.0000 0.9999 -0.0127
vn 0.0000 0.9999 -0.0129
vn -0.0010 0.9724 0.2331
vn -0.0000 0.9724 0.2334
vn -0.0000 0.9999 -0.0161
vn -0.0023 0.9999 -0.0131
vn -0.0015 0.9743 0.2252
vn -0.0002 0.9734 0.2289
vn -0.0004 0.9163 0.4005
vn -0.0030 0.9193 0.3936
vn -0.0037 0.8956 -0.4448
vn -0.0016 0.9568 -0.2906
vn 0.0050 1.0000 -0.0004
vn 0.0000 1.0000 -0.0097
vn 1.0000 0.0005 0.0006
vn 0.9997 0.0100 0.0218
vn 0.9997 0.0210 0.0102
vn 0.0049 -0.9987 -0.0507
vn 0.0026 -0.9989 -0.0470
vn 0.0028 -0.9995 -0.0318
vn 0.0057 -0.9995 -0.0305
vn 0.0109 -0.9998 0.0191
vn 0.0049 -1.0000 -0.0017
vn 0.0197 -0.9997 0.0111
vn 0.0055 -0.9999 -0.0163
vn -0.0014 -1.0000 -0.0012
vn -0.0031 -0.9999 -0.0153
vn 0.0019 -0.9988 -0.0489
vn -0.0030 -0.9994 -0.0353
vn 0.0103 -0.9958 -0.0911
vn -0.0065 -0.9989 -0.0468
vn -0.0010 -0.9989 -0.0462
vn 0.0005 -0.9997 -0.0233
vn 0.0062 -0.9992 -0.0399
vn -0.0046 -0.9982 -0.0596
vn 0.0007 -0.9993 -0.0363
vn -0.0031 0.4268 0.9043
vn 0.0005 0.4526 0.8917
vn 0.0056 0.0620 0.9981
vn -0.0021 0.0171 0.9999
vn -0.0025 0.9068 0.4215
vn -0.0048 0.9059 0.4234
vn 0.0068 0.9996 0.0257
vn -0.0043 0.9588 -0.2840
vn -0.0071 0.8936 -0.4489
vn -0.0011 0.9993 0.0370
vn 0.0052 0.9998 0.0206
vn 0.0022 0.1841 -0.9829
vn -0.0031 0.1645 -0.9864
vn -0.0039 -0.9998 -0.0209
vn -0.0054 0.1650 -0.9863
vn 0.0011 0.1431 -0.9897
vn 0.0109 0.8795 -0.4759
vn 0.0106 0.8766 -0.4810
vn 0.0006 0.8769 -0.4807
vn -0.0086 0.8828 -0.4697
vn 0.0006 0.8967 -0.4427
vn 0.0059 0.9165 -0.3999
vn -0.0287 0.9995 -0.0152
vn 0.0009 0.9862 0.1658
vn 0.0206 0.9321 0.3617
vn -0.0592 0.9688 0.2407
vn -0.0356 0.9993 0.0063
vn -0.7161 0.1967 0.6698
vn -0.4377 0.1421 0.8878
vn -0.4358 0.1585 0.8860
vn -0.7159 0.1693 0.6774
vn -0.0498 0.1510 0.9873
vn -0.0215 0.1248 0.9920
vn 0.4010 0.1504 0.9036
vn 0.7228 0.1204 0.6805
vn 0.7054 0.1283 0.6971
vn 0.3755 0.1066 0.9207
vn -0.7225 0.1296 -0.6791
vn -0.9044 0.1761 -0.3887
vn -0.9093 0.1594 -0.3845
vn -0.7176 0.1092 -0.6879
vn -0.9742 0.2251 0.0186
vn -0.9839 0.1773 0.0206
vn -0.8940 0.2315 0.3837
vn -0.9077 0.1772 0.3803
vn 0.9119 -0.2012 0.3577
vn 0.9405 -0.0036 0.3399
vn 0.6970 -0.0808 0.7125
vn 0.6774 -0.1943 0.7095
vn 0.5585 -0.5890 0.5842
vn 0.7607 -0.5741 0.3028
vn 0.9804 -0.1936 0.0376
vn 0.9998 0.0167 0.0051
vn 0.7996 -0.6002 0.0191
vn 0.8979 -0.2198 -0.3813
vn 0.7346 -0.6094 -0.2984
vn 0.5103 -0.6146 -0.6016
vn 0.6262 -0.1339 -0.7681
vn 0.6768 0.0565 -0.7340
vn 0.9235 0.0325 -0.3823
vn -0.3485 -0.1881 0.9182
vn -0.3604 -0.0075 0.9328
vn -0.6756 0.0422 0.7361
vn -0.6768 -0.1187 0.7265
vn -0.5679 -0.5554 0.6075
vn -0.2841 -0.5438 0.7896
vn -0.0043 -0.2781 0.9605
vn -0.0087 -0.0680 0.9976
vn -0.0029 -0.5809 0.8140
vn 0.3116 -0.2898 0.9049
vn 0.2690 -0.5805 0.7685
vn 0.3200 -0.0767 0.9443
vn 0.9238 0.1585 0.3485
vn 0.9226 0.1050 0.3713
vn 0.9775 0.2099 -0.0186
vn 0.9897 0.1394 -0.0335
vn 0.9023 0.2277 -0.3661
vn 0.7020 0.1833 -0.6882
vn 0.6651 0.2711 -0.6958
vn 0.8796 0.3165 -0.3550
vn -0.6186 -0.4377 0.6524
vn -0.8400 -0.4532 0.2984
vn -0.4515 -0.8794 0.1510
vn -0.3360 -0.8734 0.3525
vn -0.8828 -0.4654 -0.0640
vn -0.4839 -0.8737 -0.0494
vn -0.7800 -0.4887 -0.3909
vn -0.5631 -0.5012 -0.6570
vn -0.3304 -0.8576 -0.3941
vn -0.4443 -0.8637 -0.2379
vn -0.3120 -0.4924 -0.8125
vn -0.1819 -0.8618 -0.4734
vn -0.0566 -0.4773 -0.8769
vn -0.0414 -0.8649 -0.5003
vn 0.1160 -0.8683 -0.4822
vn 0.2372 -0.4558 -0.8579
vn 0.5733 -0.4566 -0.6803
vn 0.3048 -0.8738 -0.3789
vn -0.4049 -0.0717 -0.9115
vn -0.3821 -0.1570 -0.9107
vn -0.6699 -0.0578 -0.7402
vn -0.6575 -0.0138 -0.7534
vn -0.0524 -0.1413 -0.9886
vn -0.0541 -0.2200 -0.9740
vn -0.4160 -0.2785 -0.8657
vn -0.3720 -0.4811 -0.7938
vn -0.6365 -0.4363 -0.6361
vn -0.7146 -0.2477 -0.6542
vn 0.0188 -0.2766 -0.9608
vn -0.0163 -0.4766 -0.8790
vn 0.3512 -0.0260 -0.9359
vn 0.3515 -0.4273 -0.8330
vn 0.6230 -0.3978 -0.6735
vn 0.3061 -0.1927 -0.9323
vn -0.3548 -0.3485 0.8676
vn -0.6375 -0.3518 0.6855
vn -0.0264 -0.3771 0.9258
vn 0.3520 -0.2418 0.9042
vn 0.3088 -0.3791 0.8723
vn 0.6718 -0.3528 0.6513
vn 0.7124 -0.2152 0.6679
vn -0.0502 -0.2463 0.9679
vn -0.9132 0.0353 -0.4060
vn -0.8450 -0.3924 -0.3633
vn -0.9960 0.0634 -0.0626
vn -0.9136 -0.4027 -0.0569
vn -0.9073 -0.0708 -0.4146
vn -0.9934 -0.0913 -0.0697
vn -0.9393 0.0478 0.3396
vn -0.9325 -0.1313 0.3364
vn -0.9028 -0.1928 0.3844
vn -0.8634 -0.3787 0.3335
vn -0.6775 -0.1773 0.7138
vn -0.9693 -0.2420 -0.0427
vn 0.8812 -0.3431 0.3251
vn 0.9302 -0.3666 0.0189
vn 0.8949 -0.2156 -0.3908
vn 0.8557 -0.3674 -0.3644
vn 0.6594 -0.2077 -0.7225
vn 0.9692 -0.2456 0.0181
vn -0.7180 0.1682 -0.6754
vn -0.4327 0.1802 -0.8833
vn -0.4391 0.0145 -0.8983
vn -0.7347 -0.0011 -0.6784
vn 0.0284 0.1613 -0.9865
vn 0.0307 0.0026 -0.9995
vn 0.7071 0.0237 -0.7067
vn 0.4170 -0.0005 -0.9089
vn 0.4111 0.1103 -0.9049
vn 0.6858 0.1119 -0.7192
vn -0.7011 0.0036 0.7130
vn -0.4105 -0.0244 0.9116
vn -0.4268 0.1239 0.8958
vn -0.7020 0.1814 0.6887
vn -0.0609 -0.0464 0.9971
vn -0.0625 0.1389 0.9883
vn 0.7189 0.1600 0.6764
vn 0.4044 0.1657 0.8994
vn 0.3920 -0.0183 0.9198
vn 0.7284 0.0057 0.6851
vn -0.9104 -0.0149 -0.4135
vn -0.8954 0.1967 -0.3995
vn -0.9999 0.0083 -0.0124
vn -0.9724 0.2332 0.0080
vn -0.8956 0.2242 0.3843
vn -0.9156 0.0237 0.4014
vn 0.9188 -0.0177 0.3942
vn 0.9020 0.2030 0.3811
vn 0.9998 -0.0010 -0.0191
vn 0.9723 0.2334 0.0086
vn 0.9029 0.1798 -0.3904
vn 0.9145 0.0344 -0.4032
vn -0.4548 0.1165 -0.8830
vn 0.0002 0.0832 -0.9965
vn -0.4330 0.0254 -0.9010
vn -0.0112 -0.0370 -0.9993
vn 0.4172 0.0870 -0.9047
vn 0.3980 0.0323 -0.9168
vn 0.4520 -0.8728 0.1842
vn 0.8214 -0.4662 0.3284
vn 0.6134 -0.4651 0.6383
vn 0.3544 -0.8620 0.3625
vn 0.4708 -0.8822 0.0110
vn 0.8863 -0.4628 0.0187
vn 0.8193 -0.4658 -0.3344
vn 0.4327 -0.8838 -0.1780
vn -0.1588 -0.8695 0.4677
vn -0.2940 -0.4127 0.8621
vn 0.0057 -0.8655 0.5008
vn 0.0081 -0.4008 0.9161
vn 0.3067 -0.4263 0.8510
vn 0.1775 -0.8627 0.4736
vn -0.7742 -0.5658 0.2835
vn -0.8161 -0.5757 -0.0502
vn -0.5451 -0.5715 -0.6134
vn -0.7423 -0.5720 -0.3491
vn -0.3008 -0.5686 -0.7657
vn -0.0426 -0.5882 -0.8076
vn 0.2329 -0.5804 -0.7803
vn 0.3986 -0.2195 -0.8905
vn -0.3830 -0.2017 0.9014
vn -0.8876 -0.2375 -0.3946
vn 0.9006 -0.2280 0.3701
vn -0.0001 -1.0000 -0.0004
vn -0.0498 0.1509 0.9873
vn 0.7054 0.1282 0.6972
vn 0.5585 -0.5889 0.5842
vn 0.9235 0.0325 -0.3822
vn -0.0029 -0.5809 0.8139
vn 0.9226 0.1049 0.3713
vn 0.6651 0.2712 -0.6958
vn -0.3304 -0.8577 -0.3941
vn -0.4049 -0.0718 -0.9115
vn -0.6699 -0.0577 -0.7402
vn -0.6574 -0.0138 -0.7534
vn 0.8557 -0.3673 -0.3644
vn -0.4327 0.1803 -0.8833
vn 0.6858 0.1118 -0.7192
vn -0.7011 0.0035 0.7130
vn -0.9999 0.0084 -0.0124
vn 0.9998 -0.0009 -0.0191
vn 0.3980 0.0324 -0.9168
vn -0.7743 -0.5658 0.2835
vn -0.5451 -0.5714 -0.6134
vn -0.3008 -0.5685 -0.7657
vn 0.7161 0.1967 0.6698
vn 0.7159 0.1693 0.6774
vn 0.4358 0.1585 0.8860
vn 0.4377 0.1421 0.8878
vn 0.0216 0.1248 0.9920
vn 0.0498 0.1510 0.9873
vn -0.4010 0.1504 0.9036
vn -0.3755 0.1066 0.9207
vn -0.7054 0.1283 0.6971
vn -0.7228 0.1204 0.6805
vn 0.7225 0.1296 -0.6791
vn 0.7176 0.1092 -0.6879
vn 0.9093 0.1594 -0.3845
vn 0.9044 0.1761 -0.3887
vn 0.9839 0.1773 0.0206
vn 0.9742 0.2251 0.0186
vn 0.8940 0.2315 0.3837
vn 0.9077 0.1772 0.3803
vn -0.6970 -0.0808 0.7125
vn -0.9405 -0.0036 0.3399
vn -0.9119 -0.2012 0.3577
vn -0.6774 -0.1943 0.7095
vn -0.7607 -0.5741 0.3028
vn -0.5585 -0.5890 0.5842
vn -0.9998 0.0167 0.0051
vn -0.9804 -0.1936 0.0376
vn -0.7996 -0.6002 0.0191
vn -0.5103 -0.6146 -0.6016
vn -0.7346 -0.6094 -0.2984
vn -0.8979 -0.2198 -0.3813
vn -0.6262 -0.1339 -0.7681
vn -0.9235 0.0325 -0.3823
vn -0.6768 0.0565 -0.7340
vn 0.6756 0.0422 0.7361
vn 0.3604 -0.0075 0.9328
vn 0.3485 -0.1881 0.9182
vn 0.6768 -0.1187 0.7265
vn 0.2841 -0.5438 0.7897
vn 0.5679 -0.5554 0.6075
vn 0.0087 -0.0680 0.9976
vn 0.0043 -0.2781 0.9605
vn 0.0029 -0.5809 0.8140
vn -0.2690 -0.5805 0.7685
vn -0.3116 -0.2898 0.9049
vn -0.3200 -0.0767 0.9443
vn -0.9226 0.1050 0.3713
vn -0.9238 0.1585 0.3485
vn -0.9897 0.1394 -0.0335
vn -0.9775 0.2099 -0.0186
vn -0.9023 0.2277 -0.3661
vn -0.8796 0.3165 -0.3550
vn -0.6651 0.2711 -0.6958
vn -0.7020 0.1833 -0.6882
vn 0.6186 -0.4377 0.6524
vn 0.3360 -0.8734 0.3525
vn 0.4515 -0.8794 0.1510
vn 0.8400 -0.4532 0.2984
vn 0.4839 -0.8737 -0.0494
vn 0.8828 -0.4654 -0.0640
vn 0.7800 -0.4887 -0.3909
vn 0.4443 -0.8637 -0.2379
vn 0.3304 -0.8576 -0.3941
vn 0.5631 -0.5012 -0.6570
vn 0.1819 -0.8618 -0.4734
vn 0.3120 -0.4924 -0.8125
vn 0.0414 -0.8649 -0.5003
vn 0.0566 -0.4773 -0.8769
vn -0.5733 -0.4566 -0.6803
vn -0.2372 -0.4558 -0.8579
vn -0.1160 -0.8683 -0.4822
vn -0.3048 -0.8738 -0.3789
vn 0.6699 -0.0578 -0.7402
vn 0.3821 -0.1570 -0.9107
vn 0.4049 -0.0717 -0.9115
vn 0.6574 -0.0138 -0.7534
vn 0.0541 -0.2200 -0.9740
vn 0.0524 -0.1413 -0.9886
vn 0.6365 -0.4363 -0.6361
vn 0.3720 -0.4811 -0.7938
vn 0.4160 -0.2785 -0.8657
vn 0.7146 -0.2477 -0.6542
vn 0.0163 -0.4766 -0.8790
vn -0.0188 -0.2766 -0.9608
vn -0.6230 -0.3978 -0.6735
vn -0.3515 -0.4273 -0.8330
vn -0.3512 -0.0260 -0.9359
vn -0.3061 -0.1927 -0.9323
vn 0.6375 -0.3518 0.6855
vn 0.3548 -0.3485 0.8676
vn 0.0264 -0.3771 0.9258
vn -0.6718 -0.3528 0.6513
vn -0.3088 -0.3791 0.8723
vn -0.3520 -0.2418 0.9042
vn -0.7124 -0.2152 0.6679
vn 0.0502 -0.2463 0.9679
vn 0.8450 -0.3924 -0.3633
vn 0.9132 0.0353 -0.4060
vn 0.9136 -0.4027 -0.0569
vn 0.9960 0.0634 -0.0626
vn 0.9073 -0.0708 -0.4146
vn 0.9934 -0.0913 -0.0697
vn 0.9325 -0.1313 0.3364
vn 0.9393 0.0478 0.3396
vn 0.8634 -0.3787 0.3335
vn 0.9028 -0.1928 0.3844
vn 0.6775 -0.1773 0.7138
vn 0.9693 -0.2420 -0.0427
vn -0.8812 -0.3431 0.3251
vn -0.9302 -0.3666 0.0189
vn -0.8557 -0.3673 -0.3644
vn -0.8949 -0.2156 -0.3908
vn -0.6594 -0.2077 -0.7225
vn -0.9692 -0.2456 0.0181
vn 0.7180 0.1682 -0.6754
vn 0.7347 -0.0011 -0.6784
vn 0.4391 0.0145 -0.8983
vn 0.4327 0.1802 -0.8833
vn -0.0307 0.0026 -0.9995
vn -0.0284 0.1613 -0.9865
vn -0.4111 0.1103 -0.9049
vn -0.4170 -0.0005 -0.9089
vn -0.7071 0.0237 -0.7067
vn -0.6858 0.1119 -0.7192
vn 0.4268 0.1239 0.8958
vn 0.4105 -0.0244 0.9116
vn 0.7011 0.0036 0.7130
vn 0.7020 0.1814 0.6887
vn 0.0625 0.1389 0.9883
vn 0.0609 -0.0464 0.9971
vn -0.7189 0.1600 0.6764
vn -0.7284 0.0057 0.6851
vn -0.3920 -0.0183 0.9198
vn -0.4044 0.1657 0.8994
vn 0.8954 0.1967 -0.3995
vn 0.9104 -0.0149 -0.4135
vn 0.9724 0.2332 0.0080
vn 0.9999 0.0083 -0.0124
vn 0.9156 0.0237 0.4014
vn 0.8956 0.2242 0.3843
vn -0.9020 0.2030 0.3811
vn -0.9188 -0.0177 0.3942
vn -0.9723 0.2334 0.0086
vn -0.9998 -0.0010 -0.0191
vn -0.9145 0.0344 -0.4032
vn -0.9029 0.1798 -0.3904
vn 0.4548 0.1165 -0.8830
vn -0.0002 0.0832 -0.9965
vn 0.4330 0.0254 -0.9010
vn 0.0112 -0.0370 -0.9993
vn -0.3980 0.0323 -0.9168
vn -0.4172 0.0870 -0.9047
vn -0.6134 -0.4651 0.6383
vn -0.8215 -0.4662 0.3284
vn -0.4520 -0.8728 0.1842
vn -0.3544 -0.8620 0.3625
vn -0.8863 -0.4628 0.0187
vn -0.4708 -0.8822 0.0110
vn -0.4327 -0.8838 -0.1780
vn -0.8193 -0.4658 -0.3344
vn 0.2940 -0.4127 0.8621
vn 0.1588 -0.8695 0.4677
vn -0.0081 -0.4008 0.9161
vn -0.0057 -0.8655 0.5008
vn -0.1775 -0.8627 0.4736
vn -0.3067 -0.4263 0.8510
vn 0.7742 -0.5658 0.2835
vn 0.8161 -0.5757 -0.0502
vn 0.7423 -0.5720 -0.3491
vn 0.5451 -0.5715 -0.6134
vn 0.3008 -0.5686 -0.7657
vn 0.0426 -0.5882 -0.8076
vn -0.2329 -0.5804 -0.7803
vn -0.3986 -0.2195 -0.8905
vn 0.3830 -0.2017 0.9014
vn 0.8876 -0.2375 -0.3946
vn -0.9006 -0.2280 0.3701
vn 0.0001 -1.0000 -0.0004
vn 0.0498 0.1509 0.9873
vn -0.7054 0.1282 0.6972
vn -0.5585 -0.5889 0.5842
vn 0.2841 -0.5438 0.7896
vn 0.0087 -0.0680 0.9977
vn 0.0029 -0.5809 0.8139
vn -0.9226 0.1049 0.3713
vn -0.6651 0.2712 -0.6958
vn 0.3304 -0.8577 -0.3941
vn 0.6699 -0.0577 -0.7402
vn 0.4049 -0.0718 -0.9115
vn 0.6776 -0.1773 0.7138
vn 0.4327 0.1803 -0.8833
vn -0.6858 0.1118 -0.7192
vn 0.7011 0.0035 0.7130
vn 0.9999 0.0084 -0.0124
vn -0.9998 -0.0009 -0.0191
vn -0.3980 0.0324 -0.9168
vn 0.7743 -0.5658 0.2835
vn 0.5451 -0.5714 -0.6134
vn 0.3008 -0.5685 -0.7657
vn -0.6316 -0.5944 0.4977
vn -0.0075 -0.0568 0.9984
vn -0.9215 0.1388 0.3627
vn -0.6798 0.7302 -0.0686
vn -0.7797 0.0246 -0.6257
vn -0.8854 0.2306 0.4036
vn 0.3354 0.3545 0.8728
vn 0.2641 0.5213 0.8115
vn 0.2137 0.5395 0.8144
vn 0.2316 0.3639 0.9022
vn 0.9973 -0.0044 -0.0737
vn 0.5228 0.3829 0.7616
vn 0.6406 0.2833 0.7137
vn 0.9948 -0.0267 -0.0984
vn 0.1887 -0.3391 -0.9216
vn 0.1380 -0.4971 -0.8567
vn -0.1560 -0.5469 -0.8226
vn -0.1366 -0.3553 -0.9247
vn 0.9908 -0.1207 -0.0617
vn 0.4992 -0.3834 -0.7771
vn 0.5376 -0.2850 -0.7936
vn 0.0344 -0.9796 0.1978
vn 0.2936 -0.4523 0.8421
vn 0.3187 -0.4209 0.8493
vn 0.0091 -0.9913 0.1310
vn 0.0084 0.9414 -0.3371
vn -0.3326 0.2731 -0.9027
vn -0.5212 0.1786 -0.8345
vn -0.0307 0.9126 -0.4078
vn -0.1386 0.9181 -0.3712
vn 0.0670 0.6996 0.7114
vn 0.2776 0.7416 0.6107
vn 0.1181 -0.9219 0.3690
vn -0.6892 -0.6174 -0.3793
vn -0.4249 -0.7843 -0.4519
vn -0.1029 -0.9442 0.3130
vn 0.1130 -0.9558 0.2715
vn 0.4189 -0.1392 0.8973
vn 0.1458 -0.2799 0.9489
vn -0.0530 0.9052 -0.4217
vn 0.1071 0.9161 -0.3863
vn 0.3472 -0.0034 -0.9378
vn 0.0693 0.1372 -0.9881
vn 0.1825 0.1741 0.9677
vn 0.1315 0.3632 0.9224
vn -0.3114 0.3320 0.8904
vn -0.2143 0.2861 0.9339
vn -0.0023 -0.8080 -0.5892
vn -0.1699 -0.8614 -0.4787
vn 0.9355 -0.3399 0.0967
vn 0.3082 -0.6861 -0.6590
vn 0.2252 0.1554 0.9618
vn 0.3068 0.1632 0.9377
vn -0.9250 0.1133 0.3627
vn -0.9207 -0.1649 -0.3539
vn -0.8836 -0.2445 -0.3993
vn -0.9366 0.1797 0.3007
vn 0.6118 0.1627 0.7741
vn -0.6815 -0.2882 -0.6727
vn -0.9020 -0.1440 -0.4071
vn -0.6590 -0.1492 -0.7372
vn 0.0638 0.7948 0.6036
vn 0.1263 0.8161 0.5639
vn 0.9937 0.1102 -0.0187
vn 0.2648 0.6416 0.7199
vn 0.1664 -0.1880 -0.9680
vn -0.1418 -0.1545 -0.9778
vn -0.1995 0.3866 0.9004
vn -0.9257 0.0638 0.3727
vn 0.5061 -0.2271 -0.8320
vn 0.3098 0.5223 0.7945
vn 0.3103 0.3556 0.8816
vn 0.2872 0.3575 0.8886
vn 0.2742 0.5289 0.8032
vn -0.2855 -0.5554 -0.7810
vn -0.3900 -0.5423 -0.7442
vn -0.4270 -0.3439 -0.8363
vn -0.2958 -0.3544 -0.8871
vn -0.0050 -0.9627 0.2706
vn -0.0728 -0.9492 0.3062
vn 0.1411 -0.3620 0.9215
vn 0.2330 -0.3996 0.8866
vn -0.0334 0.9424 -0.3328
vn -0.0798 0.9261 -0.3688
vn -0.1672 0.2534 -0.9528
vn -0.2602 0.2772 -0.9249
vn -0.2527 -0.8607 -0.4420
vn -0.2142 -0.8685 -0.4470
vn 0.3184 0.1305 0.9389
vn 0.2907 0.1483 0.9453
vn 0.2911 0.7851 0.5467
vn 0.2222 0.8055 0.5494
vn -0.4202 -0.1388 -0.8968
vn -0.2969 -0.1404 -0.9445
vn 0.7076 0.6682 -0.2298
vn 0.1841 0.4991 0.8468
vn -0.6174 -0.4597 -0.6384
vn 0.6162 -0.7437 0.2592
vn 0.6316 -0.5944 0.4977
vn 0.0075 -0.0568 0.9984
vn -0.1181 -0.9219 0.3690
vn 0.6798 0.7302 -0.0686
vn 0.7797 0.0246 -0.6257
vn 0.1386 0.9181 -0.3712
vn -0.3354 0.3545 0.8728
vn -0.2316 0.3639 0.9022
vn -0.2137 0.5395 0.8144
vn -0.2641 0.5213 0.8115
vn -0.6406 0.2833 0.7137
vn -0.5228 0.3829 0.7616
vn -0.9973 -0.0044 -0.0737
vn -0.9948 -0.0267 -0.0984
vn -0.1887 -0.3391 -0.9216
vn 0.1366 -0.3553 -0.9247
vn 0.1560 -0.5469 -0.8226
vn -0.1380 -0.4971 -0.8567
vn -0.5376 -0.2850 -0.7936
vn -0.4992 -0.3834 -0.7771
vn -0.9908 -0.1207 -0.0617
vn -0.3187 -0.4209 0.8493
vn -0.2936 -0.4523 0.8421
vn -0.0344 -0.9796 0.1978
vn -0.0091 -0.9913 0.1310
vn 0.5212 0.1786 -0.8345
vn 0.3326 0.2731 -0.9027
vn -0.0084 0.9414 -0.3371
vn 0.0307 0.9126 -0.4078
vn -0.2776 0.7416 0.6107
vn -0.0671 0.6996 0.7114
vn 0.4249 -0.7843 -0.4519
vn 0.6892 -0.6174 -0.3793
vn 0.1029 -0.9442 0.3130
vn -0.1458 -0.2799 0.9489
vn -0.4189 -0.1392 0.8973
vn -0.1130 -0.9558 0.2715
vn 0.0530 0.9052 -0.4217
vn -0.0693 0.1372 -0.9881
vn -0.3472 -0.0034 -0.9378
vn -0.1071 0.9161 -0.3863
vn -0.1825 0.1741 0.9677
vn 0.2143 0.2861 0.9339
vn 0.3114 0.3320 0.8904
vn -0.1315 0.3632 0.9224
vn 0.1699 -0.8614 -0.4787
vn 0.0023 -0.8080 -0.5892
vn -0.3082 -0.6861 -0.6590
vn -0.9355 -0.3399 0.0967
vn -0.2252 0.1554 0.9618
vn -0.3068 0.1632 0.9377
vn 0.8836 -0.2445 -0.3993
vn 0.9207 -0.1649 -0.3539
vn 0.9250 0.1133 0.3627
vn 0.9366 0.1797 0.3007
vn -0.6118 0.1627 0.7741
vn 0.9020 -0.1440 -0.4071
vn 0.6815 -0.2882 -0.6727
vn 0.6590 -0.1492 -0.7372
vn -0.1263 0.8161 0.5639
vn -0.0638 0.7948 0.6036
vn -0.2648 0.6416 0.7199
vn -0.9937 0.1102 -0.0187
vn -0.1664 -0.1880 -0.9680
vn 0.1418 -0.1545 -0.9778
vn 0.1995 0.3866 0.9004
vn 0.9257 0.0638 0.3727
vn -0.5061 -0.2271 -0.8320
vn -0.2872 0.3575 0.8886
vn -0.3103 0.3556 0.8816
vn -0.3098 0.5223 0.7945
vn -0.2742 0.5289 0.8032
vn 0.2855 -0.5554 -0.7810
vn 0.2958 -0.3544 -0.8871
vn 0.4270 -0.3439 -0.8363
vn 0.3900 -0.5423 -0.7442
vn 0.0050 -0.9627 0.2706
vn -0.2330 -0.3996 0.8866
vn -0.1411 -0.3620 0.9215
vn 0.0728 -0.9492 0.3062
vn 0.0334 0.9424 -0.3328
vn 0.2602 0.2772 -0.9249
vn 0.1672 0.2534 -0.9528
vn 0.0798 0.9261 -0.3688
vn 0.2142 -0.8685 -0.4470
vn 0.2527 -0.8607 -0.4420
vn -0.2907 0.1483 0.9453
vn -0.3184 0.1305 0.9389
vn -0.2222 0.8055 0.5494
vn -0.2911 0.7851 0.5467
vn 0.2969 -0.1404 -0.9445
vn 0.4202 -0.1388 -0.8968
vn 0.8854 0.2306 0.4036
vn -0.7076 0.6682 -0.2298
vn -0.1841 0.4991 0.8468
vn 0.6174 -0.4597 -0.6384
vn -0.6162 -0.7437 0.2592
vn 0.9215 0.1388 0.3627
vn -0.6868 -0.6641 0.2955
vn -0.1458 -0.1788 0.9730
vn -0.9374 0.1609 0.3087
vn -0.8230 0.5659 -0.0495
vn -0.6547 0.0055 -0.7559
vn -0.9624 -0.0697 0.2625
vn 0.1080 0.1192 0.9870
vn 0.1002 0.3974 0.9121
vn 0.0012 0.3864 0.9223
vn 0.0473 0.0949 0.9944
vn -0.9631 0.2174 0.1587
vn -0.9969 0.0354 0.0698
vn -0.7945 -0.2211 -0.5656
vn -0.7417 -0.3021 -0.5989
vn -0.1612 -0.3577 -0.9198
vn -0.4646 -0.3223 -0.8248
vn -0.4256 -0.1032 -0.8990
vn -0.1467 -0.0494 -0.9879
vn -0.4924 0.3265 0.8068
vn -0.4174 0.4603 0.7835
vn -0.9692 -0.0568 0.2396
vn 0.0936 0.5937 0.7992
vn -0.0000 0.3991 0.9169
vn -0.0000 0.5999 0.8001
vn -0.0000 -0.9232 0.3842
vn 0.0801 -0.9317 0.3542
vn -0.0564 -0.9234 -0.3797
vn -0.0000 -0.9483 -0.3175
vn 0.0000 0.1517 0.9884
vn 0.0000 -0.6057 -0.7957
vn -0.1399 -0.5917 -0.7939
vn 0.0000 -0.3633 -0.9317
vn 0.0121 0.9404 -0.3399
vn 0.0687 0.8928 0.4451
vn 0.0000 0.9087 0.4173
vn 0.0000 0.9438 -0.3304
vn -0.0000 -0.0235 -0.9997
vn -0.0000 -0.4592 0.8883
vn 0.1258 -0.4743 0.8713
vn 0.0000 0.4598 -0.8880
vn -0.0815 0.4318 -0.8983
vn 0.0205 0.5818 0.8130
vn 0.1410 -0.9472 0.2880
vn -0.2204 -0.8536 -0.4721
vn -0.4124 -0.5137 -0.7524
vn -0.0023 0.9301 -0.3673
vn 0.0760 0.8651 0.4958
vn 0.1847 -0.4298 0.8839
vn 0.0692 -0.9735 0.2181
vn -0.2702 0.3074 -0.9124
vn -0.1837 0.8922 -0.4126
vn -0.2160 0.7273 0.6515
vn -0.6807 -0.4251 -0.5967
vn -0.3750 0.1359 0.9170
vn -0.7624 -0.1723 -0.6237
vn 0.6868 -0.6641 0.2955
vn 0.1458 -0.1788 0.9730
vn -0.0692 -0.9735 0.2181
vn 0.8230 0.5659 -0.0495
vn 0.6547 0.0055 -0.7559
vn 0.1837 0.8922 -0.4126
vn -0.1080 0.1192 0.9870
vn -0.0473 0.0949 0.9944
vn -0.0012 0.3864 0.9223
vn -0.1002 0.3974 0.9121
vn 0.9631 0.2174 0.1587
vn 0.7417 -0.3021 -0.5989
vn 0.7945 -0.2211 -0.5656
vn 0.9969 0.0354 0.0698
vn 0.4256 -0.1032 -0.8990
vn 0.4646 -0.3223 -0.8248
vn 0.1612 -0.3577 -0.9198
vn 0.1467 -0.0494 -0.9879
vn 0.4174 0.4603 0.7835
vn 0.4924 0.3265 0.8068
vn 0.9692 -0.0568 0.2396
vn -0.0936 0.5937 0.7992
vn 0.0564 -0.9234 -0.3797
vn -0.0801 -0.9317 0.3542
vn 0.1399 -0.5917 -0.7939
vn -0.0687 0.8928 0.4451
vn -0.0121 0.9404 -0.3399
vn -0.1258 -0.4743 0.8713
vn 0.0815 0.4318 -0.8983
vn -0.0205 0.5818 0.8130
vn 0.2204 -0.8536 -0.4721
vn -0.1410 -0.9472 0.2880
vn 0.4124 -0.5137 -0.7524
vn -0.0760 0.8651 0.4958
vn 0.0023 0.9301 -0.3673
vn -0.1847 -0.4298 0.8839
vn 0.2702 0.3074 -0.9124
vn 0.2160 0.7273 0.6515
vn 0.6807 -0.4251 -0.5967
vn 0.3750 0.1359 0.9170
vn 0.7624 -0.1723 -0.6237
vn 0.9374 0.1609 0.3087
vn 0.9624 -0.0697 0.2625
vn -0.0396 -0.5513 0.8334
vn 0.6484 0.0077 0.7612
vn -0.5098 0.1433 0.8483
vn -0.5546 0.7378 0.3849
vn -0.9944 -0.0161 -0.1044
vn -0.4458 0.1690 0.8791
vn 0.5969 0.5772 0.5573
vn 0.5351 0.6122 0.5822
vn 0.6485 0.4193 0.6353
vn 0.7304 0.4244 0.5352
vn 0.7670 0.1585 -0.6218
vn 0.8165 0.4670 0.3395
vn 0.8984 0.3989 0.1836
vn 0.7149 0.1425 -0.6845
vn -0.2425 -0.2916 -0.9253
vn -0.2619 -0.4439 -0.8570
vn -0.4838 -0.5683 -0.6655
vn -0.5488 -0.3806 -0.7443
vn 0.6927 0.2119 -0.6894
vn 0.0073 -0.2363 -0.9716
vn 0.0687 -0.1761 -0.9820
vn 0.4040 -0.9073 0.1171
vn 0.8469 -0.2338 0.4776
vn 0.8396 -0.1888 0.5094
vn 0.3292 -0.9401 0.0881
vn -0.3275 0.9248 -0.1938
vn -0.8428 0.2245 -0.4892
vn -0.9325 0.1144 -0.3427
vn -0.3041 0.9260 -0.2236
vn -0.3064 0.9296 -0.2050
vn 0.4576 0.6918 0.5587
vn 0.4681 0.8277 0.3095
vn 0.1844 -0.9665 0.1786
vn -0.7763 -0.6224 0.0999
vn -0.5505 -0.8221 -0.1451
vn 0.1917 -0.9629 0.1899
vn 0.1877 -0.9719 0.1418
vn 0.8418 -0.0441 0.5381
vn 0.7137 -0.1911 0.6739
vn -0.4077 0.8915 -0.1977
vn -0.3029 0.9222 -0.2404
vn -0.2080 0.0848 -0.9745
vn -0.4990 0.1426 -0.8548
vn 0.7297 0.2618 0.6317
vn 0.6550 0.4156 0.6311
vn 0.3434 0.3300 0.8793
vn 0.4388 0.2713 0.8566
vn -0.1958 -0.7896 -0.5816
vn -0.2422 -0.8915 -0.3829
vn 0.7886 0.2230 -0.5730
vn -0.0779 -0.4918 -0.8672
vn 0.7015 0.2441 0.6695
vn 0.7684 0.2810 0.5749
vn -0.4796 0.0039 0.8775
vn -0.9121 -0.3057 0.2730
vn -0.9087 -0.3523 0.2238
vn -0.5027 0.1002 0.8586
vn 0.9041 0.3543 0.2388
vn -0.9127 -0.3933 -0.1108
vn -0.9387 -0.2873 0.1904
vn -0.9492 -0.2589 -0.1790
vn 0.2958 0.7981 0.5249
vn 0.2818 0.8515 0.4422
vn 0.7828 0.3260 -0.5301
vn 0.5060 0.6875 0.5210
vn -0.3191 -0.1711 -0.9321
vn -0.6168 -0.1925 -0.7632
vn 0.4086 0.4425 0.7983
vn -0.4322 -0.0173 0.9016
vn 0.0155 -0.1358 -0.9906
vn 0.6309 0.6325 0.4493
vn 0.7368 0.4335 0.5189
vn 0.6927 0.4284 0.5802
vn 0.5853 0.6243 0.5173
vn -0.6024 -0.6043 -0.5215
vn -0.7012 -0.5971 -0.3897
vn -0.8047 -0.4204 -0.4192
vn -0.7025 -0.4126 -0.5799
vn 0.3248 -0.9184 0.2258
vn 0.7141 -0.2550 0.6519
vn 0.7826 -0.2534 0.5685
vn 0.3615 -0.9186 0.1593
vn -0.3514 0.9226 -0.1591
vn -0.3954 0.9061 -0.1508
vn -0.6982 0.2227 -0.6804
vn -0.7841 0.2439 -0.5707
vn -0.3464 -0.8994 -0.2666
vn -0.2846 -0.9056 -0.3145
vn 0.8035 0.2532 0.5388
vn 0.7543 0.2475 0.6081
vn 0.4058 0.8700 0.2801
vn 0.3428 0.8701 0.3541
vn -0.8595 -0.2201 -0.4613
vn -0.7660 -0.2050 -0.6092
vn 0.6094 0.5813 0.5392
vn -0.8397 -0.5269 -0.1315
vn 0.7484 -0.5584 -0.3577
vn 0.3010 0.8469 -0.4385
vn 0.0396 -0.5513 0.8334
vn -0.6484 0.0077 0.7612
vn -0.1844 -0.9665 0.1786
vn 0.5546 0.7378 0.3849
vn 0.9944 -0.0161 -0.1044
vn 0.3064 0.9296 -0.2050
vn -0.6485 0.4193 0.6353
vn -0.5351 0.6122 0.5822
vn -0.5969 0.5772 0.5573
vn -0.7304 0.4244 0.5352
vn -0.8984 0.3989 0.1836
vn -0.8165 0.4670 0.3395
vn -0.7670 0.1585 -0.6218
vn -0.7149 0.1425 -0.6845
vn 0.2425 -0.2916 -0.9253
vn 0.5488 -0.3806 -0.7443
vn 0.4838 -0.5683 -0.6655
vn 0.2619 -0.4439 -0.8570
vn -0.0687 -0.1761 -0.9820
vn -0.0073 -0.2363 -0.9716
vn -0.6927 0.2119 -0.6894
vn -0.8396 -0.1888 0.5094
vn -0.8469 -0.2338 0.4776
vn -0.4040 -0.9073 0.1171
vn -0.3292 -0.9401 0.0881
vn 0.9325 0.1144 -0.3427
vn 0.8428 0.2245 -0.4892
vn 0.3275 0.9248 -0.1938
vn 0.3041 0.9260 -0.2236
vn -0.4681 0.8277 0.3095
vn -0.4576 0.6918 0.5587
vn 0.5505 -0.8221 -0.1451
vn 0.7763 -0.6224 0.0999
vn -0.1917 -0.9629 0.1899
vn -0.7137 -0.1911 0.6739
vn -0.8418 -0.0441 0.5381
vn -0.1877 -0.9719 0.1418
vn 0.4077 0.8915 -0.1977
vn 0.4990 0.1426 -0.8548
vn 0.2080 0.0848 -0.9745
vn 0.3029 0.9222 -0.2404
vn -0.7297 0.2618 0.6317
vn -0.4388 0.2713 0.8566
vn -0.3434 0.3300 0.8793
vn -0.6550 0.4156 0.6311
vn 0.2422 -0.8915 -0.3829
vn 0.1958 -0.7896 -0.5816
vn 0.0779 -0.4918 -0.8672
vn -0.7886 0.2230 -0.5730
vn -0.7015 0.2441 0.6695
vn -0.7684 0.2810 0.5749
vn 0.9087 -0.3523 0.2238
vn 0.9121 -0.3057 0.2730
vn 0.4796 0.0039 0.8775
vn 0.5027 0.1002 0.8586
vn -0.9041 0.3543 0.2388
vn 0.9387 -0.2873 0.1904
vn 0.9127 -0.3933 -0.1108
vn 0.9492 -0.2589 -0.1790
vn -0.2818 0.8515 0.4422
vn -0.2958 0.7981 0.5249
vn -0.5060 0.6875 0.5210
vn -0.7828 0.3260 -0.5301
vn 0.3191 -0.1711 -0.9321
vn 0.6168 -0.1925 -0.7632
vn -0.4086 0.4425 0.7983
vn 0.4322 -0.0173 0.9016
vn -0.0155 -0.1358 -0.9906
vn -0.6927 0.4284 0.5802
vn -0.7368 0.4335 0.5189
vn -0.6309 0.6325 0.4493
vn -0.5853 0.6243 0.5173
vn 0.6024 -0.6043 -0.5215
vn 0.7025 -0.4126 -0.5799
vn 0.8047 -0.4204 -0.4192
vn 0.7012 -0.5971 -0.3897
vn -0.7826 -0.2534 0.5685
vn -0.7141 -0.2550 0.6519
vn -0.3248 -0.9184 0.2258
vn -0.3615 -0.9186 0.1593
vn 0.3514 0.9226 -0.1591
vn 0.7841 0.2439 -0.5707
vn 0.6982 0.2227 -0.6804
vn 0.3954 0.9061 -0.1508
vn 0.2846 -0.9056 -0.3145
vn 0.3464 -0.8994 -0.2666
vn -0.7543 0.2475 0.6081
vn -0.8035 0.2532 0.5388
vn -0.3428 0.8701 0.3541
vn -0.4058 0.8700 0.2801
vn 0.7660 -0.2050 -0.6092
vn 0.8595 -0.2201 -0.4613
vn -0.6094 0.5813 0.5392
vn 0.8397 -0.5269 -0.1315
vn -0.7484 -0.5584 -0.3577
vn -0.3010 0.8469 -0.4385
vn 0.4458 0.1690 0.8791
vn 0.5098 0.1433 0.8483
vn 0.1520 0.3037 0.9406
vn 0.1478 0.3507 0.9247
vn 0.1478 0.3510 0.9246
vn 0.1366 0.3964 0.9079
vn 0.1367 0.3964 0.9079
vn 0.1299 0.3958 0.9091
vn 0.0847 0.4457 0.8912
vn 0.0776 0.4246 0.9021
vn 0.0774 0.4239 0.9024
vn 0.0581 0.3556 0.9328
vn 0.0556 0.3461 0.9365
vn 0.0430 0.2969 0.9539
vn -0.0979 0.4616 0.8817
vn -0.0789 0.6014 0.7951
vn -0.0834 0.5717 0.8162
vn -0.0529 0.7993 0.5986
vn -0.0523 0.8090 0.5854
vn -0.0488 0.8625 0.5038
vn -0.1157 0.3438 0.9319
vn -0.1124 0.2994 0.9475
vn -0.1131 0.3084 0.9445
vn -0.1234 0.2623 0.9571
vn -0.1204 0.2626 0.9574
vn -0.1343 0.2611 0.9559
vn -0.0703 0.3285 0.9419
vn -0.0778 0.3518 0.9328
vn -0.0767 0.3483 0.9342
vn -0.0853 0.3234 0.9424
vn -0.0852 0.3268 0.9413
vn -0.0861 0.2780 0.9567
vn -0.1286 0.3643 0.9224
vn -0.0453 0.3683 0.9286
vn -0.0443 0.3683 0.9287
vn -0.0341 0.4630 0.8857
vn -0.0328 0.4617 0.8864
vn -0.1180 0.5457 0.8296
vn -0.0765 0.3439 0.9359
vn -0.0762 0.3431 0.9362
vn 0.0823 0.2389 0.9676
vn 0.1099 0.2176 0.9698
vn 0.2803 0.0776 0.9568
vn -0.1982 0.9574 0.2098
vn -0.1120 0.9860 0.1236
vn -0.1278 0.9820 0.1394
vn -0.0327 0.9978 0.0580
vn -0.0304 0.9979 0.0577
vn -0.0148 0.9983 0.0557
vn -0.1402 0.9677 0.2094
vn -0.1930 0.9311 0.3095
vn -0.1950 0.9294 0.3133
vn -0.3077 0.8509 0.4258
vn -0.3372 0.8360 0.4329
vn -0.3923 0.8051 0.4449
vn -0.3176 0.8665 0.3851
vn 0.2950 0.6728 0.6784
vn 0.0808 0.7886 0.6096
vn 0.6068 0.2406 0.7576
vn 0.5986 0.2251 0.7688
vn 0.5453 0.1334 0.8275
vn -0.0994 0.9731 -0.2079
vn -0.3151 0.8993 0.3032
vn -0.3343 0.8776 0.3436
vn -0.1104 0.9702 -0.2156
vn -0.4286 0.5356 0.7276
vn -0.2862 0.9239 0.2539
vn -0.3827 0.6269 0.6786
vn -0.1621 0.9579 -0.2370
vn -0.2790 0.9391 0.2008
vn -0.1356 0.9650 -0.2243
vn 0.0809 0.8463 -0.5265
vn 0.1001 0.8411 -0.5316
vn -0.0386 0.9971 0.0660
vn -0.1220 0.9829 0.1376
vn 0.0915 0.9953 0.0308
vn 0.0149 0.7520 0.6590
vn -0.1685 0.7414 0.6496
vn 0.1080 0.8370 -0.5364
vn 0.1001 0.8377 -0.5370
vn 0.1449 0.9879 0.0555
vn 0.2098 0.9770 0.0392
vn -0.1814 0.9676 0.1753
vn -0.2419 0.8428 0.4807
vn 0.2183 0.9367 0.2737
vn 0.0844 0.6893 0.7196
vn -0.5812 0.3970 0.7104
vn -0.0858 0.4334 0.8971
vn -0.9514 0.1184 0.2841
vn -0.6484 0.2312 0.7254
vn -0.8668 0.3837 0.3187
vn -0.1096 0.7667 0.6326
vn -0.1505 0.7362 0.6598
vn -0.1444 0.7410 0.6558
vn -0.0564 0.7706 0.6348
vn -0.0913 0.7555 0.6488
vn -0.0000 0.8053 0.5928
vn -0.3316 0.6968 0.6360
vn -0.0521 0.5023 0.8631
vn -0.0823 0.5270 0.8459
vn 0.2270 0.3432 0.9114
vn 0.2273 0.3449 0.9107
vn 0.2386 0.4320 0.8697
vn 0.3821 0.4529 0.8055
vn 0.4267 0.3809 0.8203
vn 0.4199 0.3924 0.8183
vn 0.3703 0.3065 0.8769
vn 0.4041 0.3106 0.8603
vn 0.3079 0.2979 0.9036
vn 0.5647 0.1950 0.8019
vn 0.5354 0.3136 0.7842
vn 0.5322 0.3245 0.7819
vn 0.2864 0.7326 0.6174
vn 0.3980 0.6044 0.6902
vn 0.1593 0.9147 0.3714
vn 0.1622 0.8930 0.4197
vn 0.1534 0.9452 0.2882
vn 0.1476 0.9660 0.2124
vn 0.0732 0.9803 0.1833
vn 0.0856 0.9784 0.1882
vn 0.0138 0.9922 0.1240
vn 0.0146 0.9930 0.1169
vn -0.0000 0.9964 0.0842
vn 0.1413 0.9836 -0.1121
vn -0.2358 0.9655 0.1106
vn -0.0833 0.9964 0.0161
vn 0.1507 0.9810 -0.1224
vn -0.5595 0.7728 0.2995
vn -0.2098 0.9749 0.0750
vn -0.5124 0.7998 0.3126
vn 0.1236 0.9718 -0.2006
vn -0.2642 0.9562 0.1260
vn 0.1243 0.9826 -0.1378
vn 0.2397 0.9686 0.0661
vn -0.2495 0.8506 0.4629
vn -0.3689 0.7879 0.4930
vn 0.1896 0.9817 0.0177
vn -0.1295 0.8916 0.4340
vn -0.5493 0.4810 0.6834
vn -0.6405 0.3700 0.6730
vn 0.2237 0.9746 0.0020
vn -0.0591 0.9396 0.3372
vn 0.2514 0.9665 0.0513
vn 0.2349 0.9692 0.0737
vn -0.3961 0.8773 0.2710
vn -0.1072 0.7543 0.6477
vn 0.3636 0.7177 0.5939
vn -0.7873 0.4809 0.3859
vn -0.7679 0.4954 0.4062
vn -0.2584 0.4000 0.8793
vn -0.3237 0.3598 0.8751
vn 0.2531 0.0729 0.9647
vn 0.3013 0.1256 0.9452
vn 0.5406 -0.1278 0.8315
vn 0.4708 -0.1061 0.8758
vn -0.1630 0.2040 0.9653
vn -0.0747 0.1322 0.9884
vn -0.0974 0.2195 0.9707
vn -0.6488 0.4364 0.6234
vn -0.6942 0.3930 0.6030
vn 0.5101 -0.0867 0.8557
vn 0.5664 -0.0841 0.8198
vn 0.1684 0.1313 0.9769
vn -0.7696 0.4008 0.4971
vn -0.7807 0.3854 0.4919
vn -0.7866 0.3771 0.4890
vn -0.7317 0.4102 0.5444
vn -0.7288 0.4121 0.5468
vn -0.6509 0.4584 0.6051
vn -0.9259 0.3491 0.1443
vn -0.5655 0.8055 0.1774
vn -0.7968 0.5808 0.1665
vn 0.0231 0.9933 0.1132
vn 0.0223 0.9933 0.1135
vn 0.1371 0.9878 0.0743
vn -0.3226 0.9097 0.2616
vn -0.2890 0.9213 0.2603
vn -0.2514 0.9327 0.2585
vn -0.2498 0.9360 0.2481
vn -0.4284 0.8810 0.2007
vn -0.4027 0.9006 0.1639
vn -0.0243 0.9995 0.0181
vn 0.7220 -0.4054 -0.5607
vn 0.7367 -0.3483 -0.5796
vn 0.7383 -0.3411 -0.5818
vn 0.7273 -0.2820 -0.6257
vn 0.7277 -0.2821 -0.6252
vn 0.7069 -0.2801 -0.6494
vn 0.7613 -0.5811 -0.2877
vn 0.7772 -0.5393 -0.3243
vn 0.7899 -0.4977 -0.3582
vn 0.8068 -0.3725 -0.4586
vn 0.8061 -0.3179 -0.4991
vn 0.7966 -0.2225 -0.5621
vn -0.6109 0.4018 0.6822
vn -0.6456 0.3793 0.6628
vn -0.6554 0.3726 0.6569
vn -0.7059 0.2853 0.6483
vn -0.7135 0.2476 0.6555
vn -0.7244 0.1784 0.6659
vn -0.3500 0.1060 0.9308
vn -0.4388 0.0654 0.8962
vn -0.5250 0.0232 0.8508
vn -0.7239 0.1821 0.6655
vn -0.7656 0.3363 0.5484
vn -0.7774 0.4759 0.4113
vn 0.2496 -0.8877 -0.3870
vn 0.2445 -0.8389 -0.4863
vn 0.3762 -0.9021 -0.2113
vn 0.3740 -0.9271 -0.0247
vn 0.7013 -0.6906 -0.1766
vn 0.6696 -0.7329 0.1203
vn 0.3323 -0.8073 -0.4877
vn 0.9057 -0.4069 0.1190
vn 0.9025 -0.3623 0.2328
vn 0.7996 -0.5252 0.2913
vn -0.3855 0.4075 0.8278
vn -0.2834 0.4053 0.8692
vn 0.3985 0.3365 0.8532
vn 0.3571 0.3222 0.8768
vn -0.8335 0.2751 0.4792
vn -0.2494 0.4260 0.8697
vn -0.8144 0.3107 0.4901
vn -0.0279 0.4218 0.9063
vn 0.4434 0.3385 0.8300
vn 0.4455 0.3463 0.8256
vn -0.2110 0.5095 0.8342
vn -0.1140 0.4550 0.8832
vn 0.4008 0.3766 0.8352
vn 0.4038 0.3919 0.8266
vn -0.6047 0.2515 0.7557
vn -0.1944 0.2846 0.9387
vn -0.6363 0.4254 0.6435
vn 0.3630 0.3277 0.8723
vn -0.1037 0.2212 0.9697
vn 0.3267 0.2955 0.8978
vn -0.4845 0.2553 0.8367
vn -0.2824 0.5854 0.7600
vn -0.2824 0.5854 0.7599
vn -0.1605 0.7827 0.6014
vn -0.1335 0.7925 0.5951
vn -0.2464 0.7464 0.6182
vn -0.0752 0.3552 0.9318
vn -0.0759 0.3133 0.9466
vn -0.0758 0.3194 0.9446
vn -0.0987 0.2787 0.9553
vn -0.0931 0.2780 0.9561
vn -0.1177 0.2808 0.9525
vn -0.0720 0.3364 0.9390
vn -0.0797 0.3601 0.9295
vn -0.0785 0.3565 0.9310
vn -0.0873 0.3312 0.9395
vn -0.0873 0.3346 0.9383
vn -0.0882 0.2849 0.9545
vn -0.1315 0.3727 0.9186
vn -0.0462 0.3769 0.9251
vn -0.0452 0.3769 0.9251
vn -0.0349 0.4729 0.8804
vn -0.0336 0.4716 0.8812
vn -0.1202 0.5558 0.8226
vn -0.0783 0.3521 0.9327
vn -0.0780 0.3512 0.9330
vn 0.0845 0.2449 0.9659
vn 0.1128 0.2231 0.9683
vn 0.2873 0.0796 0.9545
vn -0.3395 0.7974 0.4989
vn -0.2091 0.9036 0.3739
vn -0.2299 0.8897 0.3944
vn -0.1209 0.9515 0.2828
vn -0.1256 0.9497 0.2869
vn -0.1432 0.9424 0.3023
vn -0.2073 0.8461 0.4910
vn -0.2594 0.7288 0.6337
vn -0.2529 0.7463 0.6157
vn -0.3359 0.5326 0.7769
vn -0.3527 0.4992 0.7915
vn -0.3857 0.4275 0.8176
vn -0.2665 0.8656 0.4240
vn -0.4699 0.3826 0.7955
vn -0.0851 0.5502 0.8307
vn 0.1441 0.7452 0.6511
vn -0.6324 -0.0502 0.7730
vn -0.7477 0.2332 0.6217
vn -0.0447 0.3183 0.9469
vn 0.0716 0.2339 0.9696
vn 0.5436 0.1542 0.8251
vn 0.5847 0.2162 0.7819
vn -0.3310 0.8898 0.3140
vn -0.4132 0.5525 0.7239
vn -0.4064 0.6051 0.6846
vn -0.3491 0.8700 0.3483
vn -0.3894 0.0821 0.9174
vn -0.4076 0.6025 0.6862
vn -0.3750 0.1231 0.9188
vn -0.3162 0.9168 0.2439
vn -0.3894 0.6156 0.6851
vn -0.3166 0.9115 0.2625
vn -0.1018 0.9736 0.2042
vn -0.0631 0.9744 0.2158
vn -0.1825 0.7041 0.6862
vn -0.2510 0.6838 0.6851
vn -0.0284 0.7500 0.6609
vn -0.0952 0.3297 0.9393
vn -0.2282 0.2103 0.9506
vn 0.0500 0.9713 0.2325
vn 0.1184 0.9641 0.2375
vn 0.0609 0.8267 0.5593
vn 0.1865 0.8945 0.4064
vn -0.0709 0.7704 0.6337
vn -0.0007 0.7086 0.7056
vn 0.2013 0.8193 0.5369
vn 0.1074 0.5264 0.8435
vn -0.1276 0.3934 0.9105
vn 0.0429 0.3270 0.9441
vn -0.1884 0.2408 0.9521
vn -0.0683 0.2626 0.9625
vn -0.2341 0.3442 0.9092
vn -0.0635 0.9585 0.2778
vn -0.1167 0.9493 0.2919
vn -0.1435 0.7375 0.6600
vn -0.1253 0.7381 0.6630
vn -0.1012 0.7594 0.6427
vn -0.0957 0.4043 0.9096
vn -0.1555 0.3860 0.9093
vn -0.0792 0.9637 0.2548
vn 0.0000 0.9754 0.2205
vn 0.0000 0.8138 0.5811
vn -0.2799 0.8203 0.4988
vn 0.0561 0.6587 0.7503
vn 0.2684 0.6966 0.6653
vn -0.1860 0.9363 0.2979
vn -0.3298 0.4117 0.8495
vn -0.1769 0.4251 0.8877
vn 0.2394 0.3450 0.9075
vn 0.2227 0.3821 0.8969
vn 0.5540 0.2215 0.8025
vn 0.5702 0.2293 0.7888
vn 0.6482 0.5136 0.5622
vn 0.7082 0.3423 0.6175
vn 0.3351 0.4248 0.8410
vn 0.2525 0.4763 0.8422
vn 0.3979 0.3389 0.8525
vn 0.0800 0.4109 0.9082
vn -0.0076 0.3906 0.9205
vn 0.6290 0.2391 0.7397
vn 0.5572 0.2554 0.7901
vn 0.3947 0.3240 0.8598
vn 0.5765 0.1993 0.7924
vn 0.5460 0.3187 0.7748
vn 0.5432 0.3283 0.7728
vn 0.2907 0.7395 0.6072
vn 0.4028 0.6133 0.6794
vn 0.1019 0.9133 0.3944
vn 0.1227 0.8933 0.4325
vn 0.0679 0.9411 0.3312
vn 0.1477 0.9671 0.2070
vn 0.0730 0.9812 0.1784
vn 0.0860 0.9793 0.1835
vn 0.0018 0.9900 0.1408
vn 0.0003 0.9904 0.1383
vn -0.0000 0.9920 0.1260
vn -0.4649 0.8610 0.2065
vn -0.7469 0.5266 0.4060
vn -0.6920 0.6420 0.3301
vn -0.5021 0.8423 0.1960
vn -0.8533 0.1128 0.5090
vn -0.6846 0.6073 0.4031
vn -0.8208 0.1985 0.5356
vn -0.3906 0.9036 0.1757
vn -0.6763 0.6064 0.4181
vn -0.4047 0.8931 0.1962
vn -0.1405 0.9310 0.3369
vn -0.4794 0.6539 0.5853
vn -0.5506 0.6013 0.5791
vn -0.1806 0.9365 0.3006
vn -0.3467 0.7431 0.5723
vn -0.6466 0.3230 0.6910
vn -0.7192 0.1790 0.6714
vn -0.0782 0.9344 0.3476
vn -0.0655 0.9504 0.3040
vn -0.2705 0.8141 0.5138
vn -0.4438 0.8362 0.3223
vn -0.7259 0.5840 0.3634
vn -0.6524 0.5783 0.4899
vn -0.4247 0.6839 0.5932
vn -0.9698 0.1730 0.1717
vn -0.9199 0.3887 -0.0514
vn -0.7329 0.5036 0.4575
vn -0.7245 0.5394 0.4291
vn -0.4128 0.4393 0.7979
vn -0.3887 0.4575 0.7998
vn -0.5371 0.3461 0.7693
vn -0.5730 0.3973 0.7168
vn -0.8749 0.4304 0.2222
vn -0.8315 0.4136 0.3710
vn -0.8555 0.4693 0.2189
vn -0.8738 0.3577 -0.3295
vn -0.8829 0.3255 -0.3386
vn -0.5303 0.4410 0.7241
vn -0.4738 0.4412 0.7621
vn -0.8121 0.5029 0.2961
vn -0.6025 0.4085 0.6857
vn -0.9220 0.3182 0.2205
vn -0.8808 0.2739 0.3862
vn -0.6076 0.3548 0.7106
vn -0.9424 0.1461 -0.3008
vn -0.8818 0.4428 0.1621
vn -0.8851 0.3490 -0.3079
vn -0.5907 0.4781 0.6500
vn -0.8228 0.5154 0.2396
vn -0.5924 0.4729 0.6522
vn -0.9410 0.3348 0.0497
vn -0.5462 0.8309 0.1063
vn -0.7784 0.6222 0.0831
vn 0.0697 0.9937 0.0880
vn 0.0619 0.9940 0.0903
vn 0.1555 0.9859 0.0626
vn -0.1962 0.9626 0.1869
vn -0.1545 0.9718 0.1781
vn -0.1101 0.9796 0.1683
vn -0.0360 0.9917 0.1235
vn 0.0251 0.9986 0.0467
vn 0.0531 0.9985 0.0113
vn 0.7295 -0.4089 -0.5483
vn 0.7448 -0.3514 -0.5673
vn 0.7463 -0.3447 -0.5693
vn 0.7482 -0.3124 -0.5853
vn 0.7471 -0.3151 -0.5852
vn 0.7364 -0.3408 -0.5845
vn 0.7629 -0.5824 -0.2807
vn 0.7795 -0.5402 -0.3171
vn 0.7924 -0.4999 -0.3495
vn 0.8113 -0.3738 -0.4495
vn 0.8115 -0.3206 -0.4886
vn 0.8033 -0.2243 -0.5517
vn -0.6185 0.4068 0.6723
vn -0.6533 0.3836 0.6527
vn -0.6628 0.3771 0.6470
vn -0.7139 0.2885 0.6381
vn -0.7217 0.2503 0.6454
vn -0.7330 0.1805 0.6559
vn -0.3582 0.1085 0.9273
vn -0.4477 0.0672 0.8917
vn -0.5355 0.0235 0.8442
vn -0.7318 0.1825 0.6566
vn -0.7719 0.3400 0.5372
vn -0.7809 0.4781 0.4021
vn 0.2652 -0.8990 -0.3485
vn 0.3259 -0.7916 -0.5168
vn 0.4598 -0.8334 -0.3065
vn 0.4244 -0.8972 -0.1219
vn 0.4580 -0.6825 -0.5696
vn 0.7218 -0.6390 -0.2658
vn 0.7526 -0.6584 -0.0048
vn 0.9058 -0.4191 0.0625
vn 0.9029 -0.3470 0.2538
vn 0.7636 -0.6122 0.2051
vn -0.8897 0.3375 -0.3074
vn -0.8706 0.3817 -0.3105
vn -0.9446 0.0492 0.3245
vn -0.8624 0.4938 -0.1114
vn -0.8628 -0.0118 0.5054
vn -0.8024 0.2176 0.5556
vn -0.7305 0.1360 0.6692
vn -0.5306 0.4307 0.7301
vn -0.9648 0.0453 -0.2591
vn -0.8610 0.4168 -0.2914
vn -0.3634 0.0786 0.9283
vn -0.3523 0.1516 0.9235
vn -0.4829 -0.2347 0.8436
vn -0.6719 0.2365 0.7019
vn -0.8071 0.3252 0.4928
vn -0.8272 0.3030 0.4732
vn -0.6998 0.4445 0.5592
vn -0.7026 0.0279 0.7110
vn -0.3122 0.2552 0.9151
vn -0.0209 0.5116 0.8589
vn -0.1572 0.4488 0.8797
vn -0.4051 0.4716 0.7833
vn -0.1043 0.4799 0.8711
vn -0.0994 0.3690 0.9241
vn 0.0800 0.4146 0.9065
vn -0.0000 0.5051 0.8631
vn -0.8132 0.4677 0.3464
vn -0.7806 0.4960 0.3803
vn -0.7054 0.3438 0.6198
vn -0.6094 0.4217 0.6714
vn -0.5907 0.7380 0.3263
vn -0.4913 0.8055 0.3314
vn -0.6636 0.3257 0.6734
vn -0.4527 0.5448 0.7059
vn 0.2293 -0.7348 -0.6383
vn 0.8879 -0.4583 -0.0398
vn 0.3889 -0.5727 -0.7217
vn 0.8715 -0.4731 -0.1289
vn 0.0559 0.9984 -0.0129
vn -0.4338 0.4662 0.7710
vn -0.3424 0.6586 0.6701
vn -0.2413 0.7466 0.6199
vn 0.1352 0.7666 0.6277
vn 0.2084 0.7817 0.5878
vn -0.0569 0.2740 0.9600
vn 0.2145 0.6810 0.7002
vn 0.0938 0.2857 0.9537
vn -0.1520 0.3037 0.9406
vn -0.1478 0.3510 0.9246
vn -0.1478 0.3507 0.9247
vn -0.1367 0.3964 0.9079
vn -0.1366 0.3964 0.9079
vn -0.1299 0.3958 0.9091
vn -0.0847 0.4457 0.8912
vn -0.0774 0.4239 0.9024
vn -0.0776 0.4246 0.9021
vn -0.0556 0.3461 0.9365
vn -0.0581 0.3556 0.9328
vn -0.0430 0.2969 0.9539
vn 0.0979 0.4616 0.8817
vn 0.0834 0.5717 0.8162
vn 0.0789 0.6014 0.7951
vn 0.0523 0.8090 0.5854
vn 0.0529 0.7993 0.5986
vn 0.0488 0.8625 0.5038
vn 0.1157 0.3438 0.9319
vn 0.1131 0.3084 0.9445
vn 0.1124 0.2994 0.9475
vn 0.1204 0.2626 0.9574
vn 0.1234 0.2623 0.9571
vn 0.1343 0.2611 0.9559
vn 0.0703 0.3285 0.9419
vn 0.0767 0.3483 0.9342
vn 0.0778 0.3518 0.9328
vn 0.0852 0.3268 0.9413
vn 0.0853 0.3234 0.9424
vn 0.0861 0.2780 0.9567
vn 0.1286 0.3643 0.9224
vn 0.0443 0.3683 0.9287
vn 0.0453 0.3683 0.9286
vn 0.0328 0.4617 0.8864
vn 0.0341 0.4630 0.8857
vn 0.1180 0.5457 0.8296
vn 0.0762 0.3431 0.9362
vn 0.0765 0.3439 0.9359
vn -0.1099 0.2176 0.9698
vn -0.0823 0.2389 0.9676
vn -0.2803 0.0776 0.9568
vn 0.1982 0.9574 0.2098
vn 0.1278 0.9820 0.1394
vn 0.1120 0.9860 0.1236
vn 0.0304 0.9979 0.0577
vn 0.0327 0.9978 0.0580
vn 0.0148 0.9983 0.0557
vn 0.1402 0.9677 0.2094
vn 0.1950 0.9294 0.3133
vn 0.1930 0.9311 0.3095
vn 0.3372 0.8360 0.4329
vn 0.3077 0.8509 0.4258
vn 0.3923 0.8051 0.4449
vn 0.3176 0.8665 0.3851
vn -0.0808 0.7886 0.6096
vn -0.2950 0.6728 0.6784
vn -0.5986 0.2251 0.7688
vn -0.6068 0.2406 0.7576
vn -0.5453 0.1334 0.8275
vn 0.3343 0.8776 0.3436
vn 0.3151 0.8993 0.3032
vn 0.0994 0.9731 -0.2079
vn 0.1104 0.9702 -0.2156
vn 0.4286 0.5356 0.7276
vn 0.3827 0.6269 0.6786
vn 0.2862 0.9239 0.2539
vn 0.2790 0.9391 0.2008
vn 0.1621 0.9579 -0.2370
vn 0.1356 0.9650 -0.2243
vn -0.0809 0.8463 -0.5265
vn 0.1220 0.9829 0.1376
vn 0.0386 0.9971 0.0660
vn -0.1001 0.8411 -0.5316
vn -0.0149 0.7520 0.6590
vn -0.0915 0.9953 0.0308
vn 0.1685 0.7414 0.6496
vn -0.1080 0.8370 -0.5364
vn -0.1449 0.9879 0.0555
vn -0.1001 0.8377 -0.5370
vn -0.2098 0.9770 0.0392
vn -0.2183 0.9367 0.2737
vn 0.2419 0.8428 0.4807
vn 0.1814 0.9676 0.1753
vn -0.0844 0.6893 0.7196
vn 0.0858 0.4334 0.8971
vn 0.5812 0.3970 0.7104
vn 0.6484 0.2312 0.7254
vn 0.9514 0.1184 0.2841
vn 0.8668 0.3837 0.3187
vn 0.1096 0.7667 0.6326
vn 0.1444 0.7410 0.6558
vn 0.1505 0.7362 0.6598
vn 0.0913 0.7555 0.6488
vn 0.0564 0.7706 0.6348
vn 0.3316 0.6968 0.6360
vn 0.0823 0.5270 0.8459
vn 0.0521 0.5023 0.8631
vn -0.2273 0.3449 0.9107
vn -0.2270 0.3432 0.9114
vn -0.2386 0.4320 0.8697
vn -0.3821 0.4529 0.8055
vn -0.4199 0.3924 0.8183
vn -0.4267 0.3809 0.8203
vn -0.4041 0.3106 0.8603
vn -0.3703 0.3065 0.8769
vn -0.3079 0.2979 0.9036
vn -0.5647 0.1950 0.8019
vn -0.5322 0.3245 0.7819
vn -0.5354 0.3136 0.7842
vn -0.3980 0.6044 0.6902
vn -0.2864 0.7326 0.6174
vn -0.1593 0.9147 0.3714
vn -0.1534 0.9452 0.2882
vn -0.1622 0.8930 0.4197
vn -0.1476 0.9660 0.2124
vn -0.0856 0.9784 0.1882
vn -0.0732 0.9803 0.1833
vn -0.0146 0.9930 0.1169
vn -0.0138 0.9922 0.1240
vn 0.0833 0.9964 0.0161
vn 0.2358 0.9655 0.1106
vn -0.1413 0.9836 -0.1121
vn -0.1507 0.9810 -0.1224
vn 0.5595 0.7728 0.2995
vn 0.5124 0.7998 0.3126
vn 0.2098 0.9749 0.0750
vn 0.2642 0.9562 0.1260
vn -0.1236 0.9718 -0.2006
vn -0.1243 0.9826 -0.1378
vn 0.3689 0.7879 0.4930
vn 0.2495 0.8506 0.4629
vn -0.2397 0.9686 0.0661
vn -0.1896 0.9817 0.0177
vn 0.5493 0.4810 0.6834
vn 0.1295 0.8916 0.4340
vn 0.6405 0.3700 0.6730
vn 0.0591 0.9396 0.3372
vn -0.2237 0.9746 0.0020
vn -0.2514 0.9665 0.0513
vn -0.2349 0.9692 0.0737
vn -0.3636 0.7177 0.5939
vn 0.1072 0.7543 0.6477
vn 0.3961 0.8773 0.2710
vn 0.7873 0.4809 0.3859
vn 0.2584 0.4000 0.8793
vn 0.7679 0.4954 0.4062
vn -0.2531 0.0729 0.9647
vn 0.3237 0.3598 0.8751
vn -0.3013 0.1256 0.9452
vn -0.5406 -0.1278 0.8315
vn 0.0747 0.1322 0.9884
vn 0.1630 0.2040 0.9653
vn -0.4708 -0.1061 0.8759
vn 0.6488 0.4364 0.6234
vn 0.0974 0.2195 0.9707
vn 0.6942 0.3930 0.6030
vn -0.5101 -0.0867 0.8557
vn -0.1684 0.1313 0.9769
vn -0.5664 -0.0841 0.8198
vn 0.7696 0.4008 0.4971
vn 0.7866 0.3771 0.4890
vn 0.7807 0.3854 0.4919
vn 0.7288 0.4121 0.5468
vn 0.7317 0.4102 0.5444
vn 0.6509 0.4584 0.6051
vn 0.9259 0.3491 0.1443
vn 0.7968 0.5808 0.1665
vn 0.5655 0.8055 0.1774
vn -0.0223 0.9933 0.1135
vn -0.0231 0.9933 0.1132
vn -0.1371 0.9878 0.0743
vn 0.3226 0.9097 0.2616
vn 0.2514 0.9327 0.2585
vn 0.2890 0.9213 0.2603
vn 0.4285 0.8810 0.2007
vn 0.2498 0.9360 0.2481
vn 0.0243 0.9995 0.0181
vn 0.4030 0.9005 0.1635
vn -0.7220 -0.4054 -0.5607
vn -0.7383 -0.3411 -0.5818
vn -0.7367 -0.3483 -0.5796
vn -0.7277 -0.2821 -0.6252
vn -0.7273 -0.2820 -0.6257
vn -0.7069 -0.2801 -0.6494
vn -0.7613 -0.5811 -0.2877
vn -0.7899 -0.4977 -0.3582
vn -0.7772 -0.5393 -0.3243
vn -0.8061 -0.3179 -0.4991
vn -0.8068 -0.3725 -0.4586
vn -0.7966 -0.2225 -0.5621
vn 0.6109 0.4018 0.6822
vn 0.6554 0.3726 0.6569
vn 0.6456 0.3793 0.6628
vn 0.7135 0.2476 0.6555
vn 0.7059 0.2853 0.6483
vn 0.7244 0.1784 0.6659
vn 0.3500 0.1060 0.9308
vn 0.5250 0.0232 0.8508
vn 0.4388 0.0654 0.8962
vn 0.7656 0.3363 0.5484
vn 0.7239 0.1821 0.6655
vn 0.7774 0.4759 0.4113
vn -0.2496 -0.8877 -0.3870
vn -0.3740 -0.9271 -0.0247
vn -0.3762 -0.9021 -0.2113
vn -0.2445 -0.8389 -0.4863
vn -0.6696 -0.7329 0.1203
vn -0.7013 -0.6906 -0.1766
vn -0.3323 -0.8073 -0.4877
vn -0.9025 -0.3623 0.2328
vn -0.9057 -0.4069 0.1190
vn -0.7996 -0.5252 0.2913
vn -0.3985 0.3365 0.8532
vn 0.2834 0.4053 0.8692
vn 0.3855 0.4075 0.8278
vn -0.3571 0.3222 0.8768
vn 0.2494 0.4260 0.8697
vn 0.8335 0.2751 0.4792
vn 0.8144 0.3107 0.4901
vn -0.4434 0.3385 0.8300
vn 0.0279 0.4218 0.9063
vn -0.4455 0.3463 0.8256
vn -0.4008 0.3766 0.8352
vn 0.1140 0.4550 0.8832
vn 0.2110 0.5095 0.8342
vn -0.4038 0.3919 0.8266
vn 0.1944 0.2846 0.9387
vn 0.6047 0.2515 0.7557
vn 0.6363 0.4254 0.6435
vn -0.3630 0.3277 0.8723
vn -0.3267 0.2955 0.8978
vn 0.1037 0.2212 0.9697
vn 0.4845 0.2553 0.8367
vn 0.2824 0.5854 0.7599
vn 0.2824 0.5854 0.7600
vn 0.1335 0.7925 0.5951
vn 0.1605 0.7827 0.6014
vn 0.2464 0.7464 0.6182
vn 0.0752 0.3552 0.9318
vn 0.0758 0.3194 0.9446
vn 0.0759 0.3133 0.9466
vn 0.0931 0.2780 0.9561
vn 0.0987 0.2787 0.9553
vn 0.1177 0.2808 0.9525
vn 0.0720 0.3364 0.9390
vn 0.0785 0.3565 0.9310
vn 0.0797 0.3601 0.9295
vn 0.0873 0.3346 0.9383
vn 0.0873 0.3312 0.9395
vn 0.0882 0.2849 0.9545
vn 0.1315 0.3727 0.9186
vn 0.0452 0.3769 0.9251
vn 0.0462 0.3769 0.9251
vn 0.0336 0.4716 0.8812
vn 0.0349 0.4729 0.8804
vn 0.1202 0.5558 0.8226
vn 0.0780 0.3512 0.9330
vn 0.0783 0.3521 0.9327
vn -0.1128 0.2231 0.9683
vn -0.0845 0.2449 0.9659
vn -0.2873 0.0796 0.9545
vn 0.3395 0.7974 0.4989
vn 0.2299 0.8897 0.3944
vn 0.2091 0.9036 0.3739
vn 0.1256 0.9497 0.2869
vn 0.1209 0.9515 0.2828
vn 0.1432 0.9424 0.3023
vn 0.2073 0.8461 0.4910
vn 0.2529 0.7463 0.6157
vn 0.2594 0.7288 0.6337
vn 0.3527 0.4992 0.7915
vn 0.3359 0.5326 0.7769
vn 0.3857 0.4275 0.8176
vn 0.2665 0.8656 0.4240
vn -0.1441 0.7452 0.6511
vn 0.0851 0.5502 0.8307
vn 0.4699 0.3826 0.7955
vn 0.6324 -0.0502 0.7730
vn 0.0447 0.3183 0.9469
vn 0.7477 0.2332 0.6217
vn -0.5436 0.1542 0.8251
vn -0.0716 0.2339 0.9696
vn -0.5847 0.2162 0.7819
vn 0.4064 0.6051 0.6846
vn 0.4132 0.5525 0.7239
vn 0.3310 0.8898 0.3140
vn 0.3491 0.8700 0.3483
vn 0.3894 0.0821 0.9174
vn 0.3750 0.1231 0.9188
vn 0.4076 0.6025 0.6862
vn 0.3894 0.6156 0.6851
vn 0.3162 0.9168 0.2439
vn 0.3166 0.9115 0.2625
vn 0.1018 0.9736 0.2042
vn 0.2510 0.6838 0.6851
vn 0.1825 0.7041 0.6862
vn 0.0631 0.9744 0.2158
vn 0.0952 0.3297 0.9393
vn 0.0284 0.7500 0.6609
vn 0.2282 0.2103 0.9506
vn -0.0500 0.9713 0.2325
vn -0.0609 0.8267 0.5593
vn -0.1184 0.9641 0.2375
vn -0.1865 0.8945 0.4064
vn -0.2013 0.8193 0.5369
vn 0.0007 0.7086 0.7056
vn 0.0709 0.7704 0.6337
vn -0.1074 0.5264 0.8435
vn -0.0429 0.3270 0.9441
vn 0.1276 0.3934 0.9105
vn 0.0683 0.2626 0.9625
vn 0.1884 0.2408 0.9521
vn 0.2341 0.3442 0.9092
vn 0.0635 0.9585 0.2778
vn 0.1253 0.7381 0.6630
vn 0.1435 0.7375 0.6600
vn 0.1167 0.9493 0.2919
vn 0.0957 0.4043 0.9096
vn 0.1012 0.7594 0.6427
vn 0.1555 0.3860 0.9093
vn 0.0792 0.9637 0.2548
vn -0.2684 0.6966 0.6653
vn -0.0561 0.6587 0.7503
vn 0.2799 0.8203 0.4988
vn 0.1860 0.9363 0.2979
vn 0.3298 0.4117 0.8495
vn -0.2394 0.3450 0.9075
vn 0.1769 0.4251 0.8877
vn -0.5540 0.2215 0.8025
vn -0.2227 0.3821 0.8969
vn -0.5702 0.2293 0.7888
vn -0.6482 0.5136 0.5622
vn -0.2525 0.4763 0.8422
vn -0.3351 0.4248 0.8410
vn -0.7082 0.3423 0.6175
vn -0.0800 0.4109 0.9082
vn -0.3979 0.3389 0.8525
vn 0.0076 0.3906 0.9205
vn -0.6290 0.2391 0.7397
vn -0.3947 0.3240 0.8598
vn -0.5572 0.2554 0.7901
vn -0.5765 0.1993 0.7924
vn -0.5432 0.3283 0.7728
vn -0.5460 0.3187 0.7748
vn -0.4028 0.6133 0.6794
vn -0.2907 0.7395 0.6072
vn -0.1019 0.9133 0.3944
vn -0.0679 0.9411 0.3312
vn -0.1227 0.8933 0.4325
vn -0.1477 0.9671 0.2070
vn -0.0860 0.9793 0.1835
vn -0.0730 0.9812 0.1784
vn -0.0003 0.9904 0.1383
vn -0.0018 0.9900 0.1408
vn 0.6920 0.6420 0.3301
vn 0.7469 0.5266 0.4060
vn 0.4649 0.8610 0.2065
vn 0.5021 0.8423 0.1960
vn 0.8533 0.1128 0.5090
vn 0.8208 0.1985 0.5356
vn 0.6846 0.6073 0.4031
vn 0.6763 0.6064 0.4181
vn 0.3906 0.9036 0.1757
vn 0.4047 0.8931 0.1962
vn 0.5506 0.6013 0.5791
vn 0.4794 0.6539 0.5853
vn 0.1405 0.9310 0.3369
vn 0.1806 0.9365 0.3006
vn 0.6466 0.3230 0.6910
vn 0.3467 0.7431 0.5723
vn 0.7192 0.1790 0.6714
vn 0.0782 0.9344 0.3476
vn 0.2705 0.8141 0.5138
vn 0.0655 0.9504 0.3040
vn 0.4438 0.8362 0.3223
vn 0.4247 0.6839 0.5932
vn 0.6524 0.5783 0.4899
vn 0.7259 0.5840 0.3634
vn 0.9698 0.1730 0.1717
vn 0.7329 0.5036 0.4575
vn 0.9199 0.3887 -0.0514
vn 0.4128 0.4393 0.7979
vn 0.7245 0.5394 0.4291
vn 0.3887 0.4575 0.7998
vn 0.5371 0.3461 0.7693
vn 0.8315 0.4136 0.3710
vn 0.8749 0.4304 0.2222
vn 0.5730 0.3973 0.7168
vn 0.8738 0.3577 -0.3295
vn 0.8555 0.4693 0.2189
vn 0.8829 0.3255 -0.3386
vn 0.5303 0.4410 0.7241
vn 0.8121 0.5029 0.2961
vn 0.4738 0.4412 0.7621
vn 0.8808 0.2739 0.3862
vn 0.9220 0.3182 0.2205
vn 0.6025 0.4085 0.6857
vn 0.6076 0.3548 0.7106
vn 0.9424 0.1461 -0.3008
vn 0.8851 0.3490 -0.3079
vn 0.8818 0.4428 0.1621
vn 0.8228 0.5154 0.2396
vn 0.5907 0.4781 0.6500
vn 0.5924 0.4729 0.6522
vn 0.9410 0.3348 0.0497
vn 0.7784 0.6222 0.0831
vn 0.5462 0.8309 0.1063
vn -0.0619 0.9940 0.0903
vn -0.0697 0.9937 0.0880
vn -0.1555 0.9859 0.0626
vn 0.1962 0.9626 0.1869
vn 0.1101 0.9796 0.1683
vn 0.1545 0.9718 0.1781
vn -0.0251 0.9986 0.0467
vn 0.0360 0.9917 0.1235
vn -0.0531 0.9985 0.0113
vn -0.7295 -0.4089 -0.5483
vn -0.7463 -0.3447 -0.5693
vn -0.7448 -0.3514 -0.5673
vn -0.7471 -0.3151 -0.5852
vn -0.7482 -0.3124 -0.5853
vn -0.7364 -0.3408 -0.5845
vn -0.7629 -0.5824 -0.2807
vn -0.7924 -0.4999 -0.3495
vn -0.7795 -0.5402 -0.3171
vn -0.8115 -0.3206 -0.4886
vn -0.8113 -0.3738 -0.4495
vn -0.8033 -0.2243 -0.5517
vn 0.6185 0.4068 0.6723
vn 0.6628 0.3771 0.6470
vn 0.6533 0.3836 0.6527
vn 0.7217 0.2503 0.6454
vn 0.7139 0.2885 0.6381
vn 0.7330 0.1805 0.6559
vn 0.3582 0.1085 0.9273
vn 0.5355 0.0235 0.8442
vn 0.4477 0.0672 0.8917
vn 0.7719 0.3400 0.5372
vn 0.7318 0.1825 0.6566
vn 0.7809 0.4781 0.4021
vn -0.2652 -0.8990 -0.3485
vn -0.4244 -0.8972 -0.1219
vn -0.4598 -0.8334 -0.3065
vn -0.3259 -0.7916 -0.5168
vn -0.4580 -0.6825 -0.5696
vn -0.7526 -0.6584 -0.0049
vn -0.7218 -0.6390 -0.2658
vn -0.9029 -0.3470 0.2538
vn -0.9058 -0.4191 0.0625
vn -0.7636 -0.6122 0.2051
vn 0.8897 0.3375 -0.3074
vn 0.8706 0.3817 -0.3105
vn 0.9446 0.0492 0.3245
vn 0.8624 0.4938 -0.1114
vn 0.8628 -0.0117 0.5054
vn 0.8024 0.2176 0.5556
vn 0.7305 0.1360 0.6692
vn 0.5306 0.4307 0.7301
vn 0.9648 0.0453 -0.2591
vn 0.8610 0.4168 -0.2914
vn 0.3634 0.0786 0.9283
vn 0.3523 0.1516 0.9235
vn 0.4829 -0.2348 0.8436
vn 0.6719 0.2365 0.7019
vn 0.8071 0.3252 0.4928
vn 0.8272 0.3030 0.4732
vn 0.6998 0.4445 0.5592
vn 0.7026 0.0279 0.7110
vn 0.3122 0.2552 0.9151
vn 0.0209 0.5116 0.8589
vn 0.1572 0.4488 0.8797
vn 0.4051 0.4716 0.7833
vn 0.1043 0.4799 0.8711
vn 0.0994 0.3690 0.9241
vn -0.0800 0.4146 0.9065
vn 0.8132 0.4677 0.3464
vn 0.7806 0.4960 0.3803
vn 0.7054 0.3438 0.6198
vn 0.6094 0.4217 0.6714
vn 0.5907 0.7380 0.3263
vn 0.4913 0.8055 0.3314
vn 0.6636 0.3257 0.6734
vn 0.4527 0.5448 0.7059
vn -0.2293 -0.7348 -0.6383
vn -0.8879 -0.4583 -0.0398
vn -0.3889 -0.5727 -0.7217
vn -0.8715 -0.4731 -0.1289
vn -0.0559 0.9984 -0.0129
vn 0.4338 0.4662 0.7710
vn 0.3424 0.6586 0.6701
vn 0.2413 0.7466 0.6199
vn -0.1352 0.7666 0.6277
vn -0.2084 0.7817 0.5878
vn 0.0569 0.2740 0.9600
vn -0.2145 0.6810 0.7002
vn -0.0938 0.2857 0.9537
# 4514 vertex normals

vt 0.9781 0.3258 0.0000
vt 0.9787 0.3329 0.0000
vt 0.9745 0.3335 0.0000
vt 0.9746 0.3247 0.0000
vt 0.8878 0.2623 0.0000
vt 0.8903 0.2578 0.0000
vt 0.8917 0.2690 0.0000
vt 0.8883 0.2683 0.0000
vt 0.8913 0.3661 0.0000
vt 0.8933 0.3660 0.0000
vt 0.8939 0.3724 0.0000
vt 0.8918 0.3727 0.0000
vt 0.9782 0.3695 0.0000
vt 0.9847 0.3692 0.0000
vt 0.9841 0.3774 0.0000
vt 0.9774 0.3771 0.0000
vt 0.9932 0.3266 0.0000
vt 0.9938 0.3335 0.0000
vt 0.9913 0.3332 0.0000
vt 0.9908 0.3263 0.0000
vt 0.9763 0.3801 0.0000
vt 0.9723 0.3812 0.0000
vt 0.9745 0.3771 0.0000
vt 0.9092 0.3224 0.0000
vt 0.9144 0.3208 0.0000
vt 0.9119 0.3255 0.0000
vt 0.9075 0.3270 0.0000
vt 0.8904 0.2195 0.0000
vt 0.8937 0.2178 0.0000
vt 0.8925 0.2210 0.0000
vt 0.8882 0.2237 0.0000
vt 0.9559 0.2728 0.0000
vt 0.9517 0.2733 0.0000
vt 0.9529 0.2700 0.0000
vt 0.9566 0.2695 0.0000
vt 0.8929 0.3219 0.0000
vt 0.8952 0.3213 0.0000
vt 0.8949 0.3260 0.0000
vt 0.8929 0.3258 0.0000
vt 0.9067 0.3730 0.0000
vt 0.9081 0.3775 0.0000
vt 0.9008 0.3778 0.0000
vt 0.9003 0.3724 0.0000
vt 0.9768 0.3216 0.0000
vt 0.9841 0.3219 0.0000
vt 0.9846 0.3260 0.0000
vt 0.9924 0.3796 0.0000
vt 0.9901 0.3804 0.0000
vt 0.9901 0.3776 0.0000
vt 0.9926 0.3765 0.0000
vt 0.9457 0.3775 0.0000
vt 0.9342 0.3779 0.0000
vt 0.9341 0.3686 0.0000
vt 0.9454 0.3690 0.0000
vt 0.9450 0.3984 0.0000
vt 0.9326 0.3978 0.0000
vt 0.9327 0.3946 0.0000
vt 0.9452 0.3953 0.0000
vt 0.9459 0.3828 0.0000
vt 0.9565 0.3827 0.0000
vt 0.9561 0.3889 0.0000
vt 0.9451 0.3890 0.0000
vt 0.9465 0.3188 0.0000
vt 0.9334 0.3190 0.0000
vt 0.9330 0.3130 0.0000
vt 0.9465 0.3129 0.0000
vt 0.9475 0.3020 0.0000
vt 0.9576 0.3025 0.0000
vt 0.9573 0.3067 0.0000
vt 0.9468 0.3063 0.0000
vt 0.9337 0.3822 0.0000
vt 0.9565 0.3192 0.0000
vt 0.9571 0.3226 0.0000
vt 0.9465 0.3226 0.0000
vt 0.9259 0.2161 0.0000
vt 0.9367 0.2168 0.0000
vt 0.9312 0.2200 0.0000
vt 0.9269 0.2736 0.0000
vt 0.9137 0.2743 0.0000
vt 0.9086 0.2709 0.0000
vt 0.9308 0.2710 0.0000
vt 0.9788 0.3589 0.0000
vt 0.9747 0.3692 0.0000
vt 0.9743 0.3591 0.0000
vt 0.8872 0.2380 0.0000
vt 0.8875 0.2302 0.0000
vt 0.8899 0.2407 0.0000
vt 0.8917 0.3320 0.0000
vt 0.8941 0.3323 0.0000
vt 0.8933 0.3409 0.0000
vt 0.8910 0.3409 0.0000
vt 0.9790 0.3424 0.0000
vt 0.9851 0.3330 0.0000
vt 0.9854 0.3425 0.0000
vt 0.9935 0.3699 0.0000
vt 0.9908 0.3699 0.0000
vt 0.9914 0.3589 0.0000
vt 0.9941 0.3589 0.0000
vt 0.9066 0.3335 0.0000
vt 0.9113 0.3331 0.0000
vt 0.9103 0.3421 0.0000
vt 0.9058 0.3420 0.0000
vt 0.9565 0.2539 0.0000
vt 0.9565 0.2628 0.0000
vt 0.9529 0.2552 0.0000
vt 0.9790 0.3511 0.0000
vt 0.9750 0.3511 0.0000
vt 0.9751 0.3424 0.0000
vt 0.8869 0.2458 0.0000
vt 0.8872 0.2538 0.0000
vt 0.8907 0.3495 0.0000
vt 0.8929 0.3497 0.0000
vt 0.8930 0.3578 0.0000
vt 0.8907 0.3578 0.0000
vt 0.9944 0.3512 0.0000
vt 0.9918 0.3512 0.0000
vt 0.9917 0.3427 0.0000
vt 0.9943 0.3427 0.0000
vt 0.9054 0.3579 0.0000
vt 0.9054 0.3501 0.0000
vt 0.9097 0.3499 0.0000
vt 0.9099 0.3576 0.0000
vt 0.9564 0.2386 0.0000
vt 0.9566 0.2459 0.0000
vt 0.9534 0.2423 0.0000
vt 0.9763 0.3964 0.0000
vt 0.9728 0.3966 0.0000
vt 0.9728 0.3940 0.0000
vt 0.9763 0.3939 0.0000
vt 0.9093 0.3059 0.0000
vt 0.9132 0.3059 0.0000
vt 0.9135 0.3082 0.0000
vt 0.9096 0.3083 0.0000
vt 0.8917 0.3776 0.0000
vt 0.8941 0.3775 0.0000
vt 0.9929 0.3232 0.0000
vt 0.9907 0.3223 0.0000
vt 0.8991 0.3579 0.0000
vt 0.8997 0.3660 0.0000
vt 0.9772 0.3145 0.0000
vt 0.9729 0.3142 0.0000
vt 0.9735 0.3079 0.0000
vt 0.9778 0.3080 0.0000
vt 0.9017 0.3215 0.0000
vt 0.9014 0.3266 0.0000
vt 0.9838 0.3801 0.0000
vt 0.9070 0.3917 0.0000
vt 0.9074 0.3849 0.0000
vt 0.9122 0.3857 0.0000
vt 0.9116 0.3921 0.0000
vt 0.9005 0.3330 0.0000
vt 0.8997 0.3417 0.0000
vt 0.8991 0.3498 0.0000
vt 0.9854 0.3508 0.0000
vt 0.9217 0.3198 0.0000
vt 0.9226 0.3232 0.0000
vt 0.9025 0.2164 0.0000
vt 0.9108 0.2205 0.0000
vt 0.9060 0.3665 0.0000
vt 0.9104 0.3670 0.0000
vt 0.9115 0.3747 0.0000
vt 0.9077 0.3940 0.0000
vt 0.9115 0.3946 0.0000
vt 0.9095 0.3148 0.0000
vt 0.9139 0.3141 0.0000
vt 0.9131 0.3795 0.0000
vt 0.8908 0.2711 0.0000
vt 0.8939 0.2731 0.0000
vt 0.9226 0.3326 0.0000
vt 0.9223 0.3416 0.0000
vt 0.9220 0.3500 0.0000
vt 0.9215 0.3040 0.0000
vt 0.9217 0.3073 0.0000
vt 0.9219 0.3811 0.0000
vt 0.9210 0.3872 0.0000
vt 0.9661 0.3419 0.0000
vt 0.9660 0.3328 0.0000
vt 0.9651 0.3820 0.0000
vt 0.9672 0.3779 0.0000
vt 0.9448 0.2735 0.0000
vt 0.9447 0.2707 0.0000
vt 0.9533 0.2205 0.0000
vt 0.9568 0.2215 0.0000
vt 0.9566 0.2279 0.0000
vt 0.9762 0.3877 0.0000
vt 0.9724 0.3878 0.0000
vt 0.9776 0.3056 0.0000
vt 0.9734 0.3044 0.0000
vt 0.9730 0.3207 0.0000
vt 0.9557 0.2187 0.0000
vt 0.9526 0.2174 0.0000
vt 0.9668 0.3696 0.0000
vt 0.9659 0.3592 0.0000
vt 0.9659 0.3507 0.0000
vt 0.9651 0.3980 0.0000
vt 0.9649 0.3947 0.0000
vt 0.9649 0.3199 0.0000
vt 0.9652 0.3138 0.0000
vt 0.9230 0.3678 0.0000
vt 0.9223 0.3771 0.0000
vt 0.9206 0.3935 0.0000
vt 0.9205 0.3962 0.0000
vt 0.9216 0.3134 0.0000
vt 0.9020 0.2738 0.0000
vt 0.9340 0.3226 0.0000
vt 0.9141 0.2162 0.0000
vt 0.9342 0.3322 0.0000
vt 0.9340 0.3414 0.0000
vt 0.9340 0.3502 0.0000
vt 0.9337 0.3034 0.0000
vt 0.9335 0.3064 0.0000
vt 0.9334 0.3883 0.0000
vt 0.9850 0.3587 0.0000
vt 0.9648 0.3883 0.0000
vt 0.9563 0.3952 0.0000
vt 0.9657 0.3073 0.0000
vt 0.9566 0.3129 0.0000
vt 0.9341 0.3590 0.0000
vt 0.9453 0.3593 0.0000
vt 0.9114 0.2408 0.0000
vt 0.9220 0.3583 0.0000
vt 0.9108 0.2562 0.0000
vt 0.9655 0.3233 0.0000
vt 0.9458 0.3323 0.0000
vt 0.9453 0.3414 0.0000
vt 0.9453 0.3503 0.0000
vt 0.9308 0.2403 0.0000
vt 0.9300 0.2566 0.0000
vt 0.9663 0.3034 0.0000
vt 0.9450 0.2171 0.0000
vt 0.9560 0.3416 0.0000
vt 0.9563 0.3323 0.0000
vt 0.9564 0.3782 0.0000
vt 0.9364 0.2736 0.0000
vt 0.9562 0.3694 0.0000
vt 0.9561 0.3505 0.0000
vt 0.9560 0.3596 0.0000
vt 0.9564 0.3987 0.0000
vt 0.9085 0.4227 0.0000
vt 0.9120 0.4217 0.0000
vt 0.9118 0.4305 0.0000
vt 0.9076 0.4298 0.0000
vt 0.9909 0.4723 0.0000
vt 0.9917 0.4660 0.0000
vt 0.9938 0.4661 0.0000
vt 0.9930 0.4727 0.0000
vt 0.9005 0.4740 0.0000
vt 0.9003 0.4658 0.0000
vt 0.9068 0.4664 0.0000
vt 0.9073 0.4740 0.0000
vt 0.8934 0.4229 0.0000
vt 0.8958 0.4227 0.0000
vt 0.8951 0.4296 0.0000
vt 0.8925 0.4298 0.0000
vt 0.9102 0.4741 0.0000
vt 0.9123 0.4782 0.0000
vt 0.9083 0.4770 0.0000
vt 0.9747 0.4248 0.0000
vt 0.9723 0.4200 0.0000
vt 0.9774 0.4218 0.0000
vt 0.9790 0.4264 0.0000
vt 0.9916 0.4259 0.0000
vt 0.9915 0.4212 0.0000
vt 0.9938 0.4219 0.0000
vt 0.9937 0.4258 0.0000
vt 0.9781 0.4724 0.0000
vt 0.9845 0.4721 0.0000
vt 0.9838 0.4775 0.0000
vt 0.9765 0.4769 0.0000
vt 0.9020 0.4226 0.0000
vt 0.9026 0.4186 0.0000
vt 0.9100 0.4185 0.0000
vt 0.8946 0.4740 0.0000
vt 0.8945 0.4768 0.0000
vt 0.8922 0.4759 0.0000
vt 0.8921 0.4728 0.0000
vt 0.9390 0.4755 0.0000
vt 0.9396 0.4670 0.0000
vt 0.9508 0.4670 0.0000
vt 0.9504 0.4763 0.0000
vt 0.9389 0.4964 0.0000
vt 0.9388 0.4933 0.0000
vt 0.9513 0.4931 0.0000
vt 0.9513 0.4963 0.0000
vt 0.9386 0.4808 0.0000
vt 0.9391 0.4870 0.0000
vt 0.9281 0.4865 0.0000
vt 0.9280 0.4803 0.0000
vt 0.9403 0.4169 0.0000
vt 0.9405 0.4109 0.0000
vt 0.9540 0.4116 0.0000
vt 0.9534 0.4175 0.0000
vt 0.9400 0.4001 0.0000
vt 0.9405 0.4043 0.0000
vt 0.9300 0.4043 0.0000
vt 0.9299 0.4001 0.0000
vt 0.9508 0.4806 0.0000
vt 0.9401 0.4207 0.0000
vt 0.9296 0.4202 0.0000
vt 0.9303 0.4169 0.0000
vt 0.9066 0.4557 0.0000
vt 0.9111 0.4561 0.0000
vt 0.9102 0.4662 0.0000
vt 0.9927 0.4409 0.0000
vt 0.9922 0.4322 0.0000
vt 0.9946 0.4320 0.0000
vt 0.9950 0.4410 0.0000
vt 0.9069 0.4393 0.0000
vt 0.9006 0.4391 0.0000
vt 0.9013 0.4296 0.0000
vt 0.8940 0.4552 0.0000
vt 0.8942 0.4663 0.0000
vt 0.8915 0.4662 0.0000
vt 0.8913 0.4552 0.0000
vt 0.9756 0.4414 0.0000
vt 0.9749 0.4325 0.0000
vt 0.9797 0.4329 0.0000
vt 0.9802 0.4415 0.0000
vt 0.9109 0.4394 0.0000
vt 0.9106 0.4481 0.0000
vt 0.9066 0.4479 0.0000
vt 0.9924 0.4578 0.0000
vt 0.9928 0.4497 0.0000
vt 0.9949 0.4496 0.0000
vt 0.9946 0.4579 0.0000
vt 0.8943 0.4390 0.0000
vt 0.8939 0.4475 0.0000
vt 0.8913 0.4474 0.0000
vt 0.8917 0.4390 0.0000
vt 0.9799 0.4574 0.0000
vt 0.9755 0.4569 0.0000
vt 0.9759 0.4493 0.0000
vt 0.9802 0.4496 0.0000
vt 0.9113 0.4910 0.0000
vt 0.9111 0.4936 0.0000
vt 0.9077 0.4933 0.0000
vt 0.9078 0.4908 0.0000
vt 0.9737 0.4074 0.0000
vt 0.9741 0.4052 0.0000
vt 0.9780 0.4053 0.0000
vt 0.9775 0.4077 0.0000
vt 0.9929 0.4776 0.0000
vt 0.9905 0.4774 0.0000
vt 0.8938 0.4195 0.0000
vt 0.8961 0.4187 0.0000
vt 0.9854 0.4657 0.0000
vt 0.9862 0.4576 0.0000
vt 0.9137 0.4049 0.0000
vt 0.9142 0.4113 0.0000
vt 0.9098 0.4114 0.0000
vt 0.9094 0.4049 0.0000
vt 0.9851 0.4263 0.0000
vt 0.9850 0.4212 0.0000
vt 0.9008 0.4767 0.0000
vt 0.9772 0.4911 0.0000
vt 0.9725 0.4913 0.0000
vt 0.9722 0.4850 0.0000
vt 0.9770 0.4844 0.0000
vt 0.9858 0.4327 0.0000
vt 0.9865 0.4495 0.0000
vt 0.9863 0.4414 0.0000
vt 0.9003 0.4474 0.0000
vt 0.9640 0.4221 0.0000
vt 0.9651 0.4187 0.0000
vt 0.9747 0.4663 0.0000
vt 0.9790 0.4660 0.0000
vt 0.9733 0.4740 0.0000
vt 0.9764 0.4934 0.0000
vt 0.9725 0.4939 0.0000
vt 0.9730 0.4134 0.0000
vt 0.9775 0.4142 0.0000
vt 0.9714 0.4787 0.0000
vt 0.9637 0.4315 0.0000
vt 0.9636 0.4489 0.0000
vt 0.9637 0.4405 0.0000
vt 0.9655 0.4063 0.0000
vt 0.9658 0.4029 0.0000
vt 0.9633 0.4861 0.0000
vt 0.9626 0.4800 0.0000
vt 0.9203 0.4301 0.0000
vt 0.9199 0.4392 0.0000
vt 0.9175 0.4751 0.0000
vt 0.9195 0.4793 0.0000
vt 0.9119 0.4849 0.0000
vt 0.9081 0.4846 0.0000
vt 0.9097 0.4025 0.0000
vt 0.9140 0.4015 0.0000
vt 0.9138 0.4178 0.0000
vt 0.9181 0.4669 0.0000
vt 0.9197 0.4480 0.0000
vt 0.9194 0.4565 0.0000
vt 0.9192 0.4920 0.0000
vt 0.9188 0.4953 0.0000
vt 0.9219 0.4111 0.0000
vt 0.9219 0.4172 0.0000
vt 0.9620 0.4667 0.0000
vt 0.9623 0.4760 0.0000
vt 0.9635 0.4924 0.0000
vt 0.9635 0.4951 0.0000
vt 0.9654 0.4124 0.0000
vt 0.9527 0.4210 0.0000
vt 0.9522 0.4307 0.0000
vt 0.9516 0.4487 0.0000
vt 0.9520 0.4399 0.0000
vt 0.9538 0.4049 0.0000
vt 0.9537 0.4019 0.0000
vt 0.9508 0.4868 0.0000
vt 0.9004 0.4553 0.0000
vt 0.9277 0.4928 0.0000
vt 0.9194 0.4856 0.0000
vt 0.9216 0.4046 0.0000
vt 0.9305 0.4106 0.0000
vt 0.9401 0.4574 0.0000
vt 0.9513 0.4575 0.0000
vt 0.9634 0.4572 0.0000
vt 0.9212 0.4207 0.0000
vt 0.9405 0.4303 0.0000
vt 0.9404 0.4484 0.0000
vt 0.9407 0.4395 0.0000
vt 0.9211 0.4007 0.0000
vt 0.9300 0.4392 0.0000
vt 0.9301 0.4300 0.0000
vt 0.9282 0.4758 0.0000
vt 0.9288 0.4670 0.0000
vt 0.9296 0.4482 0.0000
vt 0.9293 0.4573 0.0000
vt 0.9275 0.4963 0.0000
vt 0.5635 0.1328 0.0000
vt 0.5612 0.1328 0.0000
vt 0.5615 0.1031 0.0000
vt 0.5638 0.1031 0.0000
vt 0.6698 0.4967 0.0000
vt 0.6691 0.4722 0.0000
vt 0.6868 0.4721 0.0000
vt 0.6868 0.4975 0.0000
vt 0.9689 0.1457 0.0000
vt 0.9771 0.1458 0.0000
vt 0.9784 0.0041 0.0000
vt 0.9696 0.0047 0.0000
vt 0.5709 0.1327 0.0000
vt 0.5685 0.1327 0.0000
vt 0.5688 0.1033 0.0000
vt 0.5712 0.1031 0.0000
vt 0.9270 0.1455 0.0000
vt 0.9351 0.1456 0.0000
vt 0.9358 0.0045 0.0000
vt 0.9280 0.0045 0.0000
vt 0.7541 0.3415 0.0000
vt 0.7734 0.3491 0.0000
vt 0.7722 0.3525 0.0000
vt 0.7568 0.3523 0.0000
vt 0.7892 0.3555 0.0000
vt 0.7856 0.3583 0.0000
vt 0.7824 0.3553 0.0000
vt 0.7853 0.3533 0.0000
vt 0.8396 0.1577 0.0000
vt 0.8451 0.1577 0.0000
vt 0.8451 0.1120 0.0000
vt 0.8396 0.1120 0.0000
vt 0.5591 0.1594 0.0000
vt 0.5591 0.1773 0.0000
vt 0.5458 0.1771 0.0000
vt 0.5459 0.1592 0.0000
vt 0.5652 0.1596 0.0000
vt 0.5717 0.1595 0.0000
vt 0.5716 0.1773 0.0000
vt 0.5651 0.1773 0.0000
vt 0.5821 0.1775 0.0000
vt 0.5753 0.1774 0.0000
vt 0.5754 0.1595 0.0000
vt 0.5823 0.1598 0.0000
vt 0.5233 0.1909 0.0000
vt 0.5234 0.1834 0.0000
vt 0.5415 0.1829 0.0000
vt 0.5484 0.2045 0.0000
vt 0.5346 0.2116 0.0000
vt 0.6534 0.4537 0.0000
vt 0.6868 0.4488 0.0000
vt 0.5220 0.2223 0.0000
vt 0.5235 0.2020 0.0000
vt 0.5266 0.2226 0.0000
vt 0.5781 0.1032 0.0000
vt 0.5788 0.1032 0.0000
vt 0.5785 0.1328 0.0000
vt 0.5779 0.1328 0.0000
vt 0.5735 0.1327 0.0000
vt 0.5729 0.1327 0.0000
vt 0.5733 0.1031 0.0000
vt 0.5303 0.1591 0.0000
vt 0.5387 0.1566 0.0000
vt 0.5402 0.1771 0.0000
vt 0.5274 0.1768 0.0000
vt 0.5138 0.2385 0.0000
vt 0.5187 0.2427 0.0000
vt 0.5250 0.3978 0.0000
vt 0.5224 0.3805 0.0000
vt 0.5521 0.3645 0.0000
vt 0.5623 0.3920 0.0000
vt 0.5190 0.2610 0.0000
vt 0.5141 0.2578 0.0000
vt 0.5156 0.2569 0.0000
vt 0.5227 0.2544 0.0000
vt 0.5525 0.2604 0.0000
vt 0.5380 0.2598 0.0000
vt 0.5412 0.2447 0.0000
vt 0.5558 0.2420 0.0000
vt 0.5404 0.1563 0.0000
vt 0.5422 0.1567 0.0000
vt 0.5268 0.2603 0.0000
vt 0.5306 0.2488 0.0000
vt 0.7977 0.1577 0.0000
vt 0.7975 0.1121 0.0000
vt 0.7964 0.1121 0.0000
vt 0.7965 0.1577 0.0000
vt 0.9803 0.3086 0.0000
vt 0.9831 0.3065 0.0000
vt 0.9830 0.3125 0.0000
vt 0.9796 0.3120 0.0000
vt 0.5375 0.4865 0.0000
vt 0.5327 0.4881 0.0000
vt 0.5335 0.4723 0.0000
vt 0.5589 0.4718 0.0000
vt 0.7950 0.1577 0.0000
vt 0.7948 0.1118 0.0000
vt 0.5887 0.1596 0.0000
vt 0.5886 0.1775 0.0000
vt 0.5221 0.4319 0.0000
vt 0.5631 0.4447 0.0000
vt 0.5111 0.2924 0.0000
vt 0.5067 0.2872 0.0000
vt 0.5099 0.2871 0.0000
vt 0.5145 0.2916 0.0000
vt 0.5202 0.3628 0.0000
vt 0.5257 0.3595 0.0000
vt 0.5565 0.4913 0.0000
vt 0.5518 0.4908 0.0000
vt 0.5545 0.3029 0.0000
vt 0.5385 0.3014 0.0000
vt 0.5403 0.2986 0.0000
vt 0.5539 0.2995 0.0000
vt 0.8043 0.1577 0.0000
vt 0.8043 0.1120 0.0000
vt 0.8027 0.1120 0.0000
vt 0.8027 0.1577 0.0000
vt 0.5593 0.1030 0.0000
vt 0.5590 0.1328 0.0000
vt 0.9756 0.2875 0.0000
vt 0.9776 0.2868 0.0000
vt 0.9766 0.2922 0.0000
vt 0.9748 0.2925 0.0000
vt 0.6441 0.1601 0.0000
vt 0.6439 0.1780 0.0000
vt 0.6273 0.1779 0.0000
vt 0.6274 0.1600 0.0000
vt 0.5582 0.1826 0.0000
vt 0.5634 0.2017 0.0000
vt 0.5636 0.3532 0.0000
vt 0.5801 0.3524 0.0000
vt 0.5973 0.4865 0.0000
vt 0.5715 0.4887 0.0000
vt 0.5817 0.4722 0.0000
vt 0.5979 0.4719 0.0000
vt 0.8076 0.1577 0.0000
vt 0.8160 0.1577 0.0000
vt 0.8160 0.1120 0.0000
vt 0.8076 0.1120 0.0000
vt 0.6083 0.4580 0.0000
vt 0.5902 0.3066 0.0000
vt 0.5902 0.3027 0.0000
vt 0.6053 0.3059 0.0000
vt 0.6052 0.3102 0.0000
vt 0.8234 0.1577 0.0000
vt 0.8234 0.1120 0.0000
vt 0.5525 0.1034 0.0000
vt 0.5548 0.1030 0.0000
vt 0.5544 0.1327 0.0000
vt 0.5521 0.1327 0.0000
vt 0.9747 0.2285 0.0000
vt 0.9829 0.2284 0.0000
vt 0.9819 0.2514 0.0000
vt 0.9800 0.2516 0.0000
vt 0.6786 0.1604 0.0000
vt 0.6919 0.1605 0.0000
vt 0.6917 0.1784 0.0000
vt 0.6784 0.1783 0.0000
vt 0.6114 0.1822 0.0000
vt 0.6127 0.2002 0.0000
vt 0.5946 0.2000 0.0000
vt 0.5936 0.1820 0.0000
vt 0.6139 0.3468 0.0000
vt 0.6268 0.3437 0.0000
vt 0.6143 0.3552 0.0000
vt 0.6203 0.4919 0.0000
vt 0.6199 0.4723 0.0000
vt 0.6182 0.3089 0.0000
vt 0.6182 0.3134 0.0000
vt 0.8286 0.1577 0.0000
vt 0.8286 0.1120 0.0000
vt 0.5504 0.1042 0.0000
vt 0.5500 0.1327 0.0000
vt 0.9712 0.2126 0.0000
vt 0.9825 0.2117 0.0000
vt 0.7057 0.1607 0.0000
vt 0.7055 0.1786 0.0000
vt 0.6279 0.1823 0.0000
vt 0.6294 0.2002 0.0000
vt 0.6400 0.3401 0.0000
vt 0.6362 0.4951 0.0000
vt 0.6342 0.4729 0.0000
vt 0.6530 0.4724 0.0000
vt 0.6532 0.4938 0.0000
vt 0.8342 0.1577 0.0000
vt 0.8342 0.1120 0.0000
vt 0.6516 0.3223 0.0000
vt 0.6435 0.3218 0.0000
vt 0.6476 0.3147 0.0000
vt 0.5460 0.1034 0.0000
vt 0.5482 0.1041 0.0000
vt 0.5478 0.1326 0.0000
vt 0.5457 0.1326 0.0000
vt 0.9722 0.1955 0.0000
vt 0.9689 0.1790 0.0000
vt 0.9811 0.1782 0.0000
vt 0.9827 0.1951 0.0000
vt 0.7306 0.1609 0.0000
vt 0.7303 0.1788 0.0000
vt 0.7264 0.1787 0.0000
vt 0.7266 0.1608 0.0000
vt 0.6618 0.1819 0.0000
vt 0.6626 0.1991 0.0000
vt 0.6461 0.2000 0.0000
vt 0.6450 0.1822 0.0000
vt 0.6599 0.3350 0.0000
vt 0.6635 0.3335 0.0000
vt 0.6554 0.3457 0.0000
vt 0.7121 0.1607 0.0000
vt 0.7120 0.1786 0.0000
vt 0.6460 0.3376 0.0000
vt 0.6328 0.3120 0.0000
vt 0.6316 0.3169 0.0000
vt 0.6602 0.3257 0.0000
vt 0.6554 0.3239 0.0000
vt 0.6600 0.3160 0.0000
vt 0.5438 0.1034 0.0000
vt 0.5435 0.1326 0.0000
vt 0.9675 0.1621 0.0000
vt 0.9812 0.1615 0.0000
vt 0.7356 0.1609 0.0000
vt 0.7544 0.1611 0.0000
vt 0.7542 0.1790 0.0000
vt 0.7355 0.1788 0.0000
vt 0.6789 0.1819 0.0000
vt 0.6789 0.1988 0.0000
vt 0.6683 0.3317 0.0000
vt 0.6868 0.3311 0.0000
vt 0.6868 0.3466 0.0000
vt 0.5574 0.1030 0.0000
vt 0.5571 0.1328 0.0000
vt 0.9794 0.2762 0.0000
vt 0.9775 0.2774 0.0000
vt 0.6632 0.1603 0.0000
vt 0.6631 0.1782 0.0000
vt 0.5785 0.2005 0.0000
vt 0.5728 0.1824 0.0000
vt 0.5990 0.3503 0.0000
vt 0.5614 0.4905 0.0000
vt 0.5711 0.3041 0.0000
vt 0.5711 0.3006 0.0000
vt 0.5761 0.1328 0.0000
vt 0.5765 0.1032 0.0000
vt 0.5773 0.1032 0.0000
vt 0.5767 0.1328 0.0000
vt 0.9943 0.1459 0.0000
vt 0.9951 0.0042 0.0000
vt 0.5662 0.1036 0.0000
vt 0.5672 0.1327 0.0000
vt 0.5659 0.1326 0.0000
vt 0.9623 0.1457 0.0000
vt 0.9630 0.0046 0.0000
vt 0.9554 0.0046 0.0000
vt 0.9547 0.1457 0.0000
vt 0.7343 0.3439 0.0000
vt 0.7437 0.3421 0.0000
vt 0.7455 0.3554 0.0000
vt 0.7341 0.3575 0.0000
vt 0.5147 0.3716 0.0000
vt 0.5159 0.3681 0.0000
vt 0.5046 0.2771 0.0000
vt 0.5062 0.2762 0.0000
vt 0.5072 0.2828 0.0000
vt 0.5054 0.2837 0.0000
vt 0.5645 0.1326 0.0000
vt 0.5648 0.1031 0.0000
vt 0.7252 0.3457 0.0000
vt 0.7258 0.3595 0.0000
vt 0.6789 0.3171 0.0000
vt 0.6789 0.3262 0.0000
vt 0.5141 0.3781 0.0000
vt 0.5145 0.3840 0.0000
vt 0.5096 0.2586 0.0000
vt 0.5121 0.2583 0.0000
vt 0.5080 0.2706 0.0000
vt 0.5056 0.2712 0.0000
vt 0.5438 0.1577 0.0000
vt 0.5196 0.3963 0.0000
vt 0.5288 0.2749 0.0000
vt 0.5464 0.2806 0.0000
vt 0.5297 0.2930 0.0000
vt 0.5129 0.2871 0.0000
vt 0.6030 0.2821 0.0000
vt 0.6054 0.3019 0.0000
vt 0.5901 0.2991 0.0000
vt 0.5868 0.2804 0.0000
vt 0.6177 0.2840 0.0000
vt 0.6182 0.3048 0.0000
vt 0.6477 0.2868 0.0000
vt 0.6474 0.3091 0.0000
vt 0.6316 0.3071 0.0000
vt 0.6324 0.2857 0.0000
vt 0.6633 0.2874 0.0000
vt 0.6619 0.3088 0.0000
vt 0.5526 0.2949 0.0000
vt 0.5177 0.2719 0.0000
vt 0.5088 0.2820 0.0000
vt 0.5080 0.2753 0.0000
vt 0.5150 0.2660 0.0000
vt 0.6091 0.3889 0.0000
vt 0.5862 0.2609 0.0000
vt 0.6020 0.2619 0.0000
vt 0.6174 0.2632 0.0000
vt 0.6324 0.2645 0.0000
vt 0.6479 0.2647 0.0000
vt 0.6507 0.3850 0.0000
vt 0.6638 0.2649 0.0000
vt 0.6868 0.3839 0.0000
vt 0.5693 0.2604 0.0000
vt 0.5679 0.2794 0.0000
vt 0.5537 0.2233 0.0000
vt 0.5400 0.2287 0.0000
vt 0.6496 0.4189 0.0000
vt 0.6868 0.4174 0.0000
vt 0.5219 0.2473 0.0000
vt 0.5143 0.2559 0.0000
vt 0.5062 0.2526 0.0000
vt 0.5300 0.2367 0.0000
vt 0.5192 0.4117 0.0000
vt 0.5630 0.4172 0.0000
vt 0.5835 0.2193 0.0000
vt 0.5686 0.2202 0.0000
vt 0.6152 0.2194 0.0000
vt 0.5992 0.2192 0.0000
vt 0.6311 0.2197 0.0000
vt 0.6075 0.4205 0.0000
vt 0.6635 0.2191 0.0000
vt 0.6472 0.2196 0.0000
vt 0.6789 0.2185 0.0000
vt 0.5195 0.4880 0.0000
vt 0.7193 0.3564 0.0000
vt 0.7273 0.3667 0.0000
vt 0.7208 0.3639 0.0000
vt 0.5240 0.1764 0.0000
vt 0.5232 0.1592 0.0000
vt 0.7907 0.1577 0.0000
vt 0.7907 0.1118 0.0000
vt 0.9951 0.3169 0.0000
vt 0.9843 0.3172 0.0000
vt 0.9957 0.2990 0.0000
vt 0.7717 0.3564 0.0000
vt 0.7576 0.3588 0.0000
vt 0.7885 0.3625 0.0000
vt 0.7833 0.3671 0.0000
vt 0.7824 0.3622 0.0000
vt 0.5773 0.1328 0.0000
vt 0.5099 0.4030 0.0000
vt 0.5087 0.4049 0.0000
vt 0.7790 0.3590 0.0000
vt 0.7873 0.3763 0.0000
vt 0.7855 0.3740 0.0000
vt 0.7916 0.3700 0.0000
vt 0.7931 0.3746 0.0000
vt 0.7466 0.3631 0.0000
vt 0.7344 0.3659 0.0000
vt 0.5085 0.4878 0.0000
vt 0.5089 0.4707 0.0000
vt 0.7196 0.3467 0.0000
vt 0.7871 0.1577 0.0000
vt 0.7874 0.1118 0.0000
vt 0.5793 0.1032 0.0000
vt 0.5790 0.1328 0.0000
vt 0.7902 0.3784 0.0000
vt 0.7940 0.3780 0.0000
vt 0.7842 0.3712 0.0000
vt 0.7904 0.3668 0.0000
vt 0.7930 0.3589 0.0000
vt 0.5743 0.1327 0.0000
vt 0.5747 0.1032 0.0000
vt 0.9088 0.1275 0.0000
vt 0.9152 0.1453 0.0000
vt 0.9143 0.0044 0.0000
vt 0.9110 0.0044 0.0000
vt 0.5806 0.1032 0.0000
vt 0.5811 0.1033 0.0000
vt 0.5805 0.1328 0.0000
vt 0.5800 0.1328 0.0000
vt 0.7989 0.3717 0.0000
vt 0.7977 0.3664 0.0000
vt 0.5755 0.1327 0.0000
vt 0.5758 0.1032 0.0000
vt 0.5798 0.1032 0.0000
vt 0.5794 0.1328 0.0000
vt 0.7969 0.3771 0.0000
vt 0.7954 0.3624 0.0000
vt 0.5749 0.1327 0.0000
vt 0.5753 0.1032 0.0000
vt 0.5035 0.4645 0.0000
vt 0.5015 0.4583 0.0000
vt 0.5019 0.4507 0.0000
vt 0.5078 0.4321 0.0000
vt 0.5087 0.4242 0.0000
vt 0.5089 0.4175 0.0000
vt 0.5070 0.4128 0.0000
vt 0.7235 0.3415 0.0000
vt 0.7154 0.3427 0.0000
vt 0.7340 0.3403 0.0000
vt 0.7438 0.3391 0.0000
vt 0.7718 0.3448 0.0000
vt 0.7547 0.3385 0.0000
vt 0.7864 0.3512 0.0000
vt 0.7905 0.3535 0.0000
vt 0.7955 0.3570 0.0000
vt 0.7988 0.3601 0.0000
vt 0.8007 0.3641 0.0000
vt 0.8015 0.3692 0.0000
vt 0.8011 0.3738 0.0000
vt 0.7989 0.3784 0.0000
vt 0.7952 0.3807 0.0000
vt 0.7905 0.3814 0.0000
vt 0.7864 0.3802 0.0000
vt 0.7840 0.3777 0.0000
vt 0.7815 0.3738 0.0000
vt 0.7805 0.3700 0.0000
vt 0.7809 0.3637 0.0000
vt 0.7781 0.3618 0.0000
vt 0.7648 0.3609 0.0000
vt 0.7717 0.3599 0.0000
vt 0.7533 0.3645 0.0000
vt 0.7573 0.3628 0.0000
vt 0.7180 0.3661 0.0000
vt 0.7168 0.3556 0.0000
vt 0.5044 0.4426 0.0000
vt 0.5066 0.4362 0.0000
vt 0.7472 0.3674 0.0000
vt 0.7394 0.3709 0.0000
vt 0.7319 0.3722 0.0000
vt 0.7254 0.3709 0.0000
vt 0.5141 0.1508 0.0000
vt 0.5186 0.1519 0.0000
vt 0.5174 0.1570 0.0000
vt 0.5128 0.1568 0.0000
vt 0.5218 0.1767 0.0000
vt 0.9203 0.1455 0.0000
vt 0.9210 0.0044 0.0000
vt 0.9394 0.1456 0.0000
vt 0.9401 0.0045 0.0000
vt 0.9461 0.1456 0.0000
vt 0.9468 0.0045 0.0000
vt 0.5172 0.1768 0.0000
vt 0.5167 0.1595 0.0000
vt 0.5693 0.2961 0.0000
vt 0.5700 0.2407 0.0000
vt 0.5856 0.2405 0.0000
vt 0.7996 0.1577 0.0000
vt 0.7987 0.1121 0.0000
vt 0.9791 0.3049 0.0000
vt 0.9808 0.3028 0.0000
vt 0.5988 0.1597 0.0000
vt 0.5986 0.1776 0.0000
vt 0.5352 0.3564 0.0000
vt 0.5412 0.4859 0.0000
vt 0.5165 0.2959 0.0000
vt 0.5209 0.2945 0.0000
vt 0.5469 0.4883 0.0000
vt 0.5260 0.2991 0.0000
vt 0.5296 0.2972 0.0000
vt 0.8012 0.1120 0.0000
vt 0.8012 0.1577 0.0000
vt 0.9752 0.2973 0.0000
vt 0.9773 0.2977 0.0000
vt 0.6113 0.1777 0.0000
vt 0.6114 0.1598 0.0000
vt 0.5477 0.3544 0.0000
vt 0.6012 0.2408 0.0000
vt 0.6170 0.2415 0.0000
vt 0.6321 0.2419 0.0000
vt 0.6477 0.2419 0.0000
vt 0.6637 0.2413 0.0000
vt 0.6789 0.2407 0.0000
vt 0.9959 0.2816 0.0000
vt 0.9960 0.2283 0.0000
vt 0.9961 0.2462 0.0000
vt 0.9958 0.2122 0.0000
vt 0.9949 0.1782 0.0000
vt 0.9954 0.1950 0.0000
vt 0.9943 0.1610 0.0000
vt 0.9960 0.2670 0.0000
vt 0.9780 0.3168 0.0000
vt 0.6376 0.3194 0.0000
vt 0.7185 0.1608 0.0000
vt 0.7183 0.1787 0.0000
vt 0.6518 0.3353 0.0000
vt 0.6789 0.3090 0.0000
vt 0.7154 0.3640 0.0000
vt 0.7082 0.3557 0.0000
vt 0.7144 0.3559 0.0000
vt 0.7014 0.3680 0.0000
vt 0.7035 0.3653 0.0000
vt 0.7000 0.3578 0.0000
vt 0.7025 0.3572 0.0000
vt 0.6985 0.3450 0.0000
vt 0.7012 0.3472 0.0000
vt 0.7048 0.3445 0.0000
vt 0.7051 0.3469 0.0000
vt 0.7133 0.3455 0.0000
vt 0.5817 0.1033 0.0000
vt 0.5813 0.1328 0.0000
vt 0.9089 0.1453 0.0000
vt 0.5263 0.1495 0.0000
vt 0.5234 0.1533 0.0000
vt 0.5220 0.1577 0.0000
vt 0.5118 0.1604 0.0000
vt 0.5081 0.1593 0.0000
vt 0.5092 0.1560 0.0000
vt 0.5037 0.1554 0.0000
vt 0.5058 0.1543 0.0000
vt 0.5018 0.1524 0.0000
vt 0.5058 0.1502 0.0000
vt 0.5021 0.1482 0.0000
vt 0.5051 0.1436 0.0000
vt 0.5072 0.1452 0.0000
vt 0.5099 0.1403 0.0000
vt 0.5106 0.1438 0.0000
vt 0.5160 0.1410 0.0000
vt 0.5152 0.1445 0.0000
vt 0.5209 0.1429 0.0000
vt 0.5194 0.1461 0.0000
vt 0.5242 0.1456 0.0000
vt 0.5223 0.1475 0.0000
vt 0.5098 0.1502 0.0000
vt 0.5134 0.4030 0.0000
vt 0.5046 0.4070 0.0000
vt 0.6789 0.2651 0.0000
vt 0.6789 0.2882 0.0000
vt 0.5235 0.1322 0.0000
vt 0.5239 0.1025 0.0000
vt 0.5262 0.1026 0.0000
vt 0.5258 0.1323 0.0000
vt 0.6868 0.4718 0.0000
vt 0.6685 0.4719 0.0000
vt 0.6698 0.4965 0.0000
vt 0.6868 0.4972 0.0000
vt 0.5161 0.1319 0.0000
vt 0.5165 0.1023 0.0000
vt 0.5188 0.1026 0.0000
vt 0.5184 0.1319 0.0000
vt 0.8437 0.3616 0.0000
vt 0.8326 0.3604 0.0000
vt 0.8302 0.3452 0.0000
vt 0.8334 0.3436 0.0000
vt 0.8260 0.3356 0.0000
vt 0.8225 0.3328 0.0000
vt 0.8248 0.3289 0.0000
vt 0.8275 0.3323 0.0000
vt 0.8506 0.1577 0.0000
vt 0.8506 0.1120 0.0000
vt 0.7394 0.1594 0.0000
vt 0.7260 0.1591 0.0000
vt 0.7266 0.1412 0.0000
vt 0.7398 0.1415 0.0000
vt 0.7206 0.1412 0.0000
vt 0.7201 0.1589 0.0000
vt 0.7136 0.1587 0.0000
vt 0.7140 0.1408 0.0000
vt 0.7030 0.1584 0.0000
vt 0.7035 0.1407 0.0000
vt 0.7103 0.1407 0.0000
vt 0.7099 0.1586 0.0000
vt 0.8347 0.1910 0.0000
vt 0.8233 0.2116 0.0000
vt 0.8096 0.2044 0.0000
vt 0.8166 0.1830 0.0000
vt 0.8347 0.1835 0.0000
vt 0.6868 0.4486 0.0000
vt 0.6534 0.4532 0.0000
vt 0.8358 0.2223 0.0000
vt 0.8313 0.2227 0.0000
vt 0.8345 0.2020 0.0000
vt 0.5096 0.1022 0.0000
vt 0.5091 0.1318 0.0000
vt 0.5085 0.1318 0.0000
vt 0.5089 0.1022 0.0000
vt 0.5134 0.1318 0.0000
vt 0.5144 0.1023 0.0000
vt 0.5140 0.1318 0.0000
vt 0.7555 0.1420 0.0000
vt 0.7577 0.1597 0.0000
vt 0.7449 0.1595 0.0000
vt 0.7472 0.1391 0.0000
vt 0.8441 0.2385 0.0000
vt 0.8392 0.2428 0.0000
vt 0.5249 0.3977 0.0000
vt 0.5622 0.3920 0.0000
vt 0.5522 0.3633 0.0000
vt 0.5223 0.3805 0.0000
vt 0.8423 0.2569 0.0000
vt 0.8438 0.2578 0.0000
vt 0.8389 0.2610 0.0000
vt 0.8352 0.2544 0.0000
vt 0.8166 0.2446 0.0000
vt 0.8199 0.2598 0.0000
vt 0.8053 0.2604 0.0000
vt 0.8021 0.2419 0.0000
vt 0.7455 0.1387 0.0000
vt 0.7437 0.1391 0.0000
vt 0.8311 0.2603 0.0000
vt 0.8273 0.2488 0.0000
vt 0.8938 0.1121 0.0000
vt 0.8927 0.1121 0.0000
vt 0.8925 0.1577 0.0000
vt 0.8937 0.1577 0.0000
vt 0.5934 0.1201 0.0000
vt 0.5993 0.1199 0.0000
vt 0.5972 0.1228 0.0000
vt 0.5939 0.1235 0.0000
vt 0.5585 0.4723 0.0000
vt 0.8952 0.1577 0.0000
vt 0.8954 0.1118 0.0000
vt 0.6966 0.1583 0.0000
vt 0.6970 0.1404 0.0000
vt 0.5631 0.4448 0.0000
vt 0.5220 0.4319 0.0000
vt 0.8467 0.2924 0.0000
vt 0.8434 0.2916 0.0000
vt 0.8480 0.2871 0.0000
vt 0.8512 0.2872 0.0000
vt 0.5200 0.3628 0.0000
vt 0.5256 0.3595 0.0000
vt 0.5565 0.4912 0.0000
vt 0.8034 0.3029 0.0000
vt 0.8039 0.2995 0.0000
vt 0.8176 0.2986 0.0000
vt 0.8194 0.3013 0.0000
vt 0.8875 0.1120 0.0000
vt 0.8859 0.1120 0.0000
vt 0.8859 0.1577 0.0000
vt 0.8875 0.1577 0.0000
vt 0.5284 0.1033 0.0000
vt 0.5280 0.1324 0.0000
vt 0.6136 0.1264 0.0000
vt 0.6190 0.1254 0.0000
vt 0.6183 0.1274 0.0000
vt 0.6134 0.1282 0.0000
vt 0.6579 0.1572 0.0000
vt 0.6412 0.1568 0.0000
vt 0.6417 0.1389 0.0000
vt 0.6584 0.1394 0.0000
vt 0.7945 0.2015 0.0000
vt 0.7997 0.1832 0.0000
vt 0.5634 0.3532 0.0000
vt 0.5799 0.3523 0.0000
vt 0.5973 0.4864 0.0000
vt 0.6001 0.4718 0.0000
vt 0.5833 0.4722 0.0000
vt 0.8826 0.1577 0.0000
vt 0.8826 0.1120 0.0000
vt 0.8742 0.1120 0.0000
vt 0.8742 0.1577 0.0000
vt 0.6090 0.4579 0.0000
vt 0.7526 0.3058 0.0000
vt 0.7677 0.3026 0.0000
vt 0.7677 0.3066 0.0000
vt 0.7527 0.3101 0.0000
vt 0.8668 0.1120 0.0000
vt 0.8668 0.1577 0.0000
vt 0.5352 0.1036 0.0000
vt 0.5348 0.1325 0.0000
vt 0.5326 0.1324 0.0000
vt 0.5329 0.1045 0.0000
vt 0.6544 0.1210 0.0000
vt 0.6774 0.1200 0.0000
vt 0.6772 0.1283 0.0000
vt 0.6542 0.1229 0.0000
vt 0.6072 0.1380 0.0000
vt 0.6067 0.1559 0.0000
vt 0.5934 0.1555 0.0000
vt 0.5939 0.1377 0.0000
vt 0.7632 0.1999 0.0000
vt 0.7452 0.2001 0.0000
vt 0.7463 0.1823 0.0000
vt 0.7644 0.1824 0.0000
vt 0.6137 0.3467 0.0000
vt 0.6146 0.3559 0.0000
vt 0.6266 0.3436 0.0000
vt 0.6203 0.4918 0.0000
vt 0.6192 0.4723 0.0000
vt 0.7396 0.3089 0.0000
vt 0.7397 0.3134 0.0000
vt 0.8616 0.1120 0.0000
vt 0.8616 0.1577 0.0000
vt 0.5373 0.1027 0.0000
vt 0.5369 0.1325 0.0000
vt 0.6941 0.1205 0.0000
vt 0.6931 0.1318 0.0000
vt 0.5796 0.1552 0.0000
vt 0.5801 0.1373 0.0000
vt 0.7284 0.2001 0.0000
vt 0.7300 0.1815 0.0000
vt 0.6398 0.3399 0.0000
vt 0.6531 0.4719 0.0000
vt 0.6361 0.4723 0.0000
vt 0.6363 0.4950 0.0000
vt 0.6533 0.4937 0.0000
vt 0.8560 0.1120 0.0000
vt 0.8560 0.1577 0.0000
vt 0.7063 0.3222 0.0000
vt 0.7103 0.3146 0.0000
vt 0.7144 0.3218 0.0000
vt 0.5416 0.1039 0.0000
vt 0.5413 0.1326 0.0000
vt 0.5391 0.1325 0.0000
vt 0.5395 0.1035 0.0000
vt 0.7102 0.1309 0.0000
vt 0.7107 0.1205 0.0000
vt 0.7276 0.1221 0.0000
vt 0.7267 0.1343 0.0000
vt 0.5587 0.1546 0.0000
vt 0.5549 0.1545 0.0000
vt 0.5552 0.1366 0.0000
vt 0.5592 0.1367 0.0000
vt 0.7117 0.1999 0.0000
vt 0.6952 0.1991 0.0000
vt 0.6960 0.1821 0.0000
vt 0.7128 0.1821 0.0000
vt 0.6597 0.3348 0.0000
vt 0.6553 0.3460 0.0000
vt 0.6633 0.3333 0.0000
vt 0.5732 0.1550 0.0000
vt 0.5737 0.1371 0.0000
vt 0.6458 0.3374 0.0000
vt 0.7251 0.3120 0.0000
vt 0.7263 0.3169 0.0000
vt 0.6977 0.3256 0.0000
vt 0.6979 0.3160 0.0000
vt 0.7026 0.3239 0.0000
vt 0.7442 0.1221 0.0000
vt 0.7436 0.1358 0.0000
vt 0.5502 0.1365 0.0000
vt 0.5497 0.1544 0.0000
vt 0.5310 0.1539 0.0000
vt 0.5315 0.1360 0.0000
vt 0.6681 0.3315 0.0000
vt 0.6868 0.3464 0.0000
vt 0.6868 0.3309 0.0000
vt 0.5299 0.1324 0.0000
vt 0.5303 0.1043 0.0000
vt 0.6296 0.1235 0.0000
vt 0.6284 0.1255 0.0000
vt 0.6226 0.1384 0.0000
vt 0.6221 0.1563 0.0000
vt 0.7794 0.2004 0.0000
vt 0.7843 0.1828 0.0000
vt 0.5989 0.3502 0.0000
vt 0.7867 0.3005 0.0000
vt 0.7867 0.3041 0.0000
vt 0.5104 0.1022 0.0000
vt 0.5112 0.1022 0.0000
vt 0.5108 0.1318 0.0000
vt 0.5103 0.1318 0.0000
vt 0.5215 0.1029 0.0000
vt 0.5211 0.1320 0.0000
vt 0.5198 0.1320 0.0000
vt 0.8440 0.3816 0.0000
vt 0.8306 0.3836 0.0000
vt 0.8311 0.3721 0.0000
vt 0.8445 0.3720 0.0000
vt 0.5146 0.3716 0.0000
vt 0.5157 0.3681 0.0000
vt 0.8507 0.2828 0.0000
vt 0.8517 0.2762 0.0000
vt 0.8533 0.2771 0.0000
vt 0.8525 0.2837 0.0000
vt 0.5229 0.1025 0.0000
vt 0.5224 0.1320 0.0000
vt 0.8435 0.3908 0.0000
vt 0.8298 0.3922 0.0000
vt 0.5139 0.3781 0.0000
vt 0.5144 0.3840 0.0000
vt 0.8499 0.2706 0.0000
vt 0.8457 0.2582 0.0000
vt 0.8483 0.2586 0.0000
vt 0.8522 0.2712 0.0000
vt 0.7420 0.1400 0.0000
vt 0.5195 0.3962 0.0000
vt 0.8290 0.2748 0.0000
vt 0.8449 0.2871 0.0000
vt 0.8282 0.2930 0.0000
vt 0.8115 0.2806 0.0000
vt 0.7678 0.2991 0.0000
vt 0.7525 0.3019 0.0000
vt 0.7549 0.2820 0.0000
vt 0.7711 0.2803 0.0000
vt 0.7397 0.3048 0.0000
vt 0.7401 0.2840 0.0000
vt 0.7263 0.3070 0.0000
vt 0.7105 0.3091 0.0000
vt 0.7102 0.2868 0.0000
vt 0.7255 0.2856 0.0000
vt 0.6960 0.3088 0.0000
vt 0.6946 0.2874 0.0000
vt 0.8053 0.2948 0.0000
vt 0.8402 0.2719 0.0000
vt 0.8498 0.2753 0.0000
vt 0.8490 0.2819 0.0000
vt 0.8429 0.2660 0.0000
vt 0.6090 0.3887 0.0000
vt 0.7558 0.2618 0.0000
vt 0.7717 0.2609 0.0000
vt 0.7404 0.2631 0.0000
vt 0.7100 0.2646 0.0000
vt 0.7255 0.2644 0.0000
vt 0.6506 0.3848 0.0000
vt 0.6941 0.2649 0.0000
vt 0.6868 0.3837 0.0000
vt 0.7900 0.2793 0.0000
vt 0.7886 0.2603 0.0000
vt 0.8179 0.2287 0.0000
vt 0.8042 0.2232 0.0000
vt 0.6868 0.4172 0.0000
vt 0.6496 0.4187 0.0000
vt 0.8516 0.2526 0.0000
vt 0.8435 0.2559 0.0000
vt 0.8360 0.2473 0.0000
vt 0.8279 0.2367 0.0000
vt 0.5191 0.4117 0.0000
vt 0.7893 0.2202 0.0000
vt 0.7744 0.2193 0.0000
vt 0.7587 0.2191 0.0000
vt 0.7426 0.2193 0.0000
vt 0.7267 0.2196 0.0000
vt 0.6077 0.4205 0.0000
vt 0.7106 0.2196 0.0000
vt 0.6944 0.2191 0.0000
vt 0.5195 0.4879 0.0000
vt 0.8225 0.3917 0.0000
vt 0.8339 0.3981 0.0000
vt 0.8262 0.3978 0.0000
vt 0.7626 0.1423 0.0000
vt 0.7611 0.1594 0.0000
vt 0.8995 0.1577 0.0000
vt 0.8995 0.1118 0.0000
vt 0.5887 0.1189 0.0000
vt 0.5888 0.1081 0.0000
vt 0.6067 0.1073 0.0000
vt 0.8260 0.3606 0.0000
vt 0.8264 0.3463 0.0000
vt 0.8179 0.3305 0.0000
vt 0.8192 0.3365 0.0000
vt 0.8142 0.3363 0.0000
vt 0.5096 0.1318 0.0000
vt 0.5098 0.4030 0.0000
vt 0.5086 0.4049 0.0000
vt 0.8228 0.3395 0.0000
vt 0.8101 0.3285 0.0000
vt 0.8071 0.3351 0.0000
vt 0.8045 0.3336 0.0000
vt 0.8053 0.3277 0.0000
vt 0.8233 0.3720 0.0000
vt 0.8223 0.3846 0.0000
vt 0.5088 0.4707 0.0000
vt 0.8434 0.3965 0.0000
vt 0.9031 0.1577 0.0000
vt 0.9028 0.1118 0.0000
vt 0.5080 0.1317 0.0000
vt 0.5083 0.1022 0.0000
vt 0.8020 0.3311 0.0000
vt 0.8019 0.3273 0.0000
vt 0.8135 0.3292 0.0000
vt 0.8100 0.3360 0.0000
vt 0.8209 0.3255 0.0000
vt 0.5127 0.1318 0.0000
vt 0.5130 0.1023 0.0000
vt 0.5071 0.1022 0.0000
vt 0.5069 0.1317 0.0000
vt 0.5064 0.1317 0.0000
vt 0.5066 0.1022 0.0000
vt 0.8074 0.3216 0.0000
vt 0.8128 0.3220 0.0000
vt 0.5119 0.1022 0.0000
vt 0.5115 0.1318 0.0000
vt 0.5075 0.1317 0.0000
vt 0.5079 0.1022 0.0000
vt 0.8023 0.3243 0.0000
vt 0.8171 0.3237 0.0000
vt 0.5124 0.1022 0.0000
vt 0.5121 0.1318 0.0000
vt 0.5014 0.4583 0.0000
vt 0.5077 0.4321 0.0000
vt 0.5086 0.4242 0.0000
vt 0.5069 0.4128 0.0000
vt 0.8479 0.3919 0.0000
vt 0.8479 0.4001 0.0000
vt 0.8477 0.3813 0.0000
vt 0.8474 0.3714 0.0000
vt 0.8378 0.3446 0.0000
vt 0.8465 0.3606 0.0000
vt 0.8295 0.3310 0.0000
vt 0.8266 0.3273 0.0000
vt 0.8225 0.3228 0.0000
vt 0.8189 0.3200 0.0000
vt 0.8147 0.3187 0.0000
vt 0.8095 0.3186 0.0000
vt 0.8050 0.3197 0.0000
vt 0.8008 0.3224 0.0000
vt 0.7990 0.3265 0.0000
vt 0.7990 0.3312 0.0000
vt 0.8007 0.3351 0.0000
vt 0.8036 0.3372 0.0000
vt 0.8078 0.3390 0.0000
vt 0.8117 0.3395 0.0000
vt 0.8179 0.3382 0.0000
vt 0.8202 0.3407 0.0000
vt 0.8229 0.3537 0.0000
vt 0.8229 0.3468 0.0000
vt 0.8210 0.3657 0.0000
vt 0.8221 0.3615 0.0000
vt 0.8244 0.4007 0.0000
vt 0.8350 0.4005 0.0000
vt 0.5065 0.4363 0.0000
vt 0.8190 0.3721 0.0000
vt 0.8166 0.3803 0.0000
vt 0.8164 0.3879 0.0000
vt 0.8186 0.3941 0.0000
vt 0.7685 0.1402 0.0000
vt 0.7675 0.1351 0.0000
vt 0.7720 0.1342 0.0000
vt 0.7730 0.1403 0.0000
vt 0.7634 0.1598 0.0000
vt 0.7680 0.1601 0.0000
vt 0.7690 0.1428 0.0000
vt 0.7886 0.2961 0.0000
vt 0.7879 0.2407 0.0000
vt 0.7723 0.2404 0.0000
vt 0.8915 0.1121 0.0000
vt 0.8906 0.1577 0.0000
vt 0.6031 0.1223 0.0000
vt 0.6009 0.1239 0.0000
vt 0.6865 0.1580 0.0000
vt 0.6870 0.1401 0.0000
vt 0.5351 0.3564 0.0000
vt 0.5412 0.4858 0.0000
vt 0.8413 0.2959 0.0000
vt 0.8370 0.2945 0.0000
vt 0.5469 0.4882 0.0000
vt 0.8282 0.2972 0.0000
vt 0.8318 0.2991 0.0000
vt 0.8890 0.1120 0.0000
vt 0.8890 0.1577 0.0000
vt 0.6085 0.1279 0.0000
vt 0.6082 0.1257 0.0000
vt 0.6739 0.1577 0.0000
vt 0.6744 0.1398 0.0000
vt 0.5475 0.3544 0.0000
vt 0.7567 0.2408 0.0000
vt 0.7408 0.2414 0.0000
vt 0.7101 0.2419 0.0000
vt 0.7258 0.2418 0.0000
vt 0.6941 0.2413 0.0000
vt 0.6241 0.1070 0.0000
vt 0.6596 0.1068 0.0000
vt 0.6775 0.1070 0.0000
vt 0.6937 0.1073 0.0000
vt 0.7109 0.1077 0.0000
vt 0.7277 0.1083 0.0000
vt 0.7448 0.1090 0.0000
vt 0.6388 0.1069 0.0000
vt 0.5891 0.1252 0.0000
vt 0.7203 0.3194 0.0000
vt 0.5669 0.1548 0.0000
vt 0.5673 0.1370 0.0000
vt 0.6516 0.3352 0.0000
vt 0.8269 0.4031 0.0000
vt 0.8350 0.4029 0.0000
vt 0.8361 0.4091 0.0000
vt 0.8272 0.4150 0.0000
vt 0.8248 0.4175 0.0000
vt 0.8354 0.4149 0.0000
vt 0.8351 0.4175 0.0000
vt 0.8454 0.4148 0.0000
vt 0.8480 0.4172 0.0000
vt 0.8452 0.4109 0.0000
vt 0.8476 0.4109 0.0000
vt 0.8454 0.4026 0.0000
vt 0.5056 0.1317 0.0000
vt 0.5060 0.1021 0.0000
vt 0.7599 0.1324 0.0000
vt 0.7626 0.1363 0.0000
vt 0.7639 0.1408 0.0000
vt 0.7740 0.1439 0.0000
vt 0.7766 0.1395 0.0000
vt 0.7776 0.1429 0.0000
vt 0.7801 0.1380 0.0000
vt 0.7822 0.1391 0.0000
vt 0.7803 0.1339 0.0000
vt 0.7842 0.1362 0.0000
vt 0.7840 0.1320 0.0000
vt 0.7791 0.1288 0.0000
vt 0.7812 0.1274 0.0000
vt 0.7757 0.1273 0.0000
vt 0.7766 0.1238 0.0000
vt 0.7711 0.1278 0.0000
vt 0.7704 0.1243 0.0000
vt 0.7669 0.1293 0.0000
vt 0.7655 0.1260 0.0000
vt 0.7639 0.1306 0.0000
vt 0.7621 0.1286 0.0000
vt 0.7763 0.1337 0.0000
vt 0.5133 0.4030 0.0000
vt 0.5045 0.4070 0.0000
vt 0.9011 0.0894 0.0000
vt 0.9058 0.0903 0.0000
vt 0.9055 0.0924 0.0000
vt 0.9012 0.0925 0.0000
vt 0.8881 0.0919 0.0000
vt 0.8879 0.0885 0.0000
vt 0.8919 0.0886 0.0000
vt 0.8916 0.0919 0.0000
vt 0.8501 0.0136 0.0000
vt 0.8550 0.0127 0.0000
vt 0.8545 0.0176 0.0000
vt 0.8499 0.0212 0.0000
vt 0.8290 0.0142 0.0000
vt 0.8352 0.0141 0.0000
vt 0.8359 0.0208 0.0000
vt 0.8255 0.0204 0.0000
vt 0.8606 0.0126 0.0000
vt 0.8662 0.0129 0.0000
vt 0.8658 0.0176 0.0000
vt 0.8599 0.0175 0.0000
vt 0.8766 0.0142 0.0000
vt 0.8808 0.0149 0.0000
vt 0.8808 0.0190 0.0000
vt 0.8765 0.0185 0.0000
vt 0.8053 0.0131 0.0000
vt 0.8055 0.0206 0.0000
vt 0.8000 0.0188 0.0000
vt 0.8001 0.0110 0.0000
vt 0.8174 0.0148 0.0000
vt 0.8242 0.0144 0.0000
vt 0.8145 0.0201 0.0000
vt 0.8973 0.0156 0.0000
vt 0.9009 0.0154 0.0000
vt 0.9014 0.0193 0.0000
vt 0.8972 0.0198 0.0000
vt 0.7924 0.0189 0.0000
vt 0.7916 0.0129 0.0000
vt 0.8927 0.0199 0.0000
vt 0.8926 0.0158 0.0000
vt 0.8112 0.0139 0.0000
vt 0.9057 0.0928 0.0000
vt 0.9013 0.0930 0.0000
vt 0.9050 0.0157 0.0000
vt 0.9009 0.0149 0.0000
vt 0.9050 0.0152 0.0000
vt 0.9082 0.0830 0.0000
vt 0.8885 0.0937 0.0000
vt 0.8847 0.0942 0.0000
vt 0.8841 0.0919 0.0000
vt 0.8883 0.0156 0.0000
vt 0.8887 0.0140 0.0000
vt 0.8922 0.0143 0.0000
vt 0.8440 0.0947 0.0000
vt 0.8448 0.0994 0.0000
vt 0.8394 0.0995 0.0000
vt 0.8387 0.0945 0.0000
vt 0.8561 0.0082 0.0000
vt 0.8609 0.0089 0.0000
vt 0.8335 0.0942 0.0000
vt 0.8345 0.0991 0.0000
vt 0.8289 0.0982 0.0000
vt 0.8279 0.0936 0.0000
vt 0.8398 0.0139 0.0000
vt 0.8349 0.0084 0.0000
vt 0.8404 0.0078 0.0000
vt 0.8655 0.0933 0.0000
vt 0.8660 0.0966 0.0000
vt 0.8601 0.0973 0.0000
vt 0.8596 0.0937 0.0000
vt 0.8661 0.0091 0.0000
vt 0.8710 0.0928 0.0000
vt 0.8711 0.0959 0.0000
vt 0.8805 0.0124 0.0000
vt 0.8845 0.0133 0.0000
vt 0.8843 0.0155 0.0000
vt 0.7992 0.0042 0.0000
vt 0.8061 0.0106 0.0000
vt 0.7994 0.0981 0.0000
vt 0.8046 0.0938 0.0000
vt 0.8055 0.0972 0.0000
vt 0.7992 0.1049 0.0000
vt 0.8242 0.0101 0.0000
vt 0.8291 0.0091 0.0000
vt 0.8223 0.0928 0.0000
vt 0.8227 0.0970 0.0000
vt 0.8168 0.0957 0.0000
vt 0.8164 0.0921 0.0000
vt 0.8967 0.0146 0.0000
vt 0.8965 0.0933 0.0000
vt 0.8965 0.0920 0.0000
vt 0.7061 0.0081 0.0000
vt 0.7177 0.0081 0.0000
vt 0.7177 0.0147 0.0000
vt 0.7061 0.0149 0.0000
vt 0.7902 0.1006 0.0000
vt 0.7917 0.0952 0.0000
vt 0.8923 0.0935 0.0000
vt 0.8104 0.0925 0.0000
vt 0.8113 0.0956 0.0000
vt 0.8116 0.0110 0.0000
vt 0.8180 0.0110 0.0000
vt 0.8489 0.0946 0.0000
vt 0.8428 0.0888 0.0000
vt 0.8483 0.0889 0.0000
vt 0.8539 0.0942 0.0000
vt 0.8538 0.0983 0.0000
vt 0.8495 0.0990 0.0000
vt 0.8450 0.0139 0.0000
vt 0.8456 0.0074 0.0000
vt 0.8506 0.0077 0.0000
vt 0.8760 0.0924 0.0000
vt 0.8709 0.0890 0.0000
vt 0.8761 0.0887 0.0000
vt 0.8802 0.0921 0.0000
vt 0.8805 0.0946 0.0000
vt 0.8761 0.0952 0.0000
vt 0.8718 0.0135 0.0000
vt 0.8720 0.0100 0.0000
vt 0.8767 0.0113 0.0000
vt 0.8562 0.3137 0.0000
vt 0.8604 0.3146 0.0000
vt 0.8597 0.3181 0.0000
vt 0.8561 0.3182 0.0000
vt 0.8569 0.2973 0.0000
vt 0.8606 0.2973 0.0000
vt 0.8604 0.2983 0.0000
vt 0.8569 0.2982 0.0000
vt 0.8569 0.2993 0.0000
vt 0.8605 0.2994 0.0000
vt 0.8608 0.3007 0.0000
vt 0.8569 0.3008 0.0000
vt 0.8567 0.3041 0.0000
vt 0.8568 0.3023 0.0000
vt 0.8607 0.3023 0.0000
vt 0.8607 0.3043 0.0000
vt 0.8566 0.3064 0.0000
vt 0.8609 0.3065 0.0000
vt 0.8610 0.3089 0.0000
vt 0.8565 0.3086 0.0000
vt 0.8563 0.3109 0.0000
vt 0.8609 0.3116 0.0000
vt 0.8569 0.2942 0.0000
vt 0.8607 0.2940 0.0000
vt 0.8603 0.2963 0.0000
vt 0.8570 0.2956 0.0000
vt 0.8570 0.2930 0.0000
vt 0.8607 0.2931 0.0000
vt 0.8571 0.2919 0.0000
vt 0.8572 0.2909 0.0000
vt 0.8605 0.2915 0.0000
vt 0.8606 0.2923 0.0000
vt 0.8570 0.2899 0.0000
vt 0.8569 0.2889 0.0000
vt 0.8603 0.2896 0.0000
vt 0.8604 0.2910 0.0000
vt 0.8568 0.2867 0.0000
vt 0.8600 0.2868 0.0000
vt 0.8603 0.2887 0.0000
vt 0.8569 0.2880 0.0000
vt 0.8568 0.2851 0.0000
vt 0.8602 0.2855 0.0000
vt 0.8568 0.2836 0.0000
vt 0.8606 0.2837 0.0000
vt 0.9025 0.0693 0.0000
vt 0.9029 0.0633 0.0000
vt 0.9076 0.0639 0.0000
vt 0.9073 0.0700 0.0000
vt 0.8849 0.0676 0.0000
vt 0.8853 0.0618 0.0000
vt 0.8889 0.0621 0.0000
vt 0.8887 0.0681 0.0000
vt 0.8590 0.0666 0.0000
vt 0.8586 0.0723 0.0000
vt 0.8528 0.0725 0.0000
vt 0.8531 0.0663 0.0000
vt 0.8648 0.0723 0.0000
vt 0.8651 0.0669 0.0000
vt 0.8849 0.0732 0.0000
vt 0.8810 0.0728 0.0000
vt 0.8809 0.0673 0.0000
vt 0.8049 0.0661 0.0000
vt 0.8048 0.0742 0.0000
vt 0.7991 0.0739 0.0000
vt 0.7976 0.0665 0.0000
vt 0.9022 0.0752 0.0000
vt 0.8974 0.0745 0.0000
vt 0.8977 0.0688 0.0000
vt 0.8926 0.0741 0.0000
vt 0.8930 0.0684 0.0000
vt 0.9088 0.0684 0.0000
vt 0.8318 0.0574 0.0000
vt 0.8400 0.0574 0.0000
vt 0.8399 0.0656 0.0000
vt 0.8317 0.0656 0.0000
vt 0.8652 0.0613 0.0000
vt 0.8716 0.0615 0.0000
vt 0.8711 0.0670 0.0000
vt 0.8592 0.0420 0.0000
vt 0.8591 0.0483 0.0000
vt 0.8533 0.0484 0.0000
vt 0.8534 0.0415 0.0000
vt 0.8652 0.0483 0.0000
vt 0.8652 0.0422 0.0000
vt 0.8856 0.0425 0.0000
vt 0.8857 0.0488 0.0000
vt 0.8814 0.0487 0.0000
vt 0.8813 0.0425 0.0000
vt 0.8047 0.0397 0.0000
vt 0.8048 0.0487 0.0000
vt 0.7993 0.0480 0.0000
vt 0.7982 0.0396 0.0000
vt 0.9031 0.0427 0.0000
vt 0.9032 0.0498 0.0000
vt 0.8984 0.0495 0.0000
vt 0.8982 0.0428 0.0000
vt 0.7920 0.0466 0.0000
vt 0.7918 0.0395 0.0000
vt 0.8938 0.0492 0.0000
vt 0.8936 0.0427 0.0000
vt 0.9029 0.0358 0.0000
vt 0.9075 0.0355 0.0000
vt 0.9079 0.0422 0.0000
vt 0.8857 0.0365 0.0000
vt 0.8895 0.0365 0.0000
vt 0.8895 0.0425 0.0000
vt 0.9091 0.0370 0.0000
vt 0.8335 0.0309 0.0000
vt 0.8417 0.0313 0.0000
vt 0.8405 0.0403 0.0000
vt 0.8322 0.0400 0.0000
vt 0.8652 0.0362 0.0000
vt 0.8715 0.0363 0.0000
vt 0.8713 0.0423 0.0000
vt 0.8593 0.0358 0.0000
vt 0.8538 0.0348 0.0000
vt 0.8539 0.0299 0.0000
vt 0.8593 0.0298 0.0000
vt 0.8652 0.0299 0.0000
vt 0.8856 0.0304 0.0000
vt 0.8816 0.0364 0.0000
vt 0.8818 0.0300 0.0000
vt 0.8038 0.0303 0.0000
vt 0.7993 0.0336 0.0000
vt 0.8000 0.0270 0.0000
vt 0.8981 0.0363 0.0000
vt 0.8979 0.0302 0.0000
vt 0.9024 0.0293 0.0000
vt 0.8936 0.0365 0.0000
vt 0.8934 0.0304 0.0000
vt 0.9021 0.0250 0.0000
vt 0.9070 0.0267 0.0000
vt 0.8851 0.0247 0.0000
vt 0.8890 0.0249 0.0000
vt 0.8894 0.0305 0.0000
vt 0.8432 0.0217 0.0000
vt 0.8653 0.0235 0.0000
vt 0.8713 0.0237 0.0000
vt 0.8715 0.0299 0.0000
vt 0.9032 0.0565 0.0000
vt 0.9080 0.0505 0.0000
vt 0.9079 0.0564 0.0000
vt 0.8856 0.0554 0.0000
vt 0.8896 0.0490 0.0000
vt 0.8895 0.0557 0.0000
vt 0.9097 0.0506 0.0000
vt 0.8318 0.0488 0.0000
vt 0.8400 0.0488 0.0000
vt 0.8715 0.0483 0.0000
vt 0.8715 0.0550 0.0000
vt 0.8652 0.0549 0.0000
vt 0.8591 0.0609 0.0000
vt 0.8534 0.0601 0.0000
vt 0.8534 0.0553 0.0000
vt 0.8592 0.0549 0.0000
vt 0.8812 0.0616 0.0000
vt 0.8814 0.0552 0.0000
vt 0.8981 0.0627 0.0000
vt 0.8984 0.0562 0.0000
vt 0.8933 0.0624 0.0000
vt 0.8937 0.0559 0.0000
vt 0.9019 0.0806 0.0000
vt 0.9072 0.0766 0.0000
vt 0.9069 0.0817 0.0000
vt 0.8848 0.0788 0.0000
vt 0.8885 0.0737 0.0000
vt 0.8883 0.0791 0.0000
vt 0.8334 0.0834 0.0000
vt 0.8319 0.0741 0.0000
vt 0.8400 0.0736 0.0000
vt 0.8411 0.0818 0.0000
vt 0.8711 0.0725 0.0000
vt 0.8709 0.0784 0.0000
vt 0.8645 0.0784 0.0000
vt 0.8582 0.0784 0.0000
vt 0.8581 0.0844 0.0000
vt 0.8530 0.0837 0.0000
vt 0.8529 0.0789 0.0000
vt 0.8646 0.0844 0.0000
vt 0.8844 0.0840 0.0000
vt 0.8807 0.0840 0.0000
vt 0.8811 0.0786 0.0000
vt 0.9015 0.0852 0.0000
vt 0.8967 0.0847 0.0000
vt 0.8971 0.0798 0.0000
vt 0.7923 0.0747 0.0000
vt 0.7916 0.0665 0.0000
vt 0.8920 0.0845 0.0000
vt 0.8923 0.0796 0.0000
vt 0.8541 0.0231 0.0000
vt 0.8595 0.0234 0.0000
vt 0.8813 0.0243 0.0000
vt 0.8976 0.0250 0.0000
vt 0.8931 0.0249 0.0000
vt 0.9060 0.0195 0.0000
vt 0.8845 0.0195 0.0000
vt 0.8885 0.0197 0.0000
vt 0.9081 0.0222 0.0000
vt 0.8714 0.0180 0.0000
vt 0.8776 0.2964 0.0000
vt 0.8836 0.2960 0.0000
vt 0.8835 0.2971 0.0000
vt 0.8776 0.2973 0.0000
vt 0.8775 0.2982 0.0000
vt 0.8832 0.2982 0.0000
vt 0.8826 0.2994 0.0000
vt 0.8774 0.2994 0.0000
vt 0.8773 0.3006 0.0000
vt 0.8824 0.3006 0.0000
vt 0.8824 0.3024 0.0000
vt 0.8773 0.3023 0.0000
vt 0.8825 0.3043 0.0000
vt 0.8824 0.3064 0.0000
vt 0.8774 0.3064 0.0000
vt 0.8773 0.3043 0.0000
vt 0.8774 0.3089 0.0000
vt 0.8823 0.3087 0.0000
vt 0.8823 0.3115 0.0000
vt 0.8773 0.3116 0.0000
vt 0.8775 0.2937 0.0000
vt 0.8835 0.2935 0.0000
vt 0.8775 0.2924 0.0000
vt 0.8835 0.2921 0.0000
vt 0.8835 0.2928 0.0000
vt 0.8775 0.2931 0.0000
vt 0.8775 0.2908 0.0000
vt 0.8829 0.2903 0.0000
vt 0.8835 0.2912 0.0000
vt 0.8775 0.2915 0.0000
vt 0.8835 0.2877 0.0000
vt 0.8820 0.2888 0.0000
vt 0.8769 0.2891 0.0000
vt 0.8777 0.2881 0.0000
vt 0.8775 0.2870 0.0000
vt 0.8832 0.2866 0.0000
vt 0.8828 0.2851 0.0000
vt 0.8772 0.2852 0.0000
vt 0.8837 0.2833 0.0000
vt 0.8781 0.2836 0.0000
vt 0.8047 0.0576 0.0000
vt 0.7988 0.0579 0.0000
vt 0.8721 0.2972 0.0000
vt 0.8720 0.2960 0.0000
vt 0.8720 0.2982 0.0000
vt 0.8720 0.2993 0.0000
vt 0.8719 0.3023 0.0000
vt 0.8720 0.3006 0.0000
vt 0.8719 0.3043 0.0000
vt 0.8720 0.3064 0.0000
vt 0.8719 0.3089 0.0000
vt 0.8718 0.3116 0.0000
vt 0.8720 0.2937 0.0000
vt 0.8720 0.2924 0.0000
vt 0.8720 0.2931 0.0000
vt 0.8720 0.2914 0.0000
vt 0.8721 0.2908 0.0000
vt 0.8719 0.2894 0.0000
vt 0.8719 0.2883 0.0000
vt 0.8719 0.2871 0.0000
vt 0.8731 0.2852 0.0000
vt 0.8730 0.2837 0.0000
vt 0.8669 0.2962 0.0000
vt 0.8670 0.2973 0.0000
vt 0.8670 0.2983 0.0000
vt 0.8670 0.2993 0.0000
vt 0.8669 0.3005 0.0000
vt 0.8669 0.3022 0.0000
vt 0.8668 0.3043 0.0000
vt 0.8669 0.3065 0.0000
vt 0.8668 0.3089 0.0000
vt 0.8668 0.3117 0.0000
vt 0.8669 0.2936 0.0000
vt 0.8670 0.2924 0.0000
vt 0.8669 0.2931 0.0000
vt 0.8670 0.2910 0.0000
vt 0.8670 0.2916 0.0000
vt 0.8669 0.2896 0.0000
vt 0.8668 0.2886 0.0000
vt 0.8661 0.2872 0.0000
vt 0.8660 0.2855 0.0000
vt 0.8662 0.2838 0.0000
vt 0.8041 0.0821 0.0000
vt 0.7997 0.0827 0.0000
vt 0.9064 0.0862 0.0000
vt 0.8879 0.0842 0.0000
vt 0.8709 0.0842 0.0000
vt 0.8589 0.0895 0.0000
vt 0.8535 0.0894 0.0000
vt 0.8371 0.0888 0.0000
vt 0.8330 0.0885 0.0000
vt 0.8649 0.0894 0.0000
vt 0.8840 0.0884 0.0000
vt 0.8803 0.0885 0.0000
vt 0.8040 0.0886 0.0000
vt 0.7993 0.0900 0.0000
vt 0.8237 0.0832 0.0000
vt 0.8269 0.0880 0.0000
vt 0.8222 0.0876 0.0000
vt 0.8965 0.0888 0.0000
vt 0.8132 0.0827 0.0000
vt 0.8158 0.0872 0.0000
vt 0.8100 0.0874 0.0000
vt 0.8766 0.0614 0.0000
vt 0.8763 0.0671 0.0000
vt 0.8769 0.0364 0.0000
vt 0.8766 0.0424 0.0000
vt 0.8768 0.0240 0.0000
vt 0.8772 0.0300 0.0000
vt 0.8767 0.0485 0.0000
vt 0.8767 0.0551 0.0000
vt 0.8765 0.0726 0.0000
vt 0.8765 0.0784 0.0000
vt 0.8870 0.2930 0.0000
vt 0.8870 0.2945 0.0000
vt 0.8762 0.0840 0.0000
vt 0.8867 0.3182 0.0000
vt 0.8867 0.3229 0.0000
vt 0.8811 0.3229 0.0000
vt 0.8825 0.3181 0.0000
vt 0.8827 0.3145 0.0000
vt 0.8868 0.3138 0.0000
vt 0.8869 0.2956 0.0000
vt 0.8868 0.2967 0.0000
vt 0.8868 0.2981 0.0000
vt 0.8868 0.2995 0.0000
vt 0.8868 0.3010 0.0000
vt 0.8868 0.3027 0.0000
vt 0.8868 0.3047 0.0000
vt 0.8869 0.3064 0.0000
vt 0.8869 0.3087 0.0000
vt 0.8868 0.3113 0.0000
vt 0.8870 0.2918 0.0000
vt 0.8869 0.2898 0.0000
vt 0.8869 0.2909 0.0000
vt 0.8868 0.2875 0.0000
vt 0.8868 0.2885 0.0000
vt 0.8868 0.2860 0.0000
vt 0.8867 0.2846 0.0000
vt 0.8865 0.2832 0.0000
vt 0.7931 0.0891 0.0000
vt 0.8133 0.0658 0.0000
vt 0.8133 0.0742 0.0000
vt 0.8134 0.0398 0.0000
vt 0.8134 0.0487 0.0000
vt 0.8137 0.0302 0.0000
vt 0.8772 0.3146 0.0000
vt 0.8133 0.0574 0.0000
vt 0.8717 0.3146 0.0000
vt 0.8665 0.3146 0.0000
vt 0.8224 0.0657 0.0000
vt 0.8227 0.0742 0.0000
vt 0.8230 0.0400 0.0000
vt 0.8225 0.0488 0.0000
vt 0.8238 0.0306 0.0000
vt 0.8224 0.0574 0.0000
vt 0.8482 0.0576 0.0000
vt 0.8471 0.0657 0.0000
vt 0.8492 0.0317 0.0000
vt 0.8476 0.0406 0.0000
vt 0.8473 0.0488 0.0000
vt 0.8471 0.0732 0.0000
vt 0.8484 0.0814 0.0000
vt 0.7926 0.0251 0.0000
vt 0.7812 0.0255 0.0000
vt 0.7811 0.0195 0.0000
vt 0.7904 0.0075 0.0000
vt 0.7804 0.0999 0.0000
vt 0.7809 0.0940 0.0000
vt 0.7810 0.0522 0.0000
vt 0.7810 0.0458 0.0000
vt 0.7921 0.0522 0.0000
vt 0.7810 0.0393 0.0000
vt 0.7811 0.0324 0.0000
vt 0.7922 0.0331 0.0000
vt 0.7810 0.0666 0.0000
vt 0.7810 0.0594 0.0000
vt 0.7919 0.0598 0.0000
vt 0.7814 0.0884 0.0000
vt 0.7690 0.0257 0.0000
vt 0.7689 0.0199 0.0000
vt 0.7689 0.1005 0.0000
vt 0.7689 0.0939 0.0000
vt 0.7691 0.0749 0.0000
vt 0.7690 0.0666 0.0000
vt 0.7813 0.0750 0.0000
vt 0.7689 0.0522 0.0000
vt 0.7689 0.0458 0.0000
vt 0.7690 0.0393 0.0000
vt 0.7690 0.0325 0.0000
vt 0.7690 0.0594 0.0000
vt 0.7691 0.0884 0.0000
vt 0.7692 0.0826 0.0000
vt 0.7816 0.0827 0.0000
vt 0.7442 0.0257 0.0000
vt 0.7441 0.0199 0.0000
vt 0.7560 0.0199 0.0000
vt 0.7561 0.0257 0.0000
vt 0.7443 0.0748 0.0000
vt 0.7443 0.0665 0.0000
vt 0.7562 0.0665 0.0000
vt 0.7562 0.0748 0.0000
vt 0.7442 0.0523 0.0000
vt 0.7442 0.0458 0.0000
vt 0.7561 0.0458 0.0000
vt 0.7561 0.0522 0.0000
vt 0.7442 0.0394 0.0000
vt 0.7442 0.0326 0.0000
vt 0.7561 0.0325 0.0000
vt 0.7561 0.0394 0.0000
vt 0.7443 0.0594 0.0000
vt 0.7562 0.0594 0.0000
vt 0.7312 0.0082 0.0000
vt 0.7441 0.0082 0.0000
vt 0.7441 0.0140 0.0000
vt 0.7312 0.0139 0.0000
vt 0.7313 0.0257 0.0000
vt 0.7177 0.0257 0.0000
vt 0.7177 0.0202 0.0000
vt 0.7312 0.0198 0.0000
vt 0.7178 0.1008 0.0000
vt 0.7178 0.0941 0.0000
vt 0.7313 0.0936 0.0000
vt 0.7314 0.1005 0.0000
vt 0.7177 0.0884 0.0000
vt 0.7313 0.0884 0.0000
vt 0.7178 0.0523 0.0000
vt 0.7177 0.0460 0.0000
vt 0.7313 0.0459 0.0000
vt 0.7313 0.0523 0.0000
vt 0.7177 0.0396 0.0000
vt 0.7177 0.0327 0.0000
vt 0.7313 0.0326 0.0000
vt 0.7313 0.0395 0.0000
vt 0.7178 0.0665 0.0000
vt 0.7178 0.0594 0.0000
vt 0.7313 0.0594 0.0000
vt 0.7313 0.0665 0.0000
vt 0.7061 0.0257 0.0000
vt 0.7061 0.0228 0.0000
vt 0.7061 0.0203 0.0000
vt 0.7061 0.1008 0.0000
vt 0.7061 0.0940 0.0000
vt 0.7061 0.0749 0.0000
vt 0.7061 0.0665 0.0000
vt 0.7178 0.0749 0.0000
vt 0.7061 0.0523 0.0000
vt 0.7061 0.0459 0.0000
vt 0.7061 0.0396 0.0000
vt 0.7061 0.0326 0.0000
vt 0.7061 0.0594 0.0000
vt 0.7178 0.0827 0.0000
vt 0.7061 0.0884 0.0000
vt 0.7061 0.0827 0.0000
vt 0.8771 0.3181 0.0000
vt 0.8716 0.3180 0.0000
vt 0.8664 0.3182 0.0000
vt 0.8591 0.3229 0.0000
vt 0.8561 0.3229 0.0000
vt 0.8694 0.3229 0.0000
vt 0.8868 0.3321 0.0000
vt 0.8811 0.3360 0.0000
vt 0.8591 0.3359 0.0000
vt 0.8565 0.3273 0.0000
vt 0.8694 0.3360 0.0000
vt 0.8563 0.3321 0.0000
vt 0.8563 0.3372 0.0000
vt 0.8562 0.3419 0.0000
vt 0.8868 0.3471 0.0000
vt 0.8868 0.3525 0.0000
vt 0.8561 0.3471 0.0000
vt 0.8561 0.3525 0.0000
vt 0.8868 0.3571 0.0000
vt 0.8811 0.3571 0.0000
vt 0.8591 0.3571 0.0000
vt 0.8561 0.3571 0.0000
vt 0.8694 0.3571 0.0000
vt 0.7443 0.1004 0.0000
vt 0.7443 0.0935 0.0000
vt 0.7562 0.0937 0.0000
vt 0.7562 0.1005 0.0000
vt 0.7562 0.0884 0.0000
vt 0.7443 0.0884 0.0000
vt 0.7313 0.0826 0.0000
vt 0.7313 0.0748 0.0000
vt 0.7563 0.0826 0.0000
vt 0.7443 0.0826 0.0000
vt 0.7685 0.0083 0.0000
vt 0.7559 0.0141 0.0000
vt 0.8868 0.3419 0.0000
vt 0.7687 0.0140 0.0000
vt 0.7807 0.0136 0.0000
vt 0.7931 0.0833 0.0000
vt 0.5067 0.0924 0.0000
vt 0.5064 0.0903 0.0000
vt 0.5111 0.0893 0.0000
vt 0.5110 0.0925 0.0000
vt 0.5203 0.0886 0.0000
vt 0.5243 0.0884 0.0000
vt 0.5241 0.0919 0.0000
vt 0.5206 0.0919 0.0000
vt 0.5621 0.0135 0.0000
vt 0.5623 0.0212 0.0000
vt 0.5577 0.0175 0.0000
vt 0.5572 0.0127 0.0000
vt 0.5832 0.0142 0.0000
vt 0.5867 0.0204 0.0000
vt 0.5763 0.0208 0.0000
vt 0.5770 0.0141 0.0000
vt 0.5516 0.0126 0.0000
vt 0.5523 0.0175 0.0000
vt 0.5464 0.0176 0.0000
vt 0.5460 0.0129 0.0000
vt 0.5356 0.0142 0.0000
vt 0.5357 0.0185 0.0000
vt 0.5314 0.0190 0.0000
vt 0.5314 0.0149 0.0000
vt 0.6122 0.0188 0.0000
vt 0.6067 0.0206 0.0000
vt 0.6069 0.0131 0.0000
vt 0.6121 0.0110 0.0000
vt 0.5948 0.0148 0.0000
vt 0.5977 0.0201 0.0000
vt 0.5880 0.0144 0.0000
vt 0.5149 0.0156 0.0000
vt 0.5150 0.0198 0.0000
vt 0.5108 0.0193 0.0000
vt 0.5113 0.0154 0.0000
vt 0.6206 0.0129 0.0000
vt 0.6198 0.0189 0.0000
vt 0.5195 0.0198 0.0000
vt 0.5196 0.0157 0.0000
vt 0.6010 0.0139 0.0000
vt 0.5109 0.0930 0.0000
vt 0.5065 0.0927 0.0000
vt 0.5073 0.0157 0.0000
vt 0.5072 0.0152 0.0000
vt 0.5114 0.0149 0.0000
vt 0.5040 0.0830 0.0000
vt 0.5275 0.0942 0.0000
vt 0.5236 0.0937 0.0000
vt 0.5281 0.0919 0.0000
vt 0.5200 0.0143 0.0000
vt 0.5235 0.0140 0.0000
vt 0.5239 0.0155 0.0000
vt 0.5727 0.0995 0.0000
vt 0.5674 0.0994 0.0000
vt 0.5682 0.0947 0.0000
vt 0.5735 0.0945 0.0000
vt 0.5513 0.0089 0.0000
vt 0.5561 0.0081 0.0000
vt 0.5833 0.0982 0.0000
vt 0.5777 0.0991 0.0000
vt 0.5786 0.0942 0.0000
vt 0.5843 0.0935 0.0000
vt 0.5725 0.0139 0.0000
vt 0.5718 0.0078 0.0000
vt 0.5773 0.0084 0.0000
vt 0.5521 0.0972 0.0000
vt 0.5462 0.0966 0.0000
vt 0.5467 0.0933 0.0000
vt 0.5526 0.0937 0.0000
vt 0.5461 0.0091 0.0000
vt 0.5411 0.0958 0.0000
vt 0.5412 0.0928 0.0000
vt 0.5277 0.0133 0.0000
vt 0.5317 0.0123 0.0000
vt 0.5279 0.0154 0.0000
vt 0.6061 0.0105 0.0000
vt 0.6130 0.0042 0.0000
vt 0.6128 0.0981 0.0000
vt 0.6130 0.1049 0.0000
vt 0.6066 0.0972 0.0000
vt 0.6076 0.0938 0.0000
vt 0.5831 0.0091 0.0000
vt 0.5880 0.0100 0.0000
vt 0.5954 0.0957 0.0000
vt 0.5895 0.0970 0.0000
vt 0.5899 0.0928 0.0000
vt 0.5958 0.0921 0.0000
vt 0.5155 0.0146 0.0000
vt 0.5157 0.0933 0.0000
vt 0.5156 0.0920 0.0000
vt 0.6945 0.0147 0.0000
vt 0.6945 0.0081 0.0000
vt 0.6205 0.0952 0.0000
vt 0.6220 0.1006 0.0000
vt 0.5199 0.0935 0.0000
vt 0.6009 0.0955 0.0000
vt 0.6018 0.0925 0.0000
vt 0.5942 0.0110 0.0000
vt 0.6006 0.0110 0.0000
vt 0.5632 0.0946 0.0000
vt 0.5638 0.0889 0.0000
vt 0.5694 0.0887 0.0000
vt 0.5627 0.0989 0.0000
vt 0.5584 0.0982 0.0000
vt 0.5583 0.0942 0.0000
vt 0.5616 0.0077 0.0000
vt 0.5667 0.0074 0.0000
vt 0.5672 0.0139 0.0000
vt 0.5362 0.0924 0.0000
vt 0.5361 0.0887 0.0000
vt 0.5413 0.0890 0.0000
vt 0.5360 0.0952 0.0000
vt 0.5317 0.0946 0.0000
vt 0.5320 0.0921 0.0000
vt 0.5355 0.0113 0.0000
vt 0.5402 0.0099 0.0000
vt 0.5404 0.0134 0.0000
vt 0.8597 0.3961 0.0000
vt 0.8604 0.3996 0.0000
vt 0.8562 0.4005 0.0000
vt 0.8561 0.3960 0.0000
vt 0.8604 0.4159 0.0000
vt 0.8606 0.4169 0.0000
vt 0.8569 0.4169 0.0000
vt 0.8569 0.4160 0.0000
vt 0.8608 0.4135 0.0000
vt 0.8605 0.4149 0.0000
vt 0.8569 0.4149 0.0000
vt 0.8569 0.4134 0.0000
vt 0.8567 0.4101 0.0000
vt 0.8607 0.4099 0.0000
vt 0.8607 0.4119 0.0000
vt 0.8568 0.4119 0.0000
vt 0.8610 0.4053 0.0000
vt 0.8609 0.4077 0.0000
vt 0.8566 0.4078 0.0000
vt 0.8565 0.4056 0.0000
vt 0.8609 0.4026 0.0000
vt 0.8563 0.4033 0.0000
vt 0.8603 0.4179 0.0000
vt 0.8607 0.4203 0.0000
vt 0.8569 0.4200 0.0000
vt 0.8570 0.4186 0.0000
vt 0.8607 0.4211 0.0000
vt 0.8570 0.4212 0.0000
vt 0.8571 0.4223 0.0000
vt 0.8607 0.4219 0.0000
vt 0.8605 0.4227 0.0000
vt 0.8573 0.4233 0.0000
vt 0.8571 0.4243 0.0000
vt 0.8604 0.4232 0.0000
vt 0.8603 0.4246 0.0000
vt 0.8570 0.4253 0.0000
vt 0.8603 0.4255 0.0000
vt 0.8600 0.4274 0.0000
vt 0.8568 0.4275 0.0000
vt 0.8569 0.4262 0.0000
vt 0.8602 0.4287 0.0000
vt 0.8568 0.4291 0.0000
vt 0.8606 0.4305 0.0000
vt 0.8568 0.4306 0.0000
vt 0.5097 0.0693 0.0000
vt 0.5049 0.0700 0.0000
vt 0.5046 0.0639 0.0000
vt 0.5093 0.0633 0.0000
vt 0.5273 0.0676 0.0000
vt 0.5235 0.0680 0.0000
vt 0.5233 0.0621 0.0000
vt 0.5269 0.0618 0.0000
vt 0.5532 0.0666 0.0000
vt 0.5591 0.0663 0.0000
vt 0.5594 0.0725 0.0000
vt 0.5536 0.0723 0.0000
vt 0.5474 0.0723 0.0000
vt 0.5472 0.0669 0.0000
vt 0.5313 0.0673 0.0000
vt 0.5312 0.0728 0.0000
vt 0.5273 0.0732 0.0000
vt 0.6073 0.0661 0.0000
vt 0.6146 0.0664 0.0000
vt 0.6131 0.0739 0.0000
vt 0.6074 0.0742 0.0000
vt 0.5145 0.0687 0.0000
vt 0.5148 0.0745 0.0000
vt 0.5100 0.0752 0.0000
vt 0.5192 0.0684 0.0000
vt 0.5196 0.0741 0.0000
vt 0.5034 0.0683 0.0000
vt 0.5723 0.0656 0.0000
vt 0.5722 0.0574 0.0000
vt 0.5804 0.0574 0.0000
vt 0.5805 0.0656 0.0000
vt 0.5411 0.0670 0.0000
vt 0.5406 0.0614 0.0000
vt 0.5470 0.0613 0.0000
vt 0.5530 0.0420 0.0000
vt 0.5588 0.0415 0.0000
vt 0.5589 0.0484 0.0000
vt 0.5531 0.0483 0.0000
vt 0.5470 0.0483 0.0000
vt 0.5470 0.0422 0.0000
vt 0.5266 0.0425 0.0000
vt 0.5309 0.0425 0.0000
vt 0.5309 0.0486 0.0000
vt 0.5265 0.0488 0.0000
vt 0.6075 0.0397 0.0000
vt 0.6140 0.0396 0.0000
vt 0.6129 0.0480 0.0000
vt 0.6074 0.0487 0.0000
vt 0.5091 0.0427 0.0000
vt 0.5140 0.0427 0.0000
vt 0.5138 0.0494 0.0000
vt 0.5090 0.0498 0.0000
vt 0.6204 0.0395 0.0000
vt 0.6202 0.0466 0.0000
vt 0.5186 0.0427 0.0000
vt 0.5184 0.0492 0.0000
vt 0.5043 0.0421 0.0000
vt 0.5047 0.0355 0.0000
vt 0.5094 0.0358 0.0000
vt 0.5227 0.0425 0.0000
vt 0.5227 0.0365 0.0000
vt 0.5265 0.0365 0.0000
vt 0.5031 0.0370 0.0000
vt 0.5717 0.0403 0.0000
vt 0.5705 0.0313 0.0000
vt 0.5787 0.0309 0.0000
vt 0.5800 0.0400 0.0000
vt 0.5409 0.0423 0.0000
vt 0.5407 0.0363 0.0000
vt 0.5470 0.0362 0.0000
vt 0.5583 0.0299 0.0000
vt 0.5584 0.0348 0.0000
vt 0.5529 0.0358 0.0000
vt 0.5529 0.0298 0.0000
vt 0.5470 0.0299 0.0000
vt 0.5266 0.0304 0.0000
vt 0.5304 0.0300 0.0000
vt 0.5306 0.0364 0.0000
vt 0.6083 0.0303 0.0000
vt 0.6122 0.0270 0.0000
vt 0.6129 0.0336 0.0000
vt 0.5144 0.0302 0.0000
vt 0.5141 0.0363 0.0000
vt 0.5098 0.0293 0.0000
vt 0.5188 0.0304 0.0000
vt 0.5186 0.0365 0.0000
vt 0.5052 0.0267 0.0000
vt 0.5101 0.0250 0.0000
vt 0.5228 0.0305 0.0000
vt 0.5232 0.0248 0.0000
vt 0.5271 0.0246 0.0000
vt 0.5690 0.0217 0.0000
vt 0.5407 0.0299 0.0000
vt 0.5409 0.0237 0.0000
vt 0.5469 0.0235 0.0000
vt 0.5090 0.0564 0.0000
vt 0.5043 0.0564 0.0000
vt 0.5042 0.0505 0.0000
vt 0.5266 0.0554 0.0000
vt 0.5228 0.0556 0.0000
vt 0.5226 0.0490 0.0000
vt 0.5025 0.0506 0.0000
vt 0.5722 0.0488 0.0000
vt 0.5804 0.0488 0.0000
vt 0.5407 0.0550 0.0000
vt 0.5407 0.0483 0.0000
vt 0.5470 0.0549 0.0000
vt 0.5588 0.0553 0.0000
vt 0.5588 0.0601 0.0000
vt 0.5531 0.0609 0.0000
vt 0.5530 0.0548 0.0000
vt 0.5308 0.0552 0.0000
vt 0.5310 0.0615 0.0000
vt 0.5138 0.0561 0.0000
vt 0.5141 0.0627 0.0000
vt 0.5185 0.0559 0.0000
vt 0.5189 0.0624 0.0000
vt 0.5103 0.0805 0.0000
vt 0.5052 0.0816 0.0000
vt 0.5050 0.0766 0.0000
vt 0.5274 0.0788 0.0000
vt 0.5239 0.0791 0.0000
vt 0.5237 0.0736 0.0000
vt 0.5788 0.0834 0.0000
vt 0.5711 0.0818 0.0000
vt 0.5722 0.0736 0.0000
vt 0.5803 0.0741 0.0000
vt 0.5413 0.0784 0.0000
vt 0.5411 0.0724 0.0000
vt 0.5476 0.0784 0.0000
vt 0.5540 0.0784 0.0000
vt 0.5593 0.0789 0.0000
vt 0.5592 0.0837 0.0000
vt 0.5541 0.0844 0.0000
vt 0.5476 0.0844 0.0000
vt 0.5311 0.0786 0.0000
vt 0.5315 0.0840 0.0000
vt 0.5278 0.0840 0.0000
vt 0.5151 0.0798 0.0000
vt 0.5155 0.0846 0.0000
vt 0.5107 0.0852 0.0000
vt 0.6199 0.0747 0.0000
vt 0.6205 0.0665 0.0000
vt 0.5199 0.0796 0.0000
vt 0.5202 0.0844 0.0000
vt 0.5581 0.0231 0.0000
vt 0.5527 0.0234 0.0000
vt 0.5310 0.0243 0.0000
vt 0.5146 0.0250 0.0000
vt 0.5191 0.0249 0.0000
vt 0.5062 0.0195 0.0000
vt 0.5237 0.0197 0.0000
vt 0.5277 0.0195 0.0000
vt 0.5041 0.0222 0.0000
vt 0.5408 0.0179 0.0000
vt 0.8776 0.4178 0.0000
vt 0.8776 0.4169 0.0000
vt 0.8835 0.4171 0.0000
vt 0.8836 0.4182 0.0000
vt 0.8776 0.4160 0.0000
vt 0.8774 0.4148 0.0000
vt 0.8826 0.4148 0.0000
vt 0.8832 0.4160 0.0000
vt 0.8773 0.4136 0.0000
vt 0.8773 0.4119 0.0000
vt 0.8824 0.4118 0.0000
vt 0.8824 0.4136 0.0000
vt 0.8774 0.4078 0.0000
vt 0.8824 0.4078 0.0000
vt 0.8826 0.4099 0.0000
vt 0.8773 0.4099 0.0000
vt 0.8774 0.4053 0.0000
vt 0.8773 0.4026 0.0000
vt 0.8823 0.4027 0.0000
vt 0.8823 0.4055 0.0000
vt 0.8776 0.4205 0.0000
vt 0.8835 0.4207 0.0000
vt 0.8776 0.4218 0.0000
vt 0.8776 0.4211 0.0000
vt 0.8835 0.4214 0.0000
vt 0.8835 0.4221 0.0000
vt 0.8776 0.4234 0.0000
vt 0.8776 0.4227 0.0000
vt 0.8835 0.4230 0.0000
vt 0.8829 0.4239 0.0000
vt 0.8770 0.4251 0.0000
vt 0.8820 0.4254 0.0000
vt 0.8835 0.4265 0.0000
vt 0.8777 0.4261 0.0000
vt 0.8775 0.4272 0.0000
vt 0.8832 0.4276 0.0000
vt 0.8828 0.4291 0.0000
vt 0.8773 0.4290 0.0000
vt 0.8837 0.4309 0.0000
vt 0.8781 0.4306 0.0000
vt 0.6134 0.0579 0.0000
vt 0.6075 0.0576 0.0000
vt 0.8721 0.4170 0.0000
vt 0.8720 0.4182 0.0000
vt 0.8720 0.4160 0.0000
vt 0.8720 0.4149 0.0000
vt 0.8719 0.4119 0.0000
vt 0.8720 0.4136 0.0000
vt 0.8719 0.4099 0.0000
vt 0.8720 0.4078 0.0000
vt 0.8719 0.4053 0.0000
vt 0.8718 0.4026 0.0000
vt 0.8720 0.4205 0.0000
vt 0.8720 0.4218 0.0000
vt 0.8720 0.4211 0.0000
vt 0.8720 0.4228 0.0000
vt 0.8721 0.4234 0.0000
vt 0.8720 0.4248 0.0000
vt 0.8719 0.4259 0.0000
vt 0.8719 0.4271 0.0000
vt 0.8731 0.4290 0.0000
vt 0.8730 0.4305 0.0000
vt 0.8669 0.4180 0.0000
vt 0.8670 0.4170 0.0000
vt 0.8670 0.4159 0.0000
vt 0.8670 0.4149 0.0000
vt 0.8669 0.4137 0.0000
vt 0.8669 0.4120 0.0000
vt 0.8668 0.4099 0.0000
vt 0.8669 0.4077 0.0000
vt 0.8668 0.4053 0.0000
vt 0.8668 0.4025 0.0000
vt 0.8669 0.4206 0.0000
vt 0.8670 0.4218 0.0000
vt 0.8669 0.4211 0.0000
vt 0.8670 0.4232 0.0000
vt 0.8670 0.4226 0.0000
vt 0.8669 0.4246 0.0000
vt 0.8668 0.4256 0.0000
vt 0.8661 0.4270 0.0000
vt 0.8660 0.4287 0.0000
vt 0.8662 0.4304 0.0000
vt 0.6125 0.0827 0.0000
vt 0.6081 0.0821 0.0000
vt 0.5058 0.0861 0.0000
vt 0.5243 0.0842 0.0000
vt 0.5413 0.0842 0.0000
vt 0.5587 0.0893 0.0000
vt 0.5533 0.0895 0.0000
vt 0.5792 0.0885 0.0000
vt 0.5751 0.0888 0.0000
vt 0.5473 0.0894 0.0000
vt 0.5319 0.0885 0.0000
vt 0.5282 0.0884 0.0000
vt 0.6129 0.0899 0.0000
vt 0.6082 0.0885 0.0000
vt 0.5885 0.0831 0.0000
vt 0.5900 0.0876 0.0000
vt 0.5853 0.0880 0.0000
vt 0.5157 0.0888 0.0000
vt 0.5990 0.0827 0.0000
vt 0.6022 0.0874 0.0000
vt 0.5964 0.0872 0.0000
vt 0.5359 0.0671 0.0000
vt 0.5356 0.0614 0.0000
vt 0.5356 0.0424 0.0000
vt 0.5353 0.0364 0.0000
vt 0.5350 0.0300 0.0000
vt 0.5354 0.0239 0.0000
vt 0.5355 0.0550 0.0000
vt 0.5355 0.0484 0.0000
vt 0.5357 0.0784 0.0000
vt 0.5357 0.0725 0.0000
vt 0.8870 0.4212 0.0000
vt 0.8870 0.4197 0.0000
vt 0.5360 0.0840 0.0000
vt 0.8811 0.3913 0.0000
vt 0.8867 0.3913 0.0000
vt 0.8867 0.3960 0.0000
vt 0.8825 0.3961 0.0000
vt 0.8827 0.3997 0.0000
vt 0.8868 0.4004 0.0000
vt 0.8868 0.4175 0.0000
vt 0.8869 0.4186 0.0000
vt 0.8868 0.4147 0.0000
vt 0.8868 0.4161 0.0000
vt 0.8868 0.4115 0.0000
vt 0.8868 0.4132 0.0000
vt 0.8869 0.4078 0.0000
vt 0.8868 0.4095 0.0000
vt 0.8868 0.4029 0.0000
vt 0.8869 0.4055 0.0000
vt 0.8870 0.4224 0.0000
vt 0.8869 0.4233 0.0000
vt 0.8869 0.4244 0.0000
vt 0.8868 0.4257 0.0000
vt 0.8868 0.4267 0.0000
vt 0.8868 0.4282 0.0000
vt 0.8867 0.4296 0.0000
vt 0.8865 0.4310 0.0000
vt 0.6191 0.0891 0.0000
vt 0.5988 0.0658 0.0000
vt 0.5989 0.0742 0.0000
vt 0.5988 0.0398 0.0000
vt 0.5988 0.0487 0.0000
vt 0.5985 0.0302 0.0000
vt 0.8772 0.3996 0.0000
vt 0.5989 0.0574 0.0000
vt 0.8717 0.3996 0.0000
vt 0.8665 0.3996 0.0000
vt 0.5898 0.0657 0.0000
vt 0.5895 0.0742 0.0000
vt 0.5892 0.0400 0.0000
vt 0.5897 0.0488 0.0000
vt 0.5884 0.0306 0.0000
vt 0.5898 0.0574 0.0000
vt 0.5651 0.0657 0.0000
vt 0.5640 0.0576 0.0000
vt 0.5646 0.0406 0.0000
vt 0.5630 0.0317 0.0000
vt 0.5649 0.0488 0.0000
vt 0.5638 0.0813 0.0000
vt 0.5651 0.0732 0.0000
vt 0.6196 0.0251 0.0000
vt 0.6311 0.0195 0.0000
vt 0.6310 0.0255 0.0000
vt 0.6218 0.0075 0.0000
vt 0.6313 0.0940 0.0000
vt 0.6318 0.0999 0.0000
vt 0.6312 0.0458 0.0000
vt 0.6312 0.0522 0.0000
vt 0.6201 0.0522 0.0000
vt 0.6200 0.0331 0.0000
vt 0.6310 0.0324 0.0000
vt 0.6312 0.0393 0.0000
vt 0.6203 0.0598 0.0000
vt 0.6312 0.0594 0.0000
vt 0.6312 0.0666 0.0000
vt 0.6308 0.0884 0.0000
vt 0.6433 0.0199 0.0000
vt 0.6432 0.0257 0.0000
vt 0.6433 0.0939 0.0000
vt 0.6433 0.1005 0.0000
vt 0.6432 0.0666 0.0000
vt 0.6431 0.0749 0.0000
vt 0.6309 0.0750 0.0000
vt 0.6433 0.0458 0.0000
vt 0.6433 0.0522 0.0000
vt 0.6432 0.0325 0.0000
vt 0.6432 0.0393 0.0000
vt 0.6432 0.0594 0.0000
vt 0.6306 0.0827 0.0000
vt 0.6430 0.0826 0.0000
vt 0.6431 0.0884 0.0000
vt 0.6561 0.0199 0.0000
vt 0.6681 0.0199 0.0000
vt 0.6680 0.0257 0.0000
vt 0.6561 0.0257 0.0000
vt 0.6560 0.0665 0.0000
vt 0.6679 0.0665 0.0000
vt 0.6679 0.0748 0.0000
vt 0.6560 0.0748 0.0000
vt 0.6561 0.0458 0.0000
vt 0.6680 0.0458 0.0000
vt 0.6680 0.0523 0.0000
vt 0.6560 0.0522 0.0000
vt 0.6561 0.0325 0.0000
vt 0.6680 0.0326 0.0000
vt 0.6680 0.0394 0.0000
vt 0.6561 0.0394 0.0000
vt 0.6560 0.0594 0.0000
vt 0.6679 0.0594 0.0000
vt 0.6810 0.0082 0.0000
vt 0.6810 0.0139 0.0000
vt 0.6681 0.0140 0.0000
vt 0.6681 0.0082 0.0000
vt 0.6809 0.0257 0.0000
vt 0.6810 0.0198 0.0000
vt 0.6945 0.0202 0.0000
vt 0.6945 0.0257 0.0000
vt 0.6809 0.0936 0.0000
vt 0.6944 0.0941 0.0000
vt 0.6944 0.1008 0.0000
vt 0.6808 0.1005 0.0000
vt 0.6809 0.0884 0.0000
vt 0.6945 0.0884 0.0000
vt 0.6809 0.0459 0.0000
vt 0.6944 0.0460 0.0000
vt 0.6944 0.0523 0.0000
vt 0.6809 0.0523 0.0000
vt 0.6809 0.0326 0.0000
vt 0.6945 0.0327 0.0000
vt 0.6944 0.0396 0.0000
vt 0.6809 0.0395 0.0000
vt 0.6809 0.0594 0.0000
vt 0.6944 0.0594 0.0000
vt 0.6944 0.0665 0.0000
vt 0.6809 0.0665 0.0000
vt 0.6944 0.0749 0.0000
vt 0.6944 0.0827 0.0000
vt 0.8771 0.3961 0.0000
vt 0.8716 0.3962 0.0000
vt 0.8664 0.3960 0.0000
vt 0.8561 0.3913 0.0000
vt 0.8591 0.3913 0.0000
vt 0.8694 0.3913 0.0000
vt 0.8811 0.3782 0.0000
vt 0.8868 0.3821 0.0000
vt 0.8565 0.3869 0.0000
vt 0.8591 0.3783 0.0000
vt 0.8694 0.3782 0.0000
vt 0.8563 0.3821 0.0000
vt 0.8563 0.3770 0.0000
vt 0.8562 0.3723 0.0000
vt 0.8868 0.3617 0.0000
vt 0.8868 0.3671 0.0000
vt 0.8561 0.3671 0.0000
vt 0.8561 0.3617 0.0000
vt 0.6560 0.0937 0.0000
vt 0.6679 0.0935 0.0000
vt 0.6679 0.1004 0.0000
vt 0.6560 0.1005 0.0000
vt 0.6560 0.0884 0.0000
vt 0.6679 0.0884 0.0000
vt 0.6809 0.0826 0.0000
vt 0.6809 0.0748 0.0000
vt 0.6679 0.0826 0.0000
vt 0.6559 0.0826 0.0000
vt 0.6563 0.0141 0.0000
vt 0.6437 0.0083 0.0000
vt 0.8868 0.3723 0.0000
vt 0.6435 0.0140 0.0000
vt 0.6315 0.0136 0.0000
vt 0.6191 0.0833 0.0000
vt 0.5325 0.3494 0.0000
vt 0.5363 0.3494 0.0000
vt 0.5364 0.3504 0.0000
vt 0.5326 0.3503 0.0000
vt 0.5405 0.3491 0.0000
vt 0.5407 0.3501 0.0000
vt 0.5447 0.3485 0.0000
vt 0.5487 0.3477 0.0000
vt 0.5488 0.3486 0.0000
vt 0.5448 0.3495 0.0000
vt 0.5170 0.3466 0.0000
vt 0.5206 0.3476 0.0000
vt 0.5203 0.3485 0.0000
vt 0.5167 0.3474 0.0000
vt 0.5247 0.3485 0.0000
vt 0.5245 0.3495 0.0000
vt 0.5287 0.3491 0.0000
vt 0.5285 0.3500 0.0000
vt 0.5490 0.3361 0.0000
vt 0.5494 0.3370 0.0000
vt 0.5462 0.3381 0.0000
vt 0.5460 0.3373 0.0000
vt 0.5458 0.3365 0.0000
vt 0.5487 0.3354 0.0000
vt 0.5523 0.3350 0.0000
vt 0.5528 0.3358 0.0000
vt 0.5518 0.3343 0.0000
vt 0.5552 0.3333 0.0000
vt 0.5547 0.3326 0.0000
vt 0.5571 0.3307 0.0000
vt 0.5579 0.3314 0.0000
vt 0.5582 0.3327 0.0000
vt 0.5557 0.3343 0.0000
vt 0.5361 0.3383 0.0000
vt 0.5361 0.3393 0.0000
vt 0.5329 0.3394 0.0000
vt 0.5329 0.3385 0.0000
vt 0.5330 0.3376 0.0000
vt 0.5361 0.3375 0.0000
vt 0.5395 0.3382 0.0000
vt 0.5395 0.3392 0.0000
vt 0.5394 0.3373 0.0000
vt 0.5427 0.3377 0.0000
vt 0.5425 0.3369 0.0000
vt 0.5429 0.3387 0.0000
vt 0.5525 0.3465 0.0000
vt 0.5526 0.3473 0.0000
vt 0.5562 0.3452 0.0000
vt 0.5566 0.3459 0.0000
vt 0.5599 0.3436 0.0000
vt 0.5634 0.3423 0.0000
vt 0.5637 0.3431 0.0000
vt 0.5602 0.3443 0.0000
vt 0.5331 0.3358 0.0000
vt 0.5301 0.3355 0.0000
vt 0.5303 0.3331 0.0000
vt 0.5332 0.3334 0.0000
vt 0.5270 0.3351 0.0000
vt 0.5274 0.3327 0.0000
vt 0.5239 0.3346 0.0000
vt 0.5212 0.3340 0.0000
vt 0.5221 0.3314 0.0000
vt 0.5246 0.3321 0.0000
vt 0.5186 0.3330 0.0000
vt 0.5198 0.3304 0.0000
vt 0.5160 0.3316 0.0000
vt 0.5175 0.3293 0.0000
vt 0.5154 0.3280 0.0000
vt 0.5136 0.3299 0.0000
vt 0.5117 0.3278 0.0000
vt 0.5138 0.3264 0.0000
vt 0.5174 0.3357 0.0000
vt 0.5178 0.3348 0.0000
vt 0.5205 0.3361 0.0000
vt 0.5202 0.3370 0.0000
vt 0.5142 0.3344 0.0000
vt 0.5147 0.3336 0.0000
vt 0.5155 0.3398 0.0000
vt 0.5166 0.3374 0.0000
vt 0.5196 0.3387 0.0000
vt 0.5187 0.3412 0.0000
vt 0.5121 0.3381 0.0000
vt 0.5133 0.3359 0.0000
vt 0.5086 0.3304 0.0000
vt 0.5114 0.3325 0.0000
vt 0.5102 0.3340 0.0000
vt 0.5073 0.3318 0.0000
vt 0.5121 0.3316 0.0000
vt 0.5094 0.3295 0.0000
vt 0.5361 0.3411 0.0000
vt 0.5328 0.3412 0.0000
vt 0.5397 0.3409 0.0000
vt 0.5438 0.3429 0.0000
vt 0.5433 0.3404 0.0000
vt 0.5467 0.3397 0.0000
vt 0.5473 0.3421 0.0000
vt 0.5400 0.3434 0.0000
vt 0.5231 0.3379 0.0000
vt 0.5226 0.3396 0.0000
vt 0.5263 0.3386 0.0000
vt 0.5260 0.3404 0.0000
vt 0.5234 0.3369 0.0000
vt 0.5264 0.3376 0.0000
vt 0.5297 0.3392 0.0000
vt 0.5297 0.3381 0.0000
vt 0.5293 0.3434 0.0000
vt 0.5295 0.3409 0.0000
vt 0.5327 0.3437 0.0000
vt 0.5256 0.3429 0.0000
vt 0.5500 0.3387 0.0000
vt 0.5535 0.3374 0.0000
vt 0.5579 0.3381 0.0000
vt 0.5566 0.3359 0.0000
vt 0.5595 0.3342 0.0000
vt 0.5611 0.3364 0.0000
vt 0.5543 0.3397 0.0000
vt 0.5175 0.3452 0.0000
vt 0.5139 0.3438 0.0000
vt 0.5145 0.3423 0.0000
vt 0.5179 0.3436 0.0000
vt 0.5102 0.3420 0.0000
vt 0.5109 0.3405 0.0000
vt 0.5038 0.3362 0.0000
vt 0.5074 0.3383 0.0000
vt 0.5066 0.3399 0.0000
vt 0.5033 0.3382 0.0000
vt 0.5326 0.3462 0.0000
vt 0.5362 0.3462 0.0000
vt 0.5362 0.3480 0.0000
vt 0.5325 0.3479 0.0000
vt 0.5403 0.3461 0.0000
vt 0.5404 0.3478 0.0000
vt 0.5483 0.3462 0.0000
vt 0.5445 0.3472 0.0000
vt 0.5442 0.3455 0.0000
vt 0.5479 0.3446 0.0000
vt 0.5214 0.3446 0.0000
vt 0.5210 0.3462 0.0000
vt 0.5252 0.3454 0.0000
vt 0.5249 0.3471 0.0000
vt 0.5288 0.3476 0.0000
vt 0.5290 0.3458 0.0000
vt 0.5517 0.3434 0.0000
vt 0.5521 0.3450 0.0000
vt 0.5552 0.3421 0.0000
vt 0.5555 0.3438 0.0000
vt 0.5595 0.3421 0.0000
vt 0.5589 0.3404 0.0000
vt 0.5623 0.3390 0.0000
vt 0.5630 0.3410 0.0000
vt 0.5135 0.3452 0.0000
vt 0.5097 0.3433 0.0000
vt 0.5131 0.3458 0.0000
vt 0.5093 0.3441 0.0000
vt 0.5027 0.3395 0.0000
vt 0.5060 0.3411 0.0000
vt 0.5058 0.3420 0.0000
vt 0.5026 0.3403 0.0000
vt 0.5472 0.3316 0.0000
vt 0.5481 0.3338 0.0000
vt 0.5453 0.3348 0.0000
vt 0.5447 0.3325 0.0000
vt 0.5498 0.3305 0.0000
vt 0.5509 0.3326 0.0000
vt 0.5559 0.3293 0.0000
vt 0.5536 0.3311 0.0000
vt 0.5521 0.3292 0.0000
vt 0.5539 0.3277 0.0000
vt 0.5361 0.3334 0.0000
vt 0.5361 0.3358 0.0000
vt 0.5390 0.3332 0.0000
vt 0.5392 0.3356 0.0000
vt 0.5423 0.3353 0.0000
vt 0.5419 0.3329 0.0000
vt 0.5299 0.3373 0.0000
vt 0.5266 0.3368 0.0000
vt 0.5208 0.3354 0.0000
vt 0.5236 0.3361 0.0000
vt 0.5181 0.3342 0.0000
vt 0.5152 0.3329 0.0000
vt 0.5102 0.3289 0.0000
vt 0.5126 0.3310 0.0000
vt 0.5087 0.3361 0.0000
vt 0.5056 0.3340 0.0000
vt 0.5362 0.3437 0.0000
vt 0.5220 0.3422 0.0000
vt 0.5507 0.3411 0.0000
vt 0.5238 0.3275 0.0000
vt 0.5220 0.3287 0.0000
vt 0.5193 0.3234 0.0000
vt 0.5199 0.3291 0.0000
vt 0.5176 0.3289 0.0000
vt 0.5131 0.3242 0.0000
vt 0.5134 0.3217 0.0000
vt 0.5146 0.3195 0.0000
vt 0.5164 0.3180 0.0000
vt 0.5187 0.3174 0.0000
vt 0.5212 0.3178 0.0000
vt 0.5235 0.3189 0.0000
vt 0.5251 0.3207 0.0000
vt 0.5256 0.3231 0.0000
vt 0.5251 0.3255 0.0000
vt 0.5644 0.3098 0.0000
vt 0.5607 0.3089 0.0000
vt 0.5609 0.3079 0.0000
vt 0.5646 0.3089 0.0000
vt 0.5565 0.3081 0.0000
vt 0.5566 0.3071 0.0000
vt 0.5523 0.3077 0.0000
vt 0.5483 0.3075 0.0000
vt 0.5484 0.3066 0.0000
vt 0.5525 0.3067 0.0000
vt 0.5788 0.3162 0.0000
vt 0.5755 0.3144 0.0000
vt 0.5760 0.3136 0.0000
vt 0.5793 0.3156 0.0000
vt 0.5718 0.3126 0.0000
vt 0.5722 0.3117 0.0000
vt 0.5681 0.3110 0.0000
vt 0.5684 0.3102 0.0000
vt 0.5452 0.3187 0.0000
vt 0.5450 0.3177 0.0000
vt 0.5483 0.3174 0.0000
vt 0.5484 0.3182 0.0000
vt 0.5484 0.3191 0.0000
vt 0.5453 0.3195 0.0000
vt 0.5418 0.3190 0.0000
vt 0.5414 0.3181 0.0000
vt 0.5420 0.3198 0.0000
vt 0.5385 0.3199 0.0000
vt 0.5388 0.3208 0.0000
vt 0.5360 0.3220 0.0000
vt 0.5354 0.3211 0.0000
vt 0.5354 0.3198 0.0000
vt 0.5382 0.3188 0.0000
vt 0.5583 0.3197 0.0000
vt 0.5585 0.3187 0.0000
vt 0.5616 0.3194 0.0000
vt 0.5613 0.3203 0.0000
vt 0.5611 0.3211 0.0000
vt 0.5581 0.3205 0.0000
vt 0.5549 0.3190 0.0000
vt 0.5551 0.3180 0.0000
vt 0.5548 0.3199 0.0000
vt 0.5517 0.3187 0.0000
vt 0.5516 0.3195 0.0000
vt 0.5517 0.3177 0.0000
vt 0.5443 0.3077 0.0000
vt 0.5444 0.3069 0.0000
vt 0.5403 0.3082 0.0000
vt 0.5402 0.3074 0.0000
vt 0.5364 0.3088 0.0000
vt 0.5327 0.3092 0.0000
vt 0.5326 0.3083 0.0000
vt 0.5363 0.3080 0.0000
vt 0.5606 0.3229 0.0000
vt 0.5634 0.3239 0.0000
vt 0.5626 0.3261 0.0000
vt 0.5599 0.3251 0.0000
vt 0.5663 0.3250 0.0000
vt 0.5653 0.3273 0.0000
vt 0.5691 0.3262 0.0000
vt 0.5716 0.3275 0.0000
vt 0.5701 0.3298 0.0000
vt 0.5679 0.3285 0.0000
vt 0.5739 0.3291 0.0000
vt 0.5721 0.3313 0.0000
vt 0.5761 0.3310 0.0000
vt 0.5741 0.3329 0.0000
vt 0.5758 0.3347 0.0000
vt 0.5780 0.3333 0.0000
vt 0.5794 0.3358 0.0000
vt 0.5770 0.3366 0.0000
vt 0.5758 0.3267 0.0000
vt 0.5751 0.3275 0.0000
vt 0.5728 0.3256 0.0000
vt 0.5734 0.3248 0.0000
vt 0.5785 0.3288 0.0000
vt 0.5778 0.3294 0.0000
vt 0.5786 0.3232 0.0000
vt 0.5769 0.3253 0.0000
vt 0.5744 0.3233 0.0000
vt 0.5758 0.3211 0.0000
vt 0.5815 0.3257 0.0000
vt 0.5797 0.3275 0.0000
vt 0.5830 0.3340 0.0000
vt 0.5808 0.3313 0.0000
vt 0.5823 0.3301 0.0000
vt 0.5846 0.3330 0.0000
vt 0.5799 0.3320 0.0000
vt 0.5820 0.3347 0.0000
vt 0.5589 0.3169 0.0000
vt 0.5621 0.3177 0.0000
vt 0.5553 0.3163 0.0000
vt 0.5519 0.3134 0.0000
vt 0.5518 0.3159 0.0000
vt 0.5483 0.3157 0.0000
vt 0.5483 0.3133 0.0000
vt 0.5557 0.3138 0.0000
vt 0.5708 0.3233 0.0000
vt 0.5716 0.3217 0.0000
vt 0.5678 0.3217 0.0000
vt 0.5685 0.3201 0.0000
vt 0.5702 0.3242 0.0000
vt 0.5674 0.3227 0.0000
vt 0.5647 0.3204 0.0000
vt 0.5643 0.3214 0.0000
vt 0.5661 0.3164 0.0000
vt 0.5653 0.3188 0.0000
vt 0.5628 0.3153 0.0000
vt 0.5695 0.3178 0.0000
vt 0.5449 0.3160 0.0000
vt 0.5411 0.3164 0.0000
vt 0.5371 0.3146 0.0000
vt 0.5377 0.3171 0.0000
vt 0.5345 0.3180 0.0000
vt 0.5335 0.3155 0.0000
vt 0.5409 0.3139 0.0000
vt 0.5780 0.3175 0.0000
vt 0.5811 0.3197 0.0000
vt 0.5801 0.3211 0.0000
vt 0.5771 0.3189 0.0000
vt 0.5843 0.3224 0.0000
vt 0.5832 0.3236 0.0000
vt 0.5891 0.3295 0.0000
vt 0.5861 0.3266 0.0000
vt 0.5872 0.3252 0.0000
vt 0.5900 0.3277 0.0000
vt 0.5635 0.3129 0.0000
vt 0.5600 0.3120 0.0000
vt 0.5604 0.3103 0.0000
vt 0.5640 0.3113 0.0000
vt 0.5561 0.3111 0.0000
vt 0.5563 0.3095 0.0000
vt 0.5483 0.3090 0.0000
vt 0.5522 0.3090 0.0000
vt 0.5521 0.3107 0.0000
vt 0.5483 0.3107 0.0000
vt 0.5740 0.3171 0.0000
vt 0.5748 0.3157 0.0000
vt 0.5706 0.3154 0.0000
vt 0.5712 0.3139 0.0000
vt 0.5675 0.3124 0.0000
vt 0.5669 0.3141 0.0000
vt 0.5443 0.3110 0.0000
vt 0.5443 0.3094 0.0000
vt 0.5406 0.3114 0.0000
vt 0.5407 0.3097 0.0000
vt 0.5365 0.3103 0.0000
vt 0.5366 0.3122 0.0000
vt 0.5330 0.3127 0.0000
vt 0.5327 0.3106 0.0000
vt 0.5818 0.3185 0.0000
vt 0.5850 0.3213 0.0000
vt 0.5824 0.3179 0.0000
vt 0.5856 0.3206 0.0000
vt 0.5909 0.3266 0.0000
vt 0.5881 0.3242 0.0000
vt 0.5886 0.3234 0.0000
vt 0.5912 0.3259 0.0000
vt 0.5458 0.3235 0.0000
vt 0.5455 0.3211 0.0000
vt 0.5485 0.3209 0.0000
vt 0.5485 0.3233 0.0000
vt 0.5430 0.3239 0.0000
vt 0.5425 0.3216 0.0000
vt 0.5369 0.3236 0.0000
vt 0.5395 0.3224 0.0000
vt 0.5405 0.3246 0.0000
vt 0.5383 0.3257 0.0000
vt 0.5571 0.3245 0.0000
vt 0.5576 0.3222 0.0000
vt 0.5542 0.3239 0.0000
vt 0.5545 0.3216 0.0000
vt 0.5514 0.3211 0.0000
vt 0.5513 0.3235 0.0000
vt 0.5640 0.3222 0.0000
vt 0.5671 0.3234 0.0000
vt 0.5724 0.3262 0.0000
vt 0.5698 0.3248 0.0000
vt 0.5747 0.3280 0.0000
vt 0.5772 0.3299 0.0000
vt 0.5811 0.3350 0.0000
vt 0.5792 0.3325 0.0000
vt 0.5843 0.3284 0.0000
vt 0.5868 0.3312 0.0000
vt 0.5594 0.3144 0.0000
vt 0.5728 0.3193 0.0000
vt 0.5447 0.3134 0.0000
vt 0.5675 0.3332 0.0000
vt 0.5695 0.3325 0.0000
vt 0.5709 0.3382 0.0000
vt 0.5717 0.3326 0.0000
vt 0.5739 0.3333 0.0000
vt 0.5771 0.3390 0.0000
vt 0.5762 0.3413 0.0000
vt 0.5746 0.3431 0.0000
vt 0.5724 0.3442 0.0000
vt 0.5701 0.3442 0.0000
vt 0.5677 0.3432 0.0000
vt 0.5658 0.3416 0.0000
vt 0.5647 0.3394 0.0000
vt 0.5647 0.3371 0.0000
vt 0.5658 0.3348 0.0000
vt 0.7500 0.4402 0.0000
vt 0.7491 0.4412 0.0000
vt 0.7490 0.4400 0.0000
vt 0.8227 0.4395 0.0000
vt 0.8272 0.4447 0.0000
vt 0.8219 0.4408 0.0000
vt 0.7249 0.4807 0.0000
vt 0.7142 0.4805 0.0000
vt 0.7156 0.4728 0.0000
vt 0.7254 0.4731 0.0000
vt 0.7142 0.4917 0.0000
vt 0.7138 0.4870 0.0000
vt 0.7244 0.4872 0.0000
vt 0.7242 0.4924 0.0000
vt 0.8662 0.4643 0.0000
vt 0.8658 0.4741 0.0000
vt 0.8581 0.4735 0.0000
vt 0.8582 0.4639 0.0000
vt 0.8810 0.4648 0.0000
vt 0.8799 0.4761 0.0000
vt 0.8728 0.4749 0.0000
vt 0.8737 0.4647 0.0000
vt 0.7504 0.4585 0.0000
vt 0.7457 0.4574 0.0000
vt 0.7480 0.4478 0.0000
vt 0.7510 0.4495 0.0000
vt 0.8420 0.4393 0.0000
vt 0.8419 0.4458 0.0000
vt 0.8335 0.4459 0.0000
vt 0.8312 0.4395 0.0000
vt 0.7027 0.4458 0.0000
vt 0.7032 0.4394 0.0000
vt 0.7052 0.4391 0.0000
vt 0.7082 0.4475 0.0000
vt 0.8307 0.4867 0.0000
vt 0.8222 0.4877 0.0000
vt 0.8261 0.4837 0.0000
vt 0.8327 0.4821 0.0000
vt 0.7492 0.4825 0.0000
vt 0.7491 0.4881 0.0000
vt 0.7444 0.4882 0.0000
vt 0.7441 0.4822 0.0000
vt 0.8689 0.4401 0.0000
vt 0.8774 0.4399 0.0000
vt 0.8751 0.4452 0.0000
vt 0.8677 0.4466 0.0000
vt 0.7379 0.4497 0.0000
vt 0.7276 0.4497 0.0000
vt 0.7282 0.4433 0.0000
vt 0.7398 0.4433 0.0000
vt 0.8661 0.4830 0.0000
vt 0.8583 0.4823 0.0000
vt 0.8769 0.4861 0.0000
vt 0.8720 0.4849 0.0000
vt 0.7352 0.4737 0.0000
vt 0.7350 0.4810 0.0000
vt 0.8212 0.4654 0.0000
vt 0.8277 0.4664 0.0000
vt 0.8273 0.4753 0.0000
vt 0.8213 0.4772 0.0000
vt 0.7347 0.4874 0.0000
vt 0.7352 0.4927 0.0000
vt 0.8343 0.4648 0.0000
vt 0.8278 0.4548 0.0000
vt 0.8344 0.4550 0.0000
vt 0.7041 0.4812 0.0000
vt 0.7068 0.4727 0.0000
vt 0.7044 0.4914 0.0000
vt 0.7033 0.4886 0.0000
vt 0.8667 0.4548 0.0000
vt 0.8584 0.4549 0.0000
vt 0.7291 0.4398 0.0000
vt 0.7164 0.4420 0.0000
vt 0.7174 0.4389 0.0000
vt 0.8811 0.4541 0.0000
vt 0.8742 0.4547 0.0000
vt 0.7168 0.4571 0.0000
vt 0.7268 0.4575 0.0000
vt 0.7261 0.4654 0.0000
vt 0.7166 0.4650 0.0000
vt 0.8500 0.4733 0.0000
vt 0.8419 0.4735 0.0000
vt 0.8422 0.4641 0.0000
vt 0.8503 0.4638 0.0000
vt 0.7498 0.4670 0.0000
vt 0.7494 0.4751 0.0000
vt 0.7439 0.4745 0.0000
vt 0.7443 0.4661 0.0000
vt 0.8511 0.4395 0.0000
vt 0.8599 0.4399 0.0000
vt 0.8585 0.4463 0.0000
vt 0.8512 0.4464 0.0000
vt 0.8497 0.4875 0.0000
vt 0.8405 0.4870 0.0000
vt 0.8413 0.4821 0.0000
vt 0.8499 0.4819 0.0000
vt 0.7367 0.4576 0.0000
vt 0.7356 0.4657 0.0000
vt 0.7021 0.4559 0.0000
vt 0.7086 0.4563 0.0000
vt 0.7080 0.4646 0.0000
vt 0.7014 0.4642 0.0000
vt 0.8422 0.4548 0.0000
vt 0.8505 0.4548 0.0000
vt 0.7054 0.4376 0.0000
vt 0.8813 0.4439 0.0000
vt 0.7001 0.4800 0.0000
vt 0.7005 0.4719 0.0000
vt 0.7013 0.4906 0.0000
vt 0.7167 0.4491 0.0000
vt 0.7500 0.4414 0.0000
vt 0.8244 0.4390 0.0000
vt 0.7040 0.4379 0.0000
vt 0.8210 0.4873 0.0000
vt 0.7405 0.4403 0.0000
vt 0.8339 0.4742 0.0000
vt 0.8218 0.4533 0.0000
vt 0.8586 0.4879 0.0000
vt 0.7477 0.4899 0.0000
vt 0.8801 0.4408 0.0000
vt 0.8726 0.4890 0.0000
vt 0.8667 0.4883 0.0000
vt 0.7003 0.4881 0.0000
vt 0.8750 0.4883 0.0000
vt 0.8207 0.4863 0.0000
vt 0.7452 0.4910 0.0000
vt 0.8120 0.4851 0.0000
vt 0.8104 0.4828 0.0000
vt 0.8120 0.4830 0.0000
vt 0.9535 0.2092 0.0000
vt 0.9509 0.2074 0.0000
vt 0.9540 0.2071 0.0000
vt 0.7909 0.4730 0.0000
vt 0.7911 0.4657 0.0000
vt 0.7992 0.4663 0.0000
vt 0.7994 0.4742 0.0000
vt 0.9548 0.1802 0.0000
vt 0.9540 0.1916 0.0000
vt 0.9480 0.1915 0.0000
vt 0.9483 0.1826 0.0000
vt 0.9315 0.1915 0.0000
vt 0.9402 0.1915 0.0000
vt 0.9404 0.1994 0.0000
vt 0.9317 0.1992 0.0000
vt 0.8116 0.4668 0.0000
vt 0.8071 0.4676 0.0000
vt 0.8075 0.4572 0.0000
vt 0.8107 0.4557 0.0000
vt 0.7913 0.4584 0.0000
vt 0.7830 0.4650 0.0000
vt 0.7830 0.4580 0.0000
vt 0.9228 0.1736 0.0000
vt 0.9317 0.1738 0.0000
vt 0.9317 0.1792 0.0000
vt 0.9228 0.1786 0.0000
vt 0.7830 0.4726 0.0000
vt 0.9228 0.1842 0.0000
vt 0.9315 0.1842 0.0000
vt 0.9228 0.1913 0.0000
vt 0.7918 0.4472 0.0000
vt 0.7916 0.4522 0.0000
vt 0.7830 0.4514 0.0000
vt 0.7830 0.4473 0.0000
vt 0.9228 0.1995 0.0000
vt 0.7909 0.4855 0.0000
vt 0.7830 0.4852 0.0000
vt 0.7830 0.4784 0.0000
vt 0.7913 0.4790 0.0000
vt 0.9228 0.2119 0.0000
vt 0.9228 0.2062 0.0000
vt 0.9321 0.2060 0.0000
vt 0.9325 0.2116 0.0000
vt 0.7997 0.4584 0.0000
vt 0.9416 0.1738 0.0000
vt 0.9413 0.1779 0.0000
vt 0.9404 0.1838 0.0000
vt 0.8007 0.4475 0.0000
vt 0.8005 0.4521 0.0000
vt 0.7999 0.4856 0.0000
vt 0.8001 0.4802 0.0000
vt 0.8101 0.4856 0.0000
vt 0.9421 0.2109 0.0000
vt 0.9415 0.2061 0.0000
vt 0.9514 0.2099 0.0000
vt 0.8096 0.4483 0.0000
vt 0.8115 0.4495 0.0000
vt 0.8099 0.4507 0.0000
vt 0.9522 0.1733 0.0000
vt 0.9541 0.1733 0.0000
vt 0.9527 0.1749 0.0000
vt 0.8110 0.4781 0.0000
vt 0.8083 0.4777 0.0000
vt 0.9539 0.2028 0.0000
vt 0.9484 0.2003 0.0000
vt 0.9549 0.1752 0.0000
vt 0.8115 0.4516 0.0000
vt 0.7540 0.4851 0.0000
vt 0.7557 0.4828 0.0000
vt 0.7559 0.4856 0.0000
vt 0.8920 0.2092 0.0000
vt 0.8946 0.2074 0.0000
vt 0.8941 0.2099 0.0000
vt 0.7751 0.4730 0.0000
vt 0.7667 0.4742 0.0000
vt 0.7668 0.4663 0.0000
vt 0.7750 0.4657 0.0000
vt 0.8907 0.1802 0.0000
vt 0.8972 0.1826 0.0000
vt 0.8975 0.1915 0.0000
vt 0.8915 0.1916 0.0000
vt 0.9051 0.1994 0.0000
vt 0.9053 0.1915 0.0000
vt 0.9140 0.1915 0.0000
vt 0.9139 0.1992 0.0000
vt 0.7585 0.4572 0.0000
vt 0.7590 0.4676 0.0000
vt 0.7545 0.4668 0.0000
vt 0.7554 0.4557 0.0000
vt 0.7747 0.4584 0.0000
vt 0.9138 0.1792 0.0000
vt 0.9138 0.1738 0.0000
vt 0.9140 0.1842 0.0000
vt 0.7744 0.4522 0.0000
vt 0.7743 0.4472 0.0000
vt 0.7752 0.4855 0.0000
vt 0.7748 0.4790 0.0000
vt 0.9134 0.2060 0.0000
vt 0.9130 0.2116 0.0000
vt 0.7664 0.4584 0.0000
vt 0.9042 0.1779 0.0000
vt 0.9039 0.1738 0.0000
vt 0.9051 0.1838 0.0000
vt 0.7655 0.4521 0.0000
vt 0.7654 0.4475 0.0000
vt 0.7659 0.4802 0.0000
vt 0.7662 0.4856 0.0000
vt 0.9040 0.2061 0.0000
vt 0.9034 0.2109 0.0000
vt 0.7565 0.4483 0.0000
vt 0.7561 0.4507 0.0000
vt 0.7546 0.4495 0.0000
vt 0.8933 0.1733 0.0000
vt 0.8928 0.1749 0.0000
vt 0.8914 0.1733 0.0000
vt 0.7578 0.4777 0.0000
vt 0.7550 0.4781 0.0000
vt 0.8971 0.2003 0.0000
vt 0.8916 0.2028 0.0000
vt 0.7541 0.4830 0.0000
vt 0.8906 0.1752 0.0000
vt 0.8915 0.2071 0.0000
vt 0.7545 0.4516 0.0000
vt 0.7476 0.3815 0.0000
vt 0.7449 0.3841 0.0000
vt 0.7448 0.3818 0.0000
vt 0.7576 0.3953 0.0000
vt 0.7599 0.3973 0.0000
vt 0.7567 0.3971 0.0000
vt 0.7137 0.4202 0.0000
vt 0.7136 0.4135 0.0000
vt 0.7248 0.4137 0.0000
vt 0.7250 0.4205 0.0000
vt 0.7158 0.4315 0.0000
vt 0.7147 0.4274 0.0000
vt 0.7258 0.4273 0.0000
vt 0.7262 0.4318 0.0000
vt 0.7999 0.4204 0.0000
vt 0.7991 0.4297 0.0000
vt 0.7914 0.4292 0.0000
vt 0.7915 0.4202 0.0000
vt 0.8123 0.4211 0.0000
vt 0.8120 0.4319 0.0000
vt 0.8068 0.4309 0.0000
vt 0.8071 0.4206 0.0000
vt 0.7485 0.3993 0.0000
vt 0.7423 0.3995 0.0000
vt 0.7431 0.3923 0.0000
vt 0.7489 0.3901 0.0000
vt 0.7760 0.3947 0.0000
vt 0.7764 0.4013 0.0000
vt 0.7690 0.4011 0.0000
vt 0.7684 0.3948 0.0000
vt 0.7005 0.3929 0.0000
vt 0.7004 0.3860 0.0000
vt 0.7040 0.3858 0.0000
vt 0.7046 0.3926 0.0000
vt 0.7653 0.4434 0.0000
vt 0.7584 0.4434 0.0000
vt 0.7595 0.4407 0.0000
vt 0.7674 0.4380 0.0000
vt 0.7491 0.4215 0.0000
vt 0.7495 0.4301 0.0000
vt 0.7467 0.4306 0.0000
vt 0.7430 0.4216 0.0000
vt 0.8005 0.3949 0.0000
vt 0.8087 0.3949 0.0000
vt 0.8092 0.3976 0.0000
vt 0.8001 0.4010 0.0000
vt 0.7349 0.3932 0.0000
vt 0.7251 0.3934 0.0000
vt 0.7257 0.3876 0.0000
vt 0.7369 0.3872 0.0000
vt 0.7993 0.4382 0.0000
vt 0.7913 0.4376 0.0000
vt 0.8124 0.4423 0.0000
vt 0.8094 0.4415 0.0000
vt 0.7340 0.4139 0.0000
vt 0.7346 0.4210 0.0000
vt 0.7559 0.4221 0.0000
vt 0.7624 0.4209 0.0000
vt 0.7625 0.4300 0.0000
vt 0.7560 0.4348 0.0000
vt 0.7365 0.4280 0.0000
vt 0.7366 0.4318 0.0000
vt 0.7690 0.4202 0.0000
vt 0.7626 0.4097 0.0000
vt 0.7691 0.4104 0.0000
vt 0.7038 0.4216 0.0000
vt 0.7046 0.4135 0.0000
vt 0.7038 0.4319 0.0000
vt 0.7030 0.4295 0.0000
vt 0.7998 0.4106 0.0000
vt 0.7916 0.4107 0.0000
vt 0.7271 0.3826 0.0000
vt 0.7139 0.3875 0.0000
vt 0.7138 0.3828 0.0000
vt 0.8125 0.4101 0.0000
vt 0.8072 0.4097 0.0000
vt 0.7135 0.4000 0.0000
vt 0.7247 0.4000 0.0000
vt 0.7246 0.4068 0.0000
vt 0.7137 0.4067 0.0000
vt 0.7837 0.4291 0.0000
vt 0.7761 0.4292 0.0000
vt 0.7762 0.4201 0.0000
vt 0.7838 0.4201 0.0000
vt 0.7485 0.4141 0.0000
vt 0.7422 0.4142 0.0000
vt 0.7422 0.4068 0.0000
vt 0.7486 0.4059 0.0000
vt 0.7839 0.3947 0.0000
vt 0.7922 0.3948 0.0000
vt 0.7920 0.4012 0.0000
vt 0.7840 0.4013 0.0000
vt 0.7829 0.4432 0.0000
vt 0.7753 0.4437 0.0000
vt 0.7758 0.4377 0.0000
vt 0.7834 0.4374 0.0000
vt 0.7342 0.3999 0.0000
vt 0.7339 0.4069 0.0000
vt 0.7005 0.3999 0.0000
vt 0.7047 0.3996 0.0000
vt 0.7048 0.4065 0.0000
vt 0.7003 0.4067 0.0000
vt 0.7763 0.4105 0.0000
vt 0.7838 0.4107 0.0000
vt 0.7141 0.3933 0.0000
vt 0.7687 0.4294 0.0000
vt 0.7921 0.4434 0.0000
vt 0.7001 0.4140 0.0000
vt 0.7487 0.4327 0.0000
vt 0.8111 0.3956 0.0000
vt 0.8004 0.4428 0.0000
vt 0.8092 0.4442 0.0000
vt 0.7001 0.4214 0.0000
vt 0.7007 0.4290 0.0000
vt 0.7483 0.3834 0.0000
vt 0.7610 0.3948 0.0000
vt 0.7009 0.3826 0.0000
vt 0.7560 0.4434 0.0000
vt 0.7393 0.3823 0.0000
vt 0.7563 0.4084 0.0000
vt 0.7016 0.4312 0.0000
vt 0.8123 0.3977 0.0000
vt 0.7027 0.3819 0.0000
vt 0.8120 0.4442 0.0000
vt 0.7468 0.4326 0.0000
vt 0.7559 0.4404 0.0000
vt 0.8808 0.2686 0.0000
vt 0.8548 0.2687 0.0000
vt 0.8546 0.2346 0.0000
vt 0.8819 0.2323 0.0000
vt 0.8573 0.2019 0.0000
vt 0.8840 0.1999 0.0000
vt 0.8586 0.1702 0.0000
vt 0.8854 0.1682 0.0000
vt 0.8689 0.2334 0.0000
vt 0.8684 0.2687 0.0000
vt 0.8713 0.2009 0.0000
vt 0.8726 0.1691 0.0000
vt 0.8729 0.2330 0.0000
vt 0.8722 0.2687 0.0000
vt 0.8752 0.2006 0.0000
vt 0.8765 0.1688 0.0000
vt 0.8730 0.2330 0.0000
vt 0.8724 0.2687 0.0000
vt 0.8754 0.2005 0.0000
vt 0.8767 0.1688 0.0000
vt 0.8853 0.1687 0.0000
vt 0.8720 0.1692 0.0000
vt 0.8559 0.2189 0.0000
vt 0.8829 0.2167 0.0000
vt 0.8696 0.2333 0.0000
vt 0.8691 0.2687 0.0000
vt 0.8720 0.2008 0.0000
vt 0.8733 0.1691 0.0000
vt 0.8660 0.2336 0.0000
vt 0.8657 0.2687 0.0000
vt 0.8685 0.2011 0.0000
vt 0.8698 0.1694 0.0000
vt 0.8698 0.2687 0.0000
vt 0.8703 0.2332 0.0000
vt 0.8727 0.2008 0.0000
vt 0.8740 0.1690 0.0000
vt 0.8733 0.2330 0.0000
vt 0.8726 0.2687 0.0000
vt 0.8756 0.2005 0.0000
vt 0.8770 0.1688 0.0000
vt 0.8840 0.1998 0.0000
vt 0.8644 0.2687 0.0000
vt 0.8646 0.2337 0.0000
vt 0.8671 0.2012 0.0000
vt 0.8684 0.1695 0.0000
vt 0.8674 0.2687 0.0000
vt 0.8678 0.2335 0.0000
vt 0.8703 0.2009 0.0000
vt 0.8716 0.1692 0.0000
vt 0.8702 0.2009 0.0000
vt 0.8715 0.1692 0.0000
vt 0.8647 0.2337 0.0000
vt 0.8672 0.2012 0.0000
vt 0.8685 0.1695 0.0000
vt 0.8676 0.2335 0.0000
vt 0.8672 0.2687 0.0000
vt 0.8701 0.2010 0.0000
vt 0.8714 0.1692 0.0000
vt 0.8680 0.2334 0.0000
vt 0.8676 0.2687 0.0000
vt 0.8704 0.2009 0.0000
vt 0.8717 0.1692 0.0000
vt 0.8681 0.2334 0.0000
vt 0.8677 0.2687 0.0000
vt 0.8706 0.2009 0.0000
vt 0.8719 0.1692 0.0000
vt 0.8675 0.2335 0.0000
vt 0.8700 0.2010 0.0000
vt 0.8688 0.2334 0.0000
vt 0.8712 0.2009 0.0000
vt 0.8687 0.2334 0.0000
vt 0.8682 0.2687 0.0000
vt 0.8711 0.2009 0.0000
vt 0.8724 0.1692 0.0000
vt 0.8655 0.2336 0.0000
vt 0.8652 0.2687 0.0000
vt 0.8680 0.2011 0.0000
vt 0.8693 0.1694 0.0000
vt 0.8672 0.2335 0.0000
vt 0.8668 0.2687 0.0000
vt 0.8696 0.2010 0.0000
vt 0.8710 0.1693 0.0000
vt 0.8655 0.2687 0.0000
vt 0.8659 0.2336 0.0000
vt 0.8683 0.2011 0.0000
vt 0.8697 0.1694 0.0000
vt 0.8667 0.2336 0.0000
vt 0.8663 0.2687 0.0000
vt 0.8691 0.2010 0.0000
vt 0.8704 0.1693 0.0000
vt 0.8671 0.2687 0.0000
vt 0.8713 0.1692 0.0000
vt 0.8708 0.2687 0.0000
vt 0.8714 0.2332 0.0000
vt 0.8738 0.2007 0.0000
vt 0.8751 0.1690 0.0000
# 3506 texture coords

o sofa_2
g sofa_2
usemtl Material__25
s off
f 1/1/1 2/2/2 3/3/3 4/4/4 
f 5/5/5 6/6/6 7/7/7 8/8/8 
f 9/9/9 10/10/10 11/11/11 12/12/12 
f 13/13/13 14/14/14 15/15/15 16/16/16 
f 17/17/17 18/18/18 19/19/19 20/20/20 
f 21/21/21 22/22/22 23/23/23 16/16/16 
f 24/24/24 25/25/25 26/26/26 27/27/27 
f 28/28/28 29/29/29 30/30/30 12/31/12 
f 31/32/31 32/33/32 33/34/33 17/35/17 
f 34/36/34 35/37/35 36/38/36 8/39/8 
f 37/40/37 38/41/38 39/42/39 40/43/40 
f 1/1/1 41/44/41 42/45/42 43/46/43 
f 44/47/44 45/48/45 46/49/46 47/50/47 
f 48/51/48 49/52/49 50/53/50 51/54/51 
f 52/55/52 53/56/53 54/57/54 55/58/55 
f 56/59/56 57/60/57 58/61/58 59/62/59 
f 60/63/60 61/64/61 62/65/62 63/66/63 
f 64/67/64 65/68/65 66/69/66 67/70/67 
f 56/59/56 68/71/68 49/52/49 48/51/48 
f 69/72/69 70/73/70 71/74/71 60/63/60 
f 52/75/52 72/76/72 73/77/73 
f 64/78/64 74/79/74 75/80/75 76/81/76 
f 77/82/77 13/13/13 78/83/78 79/84/79 
f 80/85/80 9/86/9 30/30/30 81/87/81 
f 5/88/5 82/89/82 83/90/83 84/91/84 
f 85/92/85 2/2/2 86/93/86 87/94/87 
f 88/95/88 89/96/89 90/97/90 91/98/91 
f 92/99/92 93/100/93 94/101/94 95/102/95 
f 96/103/96 18/104/18 97/105/97 
f 85/92/85 98/106/98 99/107/99 100/108/100 
f 101/109/101 81/87/81 6/6/6 84/110/84 
f 101/111/101 102/112/102 103/113/103 80/114/80 
f 104/115/104 105/116/105 106/117/106 96/118/96 
f 107/119/107 108/120/108 109/121/109 110/122/110 
f 91/123/91 104/124/104 111/125/111 
f 44/126/44 112/127/112 113/128/113 45/129/45 
f 34/130/34 114/131/114 115/132/115 35/133/35 
f 28/134/28 12/12/12 11/11/11 116/135/116 
f 31/136/31 17/17/17 20/20/20 117/137/117 
f 118/138/118 119/139/119 10/10/10 103/113/103 
f 42/140/42 120/141/120 121/142/121 117/143/117 
f 122/144/122 123/145/123 36/38/36 35/37/35 
f 124/146/124 15/15/15 46/49/46 45/48/45 
f 116/147/116 39/148/39 125/149/125 126/150/126 
f 123/145/123 127/151/127 82/89/82 36/38/36 
f 128/152/128 129/153/129 102/112/102 83/90/83 
f 106/117/106 105/116/105 130/154/130 87/94/87 
f 131/155/131 132/156/132 26/26/26 25/25/25 
f 29/29/29 133/157/133 134/158/134 30/30/30 
f 37/40/37 135/159/135 136/160/136 137/161/137 
f 28/162/28 116/147/116 126/150/126 29/163/29 
f 24/24/24 122/164/122 138/165/138 25/25/25 
f 38/41/38 37/40/37 137/161/137 139/166/139 
f 34/167/34 8/8/8 7/7/7 114/168/114 
f 26/26/26 132/156/132 140/169/140 93/100/93 
f 141/170/141 142/171/142 109/121/109 94/101/94 
f 114/131/114 143/172/143 144/173/144 115/132/115 
f 139/166/139 145/174/145 146/175/146 125/149/125 
f 147/176/147 148/177/148 3/3/3 100/108/100 
f 22/22/22 149/178/149 150/179/150 23/23/23 
f 151/180/151 152/181/152 33/34/33 32/33/32 
f 153/182/153 47/183/47 88/184/88 
f 21/21/21 124/185/124 154/186/154 22/22/22 
f 31/187/31 117/143/117 121/142/121 32/188/32 
f 155/189/155 41/44/41 1/1/1 4/4/4 
f 44/190/44 47/183/47 153/182/153 112/191/112 
f 150/179/150 156/192/156 78/83/78 23/23/23 
f 33/34/33 152/181/152 97/105/97 
f 79/84/79 157/193/157 158/194/158 99/107/99 
f 112/127/112 159/195/159 160/196/160 113/128/113 
f 161/197/161 162/198/162 120/141/120 155/189/155 
f 137/161/137 136/160/136 163/199/163 164/200/164 
f 29/163/29 126/150/126 165/201/165 133/202/133 
f 131/155/131 25/25/25 138/165/138 166/203/166 
f 139/166/139 137/161/137 164/200/164 145/174/145 
f 114/168/114 7/7/7 75/80/75 143/204/143 
f 131/155/131 61/64/61 167/205/167 132/156/132 
f 133/157/133 53/206/53 134/158/134 
f 167/205/167 168/207/168 140/169/140 132/156/132 
f 141/170/141 169/208/169 170/209/170 142/171/142 
f 143/172/143 74/210/74 171/211/171 144/173/144 
f 145/174/145 68/71/68 172/212/172 146/175/146 
f 90/97/90 89/96/89 14/14/14 173/213/173 
f 116/135/116 11/11/11 40/43/40 39/42/39 
f 117/137/117 20/20/20 43/46/43 42/45/42 
f 174/214/174 160/196/160 175/215/175 58/61/58 
f 144/173/144 171/211/171 62/65/62 166/203/166 
f 20/20/20 19/19/19 86/93/86 43/46/43 
f 107/119/107 135/159/135 119/139/119 118/138/118 
f 41/44/41 155/189/155 120/141/120 42/140/42 
f 24/24/24 27/27/27 123/145/123 122/144/122 
f 124/146/124 21/21/21 16/16/16 15/15/15 
f 38/41/38 139/166/139 125/149/125 39/148/39 
f 27/27/27 92/99/92 127/151/127 123/145/123 
f 95/102/95 108/120/108 129/153/129 128/152/128 
f 173/213/173 77/82/77 98/106/98 130/154/130 
f 122/164/122 35/133/35 115/132/115 138/165/138 
f 165/201/165 126/150/126 125/149/125 146/175/146 
f 124/185/124 45/129/45 113/128/113 154/186/154 
f 120/141/120 162/198/162 176/216/176 121/142/121 
f 67/70/67 66/69/66 177/217/177 63/66/63 
f 115/132/115 144/173/144 166/203/166 138/165/138 
f 55/58/55 54/57/54 172/212/172 59/62/59 
f 10/10/10 9/9/9 80/114/80 103/113/103 
f 14/14/14 13/13/13 77/82/77 173/213/173 
f 51/54/51 50/53/50 178/218/178 179/219/179 
f 13/13/13 16/16/16 23/23/23 78/83/78 
f 30/30/30 9/86/9 12/31/12 
f 89/96/89 88/95/88 47/50/47 46/49/46 
f 119/139/119 40/43/40 11/11/11 10/10/10 
f 135/159/135 107/119/107 110/122/110 136/160/136 
f 134/158/134 180/220/180 81/87/81 30/30/30 
f 153/182/153 88/184/88 91/123/91 111/125/111 
f 156/192/156 157/193/157 79/84/79 78/83/78 
f 136/160/136 110/122/110 181/221/181 163/199/163 
f 89/96/89 46/49/46 15/15/15 14/14/14 
f 135/159/135 37/40/37 40/43/40 119/139/119 
f 98/106/98 77/82/77 79/84/79 99/107/99 
f 81/87/81 101/109/101 80/85/80 
f 102/112/102 101/111/101 84/91/84 83/90/83 
f 104/115/104 91/98/91 90/97/90 105/116/105 
f 108/120/108 95/102/95 94/101/94 109/121/109 
f 104/124/104 96/103/96 97/105/97 111/125/111 
f 129/153/129 118/138/118 103/113/103 102/112/102 
f 105/116/105 90/97/90 173/213/173 130/154/130 
f 81/87/81 180/220/180 182/222/182 6/6/6 
f 142/171/142 181/221/181 110/122/110 109/121/109 
f 158/194/158 147/176/147 100/108/100 99/107/99 
f 142/171/142 170/209/170 178/218/178 181/221/181 
f 108/120/108 107/119/107 118/138/118 129/153/129 
f 130/154/130 98/106/98 85/92/85 87/94/87 
f 2/2/2 85/92/85 100/108/100 3/3/3 
f 6/6/6 5/5/5 84/110/84 
f 18/18/18 96/118/96 106/117/106 19/19/19 
f 82/89/82 5/88/5 8/39/8 36/38/36 
f 2/2/2 1/1/1 43/46/43 86/93/86 
f 93/100/93 92/99/92 27/27/27 26/26/26 
f 18/104/18 17/35/17 33/34/33 97/105/97 
f 127/151/127 128/152/128 83/90/83 82/89/82 
f 6/6/6 182/222/182 75/80/75 7/7/7 
f 93/100/93 140/169/140 141/170/141 94/101/94 
f 148/177/148 183/223/183 4/4/4 3/3/3 
f 168/207/168 169/208/169 141/170/141 140/169/140 
f 19/19/19 106/117/106 87/94/87 86/93/86 
f 92/99/92 95/102/95 128/152/128 127/151/127 
f 49/52/49 164/200/164 163/199/163 50/53/50 
f 54/57/54 53/56/53 133/202/133 165/201/165 
f 61/64/61 131/155/131 166/203/166 62/65/62 
f 49/52/49 68/71/68 145/174/145 164/200/164 
f 75/80/75 74/79/74 143/204/143 
f 167/205/167 61/64/61 60/63/60 71/74/71 
f 134/158/134 53/206/53 52/75/52 73/77/73 
f 167/205/167 71/74/71 184/224/184 168/207/168 
f 169/208/169 185/225/185 186/226/186 170/209/170 
f 74/210/74 64/67/64 67/70/67 171/211/171 
f 68/71/68 56/59/56 59/62/59 172/212/172 
f 171/211/171 67/70/67 63/66/63 62/65/62 
f 54/57/54 165/201/165 146/175/146 172/212/172 
f 50/53/50 163/199/163 181/221/181 178/218/178 
f 134/158/134 73/77/73 187/227/187 180/220/180 
f 180/220/180 187/227/187 188/228/188 182/222/182 
f 170/209/170 186/226/186 179/219/179 178/218/178 
f 182/222/182 188/228/188 76/81/76 75/80/75 
f 168/207/168 184/224/184 185/225/185 169/208/169 
f 57/60/57 149/178/149 174/214/174 58/61/58 
f 66/69/66 65/68/65 151/229/151 176/216/176 
f 70/73/70 69/72/69 161/197/161 183/223/183 
f 72/76/72 159/230/159 153/182/153 73/77/73 
f 189/231/189 185/225/185 184/224/184 190/232/190 
f 57/60/57 56/59/56 48/51/48 191/233/191 
f 76/81/76 65/234/65 64/78/64 
f 192/235/192 191/233/191 48/51/48 51/54/51 
f 193/236/193 194/237/194 179/219/179 186/226/186 
f 72/238/72 52/55/52 55/58/55 175/215/175 
f 69/72/69 60/63/60 63/66/63 177/217/177 
f 175/215/175 55/58/55 59/62/59 58/61/58 
f 73/77/73 153/182/153 111/125/111 187/227/187 
f 194/237/194 192/235/192 51/54/51 179/219/179 
f 189/231/189 193/236/193 186/226/186 185/225/185 
f 190/232/190 184/224/184 71/74/71 70/73/70 
f 148/177/148 147/176/147 189/231/189 190/232/190 
f 149/178/149 57/60/57 191/233/191 150/179/150 
f 152/181/152 151/180/151 65/234/65 76/81/76 
f 156/192/156 150/179/150 191/233/191 192/235/192 
f 97/105/97 152/181/152 76/81/76 188/228/188 
f 157/193/157 194/237/194 193/236/193 158/194/158 
f 111/125/111 97/105/97 188/228/188 187/227/187 
f 159/195/159 72/238/72 175/215/175 160/196/160 
f 161/197/161 69/72/69 177/217/177 162/198/162 
f 160/196/160 174/214/174 154/186/154 113/128/113 
f 162/198/162 177/217/177 66/69/66 176/216/176 
f 157/193/157 156/192/156 192/235/192 194/237/194 
f 147/176/147 158/194/158 193/236/193 189/231/189 
f 148/177/148 190/232/190 70/73/70 183/223/183 
f 149/178/149 22/22/22 154/186/154 174/214/174 
f 176/216/176 151/229/151 32/188/32 121/142/121 
f 183/223/183 161/197/161 155/189/155 4/4/4 
f 153/182/153 159/230/159 112/191/112 
f 195/1/195 196/4/196 197/3/197 198/2/198 
f 199/7/199 200/6/200 201/5/201 202/8/202 
f 203/11/203 204/10/204 205/9/205 206/12/206 
f 207/15/207 208/14/208 209/13/209 210/16/210 
f 211/17/211 212/20/212 213/19/213 214/18/214 
f 215/23/215 216/22/216 217/21/217 210/16/210 
f 218/26/218 219/25/219 220/24/220 221/27/221 
f 222/30/222 223/29/223 224/28/224 206/31/206 
f 225/34/225 226/33/226 227/32/227 211/35/211 
f 228/38/228 229/37/229 230/36/230 202/39/202 
f 231/40/231 232/43/232 233/42/233 234/41/234 
f 195/1/195 235/46/235 236/45/236 237/44/237 
f 238/49/238 239/48/239 240/47/240 241/50/241 
f 242/51/242 243/54/243 244/53/244 245/52/245 
f 246/55/246 247/58/247 248/57/248 249/56/249 
f 250/59/250 251/62/251 252/61/252 253/60/253 
f 254/63/254 255/66/255 256/65/256 257/64/257 
f 258/67/258 259/70/259 260/69/260 261/68/261 
f 250/59/250 242/51/242 245/52/245 262/71/262 
f 263/74/263 264/73/264 265/72/265 254/63/254 
f 246/75/246 266/77/266 267/76/267 
f 258/78/258 268/81/268 269/80/269 270/79/270 
f 271/82/271 272/84/272 273/83/273 209/13/209 
f 274/85/274 275/87/275 222/30/222 205/86/205 
f 276/90/276 277/89/277 201/88/201 278/91/278 
f 279/92/279 280/94/280 281/93/281 198/2/198 
f 282/97/282 283/96/283 284/95/284 285/98/285 
f 286/101/286 287/100/287 288/99/288 289/102/289 
f 290/103/290 291/105/291 214/104/214 
f 279/92/279 292/108/292 293/107/293 294/106/294 
f 200/6/200 275/87/275 295/109/295 278/110/278 
f 296/113/296 297/112/297 295/111/295 274/114/274 
f 298/117/298 299/116/299 300/115/300 290/118/290 
f 301/119/301 302/122/302 303/121/303 304/120/304 
f 285/123/285 305/125/305 300/124/300 
f 306/128/306 307/127/307 240/126/240 239/129/239 
f 308/132/308 309/131/309 230/130/230 229/133/229 
f 203/11/203 206/12/206 224/134/224 310/135/310 
f 212/20/212 211/17/211 227/136/227 311/137/311 
f 204/10/204 312/139/312 313/138/313 296/113/296 
f 314/142/314 315/141/315 236/140/236 311/143/311 
f 228/38/228 316/145/316 317/144/317 229/37/229 
f 238/49/238 207/15/207 318/146/318 239/48/239 
f 310/147/310 319/150/319 320/149/320 233/148/233 
f 277/89/277 321/151/321 316/145/316 228/38/228 
f 297/112/297 322/153/322 323/152/323 276/90/276 
f 298/117/298 280/94/280 324/154/324 299/116/299 
f 218/26/218 325/156/325 326/155/326 219/25/219 
f 223/29/223 222/30/222 327/158/327 328/157/328 
f 329/160/329 330/159/330 231/40/231 331/161/331 
f 319/150/319 310/147/310 224/162/224 223/163/223 
f 332/165/332 317/164/317 220/24/220 219/25/219 
f 331/161/331 231/40/231 234/41/234 333/166/333 
f 199/7/199 202/8/202 230/167/230 309/168/309 
f 218/26/218 287/100/287 334/169/334 325/156/325 
f 303/121/303 335/171/335 336/170/336 286/101/286 
f 309/131/309 308/132/308 337/173/337 338/172/338 
f 333/166/333 320/149/320 339/175/339 340/174/340 
f 197/3/197 341/177/341 342/176/342 292/108/292 
f 216/22/216 215/23/215 343/179/343 344/178/344 
f 225/34/225 345/181/345 346/180/346 226/33/226 
f 347/182/347 284/184/284 241/183/241 
f 348/186/348 318/185/318 217/21/217 216/22/216 
f 314/142/314 311/143/311 227/187/227 226/188/226 
f 349/189/349 196/4/196 195/1/195 237/44/237 
f 347/182/347 241/183/241 240/190/240 307/191/307 
f 273/83/273 350/192/350 343/179/343 215/23/215 
f 225/34/225 291/105/291 345/181/345 
f 272/84/272 293/107/293 351/194/351 352/193/352 
f 307/127/307 306/128/306 353/196/353 354/195/354 
f 315/141/315 355/198/355 356/197/356 349/189/349 
f 357/199/357 329/160/329 331/161/331 358/200/358 
f 359/201/359 319/150/319 223/163/223 328/202/328 
f 326/155/326 360/203/360 332/165/332 219/25/219 
f 358/200/358 331/161/331 333/166/333 340/174/340 
f 269/80/269 199/7/199 309/168/309 338/204/338 
f 326/155/326 325/156/325 361/205/361 257/64/257 
f 328/157/328 327/158/327 249/206/249 
f 334/169/334 362/207/362 361/205/361 325/156/325 
f 336/170/336 335/171/335 363/209/363 364/208/364 
f 338/172/338 337/173/337 365/211/365 270/210/270 
f 340/174/340 339/175/339 366/212/366 262/71/262 
f 208/14/208 283/96/283 282/97/282 367/213/367 
f 232/43/232 203/11/203 310/135/310 233/42/233 
f 235/46/235 212/20/212 311/137/311 236/45/236 
f 368/215/368 353/196/353 369/214/369 252/61/252 
f 256/65/256 365/211/365 337/173/337 360/203/360 
f 281/93/281 213/19/213 212/20/212 235/46/235 
f 312/139/312 330/159/330 301/119/301 313/138/313 
f 315/141/315 349/189/349 237/44/237 236/140/236 
f 316/145/316 221/27/221 220/24/220 317/144/317 
f 318/146/318 207/15/207 210/16/210 217/21/217 
f 320/149/320 333/166/333 234/41/234 233/148/233 
f 321/151/321 288/99/288 221/27/221 316/145/316 
f 322/153/322 304/120/304 289/102/289 323/152/323 
f 367/213/367 324/154/324 294/106/294 271/82/271 
f 317/164/317 332/165/332 308/132/308 229/133/229 
f 320/149/320 319/150/319 359/201/359 339/175/339 
f 318/185/318 348/186/348 306/128/306 239/129/239 
f 315/141/315 314/142/314 370/216/370 355/198/355 
f 371/217/371 260/69/260 259/70/259 255/66/255 
f 360/203/360 337/173/337 308/132/308 332/165/332 
f 366/212/366 248/57/248 247/58/247 251/62/251 
f 204/10/204 296/113/296 274/114/274 205/9/205 
f 208/14/208 367/213/367 271/82/271 209/13/209 
f 243/54/243 372/219/372 373/218/373 244/53/244 
f 215/23/215 210/16/210 209/13/209 273/83/273 
f 222/30/222 206/31/206 205/86/205 
f 283/96/283 238/49/238 241/50/241 284/95/284 
f 203/11/203 232/43/232 312/139/312 204/10/204 
f 302/122/302 301/119/301 330/159/330 329/160/329 
f 275/87/275 374/220/374 327/158/327 222/30/222 
f 347/182/347 305/125/305 285/123/285 284/184/284 
f 272/84/272 352/193/352 350/192/350 273/83/273 
f 375/221/375 302/122/302 329/160/329 357/199/357 
f 207/15/207 238/49/238 283/96/283 208/14/208 
f 232/43/232 231/40/231 330/159/330 312/139/312 
f 272/84/272 271/82/271 294/106/294 293/107/293 
f 275/87/275 274/85/274 295/109/295 
f 297/112/297 276/90/276 278/91/278 295/111/295 
f 282/97/282 285/98/285 300/115/300 299/116/299 
f 286/101/286 289/102/289 304/120/304 303/121/303 
f 291/105/291 290/103/290 300/124/300 305/125/305 
f 296/113/296 313/138/313 322/153/322 297/112/297 
f 367/213/367 282/97/282 299/116/299 324/154/324 
f 275/87/275 200/6/200 376/222/376 374/220/374 
f 302/122/302 375/221/375 335/171/335 303/121/303 
f 292/108/292 342/176/342 351/194/351 293/107/293 
f 335/171/335 375/221/375 373/218/373 363/209/363 
f 313/138/313 301/119/301 304/120/304 322/153/322 
f 324/154/324 280/94/280 279/92/279 294/106/294 
f 292/108/292 279/92/279 198/2/198 197/3/197 
f 200/6/200 278/110/278 201/5/201 
f 298/117/298 290/118/290 214/18/214 213/19/213 
f 277/89/277 228/38/228 202/39/202 201/88/201 
f 235/46/235 195/1/195 198/2/198 281/93/281 
f 287/100/287 218/26/218 221/27/221 288/99/288 
f 225/34/225 211/35/211 214/104/214 291/105/291 
f 276/90/276 323/152/323 321/151/321 277/89/277 
f 200/6/200 199/7/199 269/80/269 376/222/376 
f 287/100/287 286/101/286 336/170/336 334/169/334 
f 196/4/196 377/223/377 341/177/341 197/3/197 
f 336/170/336 364/208/364 362/207/362 334/169/334 
f 280/94/280 298/117/298 213/19/213 281/93/281 
f 323/152/323 289/102/289 288/99/288 321/151/321 
f 357/199/357 358/200/358 245/52/245 244/53/244 
f 248/57/248 359/201/359 328/202/328 249/56/249 
f 360/203/360 326/155/326 257/64/257 256/65/256 
f 245/52/245 358/200/358 340/174/340 262/71/262 
f 269/80/269 338/204/338 270/79/270 
f 361/205/361 263/74/263 254/63/254 257/64/257 
f 327/158/327 266/77/266 246/75/246 249/206/249 
f 378/224/378 263/74/263 361/205/361 362/207/362 
f 379/226/379 380/225/380 364/208/364 363/209/363 
f 259/70/259 258/67/258 270/210/270 365/211/365 
f 251/62/251 250/59/250 262/71/262 366/212/366 
f 255/66/255 259/70/259 365/211/365 256/65/256 
f 339/175/339 359/201/359 248/57/248 366/212/366 
f 375/221/375 357/199/357 244/53/244 373/218/373 
f 381/227/381 266/77/266 327/158/327 374/220/374 
f 382/228/382 381/227/381 374/220/374 376/222/376 
f 372/219/372 379/226/379 363/209/363 373/218/373 
f 268/81/268 382/228/382 376/222/376 269/80/269 
f 380/225/380 378/224/378 362/207/362 364/208/364 
f 369/214/369 344/178/344 253/60/253 252/61/252 
f 260/69/260 370/216/370 346/229/346 261/68/261 
f 264/73/264 377/223/377 356/197/356 265/72/265 
f 347/182/347 354/230/354 267/76/267 266/77/266 
f 378/224/378 380/225/380 383/231/383 384/232/384 
f 242/51/242 250/59/250 253/60/253 385/233/385 
f 268/81/268 258/78/258 261/234/261 
f 386/235/386 243/54/243 242/51/242 385/233/385 
f 387/236/387 379/226/379 372/219/372 388/237/388 
f 247/58/247 246/55/246 267/238/267 368/215/368 
f 255/66/255 254/63/254 265/72/265 371/217/371 
f 251/62/251 247/58/247 368/215/368 252/61/252 
f 305/125/305 347/182/347 266/77/266 381/227/381 
f 388/237/388 372/219/372 243/54/243 386/235/386 
f 383/231/383 380/225/380 379/226/379 387/236/387 
f 263/74/263 378/224/378 384/232/384 264/73/264 
f 341/177/341 384/232/384 383/231/383 342/176/342 
f 385/233/385 253/60/253 344/178/344 343/179/343 
f 345/181/345 268/81/268 261/234/261 346/180/346 
f 350/192/350 386/235/386 385/233/385 343/179/343 
f 291/105/291 382/228/382 268/81/268 345/181/345 
f 387/236/387 388/237/388 352/193/352 351/194/351 
f 305/125/305 381/227/381 382/228/382 291/105/291 
f 368/215/368 267/238/267 354/195/354 353/196/353 
f 371/217/371 265/72/265 356/197/356 355/198/355 
f 353/196/353 306/128/306 348/186/348 369/214/369 
f 260/69/260 371/217/371 355/198/355 370/216/370 
f 352/193/352 388/237/388 386/235/386 350/192/350 
f 342/176/342 383/231/383 387/236/387 351/194/351 
f 264/73/264 384/232/384 341/177/341 377/223/377 
f 348/186/348 216/22/216 344/178/344 369/214/369 
f 370/216/370 314/142/314 226/188/226 346/229/346 
f 377/223/377 196/4/196 349/189/349 356/197/356 
f 347/182/347 307/191/307 354/230/354 
f 389/239/195 390/240/196 391/241/197 392/242/198 
f 393/7/199 394/6/200 395/5/201 396/8/202 
f 397/243/203 398/244/204 399/245/205 400/246/206 
f 401/247/207 402/248/208 403/249/209 404/250/210 
f 405/251/211 406/252/212 407/253/213 408/254/214 
f 409/255/215 410/256/216 411/257/217 404/250/210 
f 412/258/218 413/259/219 414/260/220 415/261/221 
f 416/30/222 417/29/223 418/28/224 400/31/206 
f 419/34/225 420/33/226 421/32/227 405/35/211 
f 422/262/228 423/263/229 424/264/230 396/265/202 
f 425/266/231 426/267/232 427/268/233 428/269/234 
f 389/239/195 429/270/235 430/271/236 431/272/237 
f 432/273/238 433/274/239 434/275/240 435/276/241 
f 436/277/242 437/278/243 438/279/244 439/280/245 
f 440/281/246 441/282/247 442/283/248 443/284/249 
f 444/285/250 445/286/251 446/287/252 447/288/253 
f 448/289/254 449/290/255 450/291/256 451/292/257 
f 452/293/258 453/294/259 454/295/260 455/296/261 
f 444/285/250 436/277/242 439/280/245 456/297/262 
f 457/298/263 458/299/264 459/300/265 448/289/254 
f 440/75/246 460/77/266 461/76/267 
f 452/78/258 462/81/268 463/80/269 464/79/270 
f 465/301/271 466/302/389 467/303/273 403/249/209 
f 468/85/274 469/87/275 416/30/222 399/86/205 
f 470/304/276 471/305/277 395/306/201 472/307/278 
f 473/308/279 474/309/280 475/310/281 392/242/198 
f 476/311/282 477/312/283 478/313/284 479/314/285 
f 480/315/286 481/316/287 482/317/288 483/318/289 
f 484/103/290 485/105/291 408/104/214 
f 473/308/279 486/319/292 487/320/293 488/321/294 
f 394/6/200 469/87/275 489/109/295 472/110/278 
f 490/322/296 491/323/297 489/324/295 468/325/274 
f 492/326/298 493/327/299 494/328/300 484/329/290 
f 495/330/301 496/331/302 497/332/303 498/333/304 
f 479/123/285 499/125/305 494/124/300 
f 500/334/306 501/335/307 434/336/240 433/337/239 
f 502/338/308 503/339/309 424/340/230 423/341/229 
f 397/243/203 400/246/206 418/342/224 504/343/310 
f 406/252/212 405/251/211 421/344/227 505/345/311 
f 398/244/204 506/346/312 507/347/313 490/322/296 
f 508/348/314 509/349/315 430/350/236 505/351/311 
f 422/262/228 510/352/316 511/353/317 423/263/229 
f 432/273/238 401/247/207 512/354/318 433/274/239 
f 504/355/310 513/356/319 514/357/320 427/358/233 
f 471/305/277 515/359/321 510/352/316 422/262/228 
f 491/323/297 516/360/322 517/361/323 470/304/276 
f 492/326/298 474/309/280 518/362/324 493/327/299 
f 412/258/218 519/363/325 520/364/326 413/259/219 
f 417/29/223 416/30/222 521/158/327 522/157/328 
f 523/365/329 524/366/330 425/266/231 525/367/331 
f 513/356/319 504/355/310 418/368/224 417/369/223 
f 526/370/332 511/371/317 414/260/220 413/259/219 
f 525/367/331 425/266/231 428/269/234 527/372/333 
f 393/7/199 396/8/202 424/167/230 503/168/309 
f 412/258/218 481/316/287 528/373/334 519/363/325 
f 497/332/303 529/374/335 530/375/336 480/315/286 
f 503/339/309 502/338/308 531/376/337 532/377/338 
f 527/372/333 514/357/320 533/378/339 534/379/340 
f 391/241/197 535/380/341 536/381/342 486/319/292 
f 410/256/216 409/255/215 537/382/343 538/383/344 
f 419/34/225 539/181/345 540/180/346 420/33/226 
f 541/182/347 478/184/284 435/183/241 
f 542/384/348 512/385/318 411/257/217 410/256/216 
f 508/348/314 505/351/311 421/386/227 420/387/226 
f 543/388/349 390/240/196 389/239/195 431/272/237 
f 541/182/347 435/183/241 434/190/240 501/191/307 
f 467/303/273 544/389/350 537/382/343 409/255/215 
f 419/34/225 485/105/291 539/181/345 
f 466/302/389 487/320/293 545/390/351 546/391/352 
f 501/335/307 500/334/306 547/392/353 548/393/354 
f 509/349/315 549/394/355 550/395/356 543/388/349 
f 551/396/357 523/365/329 525/367/331 552/397/358 
f 553/398/359 513/356/319 417/369/223 522/399/328 
f 520/364/326 554/400/360 526/370/332 413/259/219 
f 552/397/358 525/367/331 527/372/333 534/379/340 
f 463/80/269 393/7/199 503/168/309 532/204/338 
f 520/364/326 519/363/325 555/401/361 451/292/257 
f 522/157/328 521/158/327 443/206/249 
f 528/373/334 556/402/362 555/401/361 519/363/325 
f 530/375/336 529/374/335 557/403/363 558/404/364 
f 532/377/338 531/376/337 559/405/365 464/406/270 
f 534/379/340 533/378/339 560/407/366 456/297/262 
f 402/248/208 477/312/283 476/311/282 561/408/367 
f 426/267/232 397/243/203 504/343/310 427/268/233 
f 429/270/235 406/252/212 505/345/311 430/271/236 
f 562/409/368 547/392/353 563/410/369 446/287/252 
f 450/291/256 559/405/365 531/376/337 554/400/360 
f 475/310/281 407/253/213 406/252/212 429/270/235 
f 506/346/312 524/366/330 495/330/301 507/347/313 
f 509/349/315 543/388/349 431/272/237 430/350/236 
f 510/352/316 415/261/221 414/260/220 511/353/317 
f 512/354/318 401/247/207 404/250/210 411/257/217 
f 514/357/320 527/372/333 428/269/234 427/358/233 
f 515/359/321 482/317/288 415/261/221 510/352/316 
f 516/360/322 498/333/304 483/318/289 517/361/323 
f 561/408/367 518/362/324 488/321/294 465/301/271 
f 511/371/317 526/370/332 502/338/308 423/341/229 
f 514/357/320 513/356/319 553/398/359 533/378/339 
f 512/385/318 542/384/348 500/334/306 433/337/239 
f 509/349/315 508/348/314 564/411/370 549/394/355 
f 565/412/371 454/295/260 453/294/259 449/290/255 
f 554/400/360 531/376/337 502/338/308 526/370/332 
f 560/407/366 442/283/248 441/282/247 445/286/251 
f 398/244/204 490/322/296 468/325/274 399/245/205 
f 402/248/208 561/408/367 465/301/271 403/249/209 
f 437/278/243 566/413/372 567/414/373 438/279/244 
f 409/255/215 404/250/210 403/249/209 467/303/273 
f 416/30/222 400/31/206 399/86/205 
f 477/312/283 432/273/238 435/276/241 478/313/284 
f 397/243/203 426/267/232 506/346/312 398/244/204 
f 496/331/302 495/330/301 524/366/330 523/365/329 
f 469/87/275 568/220/374 521/158/327 416/30/222 
f 541/182/347 499/125/305 479/123/285 478/184/284 
f 466/302/389 546/391/352 544/389/350 467/303/273 
f 569/415/375 496/331/302 523/365/329 551/396/357 
f 401/247/207 432/273/238 477/312/283 402/248/208 
f 426/267/232 425/266/231 524/366/330 506/346/312 
f 466/302/389 465/301/271 488/321/294 487/320/293 
f 469/87/275 468/85/274 489/109/295 
f 491/323/297 470/304/276 472/307/278 489/324/295 
f 476/311/282 479/314/285 494/328/300 493/327/299 
f 480/315/286 483/318/289 498/333/304 497/332/303 
f 485/105/291 484/103/290 494/124/300 499/125/305 
f 490/322/296 507/347/313 516/360/322 491/323/297 
f 561/408/367 476/311/282 493/327/299 518/362/324 
f 469/87/275 394/6/200 570/222/376 568/220/374 
f 496/331/302 569/415/375 529/374/335 497/332/303 
f 486/319/292 536/381/342 545/390/351 487/320/293 
f 529/374/335 569/415/375 567/414/373 557/403/363 
f 507/347/313 495/330/301 498/333/304 516/360/322 
f 518/362/324 474/309/280 473/308/279 488/321/294 
f 486/319/292 473/308/279 392/242/198 391/241/197 
f 394/6/200 472/110/278 395/5/201 
f 492/326/298 484/329/290 408/254/214 407/253/213 
f 471/305/277 422/262/228 396/265/202 395/306/201 
f 429/270/235 389/239/195 392/242/198 475/310/281 
f 481/316/287 412/258/218 415/261/221 482/317/288 
f 419/34/225 405/35/211 408/104/214 485/105/291 
f 470/304/276 517/361/323 515/359/321 471/305/277 
f 394/6/200 393/7/199 463/80/269 570/222/376 
f 481/316/287 480/315/286 530/375/336 528/373/334 
f 390/240/196 571/416/377 535/380/341 391/241/197 
f 530/375/336 558/404/364 556/402/362 528/373/334 
f 474/309/280 492/326/298 407/253/213 475/310/281 
f 517/361/323 483/318/289 482/317/288 515/359/321 
f 551/396/357 552/397/358 439/280/245 438/279/244 
f 442/283/248 553/398/359 522/399/328 443/284/249 
f 554/400/360 520/364/326 451/292/257 450/291/256 
f 439/280/245 552/397/358 534/379/340 456/297/262 
f 463/80/269 532/204/338 464/79/270 
f 555/401/361 457/298/263 448/289/254 451/292/257 
f 521/158/327 460/77/266 440/75/246 443/206/249 
f 572/417/378 457/298/263 555/401/361 556/402/362 
f 573/418/379 574/419/380 558/404/364 557/403/363 
f 453/294/259 452/293/258 464/406/270 559/405/365 
f 445/286/251 444/285/250 456/297/262 560/407/366 
f 449/290/255 453/294/259 559/405/365 450/291/256 
f 533/378/339 553/398/359 442/283/248 560/407/366 
f 569/415/375 551/396/357 438/279/244 567/414/373 
f 575/227/381 460/77/266 521/158/327 568/220/374 
f 576/228/382 575/227/381 568/220/374 570/222/376 
f 566/413/372 573/418/379 557/403/363 567/414/373 
f 462/81/268 576/228/382 570/222/376 463/80/269 
f 574/419/380 572/417/378 556/402/362 558/404/364 
f 563/410/369 538/383/344 447/288/253 446/287/252 
f 454/295/260 564/411/370 540/420/346 455/296/261 
f 458/299/264 571/416/377 550/395/356 459/300/265 
f 541/182/347 548/230/354 461/76/267 460/77/266 
f 572/417/378 574/419/380 577/421/383 578/422/384 
f 436/277/242 444/285/250 447/288/253 579/423/385 
f 462/81/268 452/78/258 455/234/261 
f 580/424/386 437/278/243 436/277/242 579/423/385 
f 581/425/387 573/418/379 566/413/372 582/426/388 
f 441/282/247 440/281/246 461/427/267 562/409/368 
f 449/290/255 448/289/254 459/300/265 565/412/371 
f 445/286/251 441/282/247 562/409/368 446/287/252 
f 499/125/305 541/182/347 460/77/266 575/227/381 
f 582/426/388 566/413/372 437/278/243 580/424/386 
f 577/421/383 574/419/380 573/418/379 581/425/387 
f 457/298/263 572/417/378 578/422/384 458/299/264 
f 535/380/341 578/422/384 577/421/383 536/381/342 
f 579/423/385 447/288/253 538/383/344 537/382/343 
f 539/181/345 462/81/268 455/234/261 540/180/346 
f 544/389/350 580/424/386 579/423/385 537/382/343 
f 485/105/291 576/228/382 462/81/268 539/181/345 
f 581/425/387 582/426/388 546/391/352 545/390/351 
f 499/125/305 575/227/381 576/228/382 485/105/291 
f 562/409/368 461/427/267 548/393/354 547/392/353 
f 565/412/371 459/300/265 550/395/356 549/394/355 
f 547/392/353 500/334/306 542/384/348 563/410/369 
f 454/295/260 565/412/371 549/394/355 564/411/370 
f 546/391/352 582/426/388 580/424/386 544/389/350 
f 536/381/342 577/421/383 581/425/387 545/390/351 
f 458/299/264 578/422/384 535/380/341 571/416/377 
f 542/384/348 410/256/216 538/383/344 563/410/369 
f 564/411/370 508/348/314 420/387/226 540/420/346 
f 571/416/377 390/240/196 543/388/349 550/395/356 
f 541/182/347 501/191/307 548/230/354 
f 583/428/390 584/429/391 585/430/391 586/431/390 
f 587/432/392 588/433/393 589/434/394 590/435/395 
f 591/436/396 592/437/397 593/438/398 594/439/399 
f 595/440/400 596/441/401 597/442/402 598/443/403 
f 599/444/404 600/445/405 601/446/405 602/447/406 
f 603/448/407 604/449/408 605/450/409 606/451/410 
f 607/452/411 608/453/412 609/454/413 610/455/414 
f 587/456/415 590/457/416 611/458/416 612/459/415 
f 613/460/417 614/461/418 615/462/419 616/463/419 
f 617/464/420 618/465/421 619/466/422 620/467/423 
f 621/468/424 622/469/425 623/470/426 624/471/424 
f 625/472/427 586/473/428 585/474/429 626/475/430 627/476/431 
f 589/434/394 588/433/393 628/477/432 629/478/433 
f 597/479/434 630/480/435 631/481/436 
f 632/482/437 633/483/438 634/484/439 635/485/440 
f 636/486/441 637/487/442 638/488/443 
f 638/489/444 639/490/445 640/491/446 641/492/447 
f 595/440/400 598/443/403 638/488/443 637/487/442 
f 604/449/408 610/455/414 609/454/413 605/450/409 
f 613/460/417 617/464/420 620/467/423 614/461/418 
f 598/493/448 597/479/434 631/481/436 642/494/449 
f 640/495/450 643/496/451 644/497/452 645/498/453 
f 646/499/454 647/500/455 648/501/456 649/502/457 
f 650/503/458 651/504/459 652/505/460 653/506/461 
f 648/507/462 647/508/463 640/491/464 
f 654/509/465 646/499/454 649/502/457 655/510/466 
f 656/511/467 657/512/468 658/513/469 659/514/470 
f 657/515/471 660/516/472 661/517/473 658/518/474 
f 659/519/475 662/520/476 663/521/477 664/522/478 
f 662/523/479 659/514/470 658/513/469 665/524/480 
f 666/525/481 667/526/482 621/468/424 624/471/424 
f 664/522/478 663/521/477 668/527/483 669/528/484 
f 624/529/485 623/530/486 670/531/487 671/532/488 
f 621/533/489 667/534/490 644/497/452 
f 672/535/491 673/536/492 664/522/478 
f 674/537/493 675/538/494 676/539/495 677/540/496 
f 678/541/497 679/542/497 680/543/498 672/544/499 
f 681/545/500 585/430/391 584/429/391 682/546/500 
f 679/547/501 683/548/502 684/549/503 680/550/504 
f 685/551/505 686/552/505 687/553/506 674/554/506 
f 681/555/507 688/556/508 626/475/430 585/474/429 
f 687/557/509 686/558/510 644/497/452 
f 689/559/511 690/560/512 691/561/513 692/562/514 
f 690/563/515 689/564/516 693/565/517 694/566/515 
f 692/562/514 691/561/513 695/567/518 
f 696/568/519 697/569/520 698/570/521 699/571/522 
f 700/572/523 701/573/523 693/565/517 689/564/516 
f 702/574/524 703/575/525 704/576/526 705/577/527 
f 701/578/528 706/579/529 707/580/530 693/581/531 
f 699/582/532 708/583/533 709/584/533 710/585/532 
f 702/586/534 711/587/535 712/588/536 703/589/537 
f 710/590/538 709/591/539 713/592/540 
f 700/593/541 689/559/511 692/562/514 714/594/542 
f 714/594/542 692/562/514 695/567/518 
f 699/571/522 698/570/521 715/595/543 708/596/544 
f 716/597/545 717/598/545 701/573/523 700/572/523 
f 718/599/546 702/574/524 705/577/527 719/600/547 
f 701/578/528 717/601/548 720/602/549 706/579/529 
f 708/583/533 721/603/550 722/604/550 709/584/533 
f 718/605/551 723/606/552 711/587/535 702/586/534 
f 709/591/539 722/607/553 713/592/540 
f 716/608/554 724/609/555 725/610/556 726/611/557 
f 716/597/545 726/612/558 727/613/558 717/598/545 
f 725/610/556 724/609/555 695/567/518 628/477/432 
f 728/614/559 729/615/560 730/616/561 
f 587/456/415 612/459/415 727/613/558 726/612/558 
f 731/617/562 732/618/563 733/619/564 734/620/565 
f 727/621/566 612/622/567 735/623/568 736/624/569 
f 737/625/570 738/626/571 739/627/572 728/628/572 
f 731/629/573 740/630/574 741/631/575 732/632/576 
f 739/633/577 738/634/578 742/635/579 
f 718/599/546 719/600/547 733/619/564 732/618/563 
f 727/621/566 736/624/569 720/602/549 717/601/548 
f 743/636/580 744/637/580 722/604/550 721/603/550 
f 732/632/576 741/631/575 723/606/552 718/605/551 
f 722/607/553 744/638/581 742/635/579 713/592/540 
f 700/593/541 714/594/542 724/609/555 716/608/554 
f 724/609/555 714/594/542 695/567/518 
f 708/596/544 715/595/543 745/639/582 721/640/583 
f 726/611/557 725/610/556 588/433/393 587/432/392 
f 588/433/393 725/610/556 628/477/432 
f 746/641/584 737/642/585 747/643/586 
f 748/644/587 731/617/562 734/620/565 749/645/588 
f 612/622/567 611/646/589 750/647/590 735/623/568 
f 746/648/591 751/649/592 752/650/592 753/651/591 
f 731/629/573 748/652/593 754/653/594 740/630/574 
f 753/654/595 752/655/596 755/656/597 742/635/579 
f 756/657/500 757/658/500 704/576/526 703/575/525 
f 693/581/531 707/580/530 758/659/598 694/660/599 
f 696/661/600 699/582/532 710/585/532 759/662/600 
f 703/589/537 712/588/536 760/663/601 756/664/602 
f 759/665/603 710/590/538 713/592/540 
f 690/560/512 678/666/604 664/522/478 691/561/513 
f 691/561/513 664/522/478 669/528/484 695/567/518 
f 685/667/605 761/668/606 697/569/520 696/568/519 
f 762/669/607 763/670/608 764/671/609 765/672/610 
f 766/673/611 767/674/611 593/438/398 592/437/397 
f 630/675/612 597/442/402 596/441/401 768/676/613 769/677/614 
f 770/678/615 771/679/615 772/680/616 773/681/616 
f 774/682/617 775/683/618 776/684/619 777/685/620 
f 623/470/426 622/469/425 619/466/422 618/465/421 
f 630/480/435 625/472/427 627/476/431 631/481/436 
f 619/686/621 622/687/622 643/496/451 
f 617/688/623 778/689/624 779/690/625 618/691/626 
f 780/692/627 625/693/628 630/675/612 769/677/614 
f 781/694/629 774/682/617 777/685/620 782/695/630 
f 623/530/486 618/691/626 779/690/625 670/531/487 
f 746/641/584 747/643/586 783/696/631 751/697/632 
f 620/698/633 619/686/621 643/496/451 
f 614/699/634 620/698/633 643/496/451 
f 616/700/635 784/701/636 785/702/637 613/703/638 
f 615/462/639 640/491/464 784/704/640 616/463/639 
f 615/705/641 614/699/634 643/496/451 640/495/450 
f 613/703/638 785/702/637 778/689/624 617/688/623 
f 786/706/642 787/707/643 788/708/644 789/709/645 
f 790/710/646 791/711/647 792/712/648 793/713/649 
f 794/714/650 795/715/651 791/711/647 790/710/646 
f 796/716/652 797/717/653 798/718/654 799/719/655 
f 799/719/655 798/718/654 795/715/651 794/714/650 
f 796/716/652 800/720/656 801/721/657 797/717/653 
f 787/707/643 802/722/658 788/708/644 
f 803/723/659 804/724/660 805/725/661 
f 803/723/659 786/706/642 789/709/645 804/724/660 
f 806/726/662 785/702/637 784/701/636 
f 803/723/659 805/725/661 785/702/637 806/726/662 
f 807/727/663 645/498/453 644/497/452 713/592/540 
f 793/713/649 808/728/664 809/729/665 790/710/646 
f 790/710/646 809/729/665 810/730/666 794/714/650 
f 799/719/655 811/731/667 812/732/668 796/716/652 
f 813/733/669 807/727/663 713/592/540 742/635/579 
f 794/714/650 810/730/666 811/731/667 799/719/655 
f 812/732/668 814/734/670 800/720/656 796/716/652 
f 815/735/671 813/733/669 742/635/579 755/656/597 
f 650/503/458 816/736/672 817/737/673 787/707/643 
f 654/509/465 651/504/459 786/706/642 803/723/659 
f 626/475/430 818/738/674 819/739/675 627/476/431 
f 628/477/432 820/740/676 821/741/677 629/478/433 
f 642/494/449 822/742/678 639/743/679 638/744/680 
f 823/745/681 822/742/678 642/494/449 631/481/436 
f 668/527/483 824/746/682 825/747/683 669/528/484 
f 760/663/601 826/748/684 827/749/685 688/556/508 
f 711/587/535 828/750/686 829/751/687 712/588/536 
f 723/606/552 830/752/688 828/750/686 711/587/535 
f 695/567/518 831/753/689 820/740/676 628/477/432 
f 832/754/690 833/755/691 741/631/575 740/630/574 
f 741/631/575 833/755/691 830/752/688 723/606/552 
f 754/653/594 834/756/692 832/754/690 740/630/574 
f 712/588/536 829/751/687 826/748/684 760/663/601 
f 819/739/675 823/745/681 631/481/436 627/476/431 
f 663/521/477 662/520/476 835/757/693 
f 836/758/694 782/695/630 837/759/695 838/760/696 
f 598/493/448 642/494/449 638/744/680 
f 839/761/697 840/762/697 638/489/444 641/492/447 
f 835/763/698 662/523/479 665/524/480 841/764/698 
f 780/692/627 583/428/699 586/431/699 625/693/628 
f 583/765/700 842/766/701 661/517/473 584/767/702 
f 621/533/489 644/497/452 643/496/451 622/687/622 
f 605/450/409 843/768/703 844/769/704 606/451/410 
f 845/770/705 846/771/706 847/772/707 608/453/412 
f 764/671/609 632/482/437 635/485/440 848/773/708 
f 839/774/709 824/746/682 849/775/710 
f 609/454/413 850/776/711 843/768/703 605/450/409 
f 851/777/712 852/778/713 853/779/714 854/780/715 
f 606/451/410 844/769/704 855/781/716 776/684/619 
f 777/685/620 856/782/717 837/759/695 782/695/630 
f 766/783/718 592/784/719 663/521/477 835/757/693 
f 836/758/694 857/785/720 781/694/629 782/695/630 
f 766/786/721 835/763/698 841/764/698 767/787/721 
f 633/483/438 858/788/722 859/789/722 634/484/439 
f 860/790/723 851/777/712 854/780/715 861/791/724 
f 862/792/725 863/793/726 853/779/714 852/778/713 
f 607/452/411 864/794/727 845/770/705 608/453/412 
f 865/795/728 636/486/441 638/488/443 866/796/728 
f 867/797/729 868/798/730 869/799/731 870/800/732 
f 850/776/711 609/454/413 608/453/412 847/772/707 
f 871/801/733 872/802/734 873/803/735 874/804/736 
f 875/805/737 854/780/715 853/779/714 876/806/738 
f 762/669/607 877/807/739 878/808/740 763/670/608 
f 858/788/722 879/809/741 880/810/741 859/789/722 
f 881/811/742 861/791/724 854/780/715 875/805/737 
f 879/809/741 871/801/733 874/804/736 880/810/741 
f 876/806/738 853/779/714 863/793/726 882/812/743 
f 877/807/739 883/813/744 884/814/744 878/808/740 
f 846/771/706 845/770/705 863/793/726 862/792/725 
f 882/812/743 863/793/726 845/770/705 864/794/727 
f 883/813/744 865/795/728 866/796/728 884/814/744 
f 592/784/719 591/815/745 663/521/477 
f 770/816/746 773/817/747 663/521/477 
f 600/818/748 599/819/749 668/527/483 
f 885/820/750 868/821/751 668/527/483 
f 780/822/752 781/694/629 857/785/720 583/823/700 
f 769/824/753 774/682/617 781/694/629 780/822/752 
f 769/824/753 768/825/754 775/683/618 774/682/617 
f 595/826/755 604/449/408 603/448/407 596/827/756 
f 637/828/757 610/455/414 604/449/408 595/826/755 
f 637/828/757 636/829/758 607/452/411 610/455/414 
f 636/829/758 865/830/759 864/794/727 607/452/411 
f 865/830/759 883/831/760 882/812/743 864/794/727 
f 883/831/760 877/832/761 876/806/738 882/812/743 
f 877/832/761 762/833/762 875/805/737 876/806/738 
f 762/833/762 765/834/763 875/805/737 
f 765/834/763 848/835/764 881/811/742 875/805/737 
f 848/835/764 635/836/765 861/791/724 881/811/742 
f 635/836/765 634/837/766 860/790/723 861/791/724 
f 634/837/766 859/838/767 860/790/723 
f 859/838/767 880/839/768 851/777/712 860/790/723 
f 880/839/768 852/778/713 851/777/712 
f 880/839/768 874/840/769 862/792/725 852/778/713 
f 874/840/769 873/841/770 846/771/706 862/792/725 
f 873/841/770 870/842/771 847/772/707 846/771/706 
f 870/842/771 869/843/772 850/776/711 847/772/707 
f 602/844/773 844/769/704 843/768/703 886/845/774 
f 887/846/775 855/781/716 844/769/704 601/847/776 
f 593/848/777 888/849/778 836/758/694 838/760/696 
f 888/849/778 583/823/700 857/785/720 836/758/694 
f 889/850/779 890/851/780 668/527/483 
f 768/825/754 596/827/756 603/448/407 775/683/618 
f 891/852/781 772/853/782 855/781/716 
f 771/854/783 594/855/784 837/759/695 856/782/717 
f 887/846/775 891/852/781 855/781/716 
f 890/851/780 600/818/748 668/527/483 
f 886/845/774 843/768/703 850/776/711 869/843/772 
f 599/819/749 885/820/750 668/527/483 
f 602/844/773 601/847/776 844/769/704 
f 889/850/779 668/527/483 663/521/477 773/817/747 
f 772/853/782 771/854/783 856/782/717 855/781/716 
f 591/815/745 770/816/746 663/521/477 
f 593/848/777 838/760/696 837/759/695 594/855/784 
f 855/781/716 856/782/717 777/685/620 776/684/619 
f 775/683/618 603/448/407 606/451/410 776/684/619 
f 892/856/785 893/857/786 894/858/787 895/859/788 
f 840/762/789 839/761/790 849/860/791 
f 885/861/792 599/444/404 602/447/406 886/862/793 
f 600/445/405 890/863/794 887/864/794 601/446/405 
f 890/863/794 889/865/795 891/866/795 887/864/794 
f 889/865/795 773/681/616 772/680/616 891/866/795 
f 770/678/615 591/436/396 594/439/399 771/679/615 
f 840/762/789 849/860/791 896/867/796 867/868/796 
f 690/563/515 694/566/515 679/542/497 678/541/497 
f 756/657/500 681/545/500 682/546/500 757/658/500 
f 694/660/599 758/659/598 683/548/502 679/547/501 
f 696/661/600 759/662/600 686/552/505 685/551/505 
f 756/664/602 760/663/601 688/556/508 681/555/507 
f 686/558/510 759/665/603 713/592/540 644/497/452 
f 678/666/604 672/535/491 664/522/478 
f 674/537/493 677/540/496 761/668/606 685/667/605 
f 793/713/649 792/712/648 897/869/797 817/737/673 
f 898/870/798 899/871/799 808/728/664 816/736/672 
f 653/506/461 818/738/674 827/749/685 898/870/798 
f 807/727/663 831/753/689 825/747/683 645/498/453 
f 900/872/800 901/873/801 657/512/468 656/511/467 
f 657/515/471 901/874/802 902/875/803 660/516/472 
f 903/876/804 904/877/804 667/526/482 666/525/481 
f 667/534/490 904/878/805 644/497/452 
f 656/879/806 659/519/475 664/522/478 
f 666/880/807 624/529/485 671/532/488 905/881/808 
f 673/536/492 900/882/809 664/522/478 
f 675/538/494 903/883/810 906/884/811 676/539/495 
f 672/544/499 680/543/498 907/885/812 673/886/813 
f 907/887/814 680/550/504 684/549/503 908/888/815 
f 674/554/506 687/553/506 909/889/816 675/890/816 
f 909/891/817 687/557/509 644/497/452 
f 900/872/800 673/886/813 907/885/812 901/873/801 
f 901/874/802 907/887/814 908/888/815 902/875/803 
f 675/890/816 909/889/816 904/877/804 903/876/804 
f 904/878/805 909/891/817 644/497/452 
f 900/882/809 656/879/806 664/522/478 
f 903/883/810 666/880/807 905/881/808 906/884/811 
f 646/499/454 806/726/662 784/701/636 647/500/455 
f 787/707/643 786/706/642 651/504/459 650/503/458 
f 647/508/463 784/704/640 640/491/464 
f 654/509/465 803/723/659 806/726/662 646/499/454 
f 808/728/664 899/871/799 910/892/818 809/729/665 
f 809/729/665 910/892/818 911/893/819 810/730/666 
f 912/894/820 913/895/821 812/732/668 811/731/667 
f 911/893/819 912/894/820 811/731/667 810/730/666 
f 913/895/821 914/896/822 814/734/670 812/732/668 
f 653/506/461 898/870/798 816/736/672 650/503/458 
f 655/510/466 652/505/460 651/504/459 654/509/465 
f 793/713/649 817/737/673 816/736/672 808/728/664 
f 818/738/674 653/506/461 652/505/460 819/739/675 
f 822/742/678 649/502/457 648/501/456 639/743/679 
f 639/490/445 648/507/823 640/491/446 
f 655/510/466 649/502/457 822/742/678 823/745/681 
f 826/748/684 899/871/799 898/870/798 827/749/685 
f 828/750/686 911/893/819 910/892/818 829/751/687 
f 830/752/688 912/894/820 911/893/819 828/750/686 
f 914/896/822 913/895/821 833/755/691 832/754/690 
f 913/895/821 912/894/820 830/752/688 833/755/691 
f 915/897/824 914/896/822 832/754/690 834/756/692 
f 829/751/687 910/892/818 899/871/799 826/748/684 
f 652/505/460 655/510/466 823/745/681 819/739/675 
f 818/738/674 626/475/430 688/556/508 827/749/685 
f 660/516/472 584/767/702 661/517/473 
f 683/548/502 682/898/825 584/767/702 684/549/503 
f 705/899/826 704/900/825 707/580/530 706/579/529 
f 719/901/827 705/899/826 706/579/529 720/602/549 
f 734/902/828 733/903/829 736/624/569 735/623/568 
f 736/624/569 733/903/829 719/901/827 720/602/549 
f 749/904/830 734/902/828 735/623/568 750/647/590 
f 707/580/530 704/900/825 757/905/831 758/659/598 
f 842/766/701 665/906/832 658/518/474 661/517/473 
f 758/659/598 757/905/831 682/898/825 683/548/502 
f 902/875/803 584/767/702 660/516/472 
f 684/549/503 584/767/702 908/888/815 
f 908/888/815 584/767/702 902/875/803 
f 728/614/559 730/616/561 747/643/586 737/642/585 
f 746/648/591 753/651/591 738/626/571 737/625/570 
f 738/634/578 753/654/595 742/635/579 
f 743/907/833 721/640/583 745/639/582 
f 743/636/580 729/908/834 916/909/835 744/637/580 
f 744/638/581 916/910/836 742/635/579 
f 743/907/833 745/639/582 730/616/561 729/615/560 
f 729/908/834 728/628/572 739/627/572 916/909/835 
f 916/910/836 739/633/577 742/635/579 
f 789/709/645 788/708/644 671/532/488 670/531/487 
f 788/708/644 802/722/658 677/540/496 676/539/495 
f 697/569/520 792/712/648 791/711/647 698/570/521 
f 698/570/521 791/711/647 795/715/651 715/595/543 
f 715/595/543 795/715/651 798/718/654 745/639/582 
f 761/668/606 897/869/797 792/712/648 697/569/520 
f 778/689/624 805/725/661 804/724/660 779/690/625 
f 804/724/660 789/709/645 670/531/487 779/690/625 
f 785/702/637 805/725/661 778/689/624 
f 671/532/488 788/708/644 905/881/808 
f 906/884/811 788/708/644 676/539/495 
f 905/881/808 788/708/644 906/884/811 
f 745/639/582 798/718/654 797/717/653 730/616/561 
f 797/717/653 801/721/657 747/643/586 730/616/561 
f 801/721/657 917/911/837 783/696/631 747/643/586 
f 918/912/838 919/913/839 920/914/840 
f 888/849/778 593/848/777 918/912/838 920/914/840 
f 593/848/777 767/915/841 921/916/842 918/912/838 
f 767/915/841 841/917/843 922/918/844 921/916/842 
f 841/917/843 665/919/832 923/920/845 922/918/844 
f 665/919/832 842/921/701 924/922/846 923/920/845 
f 842/921/701 583/823/700 925/923/847 924/922/846 
f 583/823/700 888/849/778 920/914/840 925/923/847 
f 922/918/844 923/920/845 924/922/846 919/913/839 
f 925/923/847 920/914/840 919/913/839 924/922/846 
f 921/916/842 922/918/844 919/913/839 918/912/838 
f 897/869/797 761/668/606 677/540/496 802/722/658 
f 817/737/673 897/869/797 802/722/658 787/707/643 
f 764/671/609 848/773/708 765/672/610 
f 885/861/792 886/862/793 869/799/731 868/798/730 
f 867/924/848 870/925/848 873/803/735 872/802/734 
f 867/797/729 896/926/849 868/798/730 
f 866/927/850 638/489/851 926/928/852 
f 638/489/851 840/762/853 927/929/854 926/928/852 
f 840/762/853 867/868/855 894/858/787 927/929/854 
f 867/868/855 872/930/856 895/859/788 894/858/787 
f 872/930/856 871/931/857 928/932/858 895/859/788 
f 871/931/857 879/933/859 929/934/860 928/932/858 
f 879/933/859 858/935/861 930/936/862 929/934/860 
f 858/935/861 633/937/863 930/936/862 
f 633/937/863 632/938/864 931/939/865 930/936/862 
f 632/938/864 764/940/866 932/941/867 931/939/865 
f 764/940/866 763/942/868 933/943/869 932/941/867 
f 763/942/868 878/944/870 934/945/871 933/943/869 
f 878/944/870 884/946/872 935/947/873 934/945/871 
f 884/946/872 866/927/850 926/928/852 935/947/873 
f 935/947/873 926/928/852 893/857/786 934/945/871 
f 928/932/858 936/948/874 892/856/785 895/859/788 
f 929/934/860 930/936/862 936/948/874 928/932/858 
f 892/856/785 933/943/869 934/945/871 893/857/786 
f 932/941/867 933/943/869 892/856/785 936/948/874 
f 931/939/865 932/941/867 936/948/874 930/936/862 
f 927/929/854 894/858/787 893/857/786 926/928/852 
f 820/740/676 813/733/669 815/735/671 821/741/677 
f 824/746/682 640/495/450 645/498/453 825/747/683 
f 807/727/663 813/733/669 820/740/676 831/753/689 
f 831/753/689 695/567/518 669/528/484 825/747/683 
f 641/949/875 640/495/450 824/746/682 
f 839/774/709 641/949/875 824/746/682 
f 824/746/682 896/950/876 849/775/710 
f 824/746/682 668/527/483 868/821/751 896/950/876 
f 814/734/670 914/896/822 915/897/824 937/951/877 
f 917/911/837 801/721/657 800/720/656 938/952/878 
f 800/720/656 814/734/670 937/951/877 938/952/878 
f 939/953/879 940/954/879 941/955/880 942/956/880 
f 589/957/394 943/958/881 944/959/882 590/960/395 
f 945/436/883 946/439/884 947/438/885 948/437/886 
f 949/961/887 950/962/888 951/963/889 952/964/890 
f 953/444/891 954/447/892 955/446/893 956/445/893 
f 957/965/894 958/966/895 959/967/896 960/968/897 
f 961/969/898 962/970/899 963/971/900 964/972/901 
f 944/973/902 965/974/902 611/458/416 590/457/416 
f 966/975/903 967/976/904 968/977/905 969/978/903 
f 970/979/906 971/980/907 972/981/908 973/982/909 
f 974/983/910 975/984/910 976/985/911 977/986/912 
f 978/987/913 979/988/914 980/989/915 941/990/916 940/991/917 
f 589/957/394 629/992/433 981/993/918 943/958/881 
f 951/994/919 982/995/920 983/996/921 
f 984/997/922 985/998/923 986/999/924 987/1000/925 
f 988/1001/926 989/1002/927 990/1003/928 
f 989/1004/929 991/1005/930 992/1006/931 993/1007/932 
f 989/1002/927 950/962/888 949/961/887 990/1003/928 
f 960/968/897 959/967/896 961/969/898 964/972/901 
f 968/977/905 967/976/904 971/980/907 970/979/906 
f 950/1008/933 994/1009/934 982/995/920 951/994/919 
f 992/1010/935 995/1011/936 996/1012/937 997/1013/938 
f 998/1014/939 999/1015/940 1000/1016/941 1001/1017/942 
f 1002/1018/943 1003/1019/944 1004/1020/945 1005/1021/946 
f 998/1022/947 992/1006/948 999/1023/949 
f 1001/1017/942 1000/1016/941 1006/1024/950 1007/1025/951 
f 1008/1026/952 1009/1027/953 1010/1028/954 1011/1029/955 
f 1012/1030/956 1013/1031/957 1009/1032/958 1008/1033/959 
f 1011/519/960 1014/1034/961 1015/521/962 1016/520/963 
f 1016/1035/964 1017/1036/965 1008/1026/952 1011/1029/955 
f 974/983/910 1018/1037/966 1019/1038/967 975/984/910 
f 1014/1034/961 1020/1039/968 1021/1040/969 1015/521/962 
f 975/1041/970 1022/1042/971 1023/1043/972 976/1044/973 
f 974/1045/974 996/1012/937 1018/1046/975 
f 1024/1047/976 1014/1034/961 1025/536/977 
f 1026/1048/978 1027/1049/979 1028/1050/980 1029/1051/981 
f 1030/1052/982 1031/1053/983 1032/1054/983 1024/1055/984 
f 1033/1056/985 1034/1057/986 942/956/880 941/955/880 
f 1035/1058/987 1036/1059/988 1031/1060/989 1030/1061/990 
f 1037/1062/991 1038/1063/992 1039/1064/992 1026/1065/991 
f 980/989/915 1040/1066/993 1033/1067/994 941/990/916 
f 1037/1068/995 996/1012/937 1038/1069/996 
f 1041/1070/997 1042/1071/998 1043/1072/999 1044/560/1000 
f 1044/1073/1001 1045/1074/1001 1046/1075/1002 1041/1076/1003 
f 1042/1071/998 1047/1077/1004 1043/1072/999 
f 1048/1078/1005 1049/1079/1006 1050/1080/1007 1051/1081/1008 
f 1046/1075/1002 1052/1082/1009 1053/1083/1009 1041/1076/1003 
f 1054/1084/1010 1055/1085/1011 1056/1086/1012 1057/1087/1013 
f 1058/1088/1014 1059/1089/1015 1052/1090/1016 1046/1091/1017 
f 1051/1092/1018 1060/1093/1018 1061/1094/1019 1062/1095/1019 
f 1063/1096/1020 1064/1097/1021 1054/1098/1022 1057/1099/1023 
f 1060/1100/1024 1065/1101/1025 1061/1102/1026 
f 1053/1103/1027 1066/1104/1028 1042/1071/998 1041/1070/997 
f 1066/1104/1028 1047/1077/1004 1042/1071/998 
f 1067/1105/1029 1048/1078/1005 1051/1081/1008 1062/1106/1030 
f 1052/1082/1009 1068/1107/1031 1069/1108/1031 1053/1083/1009 
f 1070/1109/1032 1071/1110/1033 1055/1085/1011 1054/1084/1010 
f 1052/1090/1016 1059/1089/1015 1072/1111/1034 1068/1112/1035 
f 1062/1095/1019 1061/1094/1019 1073/1113/1036 1074/1114/1036 
f 1064/1097/1021 1075/1115/1037 1070/1116/1038 1054/1098/1022 
f 1061/1102/1026 1065/1101/1025 1073/1117/1039 
f 1076/1118/1040 1077/1119/1041 1069/1120/1042 1078/1121/1043 
f 1069/1108/1031 1068/1107/1031 1079/1122/1044 1078/1123/1044 
f 1076/1118/1040 981/993/918 1047/1077/1004 1077/1119/1041 
f 1080/1124/1045 1081/1125/1046 1082/1126/1047 
f 1079/1122/1044 965/974/902 944/973/902 1078/1123/1044 
f 1083/1127/1048 1084/1128/1048 1085/1129/1049 1086/1130/1050 
f 1079/1131/1051 1087/1132/1052 1088/1133/1053 965/1134/1054 
f 1089/1135/1055 1090/1136/1056 1091/1137/1057 1080/1138/1055 
f 1092/1139/1058 1093/1140/1059 1083/1141/1060 1086/1142/1061 
f 1089/1143/1062 1094/1144/1063 1090/1145/1064 
f 1085/1129/1049 1071/1110/1033 1070/1109/1032 1086/1130/1050 
f 1072/1111/1034 1087/1132/1052 1079/1131/1051 1068/1112/1035 
f 1073/1113/1036 1095/1146/1065 1096/1147/1065 1074/1114/1036 
f 1075/1115/1037 1092/1139/1058 1086/1142/1061 1070/1116/1038 
f 1073/1117/1039 1065/1101/1025 1094/1144/1063 1095/1148/1066 
f 1077/1119/1041 1066/1104/1028 1053/1103/1027 1069/1120/1042 
f 1077/1119/1041 1047/1077/1004 1066/1104/1028 
f 1097/1149/1067 1067/1105/1029 1062/1106/1030 1074/1150/1068 
f 943/958/881 1076/1118/1040 1078/1121/1043 944/959/882 
f 943/958/881 981/993/918 1076/1118/1040 
f 1098/1151/1069 1099/1152/1070 1091/1153/1071 
f 748/644/587 749/645/588 1084/1128/1048 1083/1127/1048 
f 965/1134/1054 1088/1133/1053 750/1154/590 611/1155/589 
f 1098/1156/1072 1100/1157/1072 752/1158/592 751/1159/592 
f 1083/1141/1060 1093/1140/1059 754/653/594 748/652/593 
f 1100/1160/1073 1094/1144/1063 755/1161/597 752/1162/596 
f 1056/1086/1012 1101/1163/1074 1102/1164/1075 1057/1087/1013 
f 1103/1165/1076 1058/1088/1014 1046/1091/1017 1045/1166/1077 
f 1050/1167/1078 1104/1168/1078 1060/1093/1018 1051/1092/1018 
f 1105/1169/1079 1063/1096/1020 1057/1099/1023 1102/1170/1080 
f 1104/1171/1081 1065/1101/1025 1060/1100/1024 
f 1044/560/1000 1043/1072/999 1014/1034/961 1032/666/1082 
f 1043/1072/999 1047/1077/1004 1020/1039/968 1014/1034/961 
f 1049/1079/1006 1106/1172/1083 1039/1173/1084 1050/1080/1007 
f 1107/1174/1085 1108/1175/1086 1109/1176/1087 1110/1177/1088 
f 947/438/885 1111/674/1089 1112/673/1089 948/437/886 
f 951/963/889 983/1178/1090 1113/1179/1091 1114/1180/1092 952/964/890 
f 1115/680/1093 1116/679/1094 1117/678/1094 1118/681/1093 
f 1119/1181/1095 1120/1182/1096 1121/1183/1097 1122/1184/1098 
f 972/981/908 977/986/912 976/985/911 973/982/909 
f 983/996/921 982/995/920 979/988/914 978/987/913 
f 972/1185/1099 997/1013/938 977/1186/1100 
f 1123/1187/1101 1124/1188/1102 970/1189/1103 973/1190/1104 
f 983/1178/1090 978/1191/1105 1125/1192/1106 1113/1179/1091 
f 1126/1193/1107 1127/1194/1108 1120/1182/1096 1119/1181/1095 
f 976/1044/973 1023/1043/972 1123/1187/1101 973/1190/1104 
f 783/696/631 1099/1152/1070 1098/1151/1069 751/697/632 
f 971/1195/1109 997/1013/938 972/1185/1099 
f 967/1196/1110 997/1013/938 971/1195/1109 
f 1128/1197/1111 1129/1198/1112 969/1199/1113 968/1200/1114 
f 966/975/1115 969/978/1115 1129/1201/1116 992/1006/948 
f 966/1202/1117 992/1010/935 997/1013/938 967/1196/1110 
f 1124/1188/1102 1128/1197/1111 968/1200/1114 970/1189/1103 
f 1130/1203/1118 1131/1204/1119 1132/1205/1120 1133/1206/1121 
f 1134/1207/1122 1135/1208/1123 1136/1209/1124 1137/1210/1125 
f 1135/1208/1123 1138/1211/1126 1139/1212/1127 1136/1209/1124 
f 1140/1213/1128 1141/1214/1129 1142/1215/1130 1143/1216/1131 
f 1138/1211/1126 1140/1213/1128 1143/1216/1131 1139/1212/1127 
f 1142/1215/1130 1141/1214/1129 1144/1217/1132 1145/1218/1133 
f 1133/1206/1121 1132/1205/1120 1146/1219/1134 
f 1147/1220/1135 1148/1221/1136 1149/1222/1137 
f 1147/1220/1135 1149/1222/1137 1131/1204/1119 1130/1203/1118 
f 1150/1223/1138 1129/1198/1112 1128/1197/1111 
f 1147/1220/1135 1150/1223/1138 1128/1197/1111 1148/1221/1136 
f 996/1012/937 995/1011/936 1151/1224/1139 1065/1101/1025 
f 1137/1210/1125 1136/1209/1124 1152/1225/1140 1153/1226/1141 
f 1136/1209/1124 1139/1212/1127 1154/1227/1142 1152/1225/1140 
f 1143/1216/1131 1142/1215/1130 1155/1228/1143 1156/1229/1144 
f 1065/1101/1025 1151/1224/1139 1157/1230/1145 1094/1144/1063 
f 1139/1212/1127 1143/1216/1131 1156/1229/1144 1154/1227/1142 
f 1145/1218/1133 1158/1231/1146 1155/1228/1143 1142/1215/1130 
f 1094/1144/1063 1157/1230/1145 815/1232/671 755/1161/597 
f 1159/1233/1147 1160/1234/1148 1004/1020/945 1133/1206/1121 
f 1130/1203/1118 1003/1019/944 1006/1024/950 1147/1220/1135 
f 980/989/915 979/988/914 1161/1235/1149 1162/1236/1150 
f 981/993/918 629/992/433 821/1237/677 1163/1238/1151 
f 994/1009/934 989/1239/1152 993/1240/1153 1164/1241/1154 
f 994/1009/934 1164/1241/1154 1165/1242/1155 982/995/920 
f 1021/1040/969 1020/1039/968 1166/747/1156 1167/1243/1157 
f 1105/1169/1079 1040/1066/993 1168/1244/1158 1169/1245/1159 
f 1064/1097/1021 1063/1096/1020 1170/1246/1160 1171/1247/1161 
f 1075/1115/1037 1064/1097/1021 1171/1247/1161 1172/1248/1162 
f 1047/1077/1004 981/993/918 1163/1238/1151 1173/1249/1163 
f 1092/1139/1058 1174/1250/1164 1175/1251/1165 1093/1140/1059 
f 1092/1139/1058 1075/1115/1037 1172/1248/1162 1174/1250/1164 
f 754/653/594 1093/1140/1059 1175/1251/1165 834/756/692 
f 1063/1096/1020 1105/1169/1079 1169/1245/1159 1170/1246/1160 
f 982/995/920 1165/1242/1155 1161/1235/1149 979/988/914 
f 1015/521/962 1176/1252/1166 1016/520/963 
f 1177/1253/1167 1127/1194/1108 1178/1254/1168 1179/1255/1169 
f 950/1008/933 989/1239/1152 994/1009/934 
f 989/1004/929 1180/1256/1170 1181/1257/1170 991/1005/930 
f 1176/1258/1171 1182/1259/1171 1017/1036/965 1016/1035/964 
f 1125/1192/1106 978/1191/1105 940/954/1172 939/953/1172 
f 1012/1030/956 1183/1260/1173 939/1261/1174 942/1262/1175 
f 997/1013/938 996/1012/937 974/1045/974 977/1186/1100 
f 959/967/896 958/966/895 1184/1263/1176 1185/1264/1177 
f 1186/1265/1178 962/970/899 1187/1266/1179 1188/1267/1180 
f 1107/1174/1085 1189/1268/1181 985/998/923 984/997/922 
f 1181/1269/1182 1190/1270/1183 1167/1243/1157 
f 961/969/898 959/967/896 1185/1264/1177 1191/1271/1184 
f 1192/1272/1185 1193/1273/1186 1194/1274/1187 1195/1275/1188 
f 958/966/895 1121/1183/1097 1196/1276/1189 1184/1263/1176 
f 1120/1182/1096 1127/1194/1108 1177/1253/1167 1197/1277/1190 
f 1015/521/962 948/1278/1191 1112/783/1192 1176/1252/1166 
f 1178/1254/1168 1127/1194/1108 1126/1193/1107 1198/1279/1193 
f 1112/1280/1194 1111/1281/1194 1182/1259/1171 1176/1258/1171 
f 987/1000/925 986/999/924 1199/1282/1195 1200/1283/1195 
f 1201/1284/1196 1202/1285/1197 1195/1275/1188 1194/1274/1187 
f 1192/1272/1185 1203/1286/1198 1204/1287/1199 1193/1273/1186 
f 963/971/900 962/970/899 1186/1265/1178 1205/1288/1200 
f 1206/1289/1201 1207/1290/1201 989/1002/927 988/1001/926 
f 1208/797/1202 1209/800/1203 1210/799/1204 1211/798/1205 
f 962/970/899 961/969/898 1191/1271/1184 1187/1266/1179 
f 1212/1291/1206 1213/1292/1207 1214/1293/1208 1215/1294/1209 
f 1192/1272/1185 1195/1275/1188 1216/1295/1210 1217/1296/1211 
f 1109/1176/1087 1108/1175/1086 1218/1297/1212 1219/1298/1213 
f 1200/1283/1195 1199/1282/1195 1220/1299/1214 1221/1300/1214 
f 1195/1275/1188 1202/1285/1197 1222/1301/1215 1216/1295/1210 
f 1221/1300/1214 1220/1299/1214 1213/1292/1207 1212/1291/1206 
f 1203/1286/1198 1192/1272/1185 1217/1296/1211 1223/1302/1216 
f 1219/1298/1213 1218/1297/1212 1224/1303/1217 1225/1304/1217 
f 1203/1286/1198 1186/1265/1178 1188/1267/1180 1204/1287/1199 
f 1186/1265/1178 1203/1286/1198 1223/1302/1216 1205/1288/1200 
f 1225/1304/1217 1224/1303/1217 1207/1290/1201 1206/1289/1201 
f 948/1278/1191 1015/521/962 945/815/1218 
f 1117/1305/1219 1015/521/962 1118/817/1220 
f 956/1306/1221 1021/1040/969 953/1307/1222 
f 1226/820/1223 1021/1040/969 1211/1308/1224 
f 1198/1279/1193 1126/1193/1107 1125/1309/1225 939/1310/1174 
f 1126/1193/1107 1119/1181/1095 1113/1311/1226 1125/1309/1225 
f 1113/1311/1226 1119/1181/1095 1122/1184/1098 1114/1312/1227 
f 957/965/894 960/968/897 949/1313/1228 952/1314/1229 
f 960/968/897 964/972/901 990/1315/1230 949/1313/1228 
f 990/1315/1230 964/972/901 963/971/900 988/1316/1231 
f 988/1316/1231 963/971/900 1205/1288/1200 1206/1317/1232 
f 1206/1317/1232 1205/1288/1200 1223/1302/1216 1225/1318/1233 
f 1225/1318/1233 1223/1302/1216 1217/1296/1211 1219/1319/1234 
f 1219/1319/1234 1217/1296/1211 1216/1295/1210 1109/1320/1235 
f 1109/1320/1235 1216/1295/1210 1110/1321/1236 
f 1110/1321/1236 1216/1295/1210 1222/1301/1215 1189/1322/1237 
f 1189/1322/1237 1222/1301/1215 1202/1285/1197 985/1323/1238 
f 985/1323/1238 1202/1285/1197 1201/1284/1196 986/1324/1239 
f 986/1324/1239 1201/1284/1196 1199/1325/1240 
f 1199/1325/1240 1201/1284/1196 1194/1274/1187 1220/1326/1241 
f 1220/1326/1241 1194/1274/1187 1193/1273/1186 
f 1220/1326/1241 1193/1273/1186 1204/1287/1199 1213/1327/1242 
f 1213/1327/1242 1204/1287/1199 1188/1267/1180 1214/1328/1243 
f 1214/1328/1243 1188/1267/1180 1187/1266/1179 1209/1329/1244 
f 1209/1329/1244 1187/1266/1179 1191/1271/1184 1210/1330/1245 
f 1185/1264/1177 1184/1263/1176 954/1331/1246 1227/1332/1247 
f 1184/1263/1176 1196/1276/1189 1228/1333/1248 955/1334/1249 
f 947/1335/1250 1179/1255/1169 1178/1254/1168 1229/1336/1251 
f 1229/1336/1251 1178/1254/1168 1198/1279/1193 939/1310/1174 
f 1230/850/1252 1021/1040/969 1231/1337/1253 
f 1114/1312/1227 1122/1184/1098 957/965/894 952/1314/1229 
f 1232/1338/1254 1196/1276/1189 1115/1339/1255 
f 1116/1340/1256 1197/1277/1190 1177/1253/1167 946/1341/1257 
f 1228/1333/1248 1196/1276/1189 1232/1338/1254 
f 1231/1337/1253 1021/1040/969 956/1306/1221 
f 1191/1271/1184 1185/1264/1177 1227/1332/1247 1210/1330/1245 
f 953/1307/1222 1021/1040/969 1226/820/1223 
f 954/1331/1246 1184/1263/1176 955/1334/1249 
f 1015/521/962 1021/1040/969 1230/850/1252 1118/817/1220 
f 1115/1339/1255 1196/1276/1189 1197/1277/1190 1116/1340/1256 
f 945/815/1218 1015/521/962 1117/1305/1219 
f 1177/1253/1167 1179/1255/1169 947/1335/1250 946/1341/1257 
f 1196/1276/1189 1121/1183/1097 1120/1182/1096 1197/1277/1190 
f 1122/1184/1098 1121/1183/1097 958/966/895 957/965/894 
f 1233/1342/1258 1234/1343/1259 1235/1344/1260 1236/1345/1261 
f 1180/1256/1262 1190/1346/1263 1181/1257/1264 
f 1226/861/1265 1227/862/1266 954/447/892 953/444/891 
f 956/445/893 955/446/893 1228/864/1267 1231/863/1267 
f 1231/863/1267 1228/864/1267 1232/866/1268 1230/865/1268 
f 1230/865/1268 1232/866/1268 1115/680/1093 1118/681/1093 
f 1117/678/1094 1116/679/1094 946/439/884 945/436/883 
f 1237/1347/1269 1190/1346/1263 1180/1256/1262 1208/1348/1269 
f 1031/1053/983 1045/1074/1001 1044/1073/1001 1032/1054/983 
f 1102/1164/1075 1101/1163/1074 1034/1057/986 1033/1056/985 
f 1036/1059/988 1103/1165/1076 1045/1166/1077 1031/1060/989 
f 1038/1063/992 1104/1168/1078 1050/1167/1078 1039/1064/992 
f 1040/1066/993 1105/1169/1079 1102/1170/1080 1033/1067/994 
f 1038/1069/996 996/1012/937 1065/1101/1025 1104/1171/1081 
f 1032/666/1082 1014/1034/961 1024/1047/976 
f 1106/1172/1083 1027/1049/979 1026/1048/978 1039/1173/1084 
f 1238/1349/1270 1134/1207/1122 1137/1210/1125 1159/1233/1147 
f 1239/1350/1271 1160/1234/1148 1153/1226/1141 1240/1351/1272 
f 1168/1244/1158 1162/1236/1150 1005/1021/946 1239/1350/1271 
f 1166/747/1156 1173/1249/1163 1151/1224/1139 995/1011/936 
f 1009/1027/953 1241/1352/1273 1242/1353/1274 1010/1028/954 
f 1009/1032/958 1013/1031/957 1243/1354/1275 1241/1355/1276 
f 1018/1037/966 1244/1356/1277 1245/1357/1277 1019/1038/967 
f 1018/1046/975 996/1012/937 1244/1358/1278 
f 1010/1359/1279 1014/1034/961 1011/519/960 
f 1019/1360/1280 1246/1361/1281 1022/1042/971 975/1041/970 
f 1025/536/977 1014/1034/961 1242/1362/1282 
f 1029/1051/981 1028/1050/980 1247/1363/1283 1245/1364/1284 
f 1248/1365/1285 1030/1052/982 1024/1055/984 1025/1366/1286 
f 1248/1367/1287 1249/1368/1288 1035/1058/987 1030/1061/990 
f 1250/1369/1289 1037/1062/991 1026/1065/991 1029/1370/1289 
f 1250/1371/1290 996/1012/937 1037/1068/995 
f 1242/1353/1274 1241/1352/1273 1248/1365/1285 1025/1366/1286 
f 1241/1355/1276 1243/1354/1275 1249/1368/1288 1248/1367/1287 
f 1244/1356/1277 1250/1369/1289 1029/1370/1289 1245/1357/1277 
f 1244/1358/1278 996/1012/937 1250/1371/1290 
f 1242/1362/1282 1014/1034/961 1010/1359/1279 
f 1245/1364/1284 1247/1363/1283 1246/1361/1281 1019/1360/1280 
f 1000/1016/941 999/1015/940 1129/1198/1112 1150/1223/1138 
f 1003/1019/944 1130/1203/1118 1133/1206/1121 1004/1020/945 
f 999/1023/949 992/1006/948 1129/1201/1116 
f 1006/1024/950 1000/1016/941 1150/1223/1138 1147/1220/1135 
f 1153/1226/1141 1152/1225/1140 1251/1372/1291 1240/1351/1272 
f 1152/1225/1140 1154/1227/1142 1252/1373/1292 1251/1372/1291 
f 1155/1228/1143 1253/1374/1293 1254/1375/1294 1156/1229/1144 
f 1156/1229/1144 1254/1375/1294 1252/1373/1292 1154/1227/1142 
f 1158/1231/1146 1255/1376/1295 1253/1374/1293 1155/1228/1143 
f 1160/1234/1148 1239/1350/1271 1005/1021/946 1004/1020/945 
f 1003/1019/944 1002/1018/943 1007/1025/951 1006/1024/950 
f 1160/1234/1148 1159/1233/1147 1137/1210/1125 1153/1226/1141 
f 1162/1236/1150 1161/1235/1149 1002/1018/943 1005/1021/946 
f 1164/1241/1154 993/1240/1153 998/1014/939 1001/1017/942 
f 993/1007/932 992/1006/931 998/1022/1296 
f 1164/1241/1154 1001/1017/942 1007/1025/951 1165/1242/1155 
f 1169/1245/1159 1168/1244/1158 1239/1350/1271 1240/1351/1272 
f 1171/1247/1161 1170/1246/1160 1251/1372/1291 1252/1373/1292 
f 1172/1248/1162 1171/1247/1161 1252/1373/1292 1254/1375/1294 
f 1174/1250/1164 1253/1374/1293 1255/1376/1295 1175/1251/1165 
f 1172/1248/1162 1254/1375/1294 1253/1374/1293 1174/1250/1164 
f 1175/1251/1165 1255/1376/1295 915/897/824 834/756/692 
f 1170/1246/1160 1169/1245/1159 1240/1351/1272 1251/1372/1291 
f 1165/1242/1155 1007/1025/951 1002/1018/943 1161/1235/1149 
f 1162/1236/1150 1168/1244/1158 1040/1066/993 980/989/915 
f 1013/1031/957 1012/1030/956 942/1262/1175 
f 1036/1059/988 1035/1058/987 942/1262/1175 1034/1377/1297 
f 1058/1088/1014 1056/1378/1297 1055/1379/1298 1059/1089/1015 
f 1059/1089/1015 1055/1379/1298 1071/1380/1299 1072/1111/1034 
f 1087/1132/1052 1085/1381/1300 1084/1382/1301 1088/1133/1053 
f 1087/1132/1052 1072/1111/1034 1071/1380/1299 1085/1381/1300 
f 1088/1133/1053 1084/1382/1301 749/1383/830 750/1154/590 
f 1058/1088/1014 1103/1165/1076 1101/1384/1302 1056/1378/1297 
f 1183/1260/1173 1012/1030/956 1008/1033/959 1017/1385/1303 
f 1103/1165/1076 1036/1059/988 1034/1377/1297 1101/1384/1302 
f 1243/1354/1275 1013/1031/957 942/1262/1175 
f 1035/1058/987 1249/1368/1288 942/1262/1175 
f 1249/1368/1288 1243/1354/1275 942/1262/1175 
f 1099/1152/1070 1081/1125/1046 1080/1124/1045 1091/1153/1071 
f 1090/1136/1056 1100/1157/1072 1098/1156/1072 1091/1137/1057 
f 1090/1145/1064 1094/1144/1063 1100/1160/1073 
f 1096/1386/1304 1097/1149/1067 1074/1150/1068 
f 1096/1147/1065 1095/1146/1065 1256/1387/1305 1082/1388/1306 
f 1095/1148/1066 1094/1144/1063 1256/1389/1307 
f 1081/1125/1046 1097/1149/1067 1096/1386/1304 1082/1126/1047 
f 1082/1388/1306 1256/1387/1305 1089/1135/1055 1080/1138/1055 
f 1256/1389/1307 1094/1144/1063 1089/1143/1062 
f 1022/1042/971 1132/1205/1120 1131/1204/1119 1023/1043/972 
f 1027/1049/979 1146/1219/1134 1132/1205/1120 1028/1050/980 
f 1049/1079/1006 1048/1078/1005 1135/1208/1123 1134/1207/1122 
f 1048/1078/1005 1067/1105/1029 1138/1211/1126 1135/1208/1123 
f 1067/1105/1029 1097/1149/1067 1140/1213/1128 1138/1211/1126 
f 1106/1172/1083 1049/1079/1006 1134/1207/1122 1238/1349/1270 
f 1124/1188/1102 1123/1187/1101 1149/1222/1137 1148/1221/1136 
f 1023/1043/972 1131/1204/1119 1149/1222/1137 1123/1187/1101 
f 1128/1197/1111 1124/1188/1102 1148/1221/1136 
f 1022/1042/971 1246/1361/1281 1132/1205/1120 
f 1247/1363/1283 1028/1050/980 1132/1205/1120 
f 1246/1361/1281 1247/1363/1283 1132/1205/1120 
f 1097/1149/1067 1081/1125/1046 1141/1214/1129 1140/1213/1128 
f 1099/1152/1070 1144/1217/1132 1141/1214/1129 1081/1125/1046 
f 783/696/631 917/911/837 1144/1217/1132 1099/1152/1070 
f 1257/1390/1308 1258/1391/1309 1259/1392/1310 
f 1229/1336/1251 1258/1391/1309 1257/1390/1308 947/1335/1250 
f 947/1335/1250 1257/1390/1308 1260/1393/1311 1111/1394/1312 
f 1111/1394/1312 1260/1393/1311 1261/1395/1313 1182/1396/1314 
f 1182/1396/1314 1261/1395/1313 1262/1397/1315 1017/1398/1303 
f 1017/1398/1303 1262/1397/1315 1263/1399/1316 1183/1400/1173 
f 1183/1400/1173 1263/1399/1316 1264/1401/1317 939/1310/1174 
f 939/1310/1174 1264/1401/1317 1258/1391/1309 1229/1336/1251 
f 1261/1395/1313 1259/1392/1310 1263/1399/1316 1262/1397/1315 
f 1259/1392/1310 1258/1391/1309 1264/1401/1317 1263/1399/1316 
f 1259/1392/1310 1261/1395/1313 1260/1393/1311 1257/1390/1308 
f 1027/1049/979 1106/1172/1083 1238/1349/1270 1146/1219/1134 
f 1146/1219/1134 1238/1349/1270 1159/1233/1147 1133/1206/1121 
f 1107/1174/1085 1110/1177/1088 1189/1268/1181 
f 1210/799/1204 1227/862/1266 1226/861/1265 1211/798/1205 
f 1214/1293/1208 1209/1402/1318 1208/1403/1318 1215/1294/1209 
f 1208/797/1202 1211/798/1205 1237/926/1319 
f 1207/1404/1320 1265/1405/1321 989/1004/1322 
f 989/1004/1322 1265/1405/1321 1266/1406/1323 1180/1256/1324 
f 1180/1256/1324 1266/1406/1323 1233/1342/1258 1208/1348/1325 
f 1208/1348/1325 1233/1342/1258 1236/1345/1261 1215/1407/1326 
f 1215/1407/1326 1236/1345/1261 1267/1408/1327 1212/1409/1328 
f 1212/1409/1328 1267/1408/1327 1268/1410/1329 1221/1411/1330 
f 1221/1411/1330 1268/1410/1329 1269/1412/1331 1200/1413/861 
f 1200/1413/861 1269/1412/1331 987/1414/1332 
f 987/1414/1332 1269/1412/1331 1270/1415/1333 984/1416/1334 
f 984/1416/1334 1270/1415/1333 1271/1417/1335 1107/1418/1336 
f 1107/1418/1336 1271/1417/1335 1272/1419/1337 1108/1420/1338 
f 1108/1420/1338 1272/1419/1337 1273/1421/1339 1218/1422/1340 
f 1218/1422/1340 1273/1421/1339 1274/1423/1341 1224/1424/1342 
f 1224/1424/1342 1274/1423/1341 1265/1405/1321 1207/1404/1320 
f 1234/1343/1259 1265/1405/1321 1274/1423/1341 1273/1421/1339 
f 1235/1344/1260 1275/1425/1343 1267/1408/1327 1236/1345/1261 
f 1275/1425/1343 1269/1412/1331 1268/1410/1329 1267/1408/1327 
f 1235/1344/1260 1234/1343/1259 1273/1421/1339 1272/1419/1337 
f 1235/1344/1260 1272/1419/1337 1271/1417/1335 1275/1425/1343 
f 1275/1425/1343 1271/1417/1335 1270/1415/1333 1269/1412/1331 
f 1234/1343/1259 1233/1342/1258 1266/1406/1323 1265/1405/1321 
f 1163/1238/1151 821/1237/677 815/1232/671 1157/1230/1145 
f 1167/1243/1157 1166/747/1156 995/1011/936 992/1010/935 
f 1163/1238/1151 1157/1230/1145 1151/1224/1139 1173/1249/1163 
f 1173/1249/1163 1166/747/1156 1020/1039/968 1047/1077/1004 
f 991/1426/1344 1167/1243/1157 992/1010/935 
f 1181/1269/1182 1167/1243/1157 991/1426/1344 
f 1167/1243/1157 1190/1270/1183 1237/1427/1345 
f 1167/1243/1157 1237/1427/1345 1211/1308/1224 1021/1040/969 
f 915/897/824 1255/1376/1295 1158/1231/1146 937/951/877 
f 1145/1218/1133 1144/1217/1132 917/911/837 938/952/878 
f 937/951/877 1158/1231/1146 1145/1218/1133 938/952/878 
f 1276/1428/1346 1277/1429/1347 1278/1430/1348 1279/1431/1349 
f 1280/1432/1350 1281/1433/1351 1282/1434/1352 1283/1435/1353 
f 1284/1436/1354 1285/1437/1355 1286/1438/1356 1287/1439/1357 
f 1288/1440/1358 1289/1441/1359 1290/1442/1360 1291/1443/1361 
f 1292/1444/1362 1293/1445/1363 1294/1446/1364 1295/1447/1365 
f 1296/1448/1366 1297/1449/1367 1298/1450/1368 1299/1451/1369 
f 1300/1452/1370 1301/1453/1371 1302/1454/1372 1303/1455/1373 
f 1304/1456/1374 1305/1457/1375 1291/1443/1361 1306/1458/1376 
f 1307/1459/1377 1308/1460/1378 1309/1461/1379 1310/1462/1380 
f 1303/1455/1381 1302/1454/1382 1311/1463/1383 1312/1464/1384 
f 1307/1459/1377 1310/1462/1380 1313/1465/1385 1314/1466/1386 
f 1315/1467/1387 1306/1458/1376 1301/1453/1371 1300/1452/1370 
f 1278/1430/1348 1316/1468/1388 1317/1469/1389 1279/1431/1349 
f 1318/1470/1390 1308/1460/1378 1319/1471/1391 1320/1472/1392 
f 1278/1430/1393 1277/1429/1394 1321/1473/1395 1316/1468/1393 
f 1280/1432/1350 1322/1474/1396 1323/1475/1397 1324/1476/1398 
f 1325/1477/1399 1326/1478/1400 1327/1479/1401 1314/1466/1386 
f 1328/1480/1402 1329/1481/1403 1330/1482/1404 1331/1483/1405 
f 1285/1437/1355 1332/1484/1406 1333/1485/1407 1292/1444/1362 
f 1334/1486/1408 1335/1487/1409 1336/1488/1410 1337/1489/1411 
f 1338/1490/1412 1289/1441/1359 1339/1491/1413 1340/1492/1414 
f 1341/1493/1415 1342/1494/1416 1343/1495/1417 1344/1496/1418 
f 1292/1444/1362 1333/1485/1407 1345/1497/1419 1293/1445/1363 
f 1346/1498/1420 1347/1499/1421 1342/1494/1416 1341/1493/1415 
f 1297/1449/1367 1348/1500/1422 1349/1501/1423 1350/1502/1424 
f 1351/1503/1425 1352/1504/1426 1300/1452/1370 1303/1455/1373 
f 1353/1505/1427 1354/1506/1428 1355/1507/1429 1356/1508/1430 
f 1305/1457/1375 1357/1509/1431 1358/1510/1432 1288/1440/1358 
f 1359/1511/1433 1360/1512/1434 1361/1513/1435 1362/1514/1436 
f 1307/1459/1377 1363/1515/1437 1319/1471/1391 1308/1460/1378 
f 1279/1431/1349 1317/1469/1389 1364/1516/1438 1365/1517/1439 
f 1366/1518/1440 1367/1519/1441 1368/1520/1442 1369/1521/1440 
f 1353/1505/1427 1356/1508/1430 1370/1522/1443 1371/1523/1444 
f 1307/1459/1377 1314/1466/1386 1327/1479/1401 1363/1515/1437 
f 1283/1435/1353 1365/1517/1439 1364/1516/1438 1372/1524/1445 
f 1354/1506/1428 1373/1525/1446 1374/1526/1447 1355/1507/1429 
f 1315/1467/1387 1375/1527/1448 1376/1528/1449 1304/1456/1374 
f 1377/1529/1450 1328/1480/1402 1378/1530/1451 1379/1531/1452 
f 1377/1529/1450 1380/1532/1453 1381/1533/1454 1382/1534/1455 
f 1284/1436/1354 1383/1535/1456 1384/1536/1457 1385/1537/1458 
f 1386/1538/1459 1346/1498/1420 1387/1539/1460 1388/1540/1461 
f 1389/1541/1462 1390/1542/1463 1391/1543/1464 1386/1538/1459 
f 1392/1544/1465 1393/1545/1466 1394/1546/1467 1296/1448/1366 
f 1355/1547/1468 1395/1548/1469 1396/1549/1470 1356/1550/1471 
f 1381/1551/1472 1397/1552/1473 1398/1553/1474 1382/1554/1475 
f 1329/1555/1476 1399/1556/1477 1400/1557/1478 1330/1558/1479 
f 1336/1559/1480 1335/1560/1481 1401/1561/1482 1402/1562/1483 
f 1360/1563/1484 1403/1564/1485 1404/1565/1486 1361/1566/1487 
f 1374/1567/1488 1405/1568/1489 1395/1548/1469 1355/1547/1468 
f 1342/1569/1490 1406/1570/1491 1407/1571/1492 1343/1572/1493 
f 1347/1573/1494 1408/1574/1495 1406/1570/1491 1342/1569/1490 
f 1391/1575/1496 1390/1576/1497 1409/1577/1498 1410/1578/1499 
f 1323/1579/1500 1322/1580/1501 1411/1581/1502 1412/1582/1503 
f 1364/1583/1504 1413/1584/1505 1414/1585/1506 1372/1586/1507 
f 1364/1583/1504 1317/1587/1508 1415/1588/1509 1413/1584/1505 
f 1317/1587/1508 1316/1589/1510 1321/1590/1511 1415/1588/1509 
f 1416/1591/1512 1417/1592/1513 1418/1593/1514 1419/1594/1515 
f 1420/1595/1516 1421/1596/1517 1422/1597/1518 1423/1598/1519 
f 1424/1599/1520 1425/1600/1521 1426/1601/1522 1427/1602/1523 
f 1428/1603/1524 1425/1600/1521 1424/1599/1520 1429/1604/1525 
f 1420/1595/1516 1430/1605/1526 1431/1606/1527 1432/1607/1528 
f 1433/1608/1529 1434/1609/1530 1435/1610/1531 1436/1611/1532 
f 1416/1591/1512 1437/1612/1533 1438/1613/1534 1439/1614/1535 
f 1439/1614/1535 1438/1613/1534 1440/1615/1536 1441/1616/1537 
f 1419/1594/1538 1418/1593/1539 1442/1617/1540 
f 1443/1618/1541 1444/1619/1542 1445/1620/1543 1446/1621/1544 
f 1429/1604/1525 1447/1622/1545 1448/1623/1546 1449/1624/1547 
f 1450/1625/1548 1451/1626/1549 1452/1627/1550 1453/1628/1551 
f 1454/1629/1552 1451/1626/1549 1450/1625/1548 1455/1630/1553 
f 1456/1631/1554 1457/1632/1555 1458/1633/1556 1459/1634/1557 
f 1460/1635/1558 1461/1636/1559 1462/1637/1560 1463/1638/1561 
f 1464/1639/1562 1465/1640/1563 1466/1641/1564 1467/1642/1565 
f 1462/1637/1566 1468/1643/1567 1469/1644/1568 1463/1638/1569 
f 1467/1642/1565 1466/1641/1564 1470/1645/1570 1471/1646/1571 
f 1472/1647/1572 1473/1648/1573 1474/1649/1574 1464/1639/1562 
f 1475/1650/1575 1476/1651/1576 1477/1652/1577 1456/1631/1554 
f 1474/1649/1578 1473/1648/1579 1478/1653/1580 
f 1479/1654/1581 1480/1655/1582 1481/1656/1583 1482/1657/1584 
f 1455/1630/1553 1483/1658/1585 1484/1659/1586 1485/1660/1587 
f 1486/1661/1588 1487/1662/1589 1488/1663/1590 1489/1664/1591 
f 1490/1665/1592 1483/1658/1585 1486/1661/1588 1489/1664/1591 
f 1491/1666/1593 1475/1650/1575 1492/1667/1594 1493/1668/1595 
f 1494/1669/1596 1495/1670/1597 1496/1671/1598 
f 1472/1647/1572 1497/1672/1599 1498/1673/1600 1499/1674/1601 
f 1498/1673/1600 1497/1672/1599 1500/1675/1602 1501/1676/1603 
f 1499/1674/1601 1502/1677/1604 1503/1678/1605 
f 1491/1666/1593 1504/1679/1606 1505/1680/1607 1506/1681/1608 
f 1290/1442/1360 1507/1682/1609 1480/1655/1582 1479/1654/1581 
f 1508/1683/1610 1509/1684/1611 1510/1685/1612 1490/1665/1592 
f 1511/1686/1613 1465/1640/1563 1512/1687/1614 1513/1688/1615 
f 1514/1689/1616 1457/1632/1555 1515/1690/1617 1516/1691/1618 
f 1513/1688/1619 1512/1687/1620 1517/1692/1621 
f 1443/1618/1541 1518/1693/1622 1519/1694/1623 1444/1619/1542 
f 1454/1629/1552 1520/1695/1624 1521/1696/1625 1522/1697/1626 
f 1523/1698/1627 1524/1699/1628 1525/1700/1629 1526/1701/1630 
f 1522/1697/1626 1447/1622/1545 1523/1698/1627 1526/1701/1630 
f 1514/1689/1616 1421/1596/1517 1527/1702/1631 1528/1703/1632 
f 1511/1686/1613 1417/1592/1513 1529/1704/1633 1530/1705/1634 
f 1530/1705/1634 1529/1704/1633 1531/1706/1635 1532/1707/1636 
f 1533/1708/1637 1437/1612/1533 1534/1709/1638 1535/1710/1639 
f 1536/1711/1640 1430/1605/1526 1537/1712/1641 1538/1713/1642 
f 1535/1710/1643 1534/1709/1644 1321/1473/1395 
f 1539/1714/1645 1540/1715/1646 1541/1716/1647 1542/1717/1648 
f 1428/1603/1524 1543/1718/1649 1544/1719/1650 1545/1720/1651 
f 1546/1721/1652 1547/1722/1653 1548/1723/1654 1549/1724/1655 
f 1550/1725/1656 1547/1722/1653 1546/1721/1652 1545/1720/1651 
f 1551/1726/1657 1552/1727/1658 1553/1728/1659 1536/1711/1640 
f 1533/1708/1637 1554/1729/1660 1555/1730/1661 1556/1731/1662 
f 1557/1732/1663 1558/1733/1664 1436/1611/1532 1435/1610/1531 
f 1556/1731/1662 1555/1730/1661 1559/1734/1665 1560/1735/1666 
f 1489/1664/1591 1488/1663/1590 1561/1736/1667 1562/1737/1668 
f 1490/1665/1592 1489/1664/1591 1562/1737/1668 1508/1683/1610 
f 1504/1679/1606 1491/1666/1593 1493/1668/1595 1563/1738/1669 
f 1301/1453/1371 1494/1669/1596 1496/1671/1598 1302/1454/1372 
f 1499/1674/1601 1498/1673/1600 1564/1739/1670 1502/1677/1604 
f 1498/1673/1600 1501/1676/1603 1565/1740/1671 1564/1739/1670 
f 1309/1461/1379 1566/1741/1672 1503/1678/1605 1502/1677/1604 
f 1567/1742/1673 1568/1743/1674 1505/1680/1607 1504/1679/1606 
f 1503/1678/1675 1566/1741/1676 1569/1744/1677 
f 1294/1446/1364 1570/1745/1678 1509/1684/1611 1508/1683/1610 
f 1499/1674/1601 1503/1678/1605 1473/1648/1573 1472/1647/1572 
f 1475/1650/1575 1491/1666/1593 1506/1681/1608 1476/1651/1576 
f 1473/1648/1579 1503/1678/1675 1569/1744/1677 1478/1653/1580 
f 1483/1658/1585 1490/1665/1592 1510/1685/1612 1484/1659/1586 
f 1571/1746/1679 1572/1747/1680 1573/1748/1681 1574/1749/1682 
f 1575/1750/1683 1576/1751/1684 1577/1752/1685 1578/1753/1686 
f 1579/1754/1687 1580/1755/1688 1581/1756/1689 1582/1757/1690 
f 1583/1758/1691 1584/1759/1692 1585/1760/1693 1586/1761/1694 
f 1587/1762/1695 1588/1763/1696 1589/1764/1697 1590/1765/1698 
f 1591/1766/1699 1592/1767/1700 1572/1747/1680 1571/1746/1679 
f 1593/1768/1701 1594/1769/1702 1595/1770/1703 1596/1771/1704 
f 1597/1772/1705 1598/1773/1706 1599/1774/1707 1600/1775/1708 
f 1601/1776/1709 1602/1777/1710 1603/1778/1711 1604/1779/1712 
f 1605/1780/1713 1606/1781/1714 1601/1776/1709 1604/1779/1712 
f 1607/1782/1715 1606/1781/1714 1605/1780/1713 1608/1783/1716 
f 1569/1784/1717 1607/1782/1715 1608/1783/1716 1478/1785/1718 
f 1450/1625/1548 1453/1628/1551 1487/1662/1589 1486/1661/1588 
f 1483/1658/1585 1455/1630/1553 1450/1625/1548 1486/1661/1588 
f 1456/1631/1554 1459/1634/1557 1492/1667/1594 1475/1650/1575 
f 1460/1635/1558 1463/1638/1561 1495/1670/1597 1494/1669/1596 
f 1472/1647/1572 1464/1639/1562 1467/1642/1565 1497/1672/1599 
f 1497/1672/1599 1467/1642/1565 1471/1646/1571 1500/1675/1602 
f 1451/1626/1549 1526/1701/1630 1525/1700/1629 1452/1627/1550 
f 1522/1697/1626 1526/1701/1630 1451/1626/1549 1454/1629/1552 
f 1457/1632/1555 1514/1689/1616 1528/1703/1632 1458/1633/1556 
f 1461/1636/1559 1609/1786/1719 1610/1787/1720 1462/1637/1560 
f 1465/1640/1563 1511/1686/1613 1530/1705/1634 1466/1641/1564 
f 1466/1641/1564 1530/1705/1634 1532/1707/1636 1470/1645/1570 
f 1464/1639/1562 1474/1649/1574 1512/1687/1614 1465/1640/1563 
f 1456/1631/1554 1477/1652/1577 1515/1690/1617 1457/1632/1555 
f 1512/1687/1620 1474/1649/1578 1478/1653/1580 1517/1692/1621 
f 1518/1693/1622 1482/1657/1584 1481/1656/1583 1519/1694/1623 
f 1455/1630/1553 1485/1660/1587 1520/1695/1624 1454/1629/1552 
f 1571/1746/1679 1574/1749/1682 1611/1788/1721 1612/1789/1722 
f 1613/1790/1723 1575/1750/1683 1578/1753/1686 1614/1791/1724 
f 1579/1754/1687 1582/1757/1690 1615/1792/1725 1616/1793/1726 
f 1617/1794/1727 1586/1761/1694 1585/1760/1693 1618/1795/1728 
f 1619/1796/1729 1587/1762/1695 1590/1765/1698 1620/1797/1730 
f 1591/1766/1699 1571/1746/1679 1612/1789/1722 1621/1798/1731 
f 1622/1799/1732 1593/1768/1701 1596/1771/1704 1623/1800/1733 
f 1597/1772/1705 1600/1775/1708 1624/1801/1734 1625/1802/1735 
f 1604/1779/1712 1603/1778/1711 1626/1803/1736 1627/1804/1737 
f 1628/1805/1738 1605/1780/1713 1604/1779/1712 1627/1804/1737 
f 1608/1783/1716 1605/1780/1713 1628/1805/1738 1629/1806/1739 
f 1478/1785/1718 1608/1783/1716 1629/1806/1739 1517/1807/1740 
f 1417/1592/1513 1511/1686/1613 1513/1688/1615 1418/1593/1514 
f 1421/1596/1517 1514/1689/1616 1516/1691/1618 1422/1597/1518 
f 1418/1593/1539 1513/1688/1619 1517/1692/1621 1442/1617/1540 
f 1447/1622/1545 1522/1697/1626 1521/1696/1625 1448/1623/1546 
f 1630/1808/1741 1612/1789/1722 1611/1788/1721 1631/1809/1742 
f 1632/1810/1743 1613/1790/1723 1614/1791/1724 1633/1811/1744 
f 1634/1812/1745 1616/1793/1726 1615/1792/1725 1635/1813/1746 
f 1636/1814/1747 1617/1794/1727 1618/1795/1728 1637/1815/1748 
f 1638/1816/1749 1619/1796/1729 1620/1797/1730 1639/1817/1750 
f 1621/1798/1731 1612/1789/1722 1630/1808/1741 1640/1818/1751 
f 1641/1819/1752 1622/1799/1732 1623/1800/1733 1642/1820/1753 
f 1643/1821/1754 1625/1802/1735 1624/1801/1734 1644/1822/1755 
f 1627/1804/1737 1626/1803/1736 1645/1823/1756 1646/1824/1757 
f 1647/1825/1758 1628/1805/1738 1627/1804/1737 1646/1824/1757 
f 1629/1806/1739 1628/1805/1738 1647/1825/1758 1648/1826/1759 
f 1517/1807/1740 1629/1806/1739 1648/1826/1759 1442/1827/1760 
f 1424/1599/1520 1427/1602/1523 1524/1699/1628 1523/1698/1627 
f 1447/1622/1545 1429/1604/1525 1424/1599/1520 1523/1698/1627 
f 1421/1596/1517 1420/1595/1516 1432/1607/1528 1527/1702/1631 
f 1433/1608/1529 1436/1611/1532 1610/1787/1720 1609/1786/1719 
f 1417/1592/1513 1416/1591/1512 1439/1614/1535 1529/1704/1633 
f 1529/1704/1633 1439/1614/1535 1441/1616/1537 1531/1706/1635 
f 1425/1600/1521 1546/1721/1652 1549/1724/1655 1426/1601/1522 
f 1428/1603/1524 1545/1720/1651 1546/1721/1652 1425/1600/1521 
f 1430/1605/1526 1536/1711/1640 1553/1728/1659 1431/1606/1527 
f 1434/1609/1530 1649/1828/1761 1650/1829/1762 1435/1610/1531 
f 1437/1612/1533 1533/1708/1637 1556/1731/1662 1438/1613/1534 
f 1438/1613/1534 1556/1731/1662 1560/1735/1666 1440/1615/1536 
f 1437/1612/1533 1416/1591/1512 1419/1594/1515 1534/1709/1638 
f 1420/1595/1516 1423/1598/1519 1537/1712/1641 1430/1605/1526 
f 1534/1709/1644 1419/1594/1538 1442/1617/1540 1321/1473/1395 
f 1540/1715/1646 1446/1621/1544 1445/1620/1543 1541/1716/1647 
f 1429/1604/1525 1449/1624/1547 1543/1718/1649 1428/1603/1524 
f 1407/1571/1492 1630/1808/1741 1631/1809/1742 1397/1552/1473 
f 1398/1553/1474 1632/1810/1743 1633/1811/1744 1399/1556/1477 
f 1400/1557/1478 1634/1812/1745 1635/1813/1746 1401/1561/1482 
f 1402/1562/1483 1636/1814/1747 1637/1815/1748 1403/1564/1485 
f 1404/1565/1486 1638/1816/1749 1639/1817/1750 1405/1568/1489 
f 1640/1818/1751 1630/1808/1741 1407/1571/1492 1406/1570/1491 
f 1410/1578/1499 1641/1819/1752 1642/1820/1753 1408/1574/1495 
f 1643/1821/1754 1644/1822/1755 1409/1577/1498 1412/1582/1503 
f 1646/1824/1757 1645/1823/1756 1411/1581/1502 1414/1585/1506 
f 1413/1584/1505 1647/1825/1758 1646/1824/1757 1414/1585/1506 
f 1648/1826/1759 1647/1825/1758 1413/1584/1505 1415/1588/1509 
f 1442/1827/1760 1648/1826/1759 1415/1588/1509 1321/1590/1511 
f 1554/1729/1660 1533/1708/1637 1535/1710/1639 1651/1830/1763 
f 1551/1726/1657 1536/1711/1640 1538/1713/1642 1652/1831/1764 
f 1651/1830/1765 1535/1710/1643 1321/1473/1395 
f 1545/1720/1651 1544/1719/1650 1653/1832/1766 1550/1725/1656 
f 1654/1833/1767 1655/1834/1768 1548/1723/1654 1547/1722/1653 
f 1539/1714/1645 1656/1835/1769 1657/1836/1770 
f 1550/1725/1656 1658/1837/1771 1654/1833/1767 1547/1722/1653 
f 1659/1838/1772 1660/1839/1773 1552/1727/1658 1551/1726/1657 
f 1661/1840/1774 1662/1841/1775 1650/1829/1762 1649/1828/1761 
f 1663/1842/1776 1664/1843/1777 1665/1844/1778 
f 1554/1729/1660 1276/1428/1346 1666/1845/1779 1555/1730/1661 
f 1555/1730/1661 1666/1845/1779 1282/1434/1352 1559/1734/1665 
f 1667/1846/1780 1668/1847/1781 1669/1848/1782 
f 1346/1498/1420 1386/1538/1459 1391/1543/1464 1347/1499/1421 
f 1346/1498/1420 1341/1493/1415 1658/1837/1771 1387/1539/1460 
f 1392/1544/1465 1293/1445/1363 1345/1497/1419 1393/1545/1466 
f 1391/1575/1496 1410/1578/1499 1408/1574/1495 1347/1573/1494 
f 1448/1623/1546 1670/1849/1783 1671/1850/1784 1449/1624/1547 
f 1484/1659/1586 1672/1851/1785 1673/1852/1786 1485/1660/1587 
f 1509/1684/1611 1674/1853/1787 1675/1854/1788 1510/1685/1612 
f 1520/1695/1624 1676/1855/1789 1677/1856/1790 1521/1696/1625 
f 1543/1718/1649 1678/1857/1791 1679/1858/1792 1544/1719/1650 
f 1296/1448/1366 1299/1451/1369 1570/1745/1678 1392/1544/1465 
f 1393/1859/1793 1345/1860/1794 1592/1767/1700 1595/1770/1703 
f 1675/1854/1788 1672/1851/1785 1484/1659/1586 1510/1685/1612 
f 1592/1767/1700 1591/1766/1699 1596/1771/1704 1595/1770/1703 
f 1673/1852/1786 1676/1855/1789 1520/1695/1624 1485/1660/1587 
f 1591/1766/1699 1621/1798/1731 1623/1800/1733 1596/1771/1704 
f 1521/1696/1625 1677/1856/1790 1670/1849/1783 1448/1623/1546 
f 1621/1798/1731 1640/1818/1751 1642/1820/1753 1623/1800/1733 
f 1449/1624/1547 1671/1850/1784 1678/1857/1791 1543/1718/1649 
f 1640/1818/1751 1406/1570/1491 1408/1574/1495 1642/1820/1753 
f 1544/1719/1650 1679/1858/1792 1680/1861/1795 1653/1832/1766 
f 1562/1737/1668 1561/1736/1667 1286/1438/1356 1295/1447/1365 
f 1508/1683/1610 1562/1737/1668 1295/1447/1365 1294/1446/1364 
f 1504/1679/1606 1563/1738/1669 1298/1450/1368 1567/1742/1673 
f 1502/1677/1604 1564/1739/1670 1310/1462/1380 1309/1461/1379 
f 1310/1462/1380 1564/1739/1670 1565/1740/1671 1313/1465/1385 
f 1308/1460/1378 1318/1470/1390 1566/1741/1672 1309/1461/1379 
f 1350/1502/1424 1325/1477/1399 1568/1743/1674 1567/1742/1673 
f 1566/1741/1676 1318/1470/1796 1320/1472/1796 1569/1744/1677 
f 1338/1490/1412 1383/1535/1456 1507/1682/1609 1290/1442/1360 
f 1293/1445/1363 1392/1544/1465 1570/1745/1678 1294/1446/1364 
f 1351/1862/1797 1681/1863/1798 1682/1864/1799 1683/1865/1800 
f 1684/1866/1801 1352/1867/1802 1351/1862/1803 1683/1865/1804 
f 1572/1747/1680 1333/1868/1805 1332/1869/1806 1573/1748/1681 
f 1576/1751/1684 1385/1870/1807 1384/1871/1808 1577/1752/1685 
f 1340/1872/1809 1339/1873/1810 1581/1756/1689 1580/1755/1688 
f 1358/1874/1811 1357/1875/1812 1584/1759/1692 1583/1758/1691 
f 1588/1763/1696 1376/1876/1813 1375/1877/1814 1589/1764/1697 
f 1345/1860/1794 1333/1868/1805 1572/1747/1680 1592/1767/1700 
f 1394/1878/1815 1393/1859/1793 1595/1770/1703 1594/1769/1702 
f 1598/1773/1706 1349/1879/1816 1348/1880/1817 1599/1774/1707 
f 1601/1776/1709 1327/1881/1818 1326/1882/1819 1602/1777/1710 
f 1606/1781/1714 1363/1883/1820 1327/1881/1818 1601/1776/1709 
f 1319/1884/1821 1363/1883/1820 1606/1781/1714 1607/1782/1715 
f 1320/1885/1822 1319/1884/1821 1607/1782/1715 1569/1784/1717 
f 1674/1853/1787 1509/1684/1611 1570/1745/1678 1299/1451/1369 
f 1554/1729/1660 1651/1830/1763 1277/1429/1347 1276/1428/1346 
f 1659/1838/1772 1551/1726/1657 1652/1831/1764 1281/1433/1351 
f 1277/1429/1394 1651/1830/1765 1321/1473/1395 
f 1656/1835/1769 1539/1714/1645 1542/1717/1648 1378/1530/1451 
f 1653/1832/1766 1680/1861/1795 1388/1540/1461 1387/1539/1460 
f 1344/1496/1418 1380/1532/1453 1655/1834/1768 1654/1833/1767 
f 1656/1835/1769 1331/1483/1405 1334/1486/1408 1657/1836/1770 
f 1658/1837/1771 1341/1493/1415 1344/1496/1418 1654/1833/1767 
f 1324/1476/1398 1389/1541/1462 1660/1839/1773 1659/1838/1772 
f 1354/1506/1428 1353/1505/1427 1662/1841/1775 1661/1840/1774 
f 1337/1489/1411 1359/1511/1433 1665/1844/1778 1664/1843/1777 
f 1276/1428/1346 1279/1431/1349 1365/1517/1439 1666/1845/1779 
f 1662/1841/1775 1353/1505/1427 1371/1523/1444 1685/1886/1823 
f 1666/1845/1779 1365/1517/1439 1283/1435/1353 1282/1434/1352 
f 1362/1514/1436 1373/1525/1446 1669/1848/1782 1668/1847/1781 
f 1550/1725/1656 1653/1832/1766 1387/1539/1460 1658/1837/1771 
f 1315/1467/1387 1304/1456/1374 1306/1458/1376 
f 1373/1525/1446 1362/1514/1436 1361/1513/1435 1374/1526/1447 
f 1300/1452/1370 1352/1504/1426 1375/1527/1448 1315/1467/1387 
f 1361/1566/1487 1404/1565/1486 1405/1568/1489 1374/1567/1488 
f 1434/1609/1530 1433/1608/1529 1686/1887/1824 1687/1888/1825 
f 1461/1636/1559 1460/1635/1558 1688/1889/1826 1689/1890/1827 
f 1494/1669/1596 1301/1453/1371 1306/1458/1376 1690/1891/1828 
f 1684/1866/1801 1691/1892/1829 1590/1765/1698 1589/1764/1697 
f 1460/1635/1558 1494/1669/1596 1690/1891/1828 1688/1889/1826 
f 1692/1893/1830 1609/1786/1719 1461/1636/1559 1689/1890/1827 
f 1691/1892/1829 1693/1894/1831 1620/1797/1730 1590/1765/1698 
f 1693/1894/1831 1694/1895/1832 1639/1817/1750 1620/1797/1730 
f 1686/1887/1824 1433/1608/1529 1609/1786/1719 1692/1893/1830 
f 1649/1828/1761 1434/1609/1530 1687/1888/1825 1667/1846/1780 
f 1669/1848/1782 1661/1840/1774 1649/1828/1761 1667/1846/1780 
f 1352/1867/1802 1684/1866/1801 1589/1764/1697 1375/1877/1814 
f 1373/1525/1446 1354/1506/1428 1661/1840/1774 1669/1848/1782 
f 1305/1457/1375 1288/1440/1358 1291/1443/1361 
f 1305/1457/1375 1304/1456/1374 1376/1528/1449 1357/1509/1431 
f 1337/1489/1411 1336/1488/1410 1360/1512/1434 1359/1511/1433 
f 1336/1559/1480 1402/1562/1483 1403/1564/1485 1360/1563/1484 
f 1687/1888/1825 1686/1887/1824 1695/1896/1833 1696/1897/1834 
f 1689/1890/1827 1688/1889/1826 1697/1898/1835 1698/1899/1836 
f 1699/1900/1837 1690/1891/1828 1306/1458/1376 1291/1443/1361 
f 1584/1759/1692 1588/1763/1696 1587/1762/1695 1585/1760/1693 
f 1697/1898/1835 1688/1889/1826 1690/1891/1828 1699/1900/1837 
f 1692/1893/1830 1689/1890/1827 1698/1899/1836 1700/1901/1838 
f 1587/1762/1695 1619/1796/1729 1618/1795/1728 1585/1760/1693 
f 1619/1796/1729 1638/1816/1749 1637/1815/1748 1618/1795/1728 
f 1695/1896/1833 1686/1887/1824 1692/1893/1830 1700/1901/1838 
f 1667/1846/1780 1687/1888/1825 1696/1897/1834 1663/1842/1776 
f 1638/1816/1749 1404/1565/1486 1403/1564/1485 1637/1815/1748 
f 1665/1844/1778 1668/1847/1781 1667/1846/1780 1663/1842/1776 
f 1357/1875/1812 1376/1876/1813 1588/1763/1696 1584/1759/1692 
f 1362/1514/1436 1668/1847/1781 1665/1844/1778 1359/1511/1433 
f 1289/1441/1359 1338/1490/1412 1290/1442/1360 
f 1331/1483/1405 1330/1482/1404 1335/1487/1409 1334/1486/1408 
f 1289/1441/1359 1288/1440/1358 1358/1510/1432 1339/1491/1413 
f 1330/1558/1479 1400/1557/1478 1401/1561/1482 1335/1560/1481 
f 1696/1897/1834 1695/1896/1833 1446/1621/1544 1540/1715/1646 
f 1698/1899/1836 1697/1898/1835 1482/1657/1584 1518/1693/1622 
f 1479/1654/1581 1699/1900/1837 1291/1443/1361 1290/1442/1360 
f 1583/1758/1691 1586/1761/1694 1582/1757/1690 1581/1756/1689 
f 1482/1657/1584 1697/1898/1835 1699/1900/1837 1479/1654/1581 
f 1700/1901/1838 1698/1899/1836 1518/1693/1622 1443/1618/1541 
f 1586/1761/1694 1617/1794/1727 1615/1792/1725 1582/1757/1690 
f 1617/1794/1727 1636/1814/1747 1635/1813/1746 1615/1792/1725 
f 1446/1621/1544 1695/1896/1833 1700/1901/1838 1443/1618/1541 
f 1663/1842/1776 1696/1897/1834 1540/1715/1646 1539/1714/1645 
f 1636/1814/1747 1402/1562/1483 1401/1561/1482 1635/1813/1746 
f 1657/1836/1770 1664/1843/1777 1663/1842/1776 1539/1714/1645 
f 1339/1873/1810 1358/1874/1811 1583/1758/1691 1581/1756/1689 
f 1337/1489/1411 1664/1843/1777 1657/1836/1770 1334/1486/1408 
f 1377/1529/1450 1382/1534/1455 1329/1481/1403 1328/1480/1402 
f 1331/1483/1405 1656/1835/1769 1378/1530/1451 1328/1480/1402 
f 1383/1535/1456 1338/1490/1412 1340/1492/1414 1384/1536/1457 
f 1382/1554/1475 1398/1553/1474 1399/1556/1477 1329/1555/1476 
f 1444/1619/1542 1701/1902/1839 1702/1903/1840 1445/1620/1543 
f 1480/1655/1582 1703/1904/1841 1704/1905/1842 1481/1656/1583 
f 1507/1682/1609 1287/1439/1357 1703/1904/1841 1480/1655/1582 
f 1705/1906/1843 1701/1902/1839 1444/1619/1542 1519/1694/1623 
f 1706/1907/1844 1707/1908/1845 1542/1717/1648 1541/1716/1647 
f 1580/1755/1688 1579/1754/1687 1578/1753/1686 1577/1752/1685 
f 1704/1905/1842 1705/1906/1843 1519/1694/1623 1481/1656/1583 
f 1579/1754/1687 1616/1793/1726 1614/1791/1724 1578/1753/1686 
f 1616/1793/1726 1634/1812/1745 1633/1811/1744 1614/1791/1724 
f 1702/1903/1840 1706/1907/1844 1541/1716/1647 1445/1620/1543 
f 1634/1812/1745 1400/1557/1478 1399/1556/1477 1633/1811/1744 
f 1383/1535/1456 1284/1436/1354 1287/1439/1357 1507/1682/1609 
f 1340/1872/1809 1580/1755/1688 1577/1752/1685 1384/1871/1808 
f 1542/1717/1648 1707/1908/1845 1379/1531/1452 1378/1530/1451 
f 1292/1444/1362 1295/1447/1365 1286/1438/1356 1285/1437/1355 
f 1285/1437/1355 1284/1436/1354 1385/1537/1458 1332/1484/1406 
f 1380/1532/1453 1344/1496/1418 1343/1495/1417 1381/1533/1454 
f 1381/1551/1472 1343/1572/1493 1407/1571/1492 1397/1552/1473 
f 1706/1907/1844 1702/1903/1840 1427/1602/1523 1426/1601/1522 
f 1705/1906/1843 1704/1905/1842 1453/1628/1551 1452/1627/1550 
f 1487/1662/1589 1703/1904/1841 1488/1663/1590 
f 1524/1699/1628 1701/1902/1839 1525/1700/1629 
f 1548/1723/1654 1707/1908/1845 1549/1724/1655 
f 1488/1663/1590 1703/1904/1841 1287/1439/1357 1561/1736/1667 
f 1576/1751/1684 1575/1750/1683 1574/1749/1682 1573/1748/1681 
f 1704/1905/1842 1703/1904/1841 1487/1662/1589 1453/1628/1551 
f 1701/1902/1839 1705/1906/1843 1452/1627/1550 1525/1700/1629 
f 1575/1750/1683 1613/1790/1723 1611/1788/1721 1574/1749/1682 
f 1613/1790/1723 1632/1810/1743 1631/1809/1742 1611/1788/1721 
f 1427/1602/1523 1702/1903/1840 1701/1902/1839 1524/1699/1628 
f 1707/1908/1845 1706/1907/1844 1426/1601/1522 1549/1724/1655 
f 1632/1810/1743 1398/1553/1474 1397/1552/1473 1631/1809/1742 
f 1379/1531/1452 1707/1908/1845 1548/1723/1654 1655/1834/1768 
f 1561/1736/1667 1287/1439/1357 1286/1438/1356 
f 1385/1870/1807 1576/1751/1684 1573/1748/1681 1332/1869/1806 
f 1380/1532/1453 1377/1529/1450 1379/1531/1452 1655/1834/1768 
f 1350/1502/1424 1567/1742/1673 1298/1450/1368 1297/1449/1367 
f 1296/1448/1366 1394/1546/1467 1348/1500/1422 1297/1449/1367 
f 1324/1476/1398 1323/1475/1397 1390/1542/1463 1389/1541/1462 
f 1390/1576/1497 1323/1579/1500 1412/1582/1503 1409/1577/1498 
f 1678/1857/1791 1671/1850/1784 1432/1607/1528 1431/1606/1527 
f 1458/1633/1556 1676/1855/1789 1673/1852/1786 1459/1634/1557 
f 1672/1851/1785 1675/1854/1788 1493/1668/1595 1492/1667/1594 
f 1670/1849/1783 1677/1856/1790 1528/1703/1632 1527/1702/1631 
f 1680/1861/1795 1679/1858/1792 1553/1728/1659 1552/1727/1658 
f 1675/1854/1788 1674/1853/1787 1563/1738/1669 1493/1668/1595 
f 1594/1769/1702 1593/1768/1701 1600/1775/1708 1599/1774/1707 
f 1673/1852/1786 1672/1851/1785 1492/1667/1594 1459/1634/1557 
f 1677/1856/1790 1676/1855/1789 1458/1633/1556 1528/1703/1632 
f 1600/1775/1708 1593/1768/1701 1622/1799/1732 1624/1801/1734 
f 1622/1799/1732 1641/1819/1752 1644/1822/1755 1624/1801/1734 
f 1671/1850/1784 1670/1849/1783 1527/1702/1631 1432/1607/1528 
f 1679/1858/1792 1678/1857/1791 1431/1606/1527 1553/1728/1659 
f 1644/1822/1755 1641/1819/1752 1410/1578/1499 1409/1577/1498 
f 1388/1540/1461 1680/1861/1795 1552/1727/1658 1660/1839/1773 
f 1563/1738/1669 1674/1853/1787 1299/1451/1369 1298/1450/1368 
f 1394/1878/1815 1594/1769/1702 1599/1774/1707 1348/1880/1817 
f 1386/1538/1459 1388/1540/1461 1660/1839/1773 1389/1541/1462 
f 1324/1476/1398 1659/1838/1772 1281/1433/1351 1280/1432/1350 
f 1280/1432/1350 1283/1435/1353 1372/1524/1445 1322/1474/1396 
f 1350/1502/1424 1349/1501/1423 1326/1478/1400 1325/1477/1399 
f 1322/1580/1501 1372/1586/1507 1414/1585/1506 1411/1581/1502 
f 1531/1706/1635 1441/1616/1537 1423/1598/1519 1422/1597/1518 
f 1476/1651/1576 1500/1675/1602 1471/1646/1571 1477/1652/1577 
f 1565/1740/1671 1501/1676/1603 1506/1681/1608 1505/1680/1607 
f 1470/1645/1570 1532/1707/1636 1516/1691/1618 1515/1690/1617 
f 1440/1615/1536 1560/1735/1666 1538/1713/1642 1537/1712/1641 
f 1313/1465/1385 1565/1740/1671 1505/1680/1607 1568/1743/1674 
f 1501/1676/1603 1500/1675/1602 1476/1651/1576 1506/1681/1608 
f 1602/1777/1710 1598/1773/1706 1597/1772/1705 1603/1778/1711 
f 1477/1652/1577 1471/1646/1571 1470/1645/1570 1515/1690/1617 
f 1597/1772/1705 1625/1802/1735 1626/1803/1736 1603/1778/1711 
f 1532/1707/1636 1531/1706/1635 1422/1597/1518 1516/1691/1618 
f 1626/1803/1736 1625/1802/1735 1643/1821/1754 1645/1823/1756 
f 1423/1598/1519 1441/1616/1537 1440/1615/1536 1537/1712/1641 
f 1643/1821/1754 1412/1582/1503 1411/1581/1502 1645/1823/1756 
f 1560/1735/1666 1559/1734/1665 1652/1831/1764 1538/1713/1642 
f 1314/1466/1386 1313/1465/1385 1568/1743/1674 1325/1477/1399 
f 1349/1879/1816 1598/1773/1706 1602/1777/1710 1326/1882/1819 
f 1559/1734/1665 1282/1434/1352 1281/1433/1351 1652/1831/1764 
f 1708/1909/1846 1709/1910/1847 1710/1911/1848 1311/1463/1383 
f 1681/1912/1849 1351/1503/1425 1303/1455/1373 1312/1464/1849 
f 1711/1913/1850 1712/1914/1851 1371/1523/1444 1370/1522/1443 
f 1713/1915/1852 1714/1916/1853 1468/1643/1567 1715/1917/1854 
f 1716/1918/1855 1717/1919/1856 1718/1920/1857 1469/1644/1568 
f 1719/1921/1858 1720/1922/1859 1721/1923/1860 1558/1733/1861 
f 1712/1914/1851 1722/1924/1862 1685/1886/1823 1371/1523/1444 
f 1709/1910/1847 1723/1925/1863 1724/1926/1864 1710/1911/1848 
f 1711/1913/1850 1725/1927/1865 1726/1928/1866 1712/1914/1851 
f 1727/1929/1867 1728/1930/1868 1719/1921/1869 1729/1931/1870 
f 1730/1932/1871 1731/1933/1872 1714/1916/1853 1713/1915/1852 
f 1732/1934/1873 1733/1935/1874 1717/1919/1856 1716/1918/1855 
f 1728/1930/1875 1734/1936/1876 1720/1922/1859 1719/1921/1858 
f 1735/1937/1877 1736/1938/1878 1737/1939/1879 1722/1924/1862 
f 1726/1928/1866 1735/1937/1877 1722/1924/1862 1712/1914/1851 
f 1738/1940/1880 1739/1941/1881 1740/1942/1882 1741/1943/1883 
f 1742/1944/1884 1743/1945/1885 1744/1946/1886 1745/1947/1887 
f 1746/1948/1888 1747/1949/1889 1748/1950/1890 1749/1951/1891 
f 1750/1952/1892 1751/1953/1893 1752/1954/1894 1753/1955/1895 
f 1743/1945/1896 1754/1956/1897 1755/1957/1898 1744/1946/1899 
f 1756/1958/1900 1757/1959/1901 1758/1960/1901 1759/1961/1902 
f 1760/1962/1903 1761/1963/1904 1762/1964/1905 1763/1965/1906 
f 1764/1966/1907 1765/1967/1908 1766/1968/1909 1767/1969/1910 
f 1765/1967/1908 1768/1970/1911 1769/1971/1912 1766/1968/1909 
f 1770/1972/1913 1771/1973/1914 1772/1974/1915 1773/1975/1916 
f 1774/1976/1917 1775/1977/1918 1776/1978/1919 1777/1979/1920 
f 1778/1980/1921 1779/1981/1922 1780/1982/1923 1781/1983/1924 
f 1367/1519/1441 1756/1958/1900 1759/1961/1902 1368/1520/1442 
f 1782/1984/1925 1783/1985/1926 1784/1986/1927 1762/1964/1905 1761/1963/1904 
f 1785/1987/1928 1786/1988/1929 1765/1967/1908 1764/1966/1907 
f 1787/1989/1930 1788/1990/1931 1778/1980/1932 1789/1991/1933 
f 1790/1992/1934 1791/1993/1935 1771/1973/1914 1770/1972/1913 
f 1792/1994/1936 1793/1995/1937 1775/1977/1918 1774/1976/1917 
f 1788/1990/1938 1794/1996/1939 1779/1981/1922 1778/1980/1921 
f 1795/1997/1940 1768/1970/1911 1796/1998/1941 1797/1999/1942 
f 1768/1970/1911 1765/1967/1908 1786/1988/1929 1796/1998/1943 
f 1405/1568/1489 1639/1817/1750 1694/1895/1832 1395/1548/1469 
f 1691/1892/1829 1684/1866/1801 1683/1865/1804 1798/2000/1944 
f 1693/1894/1831 1691/1892/1829 1798/2000/1944 1799/2001/1945 
f 1694/1895/1832 1693/1894/1831 1799/2001/1945 1800/2002/1946 
f 1395/1548/1469 1694/1895/1832 1800/2002/1946 1396/1549/1470 
f 1356/1550/1947 1396/1549/1948 1801/2003/1949 1370/2004/1950 
f 1798/2000/1951 1682/1864/1799 1802/2005/1952 
f 1798/2000/1951 1683/1865/1800 1682/1864/1799 
f 1799/2001/1953 1798/2000/1951 1802/2005/1952 
f 1800/2002/1954 1799/2001/1953 1802/2005/1952 
f 1396/1549/1948 1800/2002/1954 1802/2005/1952 1801/2003/1949 
f 1682/1864/1799 1681/1863/1798 1803/2006/1955 1804/2007/1956 
f 1370/2004/1950 1801/2003/1949 1805/2008/1957 1711/2009/1958 
f 1802/2005/1952 1682/1864/1799 1804/2007/1956 1806/2010/1959 
f 1801/2003/1949 1802/2005/1952 1806/2010/1959 1805/2008/1957 
f 1711/2009/1958 1805/2008/1957 1725/2011/1960 
f 1807/2012/1961 1805/2008/1957 1808/2013/1962 
f 1804/2007/1956 1756/2014/1963 1367/2015/1964 
f 1767/2016/1965 1805/2008/1957 1764/2017/1966 
f 1367/2015/1964 1366/2018/1967 1809/2019/1968 1804/2007/1956 
f 1764/2017/1966 1805/2008/1957 1810/2020/1969 1785/2021/1970 
f 1806/2010/1959 1811/2022/1959 1810/2020/1969 1805/2008/1957 
f 1808/2023/1971 1812/2024/1972 1813/2025/1973 1807/2026/1974 
f 1814/2027/1975 1813/2025/1973 1812/2024/1972 1815/2028/1976 
f 1795/1997/1940 1816/2029/1977 1769/1971/1912 1768/1970/1911 
f 1789/1991/1933 1778/1980/1932 1781/1983/1978 1817/2030/1979 
f 1818/2031/1980 1819/2032/1981 1742/1944/1884 1745/1947/1887 
f 1760/1962/1903 1763/1965/1906 1739/1941/1881 1738/1940/1880 
f 1817/2030/1979 1781/1983/1978 1743/1945/1885 1742/1944/1884 
f 1773/1975/1916 1772/1974/1915 1747/1949/1889 1746/1948/1888 
f 1750/1952/1892 1777/1979/1920 1776/1978/1919 1751/1953/1893 
f 1781/1983/1924 1780/1982/1923 1754/1956/1897 1743/1945/1896 
f 1757/1959/1901 1803/2033/1982 1820/2034/1983 1758/1960/1901 
f 1805/2008/1957 1767/2016/1965 1808/2013/1962 
f 1767/1969/1910 1766/1968/1909 1812/2024/1972 1808/2023/1971 
f 1766/1968/1909 1769/1971/1912 1815/2028/1976 1812/2024/1972 
f 1769/1971/1912 1816/2029/1977 1819/2032/1981 1815/2028/1976 
f 1741/1943/1883 1740/1942/1882 1724/1926/1864 1723/1925/1863 
f 1807/2026/1974 1813/2025/1973 1726/1928/1866 1725/1927/1865 
f 1745/1947/1887 1744/1946/1886 1728/1930/1868 1727/1929/1867 
f 1749/1951/1891 1748/1950/1890 1731/1933/1872 1730/1932/1871 
f 1753/1955/1895 1752/1954/1894 1733/1935/1874 1732/1934/1873 
f 1744/1946/1899 1755/1957/1898 1734/1936/1876 1728/1930/1875 
f 1814/2027/1975 1818/2031/1980 1736/1938/1878 1735/1937/1877 
f 1813/2025/1973 1814/2027/1975 1735/1937/1877 1726/1928/1866 
f 1803/2006/1955 1757/2035/1984 1804/2007/1956 
f 1805/2008/1957 1807/2012/1961 1725/2011/1960 
f 1803/2033/1982 1821/2036/1985 1820/2034/1983 
f 1803/2033/1982 1822/2037/1986 1821/2036/1985 
f 1681/1912/1849 1312/1464/1849 1822/2037/1986 1803/2033/1982 
f 1730/1932/1871 1713/1915/1852 1720/1922/1859 1734/1936/1876 
f 1746/1948/1888 1749/1951/1891 1755/1957/1898 1754/1956/1897 
f 1770/1972/1913 1773/1975/1916 1780/1982/1923 1779/1981/1922 
f 1773/1975/1916 1746/1948/1888 1754/1956/1897 1780/1982/1923 
f 1749/1951/1891 1730/1932/1871 1734/1936/1876 1755/1957/1898 
f 1723/1925/1863 1709/1910/1847 1717/1919/1856 1733/1935/1874 
f 1738/1940/1880 1741/1943/1883 1752/1954/1894 1751/1953/1893 
f 1761/1963/1904 1760/1962/1903 1776/1978/1919 1775/1977/1918 
f 1804/2007/1956 1809/2019/1968 1811/2022/1959 1806/2010/1959 
f 1760/1962/1903 1738/1940/1880 1751/1953/1893 1776/1978/1919 
f 1741/1943/1883 1723/1925/1863 1733/1935/1874 1752/1954/1894 
f 1731/1933/1872 1732/1934/1873 1716/1918/1855 1714/1916/1853 
f 1750/1952/1892 1753/1955/1895 1748/1950/1890 1747/1949/1889 
f 1774/1976/1917 1777/1979/1920 1772/1974/1915 1771/1973/1914 
f 1777/1979/1920 1750/1952/1892 1747/1949/1889 1772/1974/1915 
f 1753/1955/1895 1732/1934/1873 1731/1933/1872 1748/1950/1890 
f 1727/1929/1867 1729/1931/1870 1737/1939/1879 1736/1938/1878 
f 1787/1989/1987 1789/1991/1930 1795/1997/1933 1797/1999/1940 
f 1789/1991/1933 1817/2030/1979 1816/2029/1977 1795/1997/1940 
f 1814/2027/1975 1815/2028/1976 1819/2032/1981 1818/2031/1980 
f 1817/2030/1979 1742/1944/1884 1819/2032/1981 1816/2029/1977 
f 1745/1947/1887 1727/1929/1867 1736/1938/1878 1818/2031/1980 
f 1821/2036/1988 1822/2037/1989 1710/1911/1848 1724/1926/1864 
f 1758/1960/1990 1820/2034/1991 1740/1942/1882 1739/1941/1881 
f 1368/1520/1992 1759/1961/1993 1763/1965/1906 1762/1964/1905 
f 1369/1521/1994 1368/1520/1992 1762/1964/1905 1784/1986/1927 
f 1759/1961/1993 1758/1960/1990 1739/1941/1881 1763/1965/1906 
f 1820/2034/1991 1821/2036/1988 1724/1926/1864 1740/1942/1882 
f 1722/1924/1862 1737/1939/1879 1823/2038/1995 1685/1886/1823 
f 1729/1931/1870 1557/1732/1663 1823/2038/1995 1737/1939/1879 
f 1729/1931/1870 1719/1921/1869 1558/1733/1664 1557/1732/1663 
f 1720/1922/1859 1713/1915/1852 1715/1917/1854 1721/1923/1860 
f 1714/1916/1853 1716/1918/1855 1469/1644/1568 1468/1643/1567 
f 1717/1919/1856 1709/1910/1847 1708/1909/1846 1718/1920/1857 
f 1822/2037/1989 1312/1464/1384 1311/1463/1383 1710/1911/1848 
f 1650/1829/1762 1662/1841/1775 1685/1886/1823 1823/2038/1995 
f 1650/1829/1762 1823/2038/1995 1557/1732/1663 1435/1610/1531 
f 1610/1787/1996 1436/1611/1997 1558/1733/1861 1721/1923/1860 
f 1610/1787/1996 1721/1923/1860 1715/1917/1854 
f 1462/1637/1566 1610/1787/1996 1715/1917/1854 1468/1643/1567 
f 1495/1670/1998 1463/1638/1569 1469/1644/1568 1718/1920/1857 
f 1495/1670/1998 1718/1920/1857 1708/1909/1846 1496/1671/1999 
f 1302/1454/1382 1496/1671/1999 1708/1909/1846 1311/1463/1383 
f 1757/2035/1984 1756/2014/1963 1804/2007/1956 
f 1770/1972/1913 1779/1981/1922 1794/1996/1939 1790/1992/1934 
f 1761/1963/1904 1775/1977/1918 1793/1995/1937 1782/1984/1925 
f 1774/1976/1917 1771/1973/1914 1791/1993/1935 1792/1994/1936 
f 1824/2039/2000 1825/2040/2001 1826/2041/2002 1827/2042/2003 
f 1828/2043/2004 1829/2044/2005 1830/2045/2006 1831/2046/2007 
f 1832/2047/2008 1833/2048/2009 1834/2049/2010 1835/2050/2011 
f 1836/2051/2012 1837/2052/2013 1838/2053/2014 1839/2054/2015 
f 1840/2055/2016 1841/2056/2017 1842/2057/2018 1843/2058/2019 
f 1844/2059/2020 1845/2060/2021 1846/2061/2022 1847/2062/2023 
f 1848/2063/2024 1849/2064/2025 1850/2065/2026 1851/2066/2027 
f 1852/2067/2028 1853/2068/2029 1837/2052/2013 1854/2069/2030 
f 1855/2070/2031 1856/2071/2032 1857/2072/2033 1858/2073/2034 
f 1851/2066/2035 1859/2074/2036 1860/2075/2037 1848/2063/2038 
f 1861/2076/2039 1856/2071/2032 1855/2070/2031 1862/2077/2040 
f 1849/2064/2025 1853/2068/2029 1863/2078/2041 1850/2065/2026 
f 1864/2079/2042 1865/2080/2043 1824/2039/2000 1827/2042/2003 
f 1866/2081/2044 1867/2082/2045 1868/2083/2046 1858/2073/2034 
f 1824/2039/2047 1865/2080/2047 1869/2084/2048 1825/2040/2049 
f 1870/2085/2050 1871/2086/2051 1830/2045/2006 1872/2087/2052 
f 1873/2088/2053 1874/2089/2054 1875/2090/2055 1862/2077/2040 
f 1876/2091/2056 1877/2092/2057 1878/2093/2058 1879/2094/2059 
f 1880/2095/2060 1881/2096/2061 1835/2050/2011 1840/2055/2016 
f 1882/2097/2062 1883/2098/2063 1884/2099/2064 1885/2100/2065 
f 1886/2101/2066 1887/2102/2067 1888/2103/2068 1839/2054/2015 
f 1889/2104/2069 1890/2105/2070 1891/2106/2071 1892/2107/2072 
f 1893/2108/2073 1880/2095/2060 1840/2055/2016 1843/2058/2019 
f 1890/2105/2070 1894/2109/2074 1895/2110/2075 1891/2106/2071 
f 1896/2111/2076 1897/2112/2077 1847/2062/2023 1898/2113/2078 
f 1850/2065/2026 1899/2114/2079 1900/2115/2080 1851/2066/2027 
f 1901/2116/2081 1902/2117/2082 1903/2118/2083 1904/2119/2084 
f 1905/2120/2085 1906/2121/2086 1854/2069/2030 1836/2051/2012 
f 1907/2122/2087 1908/2123/2088 1909/2124/2089 1910/2125/2090 
f 1868/2083/2046 1911/2126/2091 1855/2070/2031 1858/2073/2034 
f 1912/2127/2092 1864/2079/2042 1827/2042/2003 1913/2128/2093 
f 1914/2129/2094 1915/2130/2095 1366/1518/1440 1369/1521/1440 
f 1901/2116/2081 1916/2131/2096 1917/2132/2097 1902/2117/2082 
f 1855/2070/2031 1911/2126/2091 1873/2088/2053 1862/2077/2040 
f 1831/2046/2007 1918/2133/2098 1912/2127/2092 1913/2128/2093 
f 1904/2119/2084 1903/2118/2083 1919/2134/2099 1920/2135/2100 
f 1921/2136/2101 1922/2137/2102 1863/2078/2041 1852/2067/2028 
f 1923/2138/2103 1924/2139/2104 1925/2140/2105 1878/2093/2058 
f 1923/2138/2103 1926/2141/2106 1927/2142/2107 1928/2143/2108 
f 1832/2047/2008 1929/2144/2109 1930/2145/2110 1931/2146/2111 
f 1932/2147/2112 1933/2148/2113 1934/2149/2114 1895/2110/2075 
f 1935/2150/2115 1936/2151/2116 1937/2152/2117 1932/2147/2112 
f 1938/2153/2118 1939/2154/2119 1940/2155/2120 1844/2059/2020 
f 1941/2156/2121 1942/2157/2122 1903/2158/2123 1902/2159/2124 
f 1943/2160/2125 1944/2161/2126 1927/2162/2127 1926/2163/2128 
f 1945/2164/2129 1946/2165/2130 1877/2166/2131 1876/2167/2132 
f 1882/2168/2133 1947/2169/2134 1948/2170/2135 1883/2171/2136 
f 1949/2172/2137 1950/2173/2138 1908/2174/2139 1907/2175/2140 
f 1942/2157/2122 1951/2176/2141 1919/2177/2142 1903/2158/2123 
f 1952/2178/2143 1953/2179/2144 1890/2180/2145 1889/2181/2146 
f 1953/2179/2144 1954/2182/2147 1894/2183/2148 1890/2180/2145 
f 1935/2184/2149 1955/2185/2150 1956/2186/2151 1936/2187/2152 
f 1870/2188/2153 1957/2189/2154 1958/2190/2155 1871/2191/2156 
f 1959/2192/2157 1960/2193/2158 1912/2194/2159 1918/2195/2160 
f 1912/2194/2159 1960/2193/2158 1961/2196/2161 1864/2197/2162 
f 1864/2197/2162 1961/2196/2161 1869/2198/2163 1865/2199/2164 
f 1962/2200/2165 1963/2201/2166 1964/2202/2167 1965/2203/2168 
f 1966/2204/2169 1967/2205/2170 1968/2206/2171 1969/2207/2172 
f 1970/2208/2173 1971/2209/2174 1972/2210/2175 1973/2211/2176 
f 1970/2208/2173 1973/2211/2176 1974/2212/2177 1975/2213/2178 
f 1966/2204/2169 1976/2214/2179 1977/2215/2180 1978/2216/2181 
f 1979/2217/2182 1980/2218/2183 1981/2219/2184 1982/2220/2185 
f 1962/2200/2165 1983/2221/2186 1984/2222/2187 1985/2223/2188 
f 1983/2221/2186 1986/2224/2189 1987/2225/2190 1984/2222/2187 
f 1963/2201/2191 1988/2226/2192 1964/2202/2193 
f 1989/2227/2194 1990/2228/2195 1991/2229/2196 1992/2230/2197 
f 1975/2213/2178 1993/2231/2198 1994/2232/2199 1995/2233/2200 
f 1996/2234/2201 1997/2235/2202 1998/2236/2203 1999/2237/2204 
f 1996/2234/2201 1999/2237/2204 2000/2238/2205 2001/2239/2206 
f 2002/2240/2207 2003/2241/2208 2004/2242/2209 2005/2243/2210 
f 2006/2244/2211 2007/2245/2212 2008/2246/2213 2009/2247/2214 
f 2010/2248/2215 2011/2249/2216 2012/2250/2217 2013/2251/2218 
f 2014/2252/2219 2015/2253/2220 2008/2246/2221 2007/2245/2222 
f 2011/2249/2216 2016/2254/2223 2017/2255/2224 2012/2250/2217 
f 2018/2256/2225 2019/2257/2226 2020/2258/2227 2010/2248/2215 
f 2021/2259/2228 2022/2260/2229 2023/2261/2230 2002/2240/2207 
f 2018/2256/2231 2024/2262/2232 2019/2257/2233 
f 2025/2263/2234 2026/2264/2235 2027/2265/2236 2028/2266/2237 
f 2001/2239/2206 2029/2267/2238 2030/2268/2239 2031/2269/2240 
f 2032/2270/2241 2033/2271/2242 2034/2272/2243 2035/2273/2244 
f 2036/2274/2245 2035/2273/2244 2034/2272/2243 2031/2269/2240 
f 2037/2275/2246 2038/2276/2247 2039/2277/2248 2023/2261/2230 
f 2040/2278/2249 2041/2279/2250 2042/2280/2251 
f 2043/2281/2252 2044/2282/2253 2020/2258/2227 2045/2283/2254 
f 2043/2281/2252 2046/2284/2255 2047/2285/2256 2044/2282/2253 
f 2045/2283/2254 2048/2286/2257 2049/2287/2258 
f 2037/2275/2246 2050/2288/2259 2051/2289/2260 2052/2290/2261 
f 2026/2264/2235 2053/2291/2262 1838/2053/2014 2027/2265/2236 
f 2054/2292/2263 2055/2293/2264 2056/2294/2265 2036/2274/2245 
f 2057/2295/2266 2058/2296/2267 2059/2297/2268 2013/2251/2218 
f 2060/2298/2269 2061/2299/2270 2062/2300/2271 2005/2243/2210 
f 2058/2296/2272 2063/2301/2273 2059/2297/2274 
f 1991/2229/2196 1990/2228/2195 2064/2302/2275 2065/2303/2276 
f 2066/2304/2277 2067/2305/2278 2000/2238/2205 2068/2306/2279 
f 2069/2307/2280 2070/2308/2281 2071/2309/2282 2072/2310/2283 
f 2068/2306/2279 2072/2310/2283 2071/2309/2282 1995/2233/2200 
f 2060/2298/2269 2073/2311/2284 2074/2312/2285 1969/2207/2172 
f 2057/2295/2266 2075/2313/2286 2076/2314/2287 1965/2203/2168 
f 2075/2313/2286 2077/2315/2288 2078/2316/2289 2076/2314/2287 
f 2079/2317/2290 2080/2318/2291 2081/2319/2292 1985/2223/2188 
f 2082/2320/2293 2083/2321/2294 2084/2322/2295 1978/2216/2181 
f 2080/2318/2296 1869/2084/2048 2081/2319/2297 
f 2085/2323/2298 2086/2324/2299 2087/2325/2300 2088/2326/2301 
f 2089/2327/2302 2090/2328/2303 1974/2212/2177 2091/2329/2304 
f 2092/2330/2305 2093/2331/2306 2094/2332/2307 2095/2333/2308 
f 2092/2330/2305 2095/2333/2308 2096/2334/2309 2091/2329/2304 
f 2097/2335/2310 2098/2336/2311 2099/2337/2312 2082/2320/2293 
f 2079/2317/2290 2100/2338/2313 2101/2339/2314 2102/2340/2315 
f 2103/2341/2316 1981/2219/2184 1980/2218/2183 2104/2342/2317 
f 2100/2338/2313 2105/2343/2318 2106/2344/2319 2101/2339/2314 
f 2107/2345/2320 2032/2270/2241 2035/2273/2244 2108/2346/2321 
f 2108/2346/2321 2035/2273/2244 2036/2274/2245 2056/2294/2265 
f 2052/2290/2261 2109/2347/2322 2038/2276/2247 2037/2275/2246 
f 1849/2064/2025 1848/2063/2024 2041/2279/2250 2040/2278/2249 
f 2110/2348/2323 2043/2281/2252 2045/2283/2254 2049/2287/2258 
f 2111/2349/2324 2046/2284/2255 2043/2281/2252 2110/2348/2323 
f 2048/2286/2257 2112/2350/2325 1857/2072/2033 2049/2287/2258 
f 2051/2289/2260 2113/2351/2326 2114/2352/2327 2052/2290/2261 
f 2048/2286/2328 2115/2353/2329 2112/2350/2330 
f 2055/2293/2264 2116/2354/2331 1842/2057/2018 2056/2294/2265 
f 2019/2257/2226 2048/2286/2257 2045/2283/2254 2020/2258/2227 
f 2023/2261/2230 2022/2260/2229 2050/2288/2259 2037/2275/2246 
f 2019/2257/2233 2024/2262/2232 2115/2353/2329 2048/2286/2328 
f 2031/2269/2240 2030/2268/2239 2054/2292/2263 2036/2274/2245 
f 2117/2355/2332 2118/2356/2333 2119/2357/2334 2120/2358/2335 
f 2121/2359/2336 2122/2360/2337 2123/2361/2338 2124/2362/2339 
f 2125/2363/2340 2126/2364/2341 2127/2365/2342 2128/2366/2343 
f 2129/2367/2344 2130/2368/2345 2131/2369/2346 2132/2370/2347 
f 2133/2371/2348 2134/2372/2349 2135/2373/2350 2136/2374/2351 
f 2137/2375/2352 2117/2355/2332 2120/2358/2335 2138/2376/2353 
f 2139/2377/2354 2140/2378/2355 2141/2379/2356 2142/2380/2357 
f 2143/2381/2358 2144/2382/2359 2145/2383/2360 2146/2384/2361 
f 2147/2385/2362 2148/2386/2363 2149/2387/2364 2150/2388/2365 
f 2151/2389/2366 2150/2388/2365 2149/2387/2364 2152/2390/2367 
f 2151/2389/2366 2152/2390/2367 2153/2391/2368 2154/2392/2369 
f 2154/2392/2369 2153/2391/2368 2115/2393/2370 2024/2394/2371 
f 2033/2271/2242 1997/2235/2202 1996/2234/2201 2034/2272/2243 
f 2031/2269/2240 2034/2272/2243 1996/2234/2201 2001/2239/2206 
f 2039/2277/2248 2003/2241/2208 2002/2240/2207 2023/2261/2230 
f 2042/2280/2251 2007/2245/2212 2006/2244/2211 2040/2278/2249 
f 2020/2258/2227 2044/2282/2253 2011/2249/2216 2010/2248/2215 
f 2044/2282/2253 2047/2285/2256 2016/2254/2223 2011/2249/2216 
f 1999/2237/2204 1998/2236/2203 2069/2307/2280 2072/2310/2283 
f 1999/2237/2204 2072/2310/2283 2068/2306/2279 2000/2238/2205 
f 2005/2243/2210 2004/2242/2209 2073/2311/2284 2060/2298/2269 
f 2009/2247/2214 2008/2246/2213 2155/2395/2372 2156/2396/2373 
f 2013/2251/2218 2012/2250/2217 2075/2313/2286 2057/2295/2266 
f 2012/2250/2217 2017/2255/2224 2077/2315/2288 2075/2313/2286 
f 2059/2297/2268 2018/2256/2225 2010/2248/2215 2013/2251/2218 
f 2062/2300/2271 2021/2259/2228 2002/2240/2207 2005/2243/2210 
f 2059/2297/2274 2063/2301/2273 2024/2262/2232 2018/2256/2231 
f 2065/2303/2276 2064/2302/2275 2025/2263/2234 2028/2266/2237 
f 2067/2305/2278 2029/2267/2238 2001/2239/2206 2000/2238/2205 
f 2157/2397/2374 2118/2356/2333 2117/2355/2332 2158/2398/2375 
f 2159/2399/2376 2160/2400/2377 2122/2360/2337 2121/2359/2336 
f 2161/2401/2378 2126/2364/2341 2125/2363/2340 2162/2402/2379 
f 2163/2403/2380 2164/2404/2381 2129/2367/2344 2132/2370/2347 
f 2165/2405/2382 2166/2406/2383 2134/2372/2349 2133/2371/2348 
f 2158/2398/2375 2117/2355/2332 2137/2375/2352 2167/2407/2384 
f 2168/2408/2385 2169/2409/2386 2140/2378/2355 2139/2377/2354 
f 2170/2410/2387 2144/2382/2359 2143/2381/2358 2171/2411/2388 
f 2172/2412/2389 2147/2385/2362 2150/2388/2365 2173/2413/2390 
f 2174/2414/2391 2173/2413/2390 2150/2388/2365 2151/2389/2366 
f 2174/2414/2391 2151/2389/2366 2154/2392/2369 2175/2415/2392 
f 2175/2415/2392 2154/2392/2369 2024/2394/2371 2063/2416/2393 
f 1965/2203/2168 1964/2202/2167 2058/2296/2267 2057/2295/2266 
f 1969/2207/2172 1968/2206/2171 2061/2299/2270 2060/2298/2269 
f 1964/2202/2193 1988/2226/2192 2063/2301/2273 2058/2296/2272 
f 1995/2233/2200 1994/2232/2199 2066/2304/2277 2068/2306/2279 
f 2176/2417/2394 2177/2418/2395 2157/2397/2374 2158/2398/2375 
f 2178/2419/2396 2179/2420/2397 2160/2400/2377 2159/2399/2376 
f 2180/2421/2398 2181/2422/2399 2161/2401/2378 2162/2402/2379 
f 2182/2423/2400 2183/2424/2401 2164/2404/2381 2163/2403/2380 
f 2184/2425/2402 2185/2426/2403 2166/2406/2383 2165/2405/2382 
f 2176/2417/2394 2158/2398/2375 2167/2407/2384 2186/2427/2404 
f 2187/2428/2405 2188/2429/2406 2169/2409/2386 2168/2408/2385 
f 2189/2430/2407 2190/2431/2408 2170/2410/2387 2171/2411/2388 
f 2191/2432/2409 2172/2412/2389 2173/2413/2390 2192/2433/2410 
f 2193/2434/2411 2192/2433/2410 2173/2413/2390 2174/2414/2391 
f 2193/2434/2411 2174/2414/2391 2175/2415/2392 2194/2435/2412 
f 2194/2435/2412 2175/2415/2392 2063/2416/2393 1988/2436/2413 
f 2070/2308/2281 1971/2209/2174 1970/2208/2173 2071/2309/2282 
f 1995/2233/2200 2071/2309/2282 1970/2208/2173 1975/2213/2178 
f 1969/2207/2172 2074/2312/2285 1976/2214/2179 1966/2204/2169 
f 2155/2395/2372 1980/2218/2183 1979/2217/2182 2156/2396/2373 
f 1965/2203/2168 2076/2314/2287 1983/2221/2186 1962/2200/2165 
f 2076/2314/2287 2078/2316/2289 1986/2224/2189 1983/2221/2186 
f 1973/2211/2176 1972/2210/2175 2093/2331/2306 2092/2330/2305 
f 1974/2212/2177 1973/2211/2176 2092/2330/2305 2091/2329/2304 
f 1978/2216/2181 1977/2215/2180 2097/2335/2310 2082/2320/2293 
f 1982/2220/2185 1981/2219/2184 2195/2437/2414 2196/2438/2415 
f 1985/2223/2188 1984/2222/2187 2100/2338/2313 2079/2317/2290 
f 1984/2222/2187 1987/2225/2190 2105/2343/2318 2100/2338/2313 
f 1985/2223/2188 2081/2319/2292 1963/2201/2166 1962/2200/2165 
f 2084/2322/2295 1967/2205/2170 1966/2204/2169 1978/2216/2181 
f 2081/2319/2297 1869/2084/2048 1988/2226/2192 1963/2201/2191 
f 2088/2326/2301 2087/2325/2300 1989/2227/2194 1992/2230/2197 
f 2090/2328/2303 1993/2231/2198 1975/2213/2178 1974/2212/2177 
f 1952/2178/2143 1944/2161/2126 2177/2418/2395 2176/2417/2394 
f 1943/2160/2125 1946/2165/2130 2179/2420/2397 2178/2419/2396 
f 1945/2164/2129 1948/2170/2135 2181/2422/2399 2180/2421/2398 
f 1947/2169/2134 1950/2173/2138 2183/2424/2401 2182/2423/2400 
f 1949/2172/2137 1951/2176/2141 2185/2426/2403 2184/2425/2402 
f 1952/2178/2143 2176/2417/2394 2186/2427/2404 1953/2179/2144 
f 1955/2185/2150 1954/2182/2147 2188/2429/2406 2187/2428/2405 
f 1956/2186/2151 2190/2431/2408 2189/2430/2407 1957/2189/2154 
f 1958/2190/2155 2191/2432/2409 2192/2433/2410 1959/2192/2157 
f 1960/2193/2158 1959/2192/2157 2192/2433/2410 2193/2434/2411 
f 1960/2193/2158 2193/2434/2411 2194/2435/2412 1961/2196/2161 
f 1961/2196/2161 2194/2435/2412 1988/2436/2413 1869/2198/2163 
f 2102/2340/2315 2197/2439/2416 2080/2318/2291 2079/2317/2290 
f 2099/2337/2312 2198/2440/2417 2083/2321/2294 2082/2320/2293 
f 2197/2439/2418 1869/2084/2048 2080/2318/2296 
f 2199/2441/2419 2089/2327/2302 2091/2329/2304 2096/2334/2309 
f 2094/2332/2307 2200/2442/2420 2201/2443/2421 2095/2333/2308 
f 2085/2323/2298 2202/2444/2422 2203/2445/2423 
f 2096/2334/2309 2095/2333/2308 2201/2443/2421 2204/2446/2424 
f 2098/2336/2311 2205/2447/2425 2206/2448/2426 2099/2337/2312 
f 2195/2437/2414 2207/2449/2427 2208/2450/2428 2196/2438/2415 
f 2209/2451/2429 2210/2452/2430 2211/2453/2431 
f 2102/2340/2315 2101/2339/2314 2212/2454/2432 1826/2041/2002 
f 2101/2339/2314 2106/2344/2319 1828/2043/2004 2212/2454/2432 
f 2213/2455/2433 2214/2456/2434 2215/2457/2435 
f 1895/2110/2075 1894/2109/2074 1935/2150/2115 1932/2147/2112 
f 1895/2110/2075 1934/2149/2114 2204/2446/2424 1891/2106/2071 
f 1940/2155/2120 1939/2154/2119 1893/2108/2073 1843/2058/2019 
f 1954/2182/2147 1955/2185/2150 1935/2184/2149 1894/2183/2148 
f 1994/2232/2199 1993/2231/2198 2216/2458/2436 2217/2459/2437 
f 2030/2268/2239 2029/2267/2238 2218/2460/2438 2219/2461/2439 
f 2055/2293/2264 2054/2292/2263 2220/2462/2440 2221/2463/2441 
f 2067/2305/2278 2066/2304/2277 2222/2464/2442 2223/2465/2443 
f 2090/2328/2303 2089/2327/2302 2224/2466/2444 2225/2467/2445 
f 2116/2354/2331 1845/2060/2021 1844/2059/2020 1940/2155/2120 
f 1939/2468/2446 2141/2379/2356 2138/2376/2353 1893/2469/2447 
f 2030/2268/2239 2219/2461/2439 2220/2462/2440 2054/2292/2263 
f 2140/2378/2355 2137/2375/2352 2138/2376/2353 2141/2379/2356 
f 2067/2305/2278 2223/2465/2443 2218/2460/2438 2029/2267/2238 
f 2169/2409/2386 2167/2407/2384 2137/2375/2352 2140/2378/2355 
f 2066/2304/2277 1994/2232/2199 2217/2459/2437 2222/2464/2442 
f 2188/2429/2406 2186/2427/2404 2167/2407/2384 2169/2409/2386 
f 1993/2231/2198 2090/2328/2303 2225/2467/2445 2216/2458/2436 
f 1954/2182/2147 1953/2179/2144 2186/2427/2404 2188/2429/2406 
f 2089/2327/2302 2199/2441/2419 2226/2470/2448 2224/2466/2444 
f 1834/2049/2010 2107/2345/2320 2108/2346/2321 1841/2056/2017 
f 1841/2056/2017 2108/2346/2321 2056/2294/2265 1842/2057/2018 
f 1846/2061/2022 2109/2347/2322 2052/2290/2261 2114/2352/2327 
f 1856/2071/2032 2110/2348/2323 2049/2287/2258 1857/2072/2033 
f 1856/2071/2032 1861/2076/2039 2111/2349/2324 2110/2348/2323 
f 2112/2350/2325 1866/2081/2044 1858/2073/2034 1857/2072/2033 
f 2113/2351/2326 1875/2090/2055 1898/2113/2078 2114/2352/2327 
f 2112/2350/2330 2115/2353/2329 1867/2082/2449 1866/2081/2449 
f 2053/2291/2262 1931/2146/2111 1886/2101/2066 1838/2053/2014 
f 2116/2354/2331 1940/2155/2120 1843/2058/2019 1842/2057/2018 
f 2227/2471/2450 2228/2472/2451 1900/2473/2452 2229/2474/2453 
f 2230/2475/2454 2229/2474/2455 1900/2473/2456 1899/2476/2457 
f 2120/2358/2335 2119/2357/2334 1881/2477/2458 1880/2478/2459 
f 2124/2362/2339 2123/2361/2338 1930/2479/2460 1929/2480/2461 
f 2127/2365/2342 1888/2481/2462 1887/2482/2463 2128/2366/2343 
f 2130/2368/2345 1906/2483/2464 1905/2484/2465 2131/2369/2346 
f 2136/2374/2351 2135/2373/2350 1922/2485/2466 1921/2486/2467 
f 2120/2358/2335 1880/2478/2459 1893/2469/2447 2138/2376/2353 
f 2141/2379/2356 1939/2468/2446 1938/2487/2468 2142/2380/2357 
f 2146/2384/2361 2145/2383/2360 1897/2488/2469 1896/2489/2470 
f 2149/2387/2364 2148/2386/2363 1874/2490/2471 1873/2491/2472 
f 2152/2390/2367 2149/2387/2364 1873/2491/2472 1911/2492/2473 
f 2152/2390/2367 1911/2492/2473 1868/2493/2474 2153/2391/2368 
f 2153/2391/2368 1868/2493/2474 1867/2494/2475 2115/2393/2370 
f 2116/2354/2331 2055/2293/2264 2221/2463/2441 1845/2060/2021 
f 1825/2040/2001 2197/2439/2416 2102/2340/2315 1826/2041/2002 
f 2206/2448/2426 1829/2044/2005 2198/2440/2417 2099/2337/2312 
f 1825/2040/2049 1869/2084/2048 2197/2439/2418 
f 2203/2445/2423 1925/2140/2105 2086/2324/2299 2085/2323/2298 
f 1933/2148/2113 2226/2470/2448 2199/2441/2419 1934/2149/2114 
f 2200/2442/2420 1928/2143/2108 1892/2107/2072 2201/2443/2421 
f 2203/2445/2423 2202/2444/2422 1884/2099/2064 1879/2094/2059 
f 2204/2446/2424 2201/2443/2421 1892/2107/2072 1891/2106/2071 
f 2205/2447/2425 1937/2152/2117 1872/2087/2052 2206/2448/2426 
f 2207/2449/2427 1901/2116/2081 1904/2119/2084 2208/2450/2428 
f 2210/2452/2430 1909/2124/2089 1885/2100/2065 2211/2453/2431 
f 1826/2041/2002 2212/2454/2432 1913/2128/2093 1827/2042/2003 
f 2207/2449/2427 2231/2495/2476 1916/2131/2096 1901/2116/2081 
f 2212/2454/2432 1828/2043/2004 1831/2046/2007 1913/2128/2093 
f 2214/2456/2434 1920/2135/2100 1910/2125/2090 2215/2457/2435 
f 1934/2149/2114 2199/2441/2419 2096/2334/2309 2204/2446/2424 
f 1863/2078/2041 1853/2068/2029 1852/2067/2028 
f 1920/2135/2100 1919/2134/2099 1907/2122/2087 1910/2125/2090 
f 1922/2137/2102 1899/2114/2079 1850/2065/2026 1863/2078/2041 
f 1951/2176/2141 1949/2172/2137 1907/2175/2140 1919/2177/2142 
f 2232/2496/2477 1979/2217/2182 1982/2220/2185 2233/2497/2478 
f 2234/2498/2479 2006/2244/2211 2009/2247/2214 2235/2499/2480 
f 1853/2068/2029 1849/2064/2025 2040/2278/2249 2236/2500/2481 
f 2134/2372/2349 2237/2501/2482 2230/2475/2454 2135/2373/2350 
f 2236/2500/2481 2040/2278/2249 2006/2244/2211 2234/2498/2479 
f 2238/2502/2483 2235/2499/2480 2009/2247/2214 2156/2396/2373 
f 2166/2406/2383 2239/2503/2484 2237/2501/2482 2134/2372/2349 
f 2185/2426/2403 2240/2504/2485 2239/2503/2484 2166/2406/2383 
f 2232/2496/2477 2238/2502/2483 2156/2396/2373 1979/2217/2182 
f 2233/2497/2478 1982/2220/2185 2196/2438/2415 2213/2455/2433 
f 2214/2456/2434 2213/2455/2433 2196/2438/2415 2208/2450/2428 
f 2135/2373/2350 2230/2475/2454 1899/2476/2457 1922/2485/2466 
f 1920/2135/2100 2214/2456/2434 2208/2450/2428 1904/2119/2084 
f 1854/2069/2030 1837/2052/2013 1836/2051/2012 
f 1854/2069/2030 1906/2121/2086 1921/2136/2101 1852/2067/2028 
f 1908/2123/2088 1882/2097/2062 1885/2100/2065 1909/2124/2089 
f 1950/2173/2138 1947/2169/2134 1882/2168/2133 1908/2174/2139 
f 2241/2505/2486 2232/2496/2477 2233/2497/2478 2242/2506/2487 
f 2243/2507/2488 2234/2498/2479 2235/2499/2480 2244/2508/2489 
f 2245/2509/2490 1837/2052/2013 1853/2068/2029 2236/2500/2481 
f 2130/2368/2345 2129/2367/2344 2133/2371/2348 2136/2374/2351 
f 2243/2507/2488 2245/2509/2490 2236/2500/2481 2234/2498/2479 
f 2244/2508/2489 2235/2499/2480 2238/2502/2483 2246/2510/2491 
f 2164/2404/2381 2165/2405/2382 2133/2371/2348 2129/2367/2344 
f 2183/2424/2401 2184/2425/2402 2165/2405/2382 2164/2404/2381 
f 2241/2505/2486 2246/2510/2491 2238/2502/2483 2232/2496/2477 
f 2242/2506/2487 2233/2497/2478 2213/2455/2433 2209/2451/2429 
f 1950/2173/2138 1949/2172/2137 2184/2425/2402 2183/2424/2401 
f 2210/2452/2430 2209/2451/2429 2213/2455/2433 2215/2457/2435 
f 1906/2483/2464 2130/2368/2345 2136/2374/2351 1921/2486/2467 
f 2210/2452/2430 2215/2457/2435 1910/2125/2090 1909/2124/2089 
f 1839/2054/2015 1838/2053/2014 1886/2101/2066 
f 1883/2098/2063 1876/2091/2056 1879/2094/2059 1884/2099/2064 
f 1839/2054/2015 1888/2103/2068 1905/2120/2085 1836/2051/2012 
f 1948/2170/2135 1945/2164/2129 1876/2167/2132 1883/2171/2136 
f 1992/2230/2197 2241/2505/2486 2242/2506/2487 2088/2326/2301 
f 2028/2266/2237 2243/2507/2488 2244/2508/2489 2065/2303/2276 
f 2027/2265/2236 1838/2053/2014 1837/2052/2013 2245/2509/2490 
f 2126/2364/2341 2132/2370/2347 2131/2369/2346 2127/2365/2342 
f 2028/2266/2237 2027/2265/2236 2245/2509/2490 2243/2507/2488 
f 2065/2303/2276 2244/2508/2489 2246/2510/2491 1991/2229/2196 
f 2161/2401/2378 2163/2403/2380 2132/2370/2347 2126/2364/2341 
f 2181/2422/2399 2182/2423/2400 2163/2403/2380 2161/2401/2378 
f 1992/2230/2197 1991/2229/2196 2246/2510/2491 2241/2505/2486 
f 2088/2326/2301 2242/2506/2487 2209/2451/2429 2085/2323/2298 
f 1948/2170/2135 1947/2169/2134 2182/2423/2400 2181/2422/2399 
f 2202/2444/2422 2085/2323/2298 2209/2451/2429 2211/2453/2431 
f 1888/2481/2462 2127/2365/2342 2131/2369/2346 1905/2484/2465 
f 2202/2444/2422 2211/2453/2431 1885/2100/2065 1884/2099/2064 
f 1877/2092/2057 1926/2141/2106 1923/2138/2103 1878/2093/2058 
f 1925/2140/2105 2203/2445/2423 1879/2094/2059 1878/2093/2058 
f 1931/2146/2111 1930/2145/2110 1887/2102/2067 1886/2101/2066 
f 1946/2165/2130 1943/2160/2125 1926/2163/2128 1877/2166/2131 
f 1990/2228/2195 1989/2227/2194 2247/2511/2492 2248/2512/2493 
f 2026/2264/2235 2025/2263/2234 2249/2513/2494 2250/2514/2495 
f 2053/2291/2262 2026/2264/2235 2250/2514/2495 1833/2048/2009 
f 1990/2228/2195 2248/2512/2493 2251/2515/2496 2064/2302/2275 
f 2086/2324/2299 2252/2516/2497 2253/2517/2498 2087/2325/2300 
f 2122/2360/2337 2125/2363/2340 2128/2366/2343 2123/2361/2338 
f 2064/2302/2275 2251/2515/2496 2249/2513/2494 2025/2263/2234 
f 2160/2400/2377 2162/2402/2379 2125/2363/2340 2122/2360/2337 
f 2179/2420/2397 2180/2421/2398 2162/2402/2379 2160/2400/2377 
f 2087/2325/2300 2253/2517/2498 2247/2511/2492 1989/2227/2194 
f 1946/2165/2130 1945/2164/2129 2180/2421/2398 2179/2420/2397 
f 1931/2146/2111 2053/2291/2262 1833/2048/2009 1832/2047/2008 
f 2123/2361/2338 2128/2366/2343 1887/2482/2463 1930/2479/2460 
f 2086/2324/2299 1925/2140/2105 1924/2139/2104 2252/2516/2497 
f 1834/2049/2010 1841/2056/2017 1840/2055/2016 1835/2050/2011 
f 1835/2050/2011 1881/2096/2061 1929/2144/2109 1832/2047/2008 
f 1928/2143/2108 1927/2142/2107 1889/2104/2069 1892/2107/2072 
f 1927/2162/2127 1944/2161/2126 1952/2178/2143 1889/2181/2146 
f 1971/2209/2174 2247/2511/2492 2253/2517/2498 1972/2210/2175 
f 1997/2235/2202 2249/2513/2494 2251/2515/2496 1998/2236/2203 
f 2033/2271/2242 2032/2270/2241 2250/2514/2495 
f 2070/2308/2281 2069/2307/2280 2248/2512/2493 
f 2094/2332/2307 2093/2331/2306 2252/2516/2497 
f 2032/2270/2241 2107/2345/2320 1833/2048/2009 2250/2514/2495 
f 2118/2356/2333 2121/2359/2336 2124/2362/2339 2119/2357/2334 
f 2033/2271/2242 2250/2514/2495 2249/2513/2494 1997/2235/2202 
f 1998/2236/2203 2251/2515/2496 2248/2512/2493 2069/2307/2280 
f 2157/2397/2374 2159/2399/2376 2121/2359/2336 2118/2356/2333 
f 2177/2418/2395 2178/2419/2396 2159/2399/2376 2157/2397/2374 
f 1971/2209/2174 2070/2308/2281 2248/2512/2493 2247/2511/2492 
f 1972/2210/2175 2253/2517/2498 2252/2516/2497 2093/2331/2306 
f 1944/2161/2126 1943/2160/2125 2178/2419/2396 2177/2418/2395 
f 2094/2332/2307 2252/2516/2497 1924/2139/2104 2200/2442/2420 
f 2107/2345/2320 1834/2049/2010 1833/2048/2009 
f 2119/2357/2334 2124/2362/2339 1929/2480/2461 1881/2477/2458 
f 1928/2143/2108 2200/2442/2420 1924/2139/2104 1923/2138/2103 
f 1846/2061/2022 2114/2352/2327 1898/2113/2078 1847/2062/2023 
f 1897/2112/2077 1938/2153/2118 1844/2059/2020 1847/2062/2023 
f 1936/2151/2116 1870/2085/2050 1872/2087/2052 1937/2152/2117 
f 1936/2187/2152 1956/2186/2151 1957/2189/2154 1870/2188/2153 
f 1976/2214/2179 2216/2458/2436 2225/2467/2445 1977/2215/2180 
f 2004/2242/2209 2003/2241/2208 2218/2460/2438 2223/2465/2443 
f 2038/2276/2247 2220/2462/2440 2219/2461/2439 2039/2277/2248 
f 2073/2311/2284 2222/2464/2442 2217/2459/2437 2074/2312/2285 
f 2097/2335/2310 2224/2466/2444 2226/2470/2448 2098/2336/2311 
f 2109/2347/2322 2221/2463/2441 2220/2462/2440 2038/2276/2247 
f 2144/2382/2359 2139/2377/2354 2142/2380/2357 2145/2383/2360 
f 2039/2277/2248 2219/2461/2439 2218/2460/2438 2003/2241/2208 
f 2004/2242/2209 2223/2465/2443 2222/2464/2442 2073/2311/2284 
f 2144/2382/2359 2170/2410/2387 2168/2408/2385 2139/2377/2354 
f 2190/2431/2408 2187/2428/2405 2168/2408/2385 2170/2410/2387 
f 2074/2312/2285 2217/2459/2437 2216/2458/2436 1976/2214/2179 
f 1977/2215/2180 2225/2467/2445 2224/2466/2444 2097/2335/2310 
f 2190/2431/2408 1956/2186/2151 1955/2185/2150 2187/2428/2405 
f 2098/2336/2311 2226/2470/2448 1933/2148/2113 2205/2447/2425 
f 2109/2347/2322 1846/2061/2022 1845/2060/2021 2221/2463/2441 
f 2145/2383/2360 2142/2380/2357 1938/2487/2468 1897/2488/2469 
f 2205/2447/2425 1933/2148/2113 1932/2147/2112 1937/2152/2117 
f 1829/2044/2005 2206/2448/2426 1872/2087/2052 1830/2045/2006 
f 1830/2045/2006 1871/2086/2051 1918/2133/2098 1831/2046/2007 
f 1874/2089/2054 1896/2111/2076 1898/2113/2078 1875/2090/2055 
f 1871/2191/2156 1958/2190/2155 1959/2192/2157 1918/2195/2160 
f 1967/2205/2170 1986/2224/2189 2078/2316/2289 1968/2206/2171 
f 2022/2260/2229 2021/2259/2228 2016/2254/2223 2047/2285/2256 
f 2050/2288/2259 2046/2284/2255 2111/2349/2324 2051/2289/2260 
f 2061/2299/2270 2077/2315/2288 2017/2255/2224 2062/2300/2271 
f 2083/2321/2294 2105/2343/2318 1987/2225/2190 2084/2322/2295 
f 2051/2289/2260 2111/2349/2324 1861/2076/2039 2113/2351/2326 
f 2022/2260/2229 2047/2285/2256 2046/2284/2255 2050/2288/2259 
f 2148/2386/2363 2147/2385/2362 2143/2381/2358 2146/2384/2361 
f 2021/2259/2228 2062/2300/2271 2017/2255/2224 2016/2254/2223 
f 2172/2412/2389 2171/2411/2388 2143/2381/2358 2147/2385/2362 
f 1968/2206/2171 2078/2316/2289 2077/2315/2288 2061/2299/2270 
f 2172/2412/2389 2191/2432/2409 2189/2430/2407 2171/2411/2388 
f 1967/2205/2170 2084/2322/2295 1987/2225/2190 1986/2224/2189 
f 1958/2190/2155 1957/2189/2154 2189/2430/2407 2191/2432/2409 
f 2198/2440/2417 2106/2344/2319 2105/2343/2318 2083/2321/2294 
f 2113/2351/2326 1861/2076/2039 1862/2077/2040 1875/2090/2055 
f 2148/2386/2363 2146/2384/2361 1896/2489/2470 1874/2490/2471 
f 1829/2044/2005 1828/2043/2004 2106/2344/2319 2198/2440/2417 
f 2254/2518/2499 1860/2075/2037 2255/2519/2500 2256/2520/2501 
f 2228/2521/2502 1859/2074/2502 1851/2066/2027 1900/2115/2080 
f 1916/2131/2096 2257/2522/2503 2258/2523/2504 1917/2132/2097 
f 2015/2253/2220 2259/2524/2505 2260/2525/2506 2261/2526/2507 
f 2262/2527/2508 2263/2528/2509 2264/2529/2510 2014/2252/2219 
f 2265/2530/2511 2266/2531/2512 2267/2532/2513 2104/2342/2514 
f 2231/2495/2476 2268/2533/2515 2257/2522/2503 1916/2131/2096 
f 2256/2520/2501 2255/2519/2500 2269/2534/2516 2270/2535/2517 
f 2258/2523/2504 2257/2522/2503 2271/2536/2518 2272/2537/2519 
f 2267/2532/2520 2273/2538/2521 2274/2539/2522 2275/2540/2523 
f 2259/2524/2505 2276/2541/2524 2277/2542/2525 2260/2525/2506 
f 2263/2528/2509 2278/2543/2526 2279/2544/2527 2264/2529/2510 
f 2266/2531/2512 2280/2545/2528 2273/2538/2529 2267/2532/2513 
f 2281/2546/2530 2282/2547/2531 2283/2548/2532 2268/2533/2515 
f 2268/2533/2515 2283/2548/2532 2271/2536/2518 2257/2522/2503 
f 2284/2549/2533 2285/2550/2534 2286/2551/2535 2287/2552/2536 
f 2288/2553/2537 2289/2554/2538 2290/2555/2539 2291/2556/2540 
f 2292/2557/2541 2293/2558/2542 2294/2559/2543 2295/2560/2544 
f 2296/2561/2545 2297/2562/2546 2298/2563/2547 2299/2564/2548 
f 2300/2565/2549 2301/2566/2550 2289/2554/2551 2288/2553/2552 
f 2302/2567/2553 2303/2568/2554 2304/2569/2555 2305/2570/2555 
f 2306/2571/2556 2307/2572/2557 2308/2573/2558 2309/2574/2559 
f 2310/2575/2560 2311/2576/2561 2312/2577/2562 2313/2578/2563 
f 2314/2579/2564 2315/2580/2565 2311/2576/2561 2310/2575/2560 
f 2316/2581/2566 2317/2582/2567 2318/2583/2568 2319/2584/2569 
f 2320/2585/2570 2321/2586/2571 2322/2587/2572 2323/2588/2573 
f 2324/2589/2574 2325/2590/2575 2326/2591/2576 2327/2592/2577 
f 1915/2130/2095 1914/2129/2094 2303/2568/2554 2302/2567/2553 
f 1782/1984/1925 2309/2574/2559 2308/2573/2558 
f 1782/1984/1925 2308/2573/2558 1784/1986/1927 
f 1782/1984/1925 1784/1986/1927 1783/1985/1926 
f 2311/2576/2561 1786/1988/1929 1785/1987/1928 2312/2577/2562 
f 2326/2591/2578 1788/1990/1931 1787/1989/1930 2328/2593/2579 
f 2317/2582/2567 1791/1993/1935 1790/1992/1934 2318/2583/2568 
f 2321/2586/2571 1793/1995/1937 1792/1994/1936 2322/2587/2572 
f 2325/2590/2575 1794/1996/1939 1788/1990/1938 2326/2591/2576 
f 2315/2580/2565 2329/2594/2580 1797/1999/2581 1796/1998/1942 
f 2315/2580/2565 1796/1998/1941 1786/1988/1943 2311/2576/1929 
f 1951/2176/2141 1942/2157/2122 2240/2504/2485 2185/2426/2403 
f 2237/2501/2482 2330/2595/2582 2229/2474/2455 2230/2475/2454 
f 2239/2503/2484 2331/2596/2583 2330/2595/2582 2237/2501/2482 
f 2240/2504/2485 2332/2597/2584 2331/2596/2583 2239/2503/2484 
f 1942/2157/2122 1941/2156/2121 2332/2597/2584 2240/2504/2485 
f 1902/2159/2585 1917/2598/2586 2333/2599/2587 1941/2156/2588 
f 2330/2595/2589 2334/2600/2590 2227/2471/2450 
f 2330/2595/2589 2227/2471/2450 2229/2474/2453 
f 2331/2596/2591 2334/2600/2590 2330/2595/2589 
f 2332/2597/2592 2334/2600/2590 2331/2596/2591 
f 1941/2156/2588 2333/2599/2587 2334/2600/2590 2332/2597/2592 
f 2227/2471/2450 2335/2601/2593 2336/2602/2594 2228/2472/2451 
f 1917/2598/2586 2258/2603/2595 2337/2604/2596 2333/2599/2587 
f 2334/2600/2590 2338/2605/1959 2335/2601/2593 2227/2471/2450 
f 2333/2599/2587 2337/2604/2596 2338/2605/1959 2334/2600/2590 
f 2258/2603/2595 2272/2606/2597 2337/2604/2596 
f 2339/2607/2598 2340/2608/2599 2337/2604/2596 
f 2335/2601/2593 1915/2609/2600 2302/2610/2601 
f 2313/2611/2602 2312/2612/2603 2337/2604/2596 
f 1809/2019/1968 1366/2018/1967 1915/2609/2600 2335/2601/2593 
f 2312/2612/2603 1785/2021/1970 1810/2020/1969 2337/2604/2596 
f 1810/2020/1969 1811/2022/1959 2338/2605/1959 2337/2604/2596 
f 2341/2613/2604 2342/2614/2605 2340/2615/2606 2339/2616/2607 
f 2343/2617/2608 2344/2618/2609 2342/2614/2605 2341/2613/2604 
f 2314/2579/2564 2345/2619/2610 2329/2594/2580 2315/2580/2565 
f 2328/2593/2579 2346/2620/2611 2327/2592/2612 2326/2591/2578 
f 2290/2555/2539 2347/2621/2613 2348/2622/2614 2291/2556/2540 
f 2285/2550/2534 2307/2572/2557 2306/2571/2556 2286/2551/2535 
f 2289/2554/2538 2327/2592/2612 2346/2620/2611 2290/2555/2539 
f 2293/2558/2542 2316/2581/2566 2319/2584/2569 2294/2559/2543 
f 2298/2563/2547 2297/2562/2546 2320/2585/2570 2323/2588/2573 
f 2301/2566/2550 2324/2589/2574 2327/2592/2577 2289/2554/2551 
f 2305/2570/2555 2304/2569/2555 2349/2623/2615 2336/2624/2616 
f 2337/2604/2596 2340/2608/2599 2313/2611/2602 
f 2342/2614/2605 2310/2575/2560 2313/2578/2563 2340/2615/2606 
f 2344/2618/2609 2314/2579/2564 2310/2575/2560 2342/2614/2605 
f 2347/2621/2613 2345/2619/2610 2314/2579/2564 2344/2618/2609 
f 2269/2534/2516 2284/2549/2533 2287/2552/2536 2270/2535/2517 
f 2271/2536/2518 2341/2613/2604 2339/2616/2607 2272/2537/2519 
f 2273/2538/2521 2288/2553/2537 2291/2556/2540 2274/2539/2522 
f 2276/2541/2524 2292/2557/2541 2295/2560/2544 2277/2542/2525 
f 2278/2543/2526 2296/2561/2545 2299/2564/2548 2279/2544/2527 
f 2280/2545/2528 2300/2565/2549 2288/2553/2552 2273/2538/2529 
f 2282/2547/2531 2348/2622/2614 2343/2617/2608 2283/2548/2532 
f 2283/2548/2532 2343/2617/2608 2341/2613/2604 2271/2536/2518 
f 2336/2602/2594 2335/2601/2593 2305/2625/2617 
f 2337/2604/2596 2272/2606/2597 2339/2607/2598 
f 2336/2624/2616 2349/2623/2615 2350/2626/2618 
f 2336/2624/2616 2350/2626/2618 2351/2627/2619 
f 2351/2627/2619 1859/2074/2502 2228/2521/2502 2336/2624/2616 
f 2266/2531/2512 2260/2525/2506 2277/2542/2525 2280/2545/2528 
f 2300/2565/2549 2295/2560/2544 2294/2559/2543 2301/2566/2550 
f 2324/2589/2574 2319/2584/2569 2318/2583/2568 2325/2590/2575 
f 2301/2566/2550 2294/2559/2543 2319/2584/2569 2324/2589/2574 
f 2280/2545/2528 2277/2542/2525 2295/2560/2544 2300/2565/2549 
f 2263/2528/2509 2256/2520/2501 2270/2535/2517 2278/2543/2526 
f 2296/2561/2545 2287/2552/2536 2286/2551/2535 2297/2562/2546 
f 2320/2585/2570 2306/2571/2556 2309/2574/2559 2321/2586/2571 
f 2335/2601/2593 2338/2605/1959 1811/2022/1959 1809/2019/1968 
f 2297/2562/2546 2286/2551/2535 2306/2571/2556 2320/2585/2570 
f 2278/2543/2526 2270/2535/2517 2287/2552/2536 2296/2561/2545 
f 2276/2541/2524 2259/2524/2505 2264/2529/2510 2279/2544/2527 
f 2292/2557/2541 2299/2564/2548 2298/2563/2547 2293/2558/2542 
f 2316/2581/2566 2323/2588/2573 2322/2587/2572 2317/2582/2567 
f 2293/2558/2542 2298/2563/2547 2323/2588/2573 2316/2581/2566 
f 2276/2541/2524 2279/2544/2527 2299/2564/2548 2292/2557/2541 
f 2281/2546/2530 2275/2540/2523 2274/2539/2522 2282/2547/2531 
f 1797/1999/1987 2329/2594/2581 2328/2593/2580 1787/1989/2579 
f 2345/2619/2610 2346/2620/2611 2328/2593/2579 2329/2594/2580 
f 2347/2621/2613 2344/2618/2609 2343/2617/2608 2348/2622/2614 
f 2347/2621/2613 2290/2555/2539 2346/2620/2611 2345/2619/2610 
f 2282/2547/2531 2274/2539/2522 2291/2556/2540 2348/2622/2614 
f 2255/2519/2500 2351/2627/2620 2350/2626/2621 2269/2534/2516 
f 2284/2549/2533 2349/2623/2622 2304/2569/2623 2285/2550/2534 
f 2307/2572/2557 2303/2568/2624 1914/2129/2625 2308/2573/2558 
f 2308/2573/2558 1914/2129/2625 1369/1521/1994 1784/1986/1927 
f 2285/2550/2534 2304/2569/2623 2303/2568/2624 2307/2572/2557 
f 2269/2534/2516 2350/2626/2621 2349/2623/2622 2284/2549/2533 
f 2352/2628/2626 2281/2546/2530 2268/2533/2515 2231/2495/2476 
f 2352/2628/2626 2103/2341/2316 2275/2540/2523 2281/2546/2530 
f 2275/2540/2523 2103/2341/2316 2104/2342/2317 2267/2532/2520 
f 2266/2531/2512 2265/2530/2511 2261/2526/2507 2260/2525/2506 
f 2259/2524/2505 2015/2253/2220 2014/2252/2219 2264/2529/2510 
f 2263/2528/2509 2262/2527/2508 2254/2518/2499 2256/2520/2501 
f 1860/2075/2037 1859/2074/2036 2351/2627/2620 2255/2519/2500 
f 2195/2437/2414 2352/2628/2626 2231/2495/2476 2207/2449/2427 
f 2103/2341/2316 2352/2628/2626 2195/2437/2414 1981/2219/2184 
f 2155/2395/2627 2265/2530/2511 2104/2342/2514 1980/2218/2628 
f 2155/2395/2627 2261/2526/2507 2265/2530/2511 
f 2008/2246/2221 2015/2253/2220 2261/2526/2507 2155/2395/2627 
f 2042/2280/2629 2262/2527/2508 2014/2252/2219 2007/2245/2222 
f 2254/2518/2499 2262/2527/2508 2042/2280/2629 2041/2279/2630 
f 1848/2063/2038 1860/2075/2037 2254/2518/2499 2041/2279/2630 
f 2305/2625/2617 2335/2601/2593 2302/2610/2601 
f 1794/1996/1939 2325/2590/2575 2318/2583/2568 1790/1992/1934 
f 1793/1995/1937 2321/2586/2571 2309/2574/2559 1782/1984/1925 
f 1791/1993/1935 2317/2582/2567 2322/2587/2572 1792/1994/1936 
f 2353/2629/2631 2354/2630/2632 2355/2631/2633 2356/2632/2634 
f 2354/2630/2632 2357/2633/2635 2358/2634/2636 2355/2631/2633 
f 2359/2635/2637 2360/2636/2638 2361/2637/2639 2362/2638/2640 
f 2357/2633/2635 2359/2635/2637 2362/2638/2640 2358/2634/2636 
f 2363/2639/2641 2364/2640/2642 2365/2641/2643 2366/2642/2644 
f 2364/2640/2642 2367/2643/2645 2368/2644/2646 2365/2641/2643 
f 2369/2645/2647 2353/2629/2631 2356/2632/2634 2370/2646/2648 
f 2367/2643/2645 2369/2645/2647 2370/2646/2648 2368/2644/2646 
f 2371/2647/2649 2372/2648/2650 2373/2649/2651 2374/2650/2652 
f 2375/2651/2653 2376/2652/2654 2371/2647/2649 2374/2650/2652 
f 2377/2653/2655 2378/2654/2656 2372/2648/2650 2371/2647/2649 
f 2371/2647/2649 2376/2652/2654 2379/2655/2657 2377/2653/2655 
f 2380/2656/2658 2381/2657/2659 2382/2658/2660 2383/2659/2661 
f 2377/2653/2655 2379/2655/2657 2381/2657/2659 2380/2656/2658 
f 2383/2659/2661 2384/2660/2662 2385/2661/2663 2380/2656/2658 
f 2380/2656/2658 2385/2661/2663 2378/2654/2656 2377/2653/2655 
f 2386/2662/2664 2387/2663/2665 2388/2664/2666 2389/2665/2667 
f 2390/2666/2668 2391/2667/2669 2386/2662/2664 2389/2665/2667 
f 2392/2668/2670 2393/2669/2671 2387/2663/2665 2386/2662/2664 
f 2391/2667/2669 2394/2670/2672 2392/2668/2670 2386/2662/2664 
f 2395/2671/2673 2396/2672/2674 2375/2651/2653 2374/2650/2652 
f 2392/2668/2670 2394/2670/2672 2396/2672/2674 2395/2671/2673 
f 2374/2650/2652 2373/2649/2651 2397/2673/2675 2395/2671/2673 
f 2395/2671/2673 2397/2673/2675 2393/2669/2671 2392/2668/2670 
f 2360/2636/2638 2398/2674/2676 2399/2675/2677 2361/2637/2639 
f 2398/2674/2676 2400/2676/2678 2401/2677/2679 2399/2675/2677 
f 2402/2678/2680 2403/2679/2681 2404/2680/2682 2405/2681/2683 
f 2400/2676/2678 2402/2678/2680 2405/2681/2683 2401/2677/2679 
f 2406/2682/2684 2407/2683/2685 2408/2684/2686 2409/2685/2687 
f 2407/2683/2685 2410/2686/2688 2411/2687/2689 2408/2684/2686 
f 2412/2688/2690 2413/2689/2691 2414/2690/2692 2415/2691/2693 
f 2410/2686/2688 2412/2688/2690 2415/2691/2693 2411/2687/2689 
f 2416/2692/2694 2417/2693/2695 2414/2690/2692 2413/2689/2691 
f 2418/2694/2696 2419/2695/2697 2417/2693/2695 2416/2692/2694 
f 2420/2696/2698 2421/2697/2699 2422/2698/2700 2423/2699/2701 
f 2419/2695/2697 2418/2694/2696 2421/2697/2699 2420/2696/2698 
f 2424/2700/2702 2425/2701/2703 2426/2702/2704 2427/2703/2705 
f 2428/2704/2706 2429/2705/2707 2425/2701/2703 2424/2700/2702 
f 2430/2706/2708 2431/2707/2709 2432/2708/2710 2433/2709/2711 
f 2430/2706/2708 2434/2710/2712 2435/2711/2713 2431/2707/2709 
f 2384/2712/2662 2436/2713/2714 2437/2714/2715 2438/2715/2716 
f 2428/2704/2706 2435/2711/2713 2437/2714/2715 2436/2713/2714 
f 2439/2716/2717 2436/2713/2714 2384/2712/2662 2383/2717/2661 
f 2429/2705/2707 2428/2704/2706 2436/2713/2714 2439/2716/2717 
f 2388/2664/2666 2387/2663/2665 2440/2718/2718 2441/2719/2719 
f 2393/2669/2671 2442/2720/2720 2440/2718/2718 2387/2663/2665 
f 2443/2721/2721 2444/2722/2722 2445/2723/2723 2446/2724/2724 
f 2447/2725/2725 2442/2720/2720 2444/2722/2722 2443/2721/2721 
f 2427/2703/2705 2448/2726/2726 2449/2727/2727 2432/2708/2710 
f 2450/2728/2728 2451/2729/2729 2449/2727/2727 2448/2726/2726 
f 2452/2730/2730 2448/2726/2726 2427/2703/2705 2426/2702/2704 
f 2453/2731/2731 2450/2728/2728 2448/2726/2726 2452/2730/2730 
f 2388/2664/2666 2454/2732/2732 2455/2733/2733 2389/2665/2667 
f 2450/2728/2728 2453/2731/2731 2455/2733/2733 2454/2732/2732 
f 2456/2734/2734 2457/2735/2735 2441/2719/2719 2458/2736/2736 
f 2459/2737/2737 2451/2729/2729 2457/2735/2735 2456/2734/2734 
f 2373/2649/2651 2372/2648/2650 2460/2738/2738 2445/2723/2723 
f 2378/2654/2656 2461/2739/2739 2460/2738/2738 2372/2648/2650 
f 2462/2740/2740 2463/2741/2741 2438/2742/2716 2464/2743/2742 
f 2465/2744/2743 2461/2739/2739 2463/2741/2741 2462/2740/2740 
f 2466/2745/2744 2467/2746/2745 2468/2747/2746 2469/2748/2747 
f 2470/2749/2748 2471/2750/2749 2468/2747/2746 2467/2746/2745 
f 2472/2751/2750 2473/2752/2751 2474/2753/2752 2475/2754/2753 
f 2474/2753/2752 2473/2752/2751 2471/2750/2749 2470/2749/2748 
f 2476/2755/2754 2477/2756/2755 2478/2757/2756 2479/2758/2757 
f 2478/2757/2756 2477/2756/2755 2480/2759/2758 2481/2760/2759 
f 2482/2761/2760 2483/2762/2761 2484/2763/2762 2485/2764/2763 
f 2481/2760/2759 2480/2759/2758 2484/2763/2762 2483/2762/2761 
f 2466/2745/2744 2469/2748/2747 2486/2765/2764 2487/2766/2765 
f 2486/2765/2764 2488/2767/2766 2489/2768/2767 2487/2766/2765 
f 2490/2769/2768 2491/2770/2769 2476/2755/2754 2479/2758/2757 
f 2489/2768/2767 2488/2767/2766 2491/2770/2769 2490/2769/2768 
f 2482/2761/2760 2485/2764/2763 2492/2771/2770 2493/2772/2771 
f 2492/2771/2770 2494/2773/2772 2495/2774/2773 2493/2772/2771 
f 2496/2775/2774 2497/2776/2775 2472/2777/2750 2475/2778/2753 
f 2495/2774/2773 2494/2773/2772 2497/2776/2775 2496/2775/2774 
f 2466/2745/2744 2363/2639/2641 2498/2779/2776 2467/2746/2745 
f 2467/2746/2745 2498/2779/2776 2499/2780/2777 2470/2749/2748 
f 2500/2781/2778 2498/2779/2776 2363/2639/2641 2366/2642/2644 
f 2501/2782/2779 2499/2780/2777 2498/2779/2776 2500/2781/2778 
f 2403/2783/2681 2502/2784/2780 2503/2785/2781 2404/2786/2682 
f 2499/2780/2777 2501/2782/2779 2503/2785/2781 2502/2784/2780 
f 2474/2753/2752 2502/2784/2780 2403/2783/2681 2475/2754/2753 
f 2470/2749/2748 2499/2780/2777 2502/2784/2780 2474/2753/2752 
f 2478/2757/2756 2354/2630/2632 2353/2629/2631 2479/2758/2757 
f 2481/2760/2759 2357/2633/2635 2354/2630/2632 2478/2757/2756 
f 2482/2761/2760 2360/2636/2638 2359/2635/2637 2483/2762/2761 
f 2483/2762/2761 2359/2635/2637 2357/2633/2635 2481/2760/2759 
f 2487/2766/2765 2364/2640/2642 2363/2639/2641 2466/2745/2744 
f 2489/2768/2767 2367/2643/2645 2364/2640/2642 2487/2766/2765 
f 2479/2758/2757 2353/2629/2631 2369/2645/2647 2490/2769/2768 
f 2490/2769/2768 2369/2645/2647 2367/2643/2645 2489/2768/2767 
f 2493/2772/2771 2398/2674/2676 2360/2636/2638 2482/2761/2760 
f 2495/2774/2773 2400/2676/2678 2398/2674/2676 2493/2772/2771 
f 2475/2778/2753 2403/2679/2681 2402/2678/2680 2496/2775/2774 
f 2496/2775/2774 2402/2678/2680 2400/2676/2678 2495/2774/2773 
f 2504/2787/2782 2505/2788/2783 2506/2789/2784 2507/2790/2785 
f 2508/2791/2786 2509/2792/2787 2505/2788/2783 2504/2787/2782 
f 2422/2793/2700 2510/2794/2788 2511/2795/2789 2423/2796/2701 
f 2509/2792/2787 2508/2791/2786 2511/2795/2789 2510/2794/2788 
f 2512/2797/2790 2513/2798/2791 2406/2682/2684 2409/2685/2687 
f 2514/2799/2792 2515/2800/2793 2513/2798/2791 2512/2797/2790 
f 2516/2801/2794 2517/2802/2795 2507/2790/2785 2506/2789/2784 
f 2515/2800/2793 2514/2799/2792 2517/2802/2795 2516/2801/2794 
f 2455/2733/2733 2518/2803/2796 2390/2666/2668 2389/2665/2667 
f 2455/2733/2733 2453/2731/2731 2519/2804/2797 2518/2803/2796 
f 2426/2702/2704 2520/2805/2798 2521/2806/2799 2452/2730/2730 
f 2452/2730/2730 2521/2806/2799 2519/2804/2797 2453/2731/2731 
f 2425/2701/2703 2522/2807/2800 2520/2805/2798 2426/2702/2704 
f 2429/2705/2707 2523/2808/2801 2522/2807/2800 2425/2701/2703 
f 2382/2809/2660 2524/2810/2802 2439/2716/2717 2383/2717/2661 
f 2524/2810/2802 2523/2808/2801 2429/2705/2707 2439/2716/2717 
f 2431/2707/2709 2424/2700/2702 2427/2703/2705 2432/2708/2710 
f 2428/2704/2706 2424/2700/2702 2431/2707/2709 2435/2711/2713 
f 2525/2811/2803 2464/2812/2742 2438/2715/2716 2437/2714/2715 
f 2434/2710/2712 2525/2811/2803 2437/2714/2715 2435/2711/2713 
f 2526/2813/2804 2458/2736/2736 2441/2719/2719 2440/2718/2718 
f 2447/2725/2725 2526/2813/2804 2440/2718/2718 2442/2720/2720 
f 2444/2722/2722 2397/2673/2675 2373/2649/2651 2445/2723/2723 
f 2393/2669/2671 2397/2673/2675 2444/2722/2722 2442/2720/2720 
f 2527/2814/2805 2433/2709/2711 2432/2708/2710 2449/2727/2727 
f 2459/2737/2737 2527/2814/2805 2449/2727/2727 2451/2729/2729 
f 2454/2732/2732 2388/2664/2666 2441/2719/2719 2457/2735/2735 
f 2451/2729/2729 2450/2728/2728 2454/2732/2732 2457/2735/2735 
f 2528/2815/2806 2446/2724/2724 2445/2723/2723 2460/2738/2738 
f 2465/2744/2743 2528/2815/2806 2460/2738/2738 2461/2739/2739 
f 2463/2741/2741 2385/2661/2663 2384/2660/2662 2438/2742/2716 
f 2378/2654/2656 2385/2661/2663 2463/2741/2741 2461/2739/2739 
f 2506/2789/2784 2505/2788/2783 2376/2652/2654 2375/2651/2653 
f 2505/2788/2783 2509/2792/2787 2379/2655/2657 2376/2652/2654 
f 2381/2657/2659 2510/2794/2788 2422/2793/2700 2382/2658/2660 
f 2509/2792/2787 2510/2794/2788 2381/2657/2659 2379/2655/2657 
f 2406/2682/2684 2513/2798/2791 2391/2667/2669 2390/2666/2668 
f 2513/2798/2791 2515/2800/2793 2394/2670/2672 2391/2667/2669 
f 2396/2672/2674 2516/2801/2794 2506/2789/2784 2375/2651/2653 
f 2515/2800/2793 2516/2801/2794 2396/2672/2674 2394/2670/2672 
f 2518/2803/2796 2407/2683/2685 2406/2682/2684 2390/2666/2668 
f 2410/2686/2688 2407/2683/2685 2518/2803/2796 2519/2804/2797 
f 2520/2805/2798 2413/2689/2691 2412/2688/2690 2521/2806/2799 
f 2412/2688/2690 2410/2686/2688 2519/2804/2797 2521/2806/2799 
f 2522/2807/2800 2416/2692/2694 2413/2689/2691 2520/2805/2798 
f 2523/2808/2801 2418/2694/2696 2416/2692/2694 2522/2807/2800 
f 2422/2698/2700 2421/2697/2699 2524/2810/2802 2382/2809/2660 
f 2524/2810/2802 2421/2697/2699 2418/2694/2696 2523/2808/2801 
f 2430/2706/2708 2433/2709/2711 2469/2748/2747 2468/2747/2746 
f 2471/2750/2749 2434/2710/2712 2430/2706/2708 2468/2747/2746 
f 2464/2812/2742 2525/2811/2803 2473/2752/2751 2472/2751/2750 
f 2525/2811/2803 2434/2710/2712 2471/2750/2749 2473/2752/2751 
f 2458/2736/2736 2526/2813/2804 2477/2756/2755 2476/2755/2754 
f 2526/2813/2804 2447/2725/2725 2480/2759/2758 2477/2756/2755 
f 2443/2721/2721 2446/2724/2724 2485/2764/2763 2484/2763/2762 
f 2480/2759/2758 2447/2725/2725 2443/2721/2721 2484/2763/2762 
f 2469/2748/2747 2433/2709/2711 2527/2814/2805 2486/2765/2764 
f 2527/2814/2805 2459/2737/2737 2488/2767/2766 2486/2765/2764 
f 2491/2770/2769 2456/2734/2734 2458/2736/2736 2476/2755/2754 
f 2459/2737/2737 2456/2734/2734 2491/2770/2769 2488/2767/2766 
f 2485/2764/2763 2446/2724/2724 2528/2815/2806 2492/2771/2770 
f 2528/2815/2806 2465/2744/2743 2494/2773/2772 2492/2771/2770 
f 2497/2776/2775 2462/2740/2740 2464/2743/2742 2472/2777/2750 
f 2465/2744/2743 2462/2740/2740 2497/2776/2775 2494/2773/2772 
f 2415/2816/2693 2414/2817/2692 2529/2818/2807 
f 2414/2817/2692 2417/2819/2695 2529/2818/2807 
f 2417/2819/2695 2419/2820/2697 2529/2818/2807 
f 2419/2820/2697 2420/2696/2698 2529/2818/2807 
f 2420/2696/2698 2423/2699/2701 2529/2818/2807 
f 2423/2699/2701 2511/2821/2789 2529/2818/2807 
f 2511/2821/2789 2508/2822/2786 2529/2818/2807 
f 2508/2822/2786 2504/2823/2782 2529/2818/2807 
f 2504/2823/2782 2507/2824/2785 2529/2818/2807 
f 2507/2824/2785 2517/2825/2795 2529/2818/2807 
f 2517/2825/2795 2514/2826/2792 2529/2818/2807 
f 2514/2826/2792 2512/2827/2790 2529/2818/2807 
f 2512/2827/2790 2409/2828/2687 2529/2818/2807 
f 2409/2828/2687 2408/2829/2686 2529/2818/2807 
f 2408/2829/2686 2411/2830/2689 2529/2818/2807 
f 2411/2830/2689 2415/2816/2693 2529/2818/2807 
f 2530/2831/2631 2531/2832/2632 2532/2833/2633 2533/2834/2634 
f 2531/2832/2632 2534/2835/2808 2535/2836/2636 2532/2833/2633 
f 2536/2837/2637 2537/2838/2638 2538/2839/2809 2539/2840/2640 
f 2534/2835/2808 2536/2837/2637 2539/2840/2640 2535/2836/2636 
f 2540/2841/2641 2541/2842/2642 2542/2843/2643 2543/2844/2644 
f 2541/2842/2642 2544/2845/2645 2545/2846/2646 2542/2843/2643 
f 2546/2847/2647 2530/2831/2631 2533/2834/2634 2547/2848/2648 
f 2544/2845/2645 2546/2847/2647 2547/2848/2648 2545/2846/2646 
f 2548/2849/2649 2549/2850/2650 2550/2851/2651 2551/2852/2652 
f 2552/2853/2810 2553/2854/2654 2548/2849/2649 2551/2852/2652 
f 2554/2855/2655 2555/2856/2656 2549/2850/2650 2548/2849/2649 
f 2548/2849/2649 2553/2854/2654 2556/2857/2657 2554/2855/2655 
f 2557/2858/2658 2558/2859/2659 2559/2860/2660 2560/2861/2661 
f 2554/2855/2655 2556/2857/2657 2558/2859/2659 2557/2858/2658 
f 2560/2861/2661 2561/2862/2662 2562/2863/2811 2557/2858/2658 
f 2557/2858/2658 2562/2863/2811 2555/2856/2656 2554/2855/2655 
f 2563/2864/2664 2564/2865/2665 2565/2866/2666 2566/2867/2667 
f 2567/2868/2668 2568/2869/2669 2563/2864/2664 2566/2867/2667 
f 2569/2870/2670 2570/2871/2671 2564/2865/2665 2563/2864/2664 
f 2568/2869/2669 2571/2872/2812 2569/2870/2670 2563/2864/2664 
f 2572/2873/2673 2573/2874/2674 2552/2853/2810 2551/2852/2652 
f 2569/2870/2670 2571/2872/2812 2573/2874/2674 2572/2873/2673 
f 2551/2852/2652 2550/2851/2651 2574/2875/2675 2572/2873/2673 
f 2572/2873/2673 2574/2875/2675 2570/2871/2671 2569/2870/2670 
f 2537/2838/2638 2575/2876/2676 2576/2877/2813 2538/2839/2809 
f 2575/2876/2676 2577/2878/2678 2578/2879/2679 2576/2877/2813 
f 2579/2880/2680 2580/2881/2681 2581/2882/2814 2582/2883/2683 
f 2577/2878/2678 2579/2880/2680 2582/2883/2683 2578/2879/2679 
f 2583/2884/2684 2584/2885/2685 2585/2886/2686 2586/2887/2687 
f 2584/2885/2685 2587/2888/2688 2588/2889/2689 2585/2886/2686 
f 2589/2890/2690 2590/2891/2691 2591/2892/2815 2592/2893/2693 
f 2587/2888/2688 2589/2890/2690 2592/2893/2693 2588/2889/2689 
f 2593/2894/2694 2594/2895/2695 2591/2892/2815 2590/2891/2691 
f 2595/2896/2696 2596/2897/2697 2594/2895/2695 2593/2894/2694 
f 2597/2898/2698 2598/2899/2699 2599/2900/2700 2600/2901/2701 
f 2596/2897/2697 2595/2896/2696 2598/2899/2699 2597/2898/2698 
f 2601/2902/2816 2602/2903/2703 2603/2904/2817 2604/2905/2818 
f 2605/2906/2706 2606/2907/2707 2602/2903/2703 2601/2902/2816 
f 2607/2908/2708 2608/2909/2709 2609/2910/2710 2610/2911/2711 
f 2607/2908/2708 2611/2912/2712 2612/2913/2713 2608/2909/2709 
f 2561/2914/2662 2613/2915/2714 2614/2916/2715 2615/2917/2716 
f 2605/2906/2706 2612/2913/2713 2614/2916/2715 2613/2915/2714 
f 2616/2918/2717 2613/2915/2714 2561/2914/2662 2560/2919/2661 
f 2606/2907/2707 2605/2906/2706 2613/2915/2714 2616/2918/2717 
f 2565/2866/2666 2564/2865/2665 2617/2920/2718 2618/2921/2719 
f 2570/2871/2671 2619/2922/2720 2617/2920/2718 2564/2865/2665 
f 2620/2923/2721 2621/2924/2722 2622/2925/2723 2623/2926/2724 
f 2624/2927/2725 2619/2922/2720 2621/2924/2722 2620/2923/2721 
f 2604/2905/2818 2625/2928/2726 2626/2929/2727 2609/2910/2710 
f 2627/2930/2728 2628/2931/2729 2626/2929/2727 2625/2928/2726 
f 2629/2932/2730 2625/2928/2726 2604/2905/2818 2603/2904/2817 
f 2630/2933/2731 2627/2930/2728 2625/2928/2726 2629/2932/2730 
f 2565/2866/2666 2631/2934/2732 2632/2935/2733 2566/2867/2667 
f 2627/2930/2728 2630/2933/2731 2632/2935/2733 2631/2934/2732 
f 2633/2936/2734 2634/2937/2735 2618/2921/2719 2635/2938/2736 
f 2636/2939/2737 2628/2931/2729 2634/2937/2735 2633/2936/2734 
f 2550/2851/2651 2549/2850/2650 2637/2940/2738 2622/2925/2723 
f 2555/2856/2656 2638/2941/2739 2637/2940/2738 2549/2850/2650 
f 2639/2942/2740 2640/2943/2819 2615/2944/2716 2641/2945/2742 
f 2642/2946/2743 2638/2941/2739 2640/2943/2819 2639/2942/2740 
f 2643/2947/2744 2644/2948/2820 2645/2949/2746 2646/2950/2747 
f 2647/2951/2748 2648/2952/2749 2645/2949/2746 2644/2948/2820 
f 2649/2953/2750 2650/2954/2751 2651/2955/2752 2652/2956/2821 
f 2651/2955/2752 2650/2954/2751 2648/2952/2749 2647/2951/2748 
f 2653/2957/2822 2654/2958/2755 2655/2959/2756 2656/2960/2757 
f 2655/2959/2756 2654/2958/2755 2657/2961/2758 2658/2962/2759 
f 2659/2963/2760 2660/2964/2761 2661/2965/2762 2662/2966/2763 
f 2658/2962/2759 2657/2961/2758 2661/2965/2762 2660/2964/2761 
f 2643/2947/2744 2646/2950/2747 2663/2967/2764 2664/2968/2765 
f 2663/2967/2764 2665/2969/2823 2666/2970/2767 2664/2968/2765 
f 2667/2971/2768 2668/2972/2769 2653/2957/2822 2656/2960/2757 
f 2666/2970/2767 2665/2969/2823 2668/2972/2769 2667/2971/2768 
f 2659/2963/2760 2662/2966/2763 2669/2973/2770 2670/2974/2771 
f 2669/2973/2770 2671/2975/2824 2672/2976/2773 2670/2974/2771 
f 2673/2977/2774 2674/2978/2775 2649/2979/2750 2652/2980/2821 
f 2672/2976/2773 2671/2975/2824 2674/2978/2775 2673/2977/2774 
f 2643/2947/2744 2540/2841/2641 2675/2981/2776 2644/2948/2820 
f 2644/2948/2820 2675/2981/2776 2676/2982/2777 2647/2951/2748 
f 2677/2983/2778 2675/2981/2776 2540/2841/2641 2543/2844/2644 
f 2678/2984/2779 2676/2982/2777 2675/2981/2776 2677/2983/2778 
f 2580/2985/2681 2679/2986/2780 2680/2987/2825 2581/2988/2814 
f 2676/2982/2777 2678/2984/2779 2680/2987/2825 2679/2986/2780 
f 2651/2955/2752 2679/2986/2780 2580/2985/2681 2652/2956/2821 
f 2647/2951/2748 2676/2982/2777 2679/2986/2780 2651/2955/2752 
f 2655/2959/2756 2531/2832/2632 2530/2831/2631 2656/2960/2757 
f 2658/2962/2759 2534/2835/2808 2531/2832/2632 2655/2959/2756 
f 2659/2963/2760 2537/2838/2638 2536/2837/2637 2660/2964/2761 
f 2660/2964/2761 2536/2837/2637 2534/2835/2808 2658/2962/2759 
f 2664/2968/2765 2541/2842/2642 2540/2841/2641 2643/2947/2744 
f 2666/2970/2767 2544/2845/2645 2541/2842/2642 2664/2968/2765 
f 2656/2960/2757 2530/2831/2631 2546/2847/2647 2667/2971/2768 
f 2667/2971/2768 2546/2847/2647 2544/2845/2645 2666/2970/2767 
f 2670/2974/2771 2575/2876/2676 2537/2838/2638 2659/2963/2760 
f 2672/2976/2773 2577/2878/2678 2575/2876/2676 2670/2974/2771 
f 2652/2980/2821 2580/2881/2681 2579/2880/2680 2673/2977/2774 
f 2673/2977/2774 2579/2880/2680 2577/2878/2678 2672/2976/2773 
f 2681/2989/2782 2682/2990/2783 2683/2991/2784 2684/2992/2785 
f 2685/2993/2786 2686/2994/2787 2682/2990/2783 2681/2989/2782 
f 2599/2995/2700 2687/2996/2788 2688/2997/2789 2600/2998/2701 
f 2686/2994/2787 2685/2993/2786 2688/2997/2789 2687/2996/2788 
f 2689/2999/2790 2690/3000/2791 2583/2884/2684 2586/2887/2687 
f 2691/3001/2792 2692/3002/2793 2690/3000/2791 2689/2999/2790 
f 2693/3003/2794 2694/3004/2795 2684/2992/2785 2683/2991/2784 
f 2692/3002/2793 2691/3001/2792 2694/3004/2795 2693/3003/2794 
f 2632/2935/2733 2695/3005/2826 2567/2868/2668 2566/2867/2667 
f 2632/2935/2733 2630/2933/2731 2696/3006/2797 2695/3005/2826 
f 2603/2904/2817 2697/3007/2827 2698/3008/2799 2629/2932/2730 
f 2629/2932/2730 2698/3008/2799 2696/3006/2797 2630/2933/2731 
f 2602/2903/2703 2699/3009/2828 2697/3007/2827 2603/2904/2817 
f 2606/2907/2707 2700/3010/2801 2699/3009/2828 2602/2903/2703 
f 2559/3011/2660 2701/3012/2802 2616/2918/2717 2560/2919/2661 
f 2701/3012/2802 2700/3010/2801 2606/2907/2707 2616/2918/2717 
f 2608/2909/2709 2601/2902/2816 2604/2905/2818 2609/2910/2710 
f 2605/2906/2706 2601/2902/2816 2608/2909/2709 2612/2913/2713 
f 2702/3013/2803 2641/3014/2742 2615/2917/2716 2614/2916/2715 
f 2611/2912/2712 2702/3013/2803 2614/2916/2715 2612/2913/2713 
f 2703/3015/2804 2635/2938/2736 2618/2921/2719 2617/2920/2718 
f 2624/2927/2725 2703/3015/2804 2617/2920/2718 2619/2922/2720 
f 2621/2924/2722 2574/2875/2675 2550/2851/2651 2622/2925/2723 
f 2570/2871/2671 2574/2875/2675 2621/2924/2722 2619/2922/2720 
f 2704/3016/2805 2610/2911/2711 2609/2910/2710 2626/2929/2727 
f 2636/2939/2737 2704/3016/2805 2626/2929/2727 2628/2931/2729 
f 2631/2934/2732 2565/2866/2666 2618/2921/2719 2634/2937/2735 
f 2628/2931/2729 2627/2930/2728 2631/2934/2732 2634/2937/2735 
f 2705/3017/2806 2623/2926/2724 2622/2925/2723 2637/2940/2738 
f 2642/2946/2743 2705/3017/2806 2637/2940/2738 2638/2941/2739 
f 2640/2943/2819 2562/2863/2811 2561/2862/2662 2615/2944/2716 
f 2555/2856/2656 2562/2863/2811 2640/2943/2819 2638/2941/2739 
f 2683/2991/2784 2682/2990/2783 2553/2854/2654 2552/2853/2810 
f 2682/2990/2783 2686/2994/2787 2556/2857/2657 2553/2854/2654 
f 2558/2859/2659 2687/2996/2788 2599/2995/2700 2559/2860/2660 
f 2686/2994/2787 2687/2996/2788 2558/2859/2659 2556/2857/2657 
f 2583/2884/2684 2690/3000/2791 2568/2869/2669 2567/2868/2668 
f 2690/3000/2791 2692/3002/2793 2571/2872/2812 2568/2869/2669 
f 2573/2874/2674 2693/3003/2794 2683/2991/2784 2552/2853/2810 
f 2692/3002/2793 2693/3003/2794 2573/2874/2674 2571/2872/2812 
f 2695/3005/2826 2584/2885/2685 2583/2884/2684 2567/2868/2668 
f 2587/2888/2688 2584/2885/2685 2695/3005/2826 2696/3006/2797 
f 2697/3007/2827 2590/2891/2691 2589/2890/2690 2698/3008/2799 
f 2589/2890/2690 2587/2888/2688 2696/3006/2797 2698/3008/2799 
f 2699/3009/2828 2593/2894/2694 2590/2891/2691 2697/3007/2827 
f 2700/3010/2801 2595/2896/2696 2593/2894/2694 2699/3009/2828 
f 2599/2900/2700 2598/2899/2699 2701/3012/2802 2559/3011/2660 
f 2701/3012/2802 2598/2899/2699 2595/2896/2696 2700/3010/2801 
f 2607/2908/2708 2610/2911/2711 2646/2950/2747 2645/2949/2746 
f 2648/2952/2749 2611/2912/2712 2607/2908/2708 2645/2949/2746 
f 2641/3014/2742 2702/3013/2803 2650/2954/2751 2649/2953/2750 
f 2702/3013/2803 2611/2912/2712 2648/2952/2749 2650/2954/2751 
f 2635/2938/2736 2703/3015/2804 2654/2958/2755 2653/2957/2822 
f 2703/3015/2804 2624/2927/2725 2657/2961/2758 2654/2958/2755 
f 2620/2923/2721 2623/2926/2724 2662/2966/2763 2661/2965/2762 
f 2657/2961/2758 2624/2927/2725 2620/2923/2721 2661/2965/2762 
f 2646/2950/2747 2610/2911/2711 2704/3016/2805 2663/2967/2764 
f 2704/3016/2805 2636/2939/2737 2665/2969/2823 2663/2967/2764 
f 2668/2972/2769 2633/2936/2734 2635/2938/2736 2653/2957/2822 
f 2636/2939/2737 2633/2936/2734 2668/2972/2769 2665/2969/2823 
f 2662/2966/2763 2623/2926/2724 2705/3017/2806 2669/2973/2770 
f 2705/3017/2806 2642/2946/2743 2671/2975/2824 2669/2973/2770 
f 2674/2978/2775 2639/2942/2740 2641/2945/2742 2649/2979/2750 
f 2642/2946/2743 2639/2942/2740 2674/2978/2775 2671/2975/2824 
f 2592/3018/2693 2591/3019/2815 2706/3020/2807 
f 2591/3019/2815 2594/3021/2695 2706/3020/2807 
f 2594/3021/2695 2596/3022/2697 2706/3020/2807 
f 2596/3022/2697 2597/2898/2698 2706/3020/2807 
f 2597/2898/2698 2600/2901/2701 2706/3020/2807 
f 2600/2901/2701 2688/3023/2789 2706/3020/2807 
f 2688/3023/2789 2685/3024/2786 2706/3020/2807 
f 2685/3024/2786 2681/3025/2782 2706/3020/2807 
f 2681/3025/2782 2684/3026/2785 2706/3020/2807 
f 2684/3026/2785 2694/3027/2795 2706/3020/2807 
f 2694/3027/2795 2691/3028/2792 2706/3020/2807 
f 2691/3028/2792 2689/3029/2790 2706/3020/2807 
f 2689/3029/2790 2586/3030/2687 2706/3020/2807 
f 2586/3030/2687 2585/3031/2686 2706/3020/2807 
f 2585/3031/2686 2588/3032/2689 2706/3020/2807 
f 2588/3032/2689 2592/3018/2693 2706/3020/2807 
f 2707/2629/2829 2708/2632/2830 2709/2631/2831 2710/2630/2832 
f 2710/2630/2832 2709/2631/2831 2711/2634/2833 2712/2633/2834 
f 2713/2635/2835 2714/2638/2836 2715/2637/2837 2716/2636/2838 
f 2712/2633/2834 2711/2634/2833 2714/2638/2836 2713/2635/2835 
f 2717/2639/2839 2718/2642/2840 2719/2641/2841 2720/2640/2842 
f 2720/2640/2842 2719/2641/2841 2721/2644/2843 2722/2643/2844 
f 2723/2645/2845 2724/2646/2846 2708/2632/2830 2707/2629/2829 
f 2722/2643/2844 2721/2644/2843 2724/2646/2846 2723/2645/2845 
f 2725/2649/2847 2726/2648/2848 2727/2647/2849 2728/2650/2850 
f 2727/2647/2849 2729/2652/2851 2730/2651/2852 2728/2650/2850 
f 2726/2648/2848 2731/2654/2853 2732/2653/2854 2727/2647/2849 
f 2727/2647/2849 2732/2653/2854 2733/2655/2855 2729/2652/2851 
f 2734/2658/2856 2735/2657/2857 2736/2656/2858 2737/2659/2859 
f 2735/2657/2857 2733/2655/2855 2732/2653/2854 2736/2656/2858 
f 2737/2659/2859 2736/2656/2858 2738/2661/2860 2739/2660/2861 
f 2736/2656/2858 2732/2653/2854 2731/2654/2853 2738/2661/2860 
f 2740/2664/2862 2741/2663/2863 2742/2662/2864 2743/2665/2865 
f 2742/2662/2864 2744/2667/2866 2745/2666/2867 2743/2665/2865 
f 2741/2663/2863 2746/2669/2868 2747/2668/2869 2742/2662/2864 
f 2747/2668/2869 2748/2670/2870 2744/2667/2866 2742/2662/2864 
f 2730/2651/2852 2749/2672/2871 2750/2671/2872 2728/2650/2850 
f 2749/2672/2871 2748/2670/2870 2747/2668/2869 2750/2671/2872 
f 2728/2650/2850 2750/2671/2872 2751/2673/2873 2725/2649/2847 
f 2750/2671/2872 2747/2668/2869 2746/2669/2868 2751/2673/2873 
f 2716/2636/2838 2715/2637/2837 2752/2675/2874 2753/2674/2875 
f 2753/2674/2875 2752/2675/2874 2754/2677/2876 2755/2676/2877 
f 2756/2678/2878 2757/2681/2879 2758/2680/2880 2759/2679/2881 
f 2755/2676/2877 2754/2677/2876 2757/2681/2879 2756/2678/2878 
f 2760/2682/2882 2761/2685/2883 2762/2684/2884 2763/2683/2885 
f 2763/2683/2885 2762/2684/2884 2764/2687/2886 2765/2686/2887 
f 2766/2688/2888 2767/2691/2889 2768/2690/2890 2769/2689/2891 
f 2765/2686/2887 2764/2687/2886 2767/2691/2889 2766/2688/2888 
f 2768/2690/2890 2770/2693/2892 2771/2692/2893 2769/2689/2891 
f 2770/2693/2892 2772/2695/2894 2773/2694/2895 2771/2692/2893 
f 2774/2698/2896 2775/2697/2897 2776/2696/2898 2777/2699/2899 
f 2775/2697/2897 2773/2694/2895 2772/2695/2894 2776/2696/2898 
f 2778/2702/2900 2779/2701/2901 2780/2700/2902 2781/2703/2903 
f 2779/2701/2901 2782/2705/2904 2783/2704/2905 2780/2700/2902 
f 2784/2708/2906 2785/2707/2907 2786/2706/2908 2787/2709/2909 
f 2786/2706/2908 2785/2707/2907 2788/2711/2910 2789/2710/2911 
f 2739/2712/2861 2790/2715/2912 2791/2714/2913 2792/2713/2914 
f 2791/2714/2913 2788/2711/2910 2783/2704/2905 2792/2713/2914 
f 2739/2712/2861 2792/2713/2914 2793/2716/2915 2737/2717/2859 
f 2792/2713/2914 2783/2704/2905 2782/2705/2904 2793/2716/2915 
f 2740/2664/2862 2794/2719/2916 2795/2718/2917 2741/2663/2863 
f 2795/2718/2917 2796/2720/2918 2746/2669/2868 2741/2663/2863 
f 2797/2723/2919 2798/2722/2920 2799/2721/2921 2800/2724/2922 
f 2798/2722/2920 2796/2720/2918 2801/2725/2923 2799/2721/2921 
f 2781/2703/2903 2784/2708/2906 2802/2727/2924 2803/2726/2925 
f 2802/2727/2924 2804/2729/2926 2805/2728/2927 2803/2726/2925 
f 2781/2703/2903 2803/2726/2925 2806/2730/2928 2778/2702/2900 
f 2803/2726/2925 2805/2728/2927 2807/2731/2929 2806/2730/2928 
f 2740/2664/2862 2743/2665/2865 2808/2733/2930 2809/2732/2931 
f 2808/2733/2930 2807/2731/2929 2805/2728/2927 2809/2732/2931 
f 2794/2719/2916 2810/2735/2932 2811/2734/2933 2812/2736/2934 
f 2810/2735/2932 2804/2729/2926 2813/2737/2935 2811/2734/2933 
f 2725/2649/2847 2797/2723/2919 2814/2738/2936 2726/2648/2848 
f 2814/2738/2936 2815/2739/2937 2731/2654/2853 2726/2648/2848 
f 2790/2742/2912 2816/2741/2938 2817/2740/2939 2818/2743/2940 
f 2816/2741/2938 2815/2739/2937 2819/2744/2941 2817/2740/2939 
f 2820/2745/2942 2821/2748/2943 2822/2747/2944 2823/2746/2945 
f 2822/2747/2944 2824/2750/2946 2825/2749/2947 2823/2746/2945 
f 2826/2753/2948 2827/2752/2949 2828/2751/2950 2829/2754/2951 
f 2826/2753/2948 2825/2749/2947 2824/2750/2946 2827/2752/2949 
f 2830/2757/2952 2831/2756/2953 2832/2755/2954 2833/2758/2955 
f 2830/2757/2952 2834/2760/2956 2835/2759/2957 2831/2756/2953 
f 2836/2761/2958 2837/2764/2959 2838/2763/2960 2839/2762/2961 
f 2838/2763/2960 2835/2759/2957 2834/2760/2956 2839/2762/2961 
f 2820/2745/2942 2840/2766/2962 2841/2765/2963 2821/2748/2943 
f 2842/2768/2964 2843/2767/2965 2841/2765/2963 2840/2766/2962 
f 2832/2755/2954 2844/2770/2966 2845/2769/2967 2833/2758/2955 
f 2844/2770/2966 2843/2767/2965 2842/2768/2964 2845/2769/2967 
f 2836/2761/2958 2846/2772/2968 2847/2771/2969 2837/2764/2959 
f 2848/2774/2970 2849/2773/2971 2847/2771/2969 2846/2772/2968 
f 2828/2777/2950 2850/2776/2972 2851/2775/2973 2829/2778/2951 
f 2850/2776/2972 2849/2773/2971 2848/2774/2970 2851/2775/2973 
f 2820/2745/2942 2823/2746/2945 2852/2779/2974 2717/2639/2839 
f 2823/2746/2945 2825/2749/2947 2853/2780/2975 2852/2779/2974 
f 2717/2639/2839 2852/2779/2974 2854/2781/2976 2718/2642/2840 
f 2852/2779/2974 2853/2780/2975 2855/2782/2977 2854/2781/2976 
f 2759/2783/2881 2758/2786/2880 2856/2785/2978 2857/2784/2979 
f 2856/2785/2978 2855/2782/2977 2853/2780/2975 2857/2784/2979 
f 2759/2783/2881 2857/2784/2979 2826/2753/2948 2829/2754/2951 
f 2857/2784/2979 2853/2780/2975 2825/2749/2947 2826/2753/2948 
f 2707/2629/2829 2710/2630/2832 2830/2757/2952 2833/2758/2955 
f 2710/2630/2832 2712/2633/2834 2834/2760/2956 2830/2757/2952 
f 2836/2761/2958 2839/2762/2961 2713/2635/2835 2716/2636/2838 
f 2839/2762/2961 2834/2760/2956 2712/2633/2834 2713/2635/2835 
f 2717/2639/2839 2720/2640/2842 2840/2766/2962 2820/2745/2942 
f 2720/2640/2842 2722/2643/2844 2842/2768/2964 2840/2766/2962 
f 2833/2758/2955 2845/2769/2967 2723/2645/2845 2707/2629/2829 
f 2845/2769/2967 2842/2768/2964 2722/2643/2844 2723/2645/2845 
f 2716/2636/2838 2753/2674/2875 2846/2772/2968 2836/2761/2958 
f 2753/2674/2875 2755/2676/2877 2848/2774/2970 2846/2772/2968 
f 2829/2778/2951 2851/2775/2973 2756/2678/2878 2759/2679/2881 
f 2851/2775/2973 2848/2774/2970 2755/2676/2877 2756/2678/2878 
f 2858/2789/2980 2859/2788/2981 2860/2787/2982 2861/2790/2983 
f 2859/2788/2981 2862/2792/2984 2863/2791/2985 2860/2787/2982 
f 2774/2793/2896 2777/2796/2899 2864/2795/2986 2865/2794/2987 
f 2864/2795/2986 2863/2791/2985 2862/2792/2984 2865/2794/2987 
f 2760/2682/2882 2866/2798/2988 2867/2797/2989 2761/2685/2883 
f 2866/2798/2988 2868/2800/2990 2869/2799/2991 2867/2797/2989 
f 2861/2790/2983 2870/2802/2992 2871/2801/2993 2858/2789/2980 
f 2870/2802/2992 2869/2799/2991 2868/2800/2990 2871/2801/2993 
f 2745/2666/2867 2872/2803/2994 2808/2733/2930 2743/2665/2865 
f 2808/2733/2930 2872/2803/2994 2873/2804/2995 2807/2731/2929 
f 2778/2702/2900 2806/2730/2928 2874/2806/2996 2875/2805/2997 
f 2806/2730/2928 2807/2731/2929 2873/2804/2995 2874/2806/2996 
f 2875/2805/2997 2876/2807/2998 2779/2701/2901 2778/2702/2900 
f 2876/2807/2998 2877/2808/2999 2782/2705/2904 2779/2701/2901 
f 2793/2716/2915 2878/2810/3000 2734/2809/2856 2737/2717/2859 
f 2782/2705/2904 2877/2808/2999 2878/2810/3000 2793/2716/2915 
f 2785/2707/2907 2784/2708/2906 2781/2703/2903 2780/2700/2902 
f 2785/2707/2907 2780/2700/2902 2783/2704/2905 2788/2711/2910 
f 2790/2715/2912 2818/2812/2940 2879/2811/3001 2791/2714/2913 
f 2791/2714/2913 2879/2811/3001 2789/2710/2911 2788/2711/2910 
f 2794/2719/2916 2812/2736/2934 2880/2813/3002 2795/2718/2917 
f 2795/2718/2917 2880/2813/3002 2801/2725/2923 2796/2720/2918 
f 2798/2722/2920 2797/2723/2919 2725/2649/2847 2751/2673/2873 
f 2798/2722/2920 2751/2673/2873 2746/2669/2868 2796/2720/2918 
f 2784/2708/2906 2787/2709/2909 2881/2814/3003 2802/2727/2924 
f 2802/2727/2924 2881/2814/3003 2813/2737/2935 2804/2729/2926 
f 2794/2719/2916 2740/2664/2862 2809/2732/2931 2810/2735/2932 
f 2804/2729/2926 2810/2735/2932 2809/2732/2931 2805/2728/2927 
f 2797/2723/2919 2800/2724/2922 2882/2815/3004 2814/2738/2936 
f 2814/2738/2936 2882/2815/3004 2819/2744/2941 2815/2739/2937 
f 2816/2741/2938 2790/2742/2912 2739/2660/2861 2738/2661/2860 
f 2816/2741/2938 2738/2661/2860 2731/2654/2853 2815/2739/2937 
f 2729/2652/2851 2859/2788/2981 2858/2789/2980 2730/2651/2852 
f 2733/2655/2855 2862/2792/2984 2859/2788/2981 2729/2652/2851 
f 2735/2657/2857 2734/2658/2856 2774/2793/2896 2865/2794/2987 
f 2735/2657/2857 2865/2794/2987 2862/2792/2984 2733/2655/2855 
f 2744/2667/2866 2866/2798/2988 2760/2682/2882 2745/2666/2867 
f 2748/2670/2870 2868/2800/2990 2866/2798/2988 2744/2667/2866 
f 2749/2672/2871 2730/2651/2852 2858/2789/2980 2871/2801/2993 
f 2749/2672/2871 2871/2801/2993 2868/2800/2990 2748/2670/2870 
f 2872/2803/2994 2745/2666/2867 2760/2682/2882 2763/2683/2885 
f 2872/2803/2994 2763/2683/2885 2765/2686/2887 2873/2804/2995 
f 2875/2805/2997 2874/2806/2996 2766/2688/2888 2769/2689/2891 
f 2873/2804/2995 2765/2686/2887 2766/2688/2888 2874/2806/2996 
f 2876/2807/2998 2875/2805/2997 2769/2689/2891 2771/2692/2893 
f 2877/2808/2999 2876/2807/2998 2771/2692/2893 2773/2694/2895 
f 2878/2810/3000 2775/2697/2897 2774/2698/2896 2734/2809/2856 
f 2878/2810/3000 2877/2808/2999 2773/2694/2895 2775/2697/2897 
f 2821/2748/2943 2787/2709/2909 2786/2706/2908 2822/2747/2944 
f 2824/2750/2946 2822/2747/2944 2786/2706/2908 2789/2710/2911 
f 2827/2752/2949 2879/2811/3001 2818/2812/2940 2828/2751/2950 
f 2824/2750/2946 2789/2710/2911 2879/2811/3001 2827/2752/2949 
f 2831/2756/2953 2880/2813/3002 2812/2736/2934 2832/2755/2954 
f 2835/2759/2957 2801/2725/2923 2880/2813/3002 2831/2756/2953 
f 2837/2764/2959 2800/2724/2922 2799/2721/2921 2838/2763/2960 
f 2835/2759/2957 2838/2763/2960 2799/2721/2921 2801/2725/2923 
f 2821/2748/2943 2841/2765/2963 2881/2814/3003 2787/2709/2909 
f 2843/2767/2965 2813/2737/2935 2881/2814/3003 2841/2765/2963 
f 2844/2770/2966 2832/2755/2954 2812/2736/2934 2811/2734/2933 
f 2844/2770/2966 2811/2734/2933 2813/2737/2935 2843/2767/2965 
f 2837/2764/2959 2847/2771/2969 2882/2815/3004 2800/2724/2922 
f 2849/2773/2971 2819/2744/2941 2882/2815/3004 2847/2771/2969 
f 2850/2776/2972 2828/2777/2950 2818/2743/2940 2817/2740/2939 
f 2850/2776/2972 2817/2740/2939 2819/2744/2941 2849/2773/2971 
f 2767/2816/2889 2883/2818/3005 2768/2817/2890 
f 2768/2817/2890 2883/2818/3005 2770/2819/2892 
f 2770/2819/2892 2883/2818/3005 2772/2820/2894 
f 2772/2820/2894 2883/2818/3005 2776/2696/2898 
f 2776/2696/2898 2883/2818/3005 2777/2699/2899 
f 2777/2699/2899 2883/2818/3005 2864/2821/2986 
f 2864/2821/2986 2883/2818/3005 2863/2822/2985 
f 2863/2822/2985 2883/2818/3005 2860/2823/2982 
f 2860/2823/2982 2883/2818/3005 2861/2824/2983 
f 2861/2824/2983 2883/2818/3005 2870/2825/2992 
f 2870/2825/2992 2883/2818/3005 2869/2826/2991 
f 2869/2826/2991 2883/2818/3005 2867/2827/2989 
f 2867/2827/2989 2883/2818/3005 2761/2828/2883 
f 2761/2828/2883 2883/2818/3005 2762/2829/2884 
f 2762/2829/2884 2883/2818/3005 2764/2830/2886 
f 2764/2830/2886 2883/2818/3005 2767/2816/2889 
f 2884/2831/2829 2885/2834/2830 2886/2833/2831 2887/2832/2832 
f 2887/2832/2832 2886/2833/2831 2888/2836/2833 2889/2835/3006 
f 2890/2837/2835 2891/2840/2836 2892/2839/3007 2893/2838/2838 
f 2889/2835/3006 2888/2836/2833 2891/2840/2836 2890/2837/2835 
f 2894/2841/2839 2895/2844/2840 2896/2843/2841 2897/2842/2842 
f 2897/2842/2842 2896/2843/2841 2898/2846/2843 2899/2845/2844 
f 2900/2847/2845 2901/2848/2846 2885/2834/2830 2884/2831/2829 
f 2899/2845/2844 2898/2846/2843 2901/2848/2846 2900/2847/2845 
f 2902/2851/2847 2903/2850/2848 2904/2849/2849 2905/2852/2850 
f 2904/2849/2849 2906/2854/2851 2907/2853/3008 2905/2852/2850 
f 2903/2850/2848 2908/2856/2853 2909/2855/2854 2904/2849/2849 
f 2904/2849/2849 2909/2855/2854 2910/2857/2855 2906/2854/2851 
f 2911/2860/2856 2912/2859/2857 2913/2858/2858 2914/2861/2859 
f 2912/2859/2857 2910/2857/2855 2909/2855/2854 2913/2858/2858 
f 2914/2861/2859 2913/2858/2858 2915/2863/2860 2916/2862/2861 
f 2913/2858/2858 2909/2855/2854 2908/2856/2853 2915/2863/2860 
f 2917/2866/2862 2918/2865/2863 2919/2864/2864 2920/2867/2865 
f 2919/2864/2864 2921/2869/3009 2922/2868/2867 2920/2867/2865 
f 2918/2865/2863 2923/2871/3010 2924/2870/2869 2919/2864/2864 
f 2924/2870/2869 2925/2872/3011 2921/2869/3009 2919/2864/2864 
f 2907/2853/3008 2926/2874/2871 2927/2873/2872 2905/2852/2850 
f 2926/2874/2871 2925/2872/3011 2924/2870/2869 2927/2873/2872 
f 2905/2852/2850 2927/2873/2872 2928/2875/2873 2902/2851/2847 
f 2927/2873/2872 2924/2870/2869 2923/2871/3010 2928/2875/2873 
f 2893/2838/2838 2892/2839/3007 2929/2877/3012 2930/2876/2875 
f 2930/2876/2875 2929/2877/3012 2931/2879/2876 2932/2878/2877 
f 2933/2880/2878 2934/2883/2879 2935/2882/3013 2936/2881/2881 
f 2932/2878/2877 2931/2879/2876 2934/2883/2879 2933/2880/2878 
f 2937/2884/2882 2938/2887/2883 2939/2886/2884 2940/2885/2885 
f 2940/2885/2885 2939/2886/2884 2941/2889/2886 2942/2888/2887 
f 2943/2890/2888 2944/2893/2889 2945/2892/3014 2946/2891/2891 
f 2942/2888/2887 2941/2889/2886 2944/2893/2889 2943/2890/2888 
f 2945/2892/3014 2947/2895/2892 2948/2894/2893 2946/2891/2891 
f 2947/2895/2892 2949/2897/2894 2950/2896/2895 2948/2894/2893 
f 2951/2900/2896 2952/2899/2897 2953/2898/2898 2954/2901/2899 
f 2952/2899/2897 2950/2896/2895 2949/2897/2894 2953/2898/2898 
f 2955/2904/3015 2956/2903/2901 2957/2902/3016 2958/2905/2903 
f 2956/2903/2901 2959/2907/2904 2960/2906/2905 2957/2902/3016 
f 2961/2910/2906 2962/2909/2907 2963/2908/2908 2964/2911/2909 
f 2963/2908/2908 2962/2909/2907 2965/2913/2910 2966/2912/2911 
f 2916/2914/2861 2967/2917/2912 2968/2916/2913 2969/2915/2914 
f 2968/2916/2913 2965/2913/2910 2960/2906/2905 2969/2915/2914 
f 2916/2914/2861 2969/2915/2914 2970/2918/2915 2914/2919/2859 
f 2969/2915/2914 2960/2906/2905 2959/2907/2904 2970/2918/2915 
f 2917/2866/2862 2971/2921/2916 2972/2920/2917 2918/2865/2863 
f 2972/2920/2917 2973/2922/2918 2923/2871/3010 2918/2865/2863 
f 2974/2925/2919 2975/2924/2920 2976/2923/2921 2977/2926/2922 
f 2975/2924/2920 2973/2922/2918 2978/2927/2923 2976/2923/2921 
f 2958/2905/2903 2961/2910/2906 2979/2929/2924 2980/2928/2925 
f 2979/2929/2924 2981/2931/2926 2982/2930/2927 2980/2928/2925 
f 2958/2905/2903 2980/2928/2925 2983/2932/2928 2955/2904/3015 
f 2980/2928/2925 2982/2930/2927 2984/2933/2929 2983/2932/2928 
f 2917/2866/2862 2920/2867/2865 2985/2935/2930 2986/2934/2931 
f 2985/2935/2930 2984/2933/2929 2982/2930/2927 2986/2934/2931 
f 2971/2921/2916 2987/2937/2932 2988/2936/2933 2989/2938/3017 
f 2987/2937/2932 2981/2931/2926 2990/2939/2935 2988/2936/2933 
f 2902/2851/2847 2974/2925/2919 2991/2940/2936 2903/2850/2848 
f 2991/2940/2936 2992/2941/2937 2908/2856/2853 2903/2850/2848 
f 2967/2944/2912 2993/2943/2938 2994/2942/2939 2995/2945/2940 
f 2993/2943/2938 2992/2941/2937 2996/2946/2941 2994/2942/2939 
f 2997/2947/2942 2998/2950/2943 2999/2949/2944 3000/2948/3018 
f 2999/2949/2944 3001/2952/2946 3002/2951/2947 3000/2948/3018 
f 3003/2955/2948 3004/2954/2949 3005/2953/2950 3006/2956/3019 
f 3003/2955/2948 3002/2951/2947 3001/2952/2946 3004/2954/2949 
f 3007/2959/2952 3008/2958/2953 3009/2957/3020 3010/2960/2955 
f 3007/2959/2952 3011/2962/2956 3012/2961/2957 3008/2958/2953 
f 3013/2963/2958 3014/2966/2959 3015/2965/2960 3016/2964/2961 
f 3015/2965/2960 3012/2961/2957 3011/2962/2956 3016/2964/2961 
f 2997/2947/2942 3017/2968/2962 3018/2967/2963 2998/2950/2943 
f 3019/2970/2964 3020/2969/3021 3018/2967/2963 3017/2968/2962 
f 3009/2957/3020 3021/2972/2966 3022/2971/2967 3010/2960/2955 
f 3021/2972/2966 3020/2969/3021 3019/2970/2964 3022/2971/2967 
f 3013/2963/2958 3023/2974/2968 3024/2973/2969 3014/2966/2959 
f 3025/2976/2970 3026/2975/3022 3024/2973/2969 3023/2974/2968 
f 3005/2979/2950 3027/2978/2972 3028/2977/2973 3006/2980/3019 
f 3027/2978/2972 3026/2975/3022 3025/2976/2970 3028/2977/2973 
f 2997/2947/2942 3000/2948/3018 3029/2981/2974 2894/2841/2839 
f 3000/2948/3018 3002/2951/2947 3030/2982/2975 3029/2981/2974 
f 2894/2841/2839 3029/2981/2974 3031/2983/2976 2895/2844/2840 
f 3029/2981/2974 3030/2982/2975 3032/2984/2977 3031/2983/2976 
f 2936/2985/2881 2935/2988/3013 3033/2987/3023 3034/2986/2979 
f 3033/2987/3023 3032/2984/2977 3030/2982/2975 3034/2986/2979 
f 2936/2985/2881 3034/2986/2979 3003/2955/2948 3006/2956/3019 
f 3034/2986/2979 3030/2982/2975 3002/2951/2947 3003/2955/2948 
f 2884/2831/2829 2887/2832/2832 3007/2959/2952 3010/2960/2955 
f 2887/2832/2832 2889/2835/3006 3011/2962/2956 3007/2959/2952 
f 3013/2963/2958 3016/2964/2961 2890/2837/2835 2893/2838/2838 
f 3016/2964/2961 3011/2962/2956 2889/2835/3006 2890/2837/2835 
f 2894/2841/2839 2897/2842/2842 3017/2968/2962 2997/2947/2942 
f 2897/2842/2842 2899/2845/2844 3019/2970/2964 3017/2968/2962 
f 3010/2960/2955 3022/2971/2967 2900/2847/2845 2884/2831/2829 
f 3022/2971/2967 3019/2970/2964 2899/2845/2844 2900/2847/2845 
f 2893/2838/2838 2930/2876/2875 3023/2974/2968 3013/2963/2958 
f 2930/2876/2875 2932/2878/2877 3025/2976/2970 3023/2974/2968 
f 3006/2980/3019 3028/2977/2973 2933/2880/2878 2936/2881/2881 
f 3028/2977/2973 3025/2976/2970 2932/2878/2877 2933/2880/2878 
f 3035/2991/2980 3036/2990/2981 3037/2989/2982 3038/2992/2983 
f 3036/2990/2981 3039/2994/2984 3040/2993/2985 3037/2989/2982 
f 2951/2995/2896 2954/2998/2899 3041/2997/2986 3042/2996/2987 
f 3041/2997/2986 3040/2993/2985 3039/2994/2984 3042/2996/2987 
f 2937/2884/2882 3043/3000/2988 3044/2999/2989 2938/2887/2883 
f 3043/3000/2988 3045/3002/2990 3046/3001/2991 3044/2999/2989 
f 3038/2992/2983 3047/3004/2992 3048/3003/2993 3035/2991/2980 
f 3047/3004/2992 3046/3001/2991 3045/3002/2990 3048/3003/2993 
f 2922/2868/2867 3049/3005/3024 2985/2935/2930 2920/2867/2865 
f 2985/2935/2930 3049/3005/3024 3050/3006/2995 2984/2933/2929 
f 2955/2904/3015 2983/2932/2928 3051/3008/2996 3052/3007/3025 
f 2983/2932/2928 2984/2933/2929 3050/3006/2995 3051/3008/2996 
f 3052/3007/3025 3053/3009/3026 2956/2903/2901 2955/2904/3015 
f 3053/3009/3026 3054/3010/2999 2959/2907/2904 2956/2903/2901 
f 2970/2918/2915 3055/3012/3000 2911/3011/2856 2914/2919/2859 
f 2959/2907/2904 3054/3010/2999 3055/3012/3000 2970/2918/2915 
f 2962/2909/2907 2961/2910/2906 2958/2905/2903 2957/2902/3016 
f 2962/2909/2907 2957/2902/3016 2960/2906/2905 2965/2913/2910 
f 2967/2917/2912 2995/3014/2940 3056/3013/3001 2968/2916/2913 
f 2968/2916/2913 3056/3013/3001 2966/2912/2911 2965/2913/2910 
f 2971/2921/2916 2989/2938/3017 3057/3015/3002 2972/2920/2917 
f 2972/2920/2917 3057/3015/3002 2978/2927/2923 2973/2922/2918 
f 2975/2924/2920 2974/2925/2919 2902/2851/2847 2928/2875/2873 
f 2975/2924/2920 2928/2875/2873 2923/2871/3010 2973/2922/2918 
f 2961/2910/2906 2964/2911/2909 3058/3016/3003 2979/2929/2924 
f 2979/2929/2924 3058/3016/3003 2990/2939/2935 2981/2931/2926 
f 2971/2921/2916 2917/2866/2862 2986/2934/2931 2987/2937/2932 
f 2981/2931/2926 2987/2937/2932 2986/2934/2931 2982/2930/2927 
f 2974/2925/2919 2977/2926/2922 3059/3017/3004 2991/2940/2936 
f 2991/2940/2936 3059/3017/3004 2996/2946/2941 2992/2941/2937 
f 2993/2943/2938 2967/2944/2912 2916/2862/2861 2915/2863/2860 
f 2993/2943/2938 2915/2863/2860 2908/2856/2853 2992/2941/2937 
f 2906/2854/2851 3036/2990/2981 3035/2991/2980 2907/2853/3008 
f 2910/2857/2855 3039/2994/2984 3036/2990/2981 2906/2854/2851 
f 2912/2859/2857 2911/2860/2856 2951/2995/2896 3042/2996/2987 
f 2912/2859/2857 3042/2996/2987 3039/2994/2984 2910/2857/2855 
f 2921/2869/3009 3043/3000/2988 2937/2884/2882 2922/2868/2867 
f 2925/2872/3011 3045/3002/2990 3043/3000/2988 2921/2869/3009 
f 2926/2874/2871 2907/2853/3008 3035/2991/2980 3048/3003/2993 
f 2926/2874/2871 3048/3003/2993 3045/3002/2990 2925/2872/3011 
f 3049/3005/3024 2922/2868/2867 2937/2884/2882 2940/2885/2885 
f 3049/3005/3024 2940/2885/2885 2942/2888/2887 3050/3006/2995 
f 3052/3007/3025 3051/3008/2996 2943/2890/2888 2946/2891/2891 
f 3050/3006/2995 2942/2888/2887 2943/2890/2888 3051/3008/2996 
f 3053/3009/3026 3052/3007/3025 2946/2891/2891 2948/2894/2893 
f 3054/3010/2999 3053/3009/3026 2948/2894/2893 2950/2896/2895 
f 3055/3012/3000 2952/2899/2897 2951/2900/2896 2911/3011/2856 
f 3055/3012/3000 3054/3010/2999 2950/2896/2895 2952/2899/2897 
f 2998/2950/2943 2964/2911/2909 2963/2908/2908 2999/2949/2944 
f 3001/2952/2946 2999/2949/2944 2963/2908/2908 2966/2912/2911 
f 3004/2954/2949 3056/3013/3001 2995/3014/2940 3005/2953/2950 
f 3001/2952/2946 2966/2912/2911 3056/3013/3001 3004/2954/2949 
f 3008/2958/2953 3057/3015/3002 2989/2938/3017 3009/2957/3020 
f 3012/2961/2957 2978/2927/2923 3057/3015/3002 3008/2958/2953 
f 3014/2966/2959 2977/2926/2922 2976/2923/2921 3015/2965/2960 
f 3012/2961/2957 3015/2965/2960 2976/2923/2921 2978/2927/2923 
f 2998/2950/2943 3018/2967/2963 3058/3016/3003 2964/2911/2909 
f 3020/2969/3021 2990/2939/2935 3058/3016/3003 3018/2967/2963 
f 3021/2972/2966 3009/2957/3020 2989/2938/3017 2988/2936/2933 
f 3021/2972/2966 2988/2936/2933 2990/2939/2935 3020/2969/3021 
f 3014/2966/2959 3024/2973/2969 3059/3017/3004 2977/2926/2922 
f 3026/2975/3022 2996/2946/2941 3059/3017/3004 3024/2973/2969 
f 3027/2978/2972 3005/2979/2950 2995/2945/2940 2994/2942/2939 
f 3027/2978/2972 2994/2942/2939 2996/2946/2941 3026/2975/3022 
f 2944/3018/2889 3060/3020/3005 2945/3019/3014 
f 2945/3019/3014 3060/3020/3005 2947/3021/2892 
f 2947/3021/2892 3060/3020/3005 2949/3022/2894 
f 2949/3022/2894 3060/3020/3005 2953/2898/2898 
f 2953/2898/2898 3060/3020/3005 2954/2901/2899 
f 2954/2901/2899 3060/3020/3005 3041/3023/2986 
f 3041/3023/2986 3060/3020/3005 3040/3024/2985 
f 3040/3024/2985 3060/3020/3005 3037/3025/2982 
f 3037/3025/2982 3060/3020/3005 3038/3026/2983 
f 3038/3026/2983 3060/3020/3005 3047/3027/2992 
f 3047/3027/2992 3060/3020/3005 3046/3028/2991 
f 3046/3028/2991 3060/3020/3005 3044/3029/2989 
f 3044/3029/2989 3060/3020/3005 2938/3030/2883 
f 2938/3030/2883 3060/3020/3005 2939/3031/2884 
f 2939/3031/2884 3060/3020/3005 2941/3032/2886 
f 2941/3032/2886 3060/3020/3005 2944/3018/2889 
f 3061/3033/3027 3062/3034/3028 3063/3035/3029 
f 3064/3036/3030 3065/3037/3031 3066/3038/3032 
f 3067/3039/3033 3068/3040/3034 3069/3041/3035 3070/3042/3036 
f 3071/3043/3037 3072/3044/3038 3073/3045/3039 3074/3046/3040 
f 3075/3047/3041 3076/3048/3042 3077/3049/3043 3078/3050/3044 
f 3074/3051/3040 3079/3052/3045 3080/3053/3046 3081/3054/3047 
f 3082/3055/3048 3083/3056/3049 3084/3057/3050 3085/3058/3051 
f 3086/3059/3052 3087/3060/3053 3088/3061/3054 3089/3062/3055 
f 3089/3063/3055 3090/3064/3056 3091/3065/3057 3092/3066/3058 
f 3085/3067/3051 3093/3068/3059 3094/3069/3060 3095/3070/3061 
f 3096/3071/3062 3097/3072/3063 3098/3073/3064 3099/3074/3065 
f 3100/3075/3066 3101/3076/3067 3102/3077/3068 3103/3078/3069 
f 3104/3079/3070 3105/3080/3071 3106/3081/3072 3107/3082/3073 
f 3076/3048/3042 3108/3083/3074 3109/3084/3075 3077/3049/3043 
f 3110/3085/3076 3111/3086/3077 3080/3053/3046 3079/3052/3045 
f 3067/3039/3033 3070/3042/3036 3112/3087/3078 3113/3088/3079 
f 3114/3089/3080 3115/3090/3081 3116/3091/3082 3117/3092/3083 
f 3074/3046/3040 3073/3045/3039 3118/3093/3084 3079/3094/3045 
f 3119/3095/3085 3115/3090/3081 3120/3096/3086 3121/3097/3087 
f 3122/3098/3088 3123/3099/3089 3069/3041/3035 3068/3040/3034 
f 3071/3043/3037 3124/3100/3090 3125/3101/3091 3072/3044/3038 
f 3126/3102/3092 3075/3047/3041 3078/3050/3044 3127/3103/3093 
f 3114/3104/3080 3106/3081/3072 3128/3105/3094 3129/3106/3095 
f 3071/3107/3037 3074/3051/3040 3081/3054/3047 3130/3108/3096 
f 3131/3109/3097 3132/3110/3098 3133/3111/3099 3134/3112/3100 
f 3135/3113/3101 3136/3114/3102 3137/3115/3103 3138/3116/3104 
f 3139/3117/3105 3140/3118/3106 3141/3119/3107 3142/3120/3108 
f 3143/3121/3109 3144/3122/3110 3145/3123/3111 3146/3124/3112 
f 3139/3125/3105 3082/3126/3048 3147/3127/3113 3148/3128/3114 
f 3132/3110/3098 3149/3129/3115 3150/3130/3116 3133/3111/3099 
f 3086/3131/3052 3151/3132/3117 3152/3133/3118 3143/3134/3109 
f 3137/3115/3103 3153/3135/3119 3154/3136/3120 3138/3116/3104 
f 3121/3097/3087 3120/3096/3086 3065/3037/3031 3088/3061/3054 
f 3146/3124/3112 3154/3136/3120 3153/3135/3119 3087/3060/3053 
f 3129/3106/3095 3128/3105/3094 3091/3065/3057 3066/3137/3032 
f 3071/3107/3037 3130/3108/3096 3102/3077/3068 3124/3138/3090 
f 3100/3139/3066 3144/3140/3110 3123/3099/3089 3122/3098/3088 
f 3124/3100/3090 3155/3141/3121 3125/3101/3091 
f 3126/3102/3092 3127/3103/3093 3145/3123/3111 3103/3078/3069 
f 3092/3066/3058 3156/3142/3122 3131/3109/3097 3151/3132/3117 
f 3085/3058/3051 3084/3057/3050 3062/3034/3028 3093/3143/3059 
f 3089/3062/3055 3088/3061/3054 3065/3037/3031 3090/3144/3056 
f 3090/3064/3056 3064/3145/3030 3091/3065/3057 
f 3093/3068/3059 3061/3146/3027 3094/3069/3060 
f 3114/3104/3080 3117/3147/3083 3107/3082/3073 3106/3081/3072 
f 3115/3090/3081 3119/3095/3085 3157/3148/3123 3116/3091/3082 
f 3115/3090/3081 3114/3089/3080 3129/3149/3095 3120/3096/3086 
f 3105/3080/3071 3156/3142/3122 3128/3105/3094 3106/3081/3072 
f 3129/3149/3095 3066/3038/3032 3065/3037/3031 3120/3096/3086 
f 3156/3142/3122 3092/3066/3058 3091/3065/3057 3128/3105/3094 
f 3082/3055/3048 3139/3117/3105 3142/3120/3108 3083/3056/3049 
f 3143/3121/3109 3146/3124/3112 3087/3060/3053 3086/3059/3052 
f 3156/3142/3122 3105/3080/3071 3132/3110/3098 3131/3109/3097 
f 3136/3114/3102 3157/3148/3123 3119/3095/3085 3137/3115/3103 
f 3082/3126/3048 3085/3067/3051 3095/3070/3061 3147/3127/3113 
f 3105/3080/3071 3104/3079/3070 3149/3129/3115 3132/3110/3098 
f 3086/3131/3052 3089/3063/3055 3092/3066/3058 3151/3132/3117 
f 3119/3095/3085 3121/3097/3087 3153/3135/3119 3137/3115/3103 
f 3121/3097/3087 3088/3061/3054 3087/3060/3053 3153/3135/3119 
f 3134/3112/3100 3152/3133/3118 3151/3132/3117 3131/3109/3097 
f 3134/3112/3100 3133/3111/3099 3070/3042/3036 3069/3041/3035 
f 3135/3113/3101 3138/3116/3104 3078/3050/3044 3077/3049/3043 
f 3139/3125/3105 3148/3128/3114 3109/3084/3075 3140/3150/3106 
f 3070/3042/3036 3133/3111/3099 3150/3130/3116 3112/3087/3078 
f 3123/3099/3089 3152/3133/3118 3134/3112/3100 3069/3041/3035 
f 3138/3116/3104 3154/3136/3120 3127/3103/3093 3078/3050/3044 
f 3096/3071/3062 3099/3074/3065 3141/3119/3107 3140/3118/3106 
f 3144/3122/3110 3100/3075/3066 3103/3078/3069 3145/3123/3111 
f 3144/3140/3110 3143/3134/3109 3152/3133/3118 3123/3099/3089 
f 3127/3103/3093 3154/3136/3120 3146/3124/3112 3145/3123/3111 
f 3072/3044/3038 3068/3040/3034 3067/3039/3033 3073/3045/3039 
f 3076/3048/3042 3075/3047/3041 3081/3054/3047 3080/3053/3046 
f 3097/3072/3063 3158/3151/3124 3098/3073/3064 
f 3101/3076/3067 3155/3152/3121 3102/3077/3068 
f 3097/3153/3063 3096/3154/3062 3108/3083/3074 3111/3086/3077 
f 3073/3045/3039 3067/3039/3033 3113/3088/3079 3118/3093/3084 
f 3125/3101/3091 3122/3098/3088 3068/3040/3034 3072/3044/3038 
f 3075/3047/3041 3126/3102/3092 3130/3108/3096 3081/3054/3047 
f 3126/3102/3092 3103/3078/3069 3102/3077/3068 3130/3108/3096 
f 3100/3139/3066 3122/3098/3088 3125/3101/3091 3101/3155/3067 
f 3062/3034/3028 3107/3082/3073 3117/3147/3083 3063/3035/3029 
f 3083/3056/3049 3149/3129/3115 3104/3079/3070 3084/3057/3050 
f 3094/3069/3060 3116/3091/3082 3157/3148/3123 3095/3070/3061 
f 3098/3073/3064 3118/3093/3084 3113/3088/3079 3099/3074/3065 
f 3108/3083/3074 3096/3154/3062 3140/3150/3106 3109/3084/3075 
f 3110/3085/3076 3158/3156/3124 3111/3086/3077 
f 3112/3087/3078 3150/3130/3116 3142/3120/3108 3141/3119/3107 
f 3136/3114/3102 3135/3113/3101 3148/3128/3114 3147/3127/3113 
f 3104/3079/3070 3107/3082/3073 3062/3034/3028 3084/3057/3050 
f 3117/3092/3083 3116/3091/3082 3094/3069/3060 3063/3157/3029 
f 3150/3130/3116 3149/3129/3115 3083/3056/3049 3142/3120/3108 
f 3157/3148/3123 3136/3114/3102 3147/3127/3113 3095/3070/3061 
f 3148/3128/3114 3135/3113/3101 3077/3049/3043 3109/3084/3075 
f 3099/3074/3065 3113/3088/3079 3112/3087/3078 3141/3119/3107 
f 3079/3094/3045 3118/3093/3084 3098/3073/3064 3110/3158/3076 
f 3076/3048/3042 3080/3053/3046 3111/3086/3077 3108/3083/3074 
f 3159/3033/3125 3160/3034/3126 3161/3143/3127 
f 3162/3036/3128 3163/3037/3129 3164/3144/3130 
f 3165/3039/3131 3166/3042/3132 3167/3041/3133 3168/3040/3134 
f 3169/3045/3135 3170/3044/3136 3171/3043/3137 3172/3046/3138 
f 3173/3047/3139 3174/3050/3140 3175/3049/3141 3176/3048/3142 
f 3172/3051/3138 3177/3054/3143 3178/3053/3144 3179/3052/3145 
f 3180/3057/3146 3181/3056/3147 3182/3055/3148 3183/3058/3149 
f 3184/3061/3150 3185/3060/3151 3186/3059/3152 3187/3062/3153 
f 3187/3063/3153 3188/3066/3154 3189/3065/3155 3164/3064/3130 
f 3183/3067/3149 3190/3070/3156 3191/3069/3157 3161/3068/3127 
f 3192/3071/3158 3193/3074/3159 3194/3073/3160 3195/3072/3161 
f 3196/3075/3162 3197/3078/3163 3198/3077/3164 3199/3076/3165 
f 3200/3079/3166 3201/3082/3167 3202/3081/3168 3203/3080/3169 
f 3176/3048/3142 3175/3049/3141 3204/3084/3170 3205/3083/3171 
f 3178/3053/3144 3206/3086/3172 3207/3085/3173 3179/3052/3145 
f 3208/3087/3174 3166/3042/3132 3165/3039/3131 3209/3088/3175 
f 3210/3091/3176 3211/3090/3177 3212/3089/3178 3213/3092/3179 
f 3214/3093/3180 3169/3045/3135 3172/3046/3138 3179/3094/3145 
f 3215/3096/3181 3211/3090/3177 3216/3095/3182 3217/3097/3183 
f 3167/3041/3133 3218/3099/3184 3219/3098/3185 3168/3040/3134 
f 3171/3043/3137 3170/3044/3136 3220/3101/3186 3221/3100/3187 
f 3222/3102/3188 3223/3103/3189 3174/3050/3140 3173/3047/3139 
f 3224/3105/3190 3202/3081/3168 3212/3104/3178 3225/3106/3191 
f 3171/3107/3137 3226/3108/3192 3177/3054/3143 3172/3051/3138 
f 3227/3111/3193 3228/3110/3194 3229/3109/3195 3230/3112/3196 
f 3231/3113/3197 3232/3116/3198 3233/3115/3199 3234/3114/3200 
f 3235/3117/3201 3236/3120/3202 3237/3119/3203 3238/3118/3204 
f 3239/3121/3205 3240/3124/3206 3241/3123/3207 3242/3122/3208 
f 3235/3125/3201 3243/3128/3209 3244/3127/3210 3182/3126/3148 
f 3245/3130/3211 3246/3129/3212 3228/3110/3194 3227/3111/3193 
f 3247/3133/3213 3248/3132/3214 3186/3131/3152 3239/3134/3205 
f 3249/3136/3215 3250/3135/3216 3233/3115/3199 3232/3116/3198 
f 3163/3037/3129 3215/3096/3181 3217/3097/3183 3184/3061/3150 
f 3240/3124/3206 3185/3060/3151 3250/3135/3216 3249/3136/3215 
f 3189/3065/3155 3224/3105/3190 3225/3106/3191 3251/3137/3217 
f 3198/3077/3164 3226/3108/3192 3171/3107/3137 3221/3138/3187 
f 3218/3099/3184 3242/3140/3208 3196/3139/3162 3219/3098/3185 
f 3221/3100/3187 3220/3101/3186 3252/3141/3218 
f 3241/3123/3207 3223/3103/3189 3222/3102/3188 3197/3078/3163 
f 3188/3066/3154 3248/3132/3214 3229/3109/3195 3253/3142/3219 
f 3160/3034/3126 3180/3057/3146 3183/3058/3149 3161/3143/3127 
f 3163/3037/3129 3184/3061/3150 3187/3062/3153 3164/3144/3130 
f 3164/3064/3130 3189/3065/3155 3162/3145/3128 
f 3161/3068/3127 3191/3069/3157 3159/3146/3125 
f 3201/3082/3167 3213/3147/3179 3212/3104/3178 3202/3081/3168 
f 3211/3090/3177 3210/3091/3176 3254/3148/3220 3216/3095/3182 
f 3211/3090/3177 3215/3096/3181 3225/3149/3191 3212/3089/3178 
f 3224/3105/3190 3253/3142/3219 3203/3080/3169 3202/3081/3168 
f 3163/3037/3129 3251/3038/3217 3225/3149/3191 3215/3096/3181 
f 3189/3065/3155 3188/3066/3154 3253/3142/3219 3224/3105/3190 
f 3182/3055/3148 3181/3056/3147 3236/3120/3202 3235/3117/3201 
f 3185/3060/3151 3240/3124/3206 3239/3121/3205 3186/3059/3152 
f 3228/3110/3194 3203/3080/3169 3253/3142/3219 3229/3109/3195 
f 3234/3114/3200 3233/3115/3199 3216/3095/3182 3254/3148/3220 
f 3182/3126/3148 3244/3127/3210 3190/3070/3156 3183/3067/3149 
f 3246/3129/3212 3200/3079/3166 3203/3080/3169 3228/3110/3194 
f 3186/3131/3152 3248/3132/3214 3188/3066/3154 3187/3063/3153 
f 3250/3135/3216 3217/3097/3183 3216/3095/3182 3233/3115/3199 
f 3185/3060/3151 3184/3061/3150 3217/3097/3183 3250/3135/3216 
f 3248/3132/3214 3247/3133/3213 3230/3112/3196 3229/3109/3195 
f 3166/3042/3132 3227/3111/3193 3230/3112/3196 3167/3041/3133 
f 3174/3050/3140 3232/3116/3198 3231/3113/3197 3175/3049/3141 
f 3204/3084/3170 3243/3128/3209 3235/3125/3201 3238/3150/3204 
f 3166/3042/3132 3208/3087/3174 3245/3130/3211 3227/3111/3193 
f 3218/3099/3184 3167/3041/3133 3230/3112/3196 3247/3133/3213 
f 3223/3103/3189 3249/3136/3215 3232/3116/3198 3174/3050/3140 
f 3237/3119/3203 3193/3074/3159 3192/3071/3158 3238/3118/3204 
f 3242/3122/3208 3241/3123/3207 3197/3078/3163 3196/3075/3162 
f 3242/3140/3208 3218/3099/3184 3247/3133/3213 3239/3134/3205 
f 3223/3103/3189 3241/3123/3207 3240/3124/3206 3249/3136/3215 
f 3170/3044/3136 3169/3045/3135 3165/3039/3131 3168/3040/3134 
f 3177/3054/3143 3173/3047/3139 3176/3048/3142 3178/3053/3144 
f 3195/3072/3161 3194/3073/3160 3255/3151/3221 
f 3199/3076/3165 3198/3077/3164 3252/3152/3218 
f 3195/3153/3161 3206/3086/3172 3205/3083/3171 3192/3154/3158 
f 3169/3045/3135 3214/3093/3180 3209/3088/3175 3165/3039/3131 
f 3220/3101/3186 3170/3044/3136 3168/3040/3134 3219/3098/3185 
f 3226/3108/3192 3222/3102/3188 3173/3047/3139 3177/3054/3143 
f 3198/3077/3164 3197/3078/3163 3222/3102/3188 3226/3108/3192 
f 3220/3101/3186 3219/3098/3185 3196/3139/3162 3199/3155/3165 
f 3160/3034/3126 3256/3035/3222 3213/3147/3179 3201/3082/3167 
f 3181/3056/3147 3180/3057/3146 3200/3079/3166 3246/3129/3212 
f 3191/3069/3157 3190/3070/3156 3254/3148/3220 3210/3091/3176 
f 3194/3073/3160 3193/3074/3159 3209/3088/3175 3214/3093/3180 
f 3205/3083/3171 3204/3084/3170 3238/3150/3204 3192/3154/3158 
f 3207/3085/3173 3206/3086/3172 3255/3156/3221 
f 3236/3120/3202 3245/3130/3211 3208/3087/3174 3237/3119/3203 
f 3243/3128/3209 3231/3113/3197 3234/3114/3200 3244/3127/3210 
f 3160/3034/3126 3201/3082/3167 3200/3079/3166 3180/3057/3146 
f 3191/3069/3157 3210/3091/3176 3213/3092/3179 3256/3157/3222 
f 3181/3056/3147 3246/3129/3212 3245/3130/3211 3236/3120/3202 
f 3244/3127/3210 3234/3114/3200 3254/3148/3220 3190/3070/3156 
f 3243/3128/3209 3204/3084/3170 3175/3049/3141 3231/3113/3197 
f 3193/3074/3159 3237/3119/3203 3208/3087/3174 3209/3088/3175 
f 3194/3073/3160 3214/3093/3180 3179/3094/3145 3207/3158/3173 
f 3206/3086/3172 3178/3053/3144 3176/3048/3142 3205/3083/3171 
f 3155/3141/3121 3101/3155/3067 3125/3101/3091 
f 3155/3152/3121 3124/3138/3090 3102/3077/3068 
f 3064/3036/3030 3090/3144/3056 3065/3037/3031 
f 3064/3145/3030 3066/3137/3032 3091/3065/3057 
f 3061/3033/3027 3093/3143/3059 3062/3034/3028 
f 3061/3146/3027 3063/3157/3029 3094/3069/3060 
f 3158/3151/3124 3110/3158/3076 3098/3073/3064 
f 3158/3156/3124 3097/3153/3063 3111/3086/3077 
f 3220/3101/3186 3199/3155/3165 3252/3141/3218 
f 3198/3077/3164 3221/3138/3187 3252/3152/3218 
f 3162/3036/3128 3251/3038/3217 3163/3037/3129 
f 3189/3065/3155 3251/3137/3217 3162/3145/3128 
f 3159/3033/3125 3256/3035/3222 3160/3034/3126 
f 3191/3069/3157 3256/3157/3222 3159/3146/3125 
f 3194/3073/3160 3207/3158/3173 3255/3151/3221 
f 3206/3086/3172 3195/3153/3161 3255/3156/3221 
f 3257/3159/3223 3258/3160/3224 3259/3161/3225 
f 3260/3162/3226 3261/3163/3227 3262/3164/3228 
f 3263/3165/3229 3264/3166/3230 3265/3167/3231 3266/3168/3232 
f 3267/3169/3233 3268/3170/3234 3269/3171/3235 3270/3172/3236 
f 3271/3173/3237 3272/3174/3238 3273/3175/3239 3274/3176/3240 
f 3268/3177/3234 3275/3178/3241 3276/3179/3242 3277/3180/3243 
f 3278/3181/3244 3264/3166/3230 3279/3182/3245 3280/3183/3246 
f 3281/3184/3247 3282/3185/3248 3283/3186/3249 3284/3187/3250 
f 3264/3166/3230 3263/3165/3229 3285/3188/3251 3279/3182/3245 
f 3286/3189/3252 3287/3190/3253 3271/3173/3237 3288/3191/3254 
f 3289/3192/3255 3290/3193/3256 3291/3194/3257 3292/3195/3258 
f 3271/3173/3237 3274/3176/3240 3293/3196/3259 3288/3191/3254 
f 3282/3197/3248 3281/3198/3247 3294/3199/3260 3295/3200/3261 
f 3292/3201/3258 3296/3202/3262 3297/3203/3263 3289/3204/3255 
f 3298/3205/3264 3265/3167/3231 3264/3166/3230 3278/3181/3244 
f 3282/3185/3248 3299/3206/3265 3300/3207/3266 3283/3186/3249 
f 3301/3208/3267 3272/3174/3238 3271/3173/3237 3287/3190/3253 
f 3289/3192/3255 3302/3209/3268 3303/3210/3269 3290/3193/3256 
f 3299/3211/3265 3304/3212/3270 3258/3160/3224 3305/3213/3271 
f 3302/3214/3268 3306/3215/3272 3261/3163/3227 3307/3216/3273 
f 3307/3217/3273 3260/3218/3226 3308/3219/3274 
f 3305/3220/3271 3257/3221/3223 3309/3222/3275 
f 3268/3177/3234 3267/3223/3233 3310/3224/3276 3275/3178/3241 
f 3269/3171/3235 3268/3170/3234 3277/3225/3243 3311/3226/3277 
f 3258/3160/3224 3310/3224/3276 3267/3223/3233 3259/3161/3225 
f 3287/3190/3253 3286/3189/3252 3284/3187/3250 3283/3186/3249 
f 3294/3199/3260 3285/3188/3251 3263/3165/3229 3295/3200/3261 
f 3309/3222/3275 3270/3172/3236 3301/3208/3267 3300/3207/3266 
f 3295/3200/3261 3263/3165/3229 3266/3168/3232 3304/3212/3270 
f 3267/3169/3233 3270/3172/3236 3309/3222/3275 3259/3227/3225 
f 3261/3163/3227 3311/3226/3277 3277/3225/3243 3262/3164/3228 
f 3290/3193/3256 3278/3181/3244 3280/3183/3246 3291/3194/3257 
f 3296/3202/3262 3293/3196/3259 3274/3176/3240 3297/3203/3263 
f 3308/3219/3274 3276/3179/3242 3298/3205/3264 3303/3210/3269 
f 3297/3203/3263 3274/3176/3240 3273/3175/3239 3306/3215/3272 
f 3277/3180/3243 3276/3179/3242 3308/3219/3274 3262/3228/3228 
f 3275/3178/3241 3310/3224/3276 3266/3168/3232 3265/3167/3231 
f 3272/3174/3238 3269/3171/3235 3311/3226/3277 3273/3175/3239 
f 3276/3179/3242 3275/3178/3241 3265/3167/3231 3298/3205/3264 
f 3299/3206/3265 3305/3220/3271 3309/3222/3275 3300/3207/3266 
f 3301/3208/3267 3270/3172/3236 3269/3171/3235 3272/3174/3238 
f 3302/3209/3268 3307/3217/3273 3308/3219/3274 3303/3210/3269 
f 3282/3197/3248 3295/3200/3261 3304/3212/3270 3299/3211/3265 
f 3289/3204/3255 3297/3203/3263 3306/3215/3272 3302/3214/3268 
f 3301/3208/3267 3287/3190/3253 3283/3186/3249 3300/3207/3266 
f 3266/3168/3232 3310/3224/3276 3258/3160/3224 3304/3212/3270 
f 3298/3205/3264 3278/3181/3244 3290/3193/3256 3303/3210/3269 
f 3273/3175/3239 3311/3226/3277 3261/3163/3227 3306/3215/3272 
f 3312/3229/3278 3313/3230/3279 3314/3231/3280 
f 3315/3232/3281 3316/3233/3282 3317/3234/3283 
f 3318/3235/3284 3319/3236/3285 3320/3237/3286 3321/3238/3287 
f 3322/3239/3288 3323/3240/3289 3324/3241/3290 3325/3242/3291 
f 3326/3243/3292 3327/3244/3293 3328/3245/3294 3329/3246/3295 
f 3330/3247/3296 3331/3248/3297 3325/3249/3291 3332/3250/3298 
f 3279/3182/3245 3321/3238/3287 3333/3251/3299 3280/3183/3246 
f 3281/3184/3247 3284/3187/3250 3334/3252/3300 3335/3253/3301 
f 3285/3188/3251 3318/3235/3284 3321/3238/3287 3279/3182/3245 
f 3286/3189/3252 3288/3191/3254 3328/3245/3294 3336/3254/3302 
f 3291/3194/3257 3337/3255/3303 3338/3256/3304 3292/3195/3258 
f 3293/3196/3259 3329/3246/3295 3328/3245/3294 3288/3191/3254 
f 3335/3257/3301 3339/3258/3305 3294/3199/3260 3281/3198/3247 
f 3340/3259/3306 3296/3202/3262 3292/3201/3258 3338/3260/3304 
f 3321/3238/3287 3320/3237/3286 3341/3261/3307 3333/3251/3299 
f 3335/3253/3301 3334/3252/3300 3342/3262/3308 3343/3263/3309 
f 3328/3245/3294 3327/3244/3293 3344/3264/3310 3336/3254/3302 
f 3338/3256/3304 3337/3255/3303 3345/3265/3311 3346/3266/3312 
f 3313/3230/3279 3347/3267/3313 3343/3268/3309 3314/3231/3280 
f 3316/3233/3282 3348/3269/3314 3346/3270/3312 3317/3234/3283 
f 3317/3271/3283 3349/3272/3315 3315/3273/3281 
f 3314/3274/3280 3350/3275/3316 3312/3276/3278 
f 3351/3277/3317 3322/3278/3288 3325/3249/3291 3331/3248/3297 
f 3324/3241/3290 3352/3279/3318 3332/3280/3298 3325/3242/3291 
f 3313/3230/3279 3353/3281/3319 3322/3278/3288 3351/3277/3317 
f 3284/3187/3250 3286/3189/3252 3336/3254/3302 3334/3252/3300 
f 3294/3199/3260 3339/3258/3305 3318/3235/3284 3285/3188/3251 
f 3350/3275/3316 3342/3262/3308 3344/3264/3310 3323/3240/3289 
f 3339/3258/3305 3347/3267/3313 3319/3236/3285 3318/3235/3284 
f 3350/3275/3316 3323/3240/3289 3322/3239/3288 3353/3282/3319 
f 3316/3233/3282 3354/3283/3320 3332/3280/3298 3352/3279/3318 
f 3337/3255/3303 3291/3194/3257 3280/3183/3246 3333/3251/3299 
f 3296/3202/3262 3340/3259/3306 3329/3246/3295 3293/3196/3259 
f 3349/3272/3315 3345/3265/3311 3341/3261/3307 3330/3247/3296 
f 3340/3259/3306 3348/3269/3314 3326/3243/3292 3329/3246/3295 
f 3349/3272/3315 3330/3247/3296 3332/3250/3298 3354/3284/3320 
f 3319/3236/3285 3351/3277/3317 3331/3248/3297 3320/3237/3286 
f 3327/3244/3293 3326/3243/3292 3352/3279/3318 3324/3241/3290 
f 3320/3237/3286 3331/3248/3297 3330/3247/3296 3341/3261/3307 
f 3343/3263/3309 3342/3262/3308 3350/3275/3316 3314/3274/3280 
f 3344/3264/3310 3327/3244/3293 3324/3241/3290 3323/3240/3289 
f 3346/3266/3312 3345/3265/3311 3349/3272/3315 3317/3271/3283 
f 3347/3267/3313 3339/3258/3305 3335/3257/3301 3343/3268/3309 
f 3348/3269/3314 3340/3259/3306 3338/3260/3304 3346/3270/3312 
f 3344/3264/3310 3342/3262/3308 3334/3252/3300 3336/3254/3302 
f 3319/3236/3285 3347/3267/3313 3313/3230/3279 3351/3277/3317 
f 3341/3261/3307 3345/3265/3311 3337/3255/3303 3333/3251/3299 
f 3326/3243/3292 3348/3269/3314 3316/3233/3282 3352/3279/3318 
f 3355/3285/3321 3356/3286/3322 3357/3287/3323 
f 3358/3288/3324 3359/3289/3325 3360/3290/3326 
f 3361/3291/3327 3362/3292/3328 3363/3293/3329 3364/3294/3330 
f 3365/3295/3331 3366/3296/3332 3367/3297/3333 3368/3298/3334 
f 3369/3299/3335 3370/3300/3336 3371/3301/3337 3372/3302/3338 
f 3368/3303/3334 3373/3304/3339 3374/3305/3340 3375/3306/3341 
f 3376/3307/3342 3377/3308/3343 3378/3309/3344 3379/3310/3345 
f 3380/3311/3346 3381/3312/3347 3382/3313/3348 3383/3314/3349 
f 3383/3315/3349 3384/3316/3350 3385/3317/3351 3386/3318/3352 
f 3379/3319/3345 3387/3320/3353 3388/3321/3354 3389/3322/3355 
f 3390/3323/3356 3391/3324/3357 3392/3325/3358 3393/3326/3359 
f 3394/3327/3360 3395/3328/3361 3396/3329/3362 3397/3330/3363 
f 3398/3331/3364 3399/3332/3365 3400/3333/3366 3401/3334/3367 
f 3370/3300/3336 3402/3335/3368 3403/3336/3369 3371/3301/3337 
f 3373/3304/3339 3404/3337/3370 3405/3338/3371 3374/3305/3340 
f 3364/3294/3330 3363/3293/3329 3406/3339/3372 3407/3340/3373 
f 3408/3341/3374 3409/3342/3375 3410/3343/3376 3411/3344/3377 
f 3368/3298/3334 3367/3297/3333 3412/3345/3378 3373/3346/3339 
f 3413/3347/3379 3409/3342/3375 3414/3348/3380 3415/3349/3381 
f 3416/3350/3382 3417/3351/3383 3362/3292/3328 3361/3291/3327 
f 3365/3295/3331 3418/3352/3384 3419/3353/3385 3366/3296/3332 
f 3420/3354/3386 3369/3299/3335 3372/3302/3338 3421/3355/3387 
f 3408/3356/3374 3400/3333/3366 3422/3357/3388 3423/3358/3389 
f 3365/3359/3331 3368/3303/3334 3375/3306/3341 3424/3360/3390 
f 3425/3361/3391 3426/3362/3392 3427/3363/3393 3428/3364/3394 
f 3429/3365/3395 3430/3366/3396 3431/3367/3397 3432/3368/3398 
f 3433/3369/3399 3434/3370/3400 3435/3371/3401 3436/3372/3402 
f 3437/3373/3403 3438/3374/3404 3439/3375/3405 3440/3376/3406 
f 3436/3377/3402 3376/3378/3342 3441/3379/3407 3442/3380/3408 
f 3426/3362/3392 3443/3381/3409 3444/3382/3410 3427/3363/3393 
f 3380/3383/3346 3445/3384/3411 3446/3385/3412 3437/3386/3403 
f 3431/3367/3397 3447/3387/3413 3448/3388/3414 3432/3368/3398 
f 3436/3372/3402 3435/3371/3401 3377/3308/3343 3376/3307/3342 
f 3437/3373/3403 3440/3376/3406 3381/3312/3347 3380/3311/3346 
f 3449/3389/3415 3399/3332/3365 3426/3362/3392 3425/3361/3391 
f 3430/3366/3396 3450/3390/3416 3413/3347/3379 3431/3367/3397 
f 3376/3378/3342 3379/3319/3345 3389/3322/3355 3441/3379/3407 
f 3399/3332/3365 3398/3331/3364 3443/3381/3409 3426/3362/3392 
f 3383/3315/3349 3386/3318/3352 3445/3384/3411 3380/3383/3346 
f 3431/3367/3397 3413/3347/3379 3415/3349/3381 3447/3387/3413 
f 3362/3292/3328 3428/3364/3394 3427/3363/3393 3363/3293/3329 
f 3429/3365/3395 3432/3368/3398 3372/3302/3338 3371/3301/3337 
f 3436/3377/3402 3442/3380/3408 3403/3336/3369 3433/3391/3399 
f 3363/3293/3329 3427/3363/3393 3444/3382/3410 3406/3339/3372 
f 3438/3392/3404 3437/3386/3403 3446/3385/3412 3417/3351/3383 
f 3432/3368/3398 3448/3388/3414 3421/3355/3387 3372/3302/3338 
f 3390/3323/3356 3393/3326/3359 3434/3370/3400 3433/3369/3399 
f 3438/3374/3404 3394/3327/3360 3397/3330/3363 3439/3375/3405 
f 3366/3296/3332 3361/3291/3327 3364/3294/3330 3367/3297/3333 
f 3370/3300/3336 3369/3299/3335 3375/3306/3341 3374/3305/3340 
f 3391/3324/3357 3451/3393/3417 3392/3325/3358 
f 3395/3328/3361 3452/3394/3418 3396/3329/3362 
f 3390/3395/3356 3402/3335/3368 3405/3338/3371 3391/3396/3357 
f 3367/3297/3333 3364/3294/3330 3407/3340/3373 3412/3345/3378 
f 3394/3397/3360 3416/3350/3382 3419/3353/3385 3395/3398/3361 
f 3369/3299/3335 3420/3354/3386 3424/3360/3390 3375/3306/3341 
f 3379/3310/3345 3378/3309/3344 3356/3286/3322 3387/3399/3353 
f 3383/3314/3349 3382/3313/3348 3359/3289/3325 3384/3400/3350 
f 3384/3316/3350 3358/3401/3324 3385/3317/3351 
f 3387/3320/3353 3355/3402/3321 3388/3321/3354 
f 3408/3356/3374 3411/3403/3377 3401/3334/3367 3400/3333/3366 
f 3409/3342/3375 3413/3347/3379 3450/3390/3416 3410/3343/3376 
f 3409/3342/3375 3408/3341/3374 3423/3404/3389 3414/3348/3380 
f 3399/3332/3365 3449/3389/3415 3422/3357/3388 3400/3333/3366 
f 3359/3289/3325 3414/3348/3380 3423/3404/3389 3360/3290/3326 
f 3381/3312/3347 3447/3387/3413 3415/3349/3381 3382/3313/3348 
f 3385/3317/3351 3422/3357/3388 3449/3389/3415 3386/3318/3352 
f 3396/3329/3362 3424/3360/3390 3420/3354/3386 3397/3330/3363 
f 3394/3397/3360 3438/3392/3404 3417/3351/3383 3416/3350/3382 
f 3418/3352/3384 3452/3405/3418 3419/3353/3385 
f 3421/3355/3387 3448/3388/3414 3440/3376/3406 3439/3375/3405 
f 3445/3384/3411 3425/3361/3391 3428/3364/3394 3446/3385/3412 
f 3440/3376/3406 3448/3388/3414 3447/3387/3413 3381/3312/3347 
f 3386/3318/3352 3449/3389/3415 3425/3361/3391 3445/3384/3411 
f 3428/3364/3394 3362/3292/3328 3417/3351/3383 3446/3385/3412 
f 3420/3354/3386 3421/3355/3387 3439/3375/3405 3397/3330/3363 
f 3365/3359/3331 3424/3360/3390 3396/3329/3362 3418/3406/3384 
f 3361/3291/3327 3366/3296/3332 3419/3353/3385 3416/3350/3382 
f 3415/3349/3381 3414/3348/3380 3359/3289/3325 3382/3313/3348 
f 3423/3358/3389 3422/3357/3388 3385/3317/3351 3360/3407/3326 
f 3356/3286/3322 3401/3334/3367 3411/3403/3377 3357/3287/3323 
f 3443/3381/3409 3398/3331/3364 3378/3309/3344 3377/3308/3343 
f 3388/3321/3354 3410/3343/3376 3450/3390/3416 3389/3322/3355 
f 3392/3325/3358 3412/3345/3378 3407/3340/3373 3393/3326/3359 
f 3402/3335/3368 3390/3395/3356 3433/3391/3399 3403/3336/3369 
f 3404/3337/3370 3451/3408/3417 3405/3338/3371 
f 3434/3370/3400 3406/3339/3372 3444/3382/3410 3435/3371/3401 
f 3430/3366/3396 3429/3365/3395 3442/3380/3408 3441/3379/3407 
f 3444/3382/3410 3443/3381/3409 3377/3308/3343 3435/3371/3401 
f 3450/3390/3416 3430/3366/3396 3441/3379/3407 3389/3322/3355 
f 3442/3380/3408 3429/3365/3395 3371/3301/3337 3403/3336/3369 
f 3393/3326/3359 3407/3340/3373 3406/3339/3372 3434/3370/3400 
f 3373/3346/3339 3412/3345/3378 3392/3325/3358 3404/3409/3370 
f 3370/3300/3336 3374/3305/3340 3405/3338/3371 3402/3335/3368 
f 3398/3331/3364 3401/3334/3367 3356/3286/3322 3378/3309/3344 
f 3411/3344/3377 3410/3343/3376 3388/3321/3354 3357/3410/3323 
f 3453/3285/3419 3454/3286/3420 3455/3399/3421 
f 3456/3288/3422 3457/3289/3423 3458/3400/3424 
f 3459/3293/3425 3460/3292/3426 3461/3291/3427 3462/3294/3428 
f 3463/3297/3429 3464/3296/3430 3465/3295/3431 3466/3298/3432 
f 3467/3299/3433 3468/3302/3434 3469/3301/3435 3470/3300/3436 
f 3466/3303/3432 3471/3306/3437 3472/3305/3438 3473/3304/3439 
f 3474/3309/3440 3475/3308/3441 3476/3307/3442 3477/3310/3443 
f 3478/3313/3444 3479/3312/3445 3480/3311/3446 3481/3314/3447 
f 3481/3315/3447 3482/3318/3448 3483/3317/3449 3458/3316/3424 
f 3477/3319/3443 3484/3322/3450 3485/3321/3451 3455/3320/3421 
f 3486/3323/3452 3487/3326/3453 3488/3325/3454 3489/3324/3455 
f 3490/3327/3456 3491/3330/3457 3492/3329/3458 3493/3328/3459 
f 3494/3331/3460 3495/3334/3461 3496/3333/3462 3497/3332/3463 
f 3470/3300/3436 3469/3301/3435 3498/3336/3464 3499/3335/3465 
f 3473/3304/3439 3472/3305/3438 3500/3338/3466 3501/3337/3467 
f 3502/3339/3468 3459/3293/3425 3462/3294/3428 3503/3340/3469 
f 3504/3343/3470 3505/3342/3471 3506/3341/3472 3507/3344/3473 
f 3508/3345/3474 3463/3297/3429 3466/3298/3432 3473/3346/3439 
f 3509/3348/3475 3505/3342/3471 3510/3347/3476 3511/3349/3477 
f 3460/3292/3426 3512/3351/3478 3513/3350/3479 3461/3291/3427 
f 3465/3295/3431 3464/3296/3430 3514/3353/3480 3515/3352/3481 
f 3516/3354/3482 3517/3355/3483 3468/3302/3434 3467/3299/3433 
f 3518/3357/3484 3496/3333/3462 3506/3356/3472 3519/3358/3485 
f 3465/3359/3431 3520/3360/3486 3471/3306/3437 3466/3303/3432 
f 3521/3363/3487 3522/3362/3488 3523/3361/3489 3524/3364/3490 
f 3525/3365/3491 3526/3368/3492 3527/3367/3493 3528/3366/3494 
f 3529/3371/3495 3530/3370/3496 3531/3369/3497 3532/3372/3498 
f 3533/3373/3499 3534/3376/3500 3535/3375/3501 3536/3374/3502 
f 3532/3377/3498 3537/3380/3503 3538/3379/3504 3476/3378/3442 
f 3539/3382/3505 3540/3381/3506 3522/3362/3488 3521/3363/3487 
f 3541/3385/3507 3542/3384/3508 3480/3383/3446 3533/3386/3499 
f 3543/3388/3509 3544/3387/3510 3527/3367/3493 3526/3368/3492 
f 3475/3308/3441 3529/3371/3495 3532/3372/3498 3476/3307/3442 
f 3479/3312/3445 3534/3376/3500 3533/3373/3499 3480/3311/3446 
f 3522/3362/3488 3497/3332/3463 3545/3389/3511 3523/3361/3489 
f 3528/3366/3494 3527/3367/3493 3510/3347/3476 3546/3390/3512 
f 3476/3378/3442 3538/3379/3504 3484/3322/3450 3477/3319/3443 
f 3540/3381/3506 3494/3331/3460 3497/3332/3463 3522/3362/3488 
f 3542/3384/3508 3482/3318/3448 3481/3315/3447 3480/3383/3446 
f 3527/3367/3493 3544/3387/3510 3511/3349/3477 3510/3347/3476 
f 3460/3292/3426 3459/3293/3425 3521/3363/3487 3524/3364/3490 
f 3468/3302/3434 3526/3368/3492 3525/3365/3491 3469/3301/3435 
f 3498/3336/3464 3537/3380/3503 3532/3377/3498 3531/3391/3497 
f 3459/3293/3425 3502/3339/3468 3539/3382/3505 3521/3363/3487 
f 3536/3392/3502 3512/3351/3478 3541/3385/3507 3533/3386/3499 
f 3517/3355/3483 3543/3388/3509 3526/3368/3492 3468/3302/3434 
f 3530/3370/3496 3487/3326/3453 3486/3323/3452 3531/3369/3497 
f 3536/3374/3502 3535/3375/3501 3491/3330/3457 3490/3327/3456 
f 3464/3296/3430 3463/3297/3429 3462/3294/3428 3461/3291/3427 
f 3471/3306/3437 3467/3299/3433 3470/3300/3436 3472/3305/3438 
f 3489/3324/3455 3488/3325/3454 3547/3393/3513 
f 3493/3328/3459 3492/3329/3458 3548/3394/3514 
f 3500/3338/3466 3499/3335/3465 3486/3395/3452 3489/3396/3455 
f 3463/3297/3429 3508/3345/3474 3503/3340/3469 3462/3294/3428 
f 3514/3353/3480 3513/3350/3479 3490/3397/3456 3493/3398/3459 
f 3520/3360/3486 3516/3354/3482 3467/3299/3433 3471/3306/3437 
f 3454/3286/3420 3474/3309/3440 3477/3310/3443 3455/3399/3421 
f 3457/3289/3423 3478/3313/3444 3481/3314/3447 3458/3400/3424 
f 3458/3316/3424 3483/3317/3449 3456/3401/3422 
f 3455/3320/3421 3485/3321/3451 3453/3402/3419 
f 3495/3334/3461 3507/3403/3473 3506/3356/3472 3496/3333/3462 
f 3505/3342/3471 3504/3343/3470 3546/3390/3512 3510/3347/3476 
f 3505/3342/3471 3509/3348/3475 3519/3404/3485 3506/3341/3472 
f 3518/3357/3484 3545/3389/3511 3497/3332/3463 3496/3333/3462 
f 3457/3289/3423 3549/3290/3515 3519/3404/3485 3509/3348/3475 
f 3479/3312/3445 3478/3313/3444 3511/3349/3477 3544/3387/3510 
f 3483/3317/3449 3482/3318/3448 3545/3389/3511 3518/3357/3484 
f 3492/3329/3458 3491/3330/3457 3516/3354/3482 3520/3360/3486 
f 3512/3351/3478 3536/3392/3502 3490/3397/3456 3513/3350/3479 
f 3515/3352/3481 3514/3353/3480 3548/3405/3514 
f 3534/3376/3500 3543/3388/3509 3517/3355/3483 3535/3375/3501 
f 3542/3384/3508 3541/3385/3507 3524/3364/3490 3523/3361/3489 
f 3534/3376/3500 3479/3312/3445 3544/3387/3510 3543/3388/3509 
f 3482/3318/3448 3542/3384/3508 3523/3361/3489 3545/3389/3511 
f 3512/3351/3478 3460/3292/3426 3524/3364/3490 3541/3385/3507 
f 3535/3375/3501 3517/3355/3483 3516/3354/3482 3491/3330/3457 
f 3492/3329/3458 3520/3360/3486 3465/3359/3431 3515/3406/3481 
f 3514/3353/3480 3464/3296/3430 3461/3291/3427 3513/3350/3479 
f 3457/3289/3423 3509/3348/3475 3511/3349/3477 3478/3313/3444 
f 3483/3317/3449 3518/3357/3484 3519/3358/3485 3549/3407/3515 
f 3454/3286/3420 3550/3287/3516 3507/3403/3473 3495/3334/3461 
f 3474/3309/3440 3494/3331/3460 3540/3381/3506 3475/3308/3441 
f 3485/3321/3451 3484/3322/3450 3546/3390/3512 3504/3343/3470 
f 3488/3325/3454 3487/3326/3453 3503/3340/3469 3508/3345/3474 
f 3499/3335/3465 3498/3336/3464 3531/3391/3497 3486/3395/3452 
f 3501/3337/3467 3500/3338/3466 3547/3408/3513 
f 3530/3370/3496 3529/3371/3495 3539/3382/3505 3502/3339/3468 
f 3537/3380/3503 3525/3365/3491 3528/3366/3494 3538/3379/3504 
f 3475/3308/3441 3540/3381/3506 3539/3382/3505 3529/3371/3495 
f 3538/3379/3504 3528/3366/3494 3546/3390/3512 3484/3322/3450 
f 3537/3380/3503 3498/3336/3464 3469/3301/3435 3525/3365/3491 
f 3487/3326/3453 3530/3370/3496 3502/3339/3468 3503/3340/3469 
f 3488/3325/3454 3508/3345/3474 3473/3346/3439 3501/3409/3467 
f 3500/3338/3466 3472/3305/3438 3470/3300/3436 3499/3335/3465 
f 3454/3286/3420 3495/3334/3461 3494/3331/3460 3474/3309/3440 
f 3485/3321/3451 3504/3343/3470 3507/3344/3473 3550/3410/3516 
f 3355/3285/3321 3387/3399/3353 3356/3286/3322 
f 3355/3402/3321 3357/3410/3323 3388/3321/3354 
f 3358/3401/3324 3360/3407/3326 3385/3317/3351 
f 3358/3288/3324 3384/3400/3350 3359/3289/3325 
f 3452/3394/3418 3418/3406/3384 3396/3329/3362 
f 3452/3405/3418 3395/3398/3361 3419/3353/3385 
f 3451/3393/3417 3404/3409/3370 3392/3325/3358 
f 3451/3408/3417 3391/3396/3357 3405/3338/3371 
f 3257/3159/3223 3305/3213/3271 3258/3160/3224 
f 3257/3221/3223 3259/3227/3225 3309/3222/3275 
f 3312/3229/3278 3353/3281/3319 3313/3230/3279 
f 3350/3275/3316 3353/3282/3319 3312/3276/3278 
f 3315/3232/3281 3354/3283/3320 3316/3233/3282 
f 3349/3272/3315 3354/3284/3320 3315/3273/3281 
f 3260/3162/3226 3307/3216/3273 3261/3163/3227 
f 3260/3218/3226 3262/3228/3228 3308/3219/3274 
f 3456/3288/3422 3549/3290/3515 3457/3289/3423 
f 3483/3317/3449 3549/3407/3515 3456/3401/3422 
f 3453/3285/3419 3550/3287/3516 3454/3286/3420 
f 3485/3321/3451 3550/3410/3516 3453/3402/3419 
f 3492/3329/3458 3515/3406/3481 3548/3394/3514 
f 3514/3353/3480 3493/3398/3459 3548/3405/3514 
f 3488/3325/3454 3501/3409/3467 3547/3393/3513 
f 3500/3338/3466 3489/3396/3455 3547/3408/3513 
f 3551/3411/3517 3552/3412/3517 3553/3413/3518 3554/3414/3519 
f 3555/3415/3520 3556/3416/3521 3554/3414/3519 3553/3413/3518 
f 3556/3416/3521 3555/3415/3520 3557/3417/3522 3558/3418/3522 
f 3559/3411/3523 3560/3412/3523 3561/3413/3524 3562/3414/3525 
f 3563/3415/3526 3564/3416/3527 3562/3414/3525 3561/3413/3524 
f 3564/3416/3527 3563/3415/3526 3565/3417/3528 3566/3418/3528 
f 3567/3411/3529 3568/3412/3529 3569/3413/3530 3570/3414/3531 
f 3571/3415/3532 3572/3416/3533 3570/3414/3531 3569/3413/3530 
f 3572/3416/3533 3571/3415/3532 3573/3417/3534 3574/3418/3534 
f 3575/3411/3535 3576/3414/3536 3577/3413/3537 3578/3412/3535 
f 3576/3414/3536 3579/3416/3538 3580/3415/3539 3577/3413/3537 
f 3579/3416/3538 3581/3418/3540 3582/3417/3540 3580/3415/3539 
f 3583/3411/3541 3584/3414/3542 3585/3413/3543 3586/3412/3541 
f 3584/3414/3542 3587/3416/3544 3588/3415/3545 3585/3413/3543 
f 3587/3416/3544 3589/3418/3546 3590/3417/3546 3588/3415/3545 
f 3591/3411/3547 3592/3414/3548 3593/3413/3549 3594/3412/3547 
f 3592/3414/3548 3595/3416/3550 3596/3415/3551 3593/3413/3549 
f 3595/3416/3550 3597/3418/3552 3598/3417/3552 3596/3415/3551 
f 3599/3411/3541 3600/3414/3553 3601/3413/3554 3602/3412/3541 
f 3600/3414/3553 3603/3416/3555 3604/3415/3556 3601/3413/3554 
f 3603/3416/3555 3605/3418/3557 3606/3417/3557 3604/3415/3556 
f 3607/3411/3558 3608/3412/3558 3609/3413/3559 3610/3414/3560 
f 3611/3415/3561 3612/3416/3562 3610/3414/3560 3609/3413/3559 
f 3612/3416/3562 3611/3415/3561 3613/3417/3563 3614/3418/3563 
f 3615/3411/3564 3616/3412/3564 3617/3413/3565 3618/3414/3566 
f 3619/3415/3567 3620/3416/3568 3618/3414/3566 3617/3413/3565 
f 3620/3416/3568 3619/3415/3567 3621/3417/3569 3622/3418/3569 
f 3623/3411/3570 3624/3412/3570 3625/3413/3571 3626/3414/3572 
f 3627/3415/3573 3628/3416/3574 3626/3414/3572 3625/3413/3571 
f 3628/3416/3574 3627/3415/3573 3629/3417/3575 3630/3418/3575 
f 3631/3414/3576 3632/3419/3577 3633/3420/3578 3634/3411/3579 
f 3635/3413/3580 3632/3419/3577 3636/3421/3581 3637/3415/3582 
f 3638/3418/3583 3639/3422/3584 3636/3421/3581 3640/3416/3585 
f 3641/3411/3586 3642/3414/3587 3643/3423/3588 3644/3424/3589 
f 3643/3423/3588 3645/3425/3590 3646/3415/3591 3647/3413/3592 
f 3648/3416/3593 3649/3418/3594 3650/3426/3595 3645/3425/3590 
f 3651/3411/3596 3652/3414/3597 3653/3427/3598 3654/3428/3599 
f 3655/3413/3600 3653/3427/3598 3656/3429/3601 3657/3415/3602 
f 3658/3418/3603 3659/3430/3604 3656/3429/3601 3660/3416/3605 
f 3661/3411/3606 3662/3414/3607 3663/3413/3608 3664/3412/3606 
f 3662/3414/3607 3665/3416/3609 3666/3415/3610 3663/3413/3608 
f 3667/3431/3611 3668/3432/3611 3669/3417/3611 3666/3415/3610 3665/3416/3609 
f 3670/3411/3612 3671/3412/3612 3672/3413/3613 3673/3414/3614 
f 3674/3415/3615 3675/3416/3616 3673/3414/3614 3672/3413/3613 
f 3675/3416/3616 3674/3415/3615 3676/3417/3617 3677/3418/3617 
f 3678/3411/3618 3679/3414/3619 3680/3413/3620 3681/3412/3618 
f 3679/3414/3619 3682/3416/3621 3683/3415/3622 3680/3413/3620 
f 3682/3416/3621 3684/3418/3623 3685/3417/3623 3683/3415/3622 
f 3686/3411/3624 3687/3412/3624 3688/3413/3625 3689/3414/3626 
f 3688/3413/3625 3690/3433/3627 3691/3434/3628 3689/3414/3626 
f 3692/3416/3629 3693/3415/3630 3694/3417/3631 3695/3418/3631 
f 3693/3415/3630 3692/3416/3629 3691/3434/3628 3690/3433/3627 
f 3696/3411/3632 3697/3412/3632 3698/3413/3633 3699/3414/3634 
f 3700/3415/3635 3701/3416/3636 3699/3414/3634 3698/3413/3633 
f 3701/3416/3636 3700/3415/3635 3702/3417/3637 3703/3418/3637 
f 3704/3414/3638 3705/3435/3639 3706/3436/3640 3707/3411/3641 
f 3708/3413/3642 3705/3435/3639 3709/3437/3643 3710/3415/3644 
f 3711/3418/3645 3712/3438/3646 3709/3437/3643 3713/3416/3647 
f 3714/3414/3648 3715/3439/3649 3716/3440/3650 3717/3411/3651 
f 3715/3439/3649 3718/3441/3652 3719/3415/3653 3720/3413/3654 
f 3721/3418/3655 3722/3442/3656 3718/3441/3652 3723/3416/3657 
f 3724/3411/3658 3725/3443/3659 3726/3444/3660 3727/3414/3661 
f 3728/3413/3662 3729/3415/3663 3730/3445/3664 3726/3444/3660 
f 3730/3445/3664 3731/3446/3665 3732/3418/3666 3733/3416/3667 
f 3734/3411/3668 3735/3414/3669 3736/3447/3670 3737/3448/3671 
f 3736/3447/3670 3738/3449/3672 3519/3415/3673 3739/3413/3674 
f 3740/3416/3675 3741/3418/3676 3742/3450/3677 3738/3449/3672 
f 3743/3411/3678 3744/3414/3679 3745/3413/3680 3746/3412/3678 
f 3744/3414/3679 3747/3416/3681 3748/3415/3682 3745/3413/3680 
f 3747/3416/3681 3749/3418/3683 3750/3417/3683 3748/3415/3682 
f 3751/3411/3684 3752/3412/3684 3753/3413/3685 3754/3414/3686 
f 3755/3415/3687 3756/3416/3688 3754/3414/3686 3753/3413/3685 
f 3756/3416/3688 3755/3415/3687 3757/3417/3689 3758/3418/3689 
f 3759/3411/3690 3760/3414/3691 3761/3413/3692 3762/3412/3690 
f 3760/3414/3691 3763/3416/3693 3764/3415/3694 3761/3413/3692 
f 3765/3451/3695 3766/3415/3696 3764/3415/3694 3763/3416/3693 
f 3767/3411/3697 3768/3414/3698 3769/3413/3699 3770/3412/3697 
f 3768/3414/3698 3771/3416/3700 3772/3415/3701 3769/3413/3699 
f 3771/3416/3700 3773/3418/3702 3774/3417/3702 3772/3415/3701 
f 3775/3411/3703 3776/3414/3704 3777/3413/3705 3778/3412/3703 
f 3776/3414/3704 3779/3416/3706 3780/3415/3707 3777/3413/3705 
f 3779/3416/3706 3781/3418/3708 3782/3417/3708 3780/3415/3707 
f 3783/3411/3709 3784/3414/3710 3785/3413/3711 3786/3412/3709 
f 3784/3414/3710 3787/3416/3712 3788/3415/3713 3785/3413/3711 
f 3787/3416/3712 3789/3418/3714 3790/3417/3714 3788/3415/3713 
f 3791/3411/3715 3792/3412/3715 3793/3413/3716 3794/3414/3717 
f 3795/3415/3718 3796/3416/3719 3794/3414/3717 3793/3413/3716 
f 3796/3416/3719 3795/3415/3718 3797/3417/3720 3798/3418/3720 
f 3799/3411/3721 3800/3452/3722 3801/3453/3723 3802/3414/3724 
f 3803/3415/3725 3804/3454/3726 3801/3453/3723 3805/3413/3727 
f 3804/3454/3726 3806/3455/3728 3807/3418/3729 3808/3416/3730 
f 3809/3456/3731 3810/3457/3732 3811/3414/3733 3812/3411/3734 
f 3813/3415/3735 3814/3458/3736 3810/3457/3732 3815/3413/3737 
f 3814/3458/3736 3816/3459/3738 3817/3418/3739 3818/3416/3740 
f 3819/3456/3741 3820/3457/3742 3821/3414/3743 3822/3411/3744 
f 3823/3415/3745 3824/3460/3746 3820/3457/3742 3825/3413/3747 
f 3826/3416/3748 3824/3460/3746 3827/3461/3749 3828/3418/3750 
f 3829/3411/3751 3830/3412/3751 3831/3413/3752 3832/3414/3753 
f 3833/3415/3754 3834/3416/3755 3832/3414/3753 3831/3413/3752 
f 3834/3416/3755 3833/3415/3754 3835/3417/3756 3836/3418/3756 
f 3837/3411/3757 3838/3414/3758 3839/3413/3759 3840/3412/3757 
f 3838/3414/3758 3841/3416/3760 3842/3415/3761 3839/3413/3759 
f 3841/3416/3760 3843/3418/3762 3844/3417/3762 3842/3415/3761 
f 3845/3411/3763 3846/3414/3764 3847/3413/3765 3848/3412/3763 
f 3846/3414/3764 3849/3416/3766 3850/3415/3767 3847/3413/3765 
f 3849/3416/3766 3851/3418/3768 3852/3417/3768 3850/3415/3767 
f 3853/3411/3769 3854/3414/3770 3855/3413/3771 3856/3412/3769 
f 3854/3414/3770 3857/3416/3772 3858/3415/3773 3855/3413/3771 
f 3857/3416/3772 3859/3418/3774 3860/3417/3774 3858/3415/3773 
f 3861/3411/3763 3862/3414/3775 3863/3413/3776 3864/3412/3763 
f 3862/3414/3775 3865/3416/3777 3866/3415/3778 3863/3413/3776 
f 3865/3416/3777 3867/3418/3779 3868/3417/3779 3866/3415/3778 
f 3869/3411/3780 3870/3412/3780 3871/3413/3781 3872/3414/3782 
f 3873/3415/3783 3874/3416/3784 3872/3414/3782 3871/3413/3781 
f 3874/3416/3784 3873/3415/3783 3875/3417/3785 3876/3418/3785 
f 3877/3411/3786 3878/3412/3786 3879/3413/3787 3880/3414/3788 
f 3881/3415/3789 3882/3416/3790 3880/3414/3788 3879/3413/3787 
f 3882/3416/3790 3881/3415/3789 3883/3417/3791 3884/3418/3791 
f 3885/3411/3792 3886/3452/3793 3887/3462/3794 3888/3414/3795 
f 3889/3413/3796 3890/3415/3797 3891/3463/3798 3887/3462/3794 
f 3891/3463/3798 3892/3464/3799 3893/3418/3800 3894/3416/3801 
f 3895/3414/3802 3896/3465/3803 3897/3466/3804 3898/3411/3805 
f 3899/3413/3806 3896/3465/3803 3900/3467/3807 3901/3415/3808 
f 3902/3418/3809 3903/3468/3810 3900/3467/3807 3904/3416/3811 
f 3905/3411/3812 3906/3414/3813 3907/3469/3814 3908/3470/3815 
f 3907/3469/3814 3909/3471/3816 3910/3415/3817 3911/3413/3818 
f 3912/3416/3819 3913/3418/3820 3914/3472/3821 3909/3471/3816 
f 3915/3411/3822 3916/3414/3823 3917/3473/3824 3918/3474/3825 
f 3919/3413/3826 3917/3473/3824 3920/3475/3827 3921/3415/3828 
f 3922/3418/3829 3923/3476/3830 3920/3475/3827 3924/3416/3831 
f 3925/3411/3832 3926/3414/3833 3927/3477/3834 3928/3466/3835 
f 3927/3477/3834 3929/3478/3836 3930/3415/3837 3931/3413/3838 
f 3932/3416/3839 3933/3431/3840 3934/3432/3841 3929/3478/3836 
f 3935/3420/3842 3936/3479/3843 3937/3414/3844 3938/3411/3845 
f 3939/3413/3846 3940/3415/3847 3941/3480/3848 3936/3479/3843 
f 3941/3480/3848 3942/3422/3849 3943/3418/3850 3944/3416/3851 
f 3945/3411/3852 3946/3414/3853 3947/3481/3854 3948/3482/3855 
f 3947/3481/3854 3949/3483/3856 3950/3415/3857 3951/3413/3858 
f 3952/3416/3859 3953/3418/3860 3954/3484/3861 3949/3483/3856 
f 3955/3411/3862 3956/3412/3862 3957/3413/3863 3958/3414/3864 
f 3957/3413/3863 3959/3433/3865 3960/3434/3866 3958/3414/3864 
f 3961/3416/3867 3962/3415/3868 3963/3417/3869 3964/3418/3869 
f 3962/3415/3868 3961/3416/3867 3960/3434/3866 3959/3433/3865 
f 3965/3411/3870 3966/3412/3870 3967/3413/3871 3968/3414/3872 
f 3969/3415/3873 3970/3416/3874 3968/3414/3872 3967/3413/3871 
f 3970/3416/3874 3969/3415/3873 3971/3417/3875 3972/3418/3875 
f 3973/3414/3876 3974/3485/3877 3975/3486/3878 3976/3411/3879 
f 3977/3413/3880 3974/3485/3877 3978/3487/3881 3979/3415/3882 
f 3980/3418/3883 3981/3488/3884 3978/3487/3881 3982/3416/3885 
f 3983/3414/3886 3984/3489/3887 3985/3490/3888 3986/3411/3889 
f 3984/3489/3887 3987/3491/3890 3988/3415/3891 3989/3413/3892 
f 3990/3416/3893 3991/3418/3894 3992/3492/3895 3987/3491/3890 
f 3993/3411/3896 3994/3493/3897 3995/3494/3898 3996/3414/3899 
f 3997/3413/3900 3998/3415/3901 3999/3495/3902 3995/3494/3898 
f 3999/3495/3902 4000/3496/3903 4001/3418/3904 4002/3416/3905 
f 4003/3411/3906 4004/3414/3907 4005/3497/3908 4006/3498/3909 
f 4005/3497/3908 4007/3499/3910 4008/3415/3911 4009/3413/3912 
f 4010/3416/3913 4011/3418/3914 4012/3500/3915 4007/3499/3910 
f 4013/3414/3916 4014/3477/3917 4015/3501/3918 4016/3411/3919 
f 4017/3413/3920 4014/3477/3917 4018/3478/3921 4019/3415/3922 
f 4020/3418/3923 4021/3502/3924 4018/3478/3921 4022/3416/3925 
f 4023/3411/3926 4024/3412/3926 4025/3413/3927 4026/3414/3928 
f 4027/3415/3929 4028/3416/3930 4026/3414/3928 4025/3413/3927 
f 4028/3416/3930 4027/3415/3929 4029/3417/3931 4030/3418/3931 
f 4031/3411/3932 4032/3414/3933 4033/3413/3934 4034/3412/3932 
f 4032/3414/3933 4035/3416/3935 4036/3415/3936 4033/3413/3934 
f 4035/3416/3935 4037/3418/3937 4038/3417/3937 4036/3415/3936 
f 4039/3411/3938 4040/3414/3939 4041/3413/3940 4042/3412/3938 
f 4040/3414/3939 4043/3416/3941 4044/3415/3942 4041/3413/3940 
f 4043/3416/3941 4045/3418/3943 4046/3417/3943 4044/3415/3942 
f 4047/3411/3944 4048/3414/3945 4049/3413/3946 4050/3412/3944 
f 4048/3414/3945 4051/3416/3947 4052/3415/3948 4049/3413/3946 
f 4051/3416/3947 4053/3418/3949 4054/3417/3949 4052/3415/3948 
f 4055/3411/3950 4056/3414/3951 4057/3413/3952 4058/3412/3950 
f 4056/3414/3951 4059/3416/3953 4060/3415/3954 4057/3413/3952 
f 4059/3416/3953 4061/3418/3955 4062/3417/3955 4060/3415/3954 
f 4063/3411/3956 4064/3412/3956 4065/3413/3957 4066/3414/3958 
f 4067/3415/3959 4068/3416/3960 4066/3414/3958 4065/3413/3957 
f 4068/3416/3960 4067/3415/3959 4069/3417/3961 4070/3418/3961 
f 4071/3411/3962 4072/3503/3963 4073/3504/3964 4074/3414/3965 
f 4075/3413/3966 4076/3415/3967 4077/3505/3968 4073/3504/3964 
f 4077/3505/3968 4078/3506/3969 4079/3418/3970 4080/3416/3971 
f 4006/3498/3909 4005/3497/3908 4009/3413/3912 4081/3412/3972 
f 4007/3499/3910 4005/3497/3908 4004/3414/3907 4010/3416/3913 
f 4007/3499/3910 4012/3500/3915 4082/3417/3973 4008/3415/3911 
f 3994/3493/3897 4083/3412/3974 3997/3413/3900 3995/3494/3898 
f 3995/3494/3898 3999/3495/3902 4002/3416/3905 3996/3414/3899 
f 4000/3496/3903 3999/3495/3902 3998/3415/3901 4084/3417/3975 
f 3974/3485/3877 3977/3413/3880 4085/3412/3976 3975/3486/3878 
f 3974/3485/3877 3973/3414/3876 3982/3416/3885 3978/3487/3881 
f 3981/3488/3884 4086/3417/3977 3979/3415/3882 3978/3487/3881 
f 3984/3489/3887 3989/3413/3892 4087/3412/3978 3985/3490/3888 
f 3987/3491/3890 3984/3489/3887 3983/3414/3886 3990/3416/3893 
f 3987/3491/3890 3992/3492/3895 4088/3417/3979 3988/3415/3891 
f 4015/3501/3918 4014/3477/3917 4017/3413/3920 4089/3412/3980 
f 4014/3477/3917 4013/3414/3916 4022/3416/3925 4018/3478/3921 
f 4021/3502/3924 4090/3417/3981 4019/3415/3922 4018/3478/3921 
f 3896/3465/3803 3899/3413/3806 4091/3412/3982 3897/3466/3804 
f 3896/3465/3803 3895/3414/3802 3904/3416/3811 3900/3467/3807 
f 3903/3468/3810 4092/3417/3983 3901/3415/3808 3900/3467/3807 
f 3886/3452/3793 4093/3412/3984 3889/3413/3796 3887/3462/3794 
f 3887/3462/3794 3891/3463/3798 3894/3416/3801 3888/3414/3795 
f 3892/3464/3799 3891/3463/3798 3890/3415/3797 4094/3417/3985 
f 3810/3457/3732 3809/3456/3731 4095/3412/3986 3815/3413/3737 
f 3814/3458/3736 3818/3416/3740 3811/3414/3733 3810/3457/3732 
f 3816/3459/3738 3814/3458/3736 3813/3415/3735 4096/3417/3987 
f 3820/3457/3742 3819/3456/3741 4097/3412/3988 3825/3413/3747 
f 3824/3460/3746 3826/3416/3748 3821/3414/3743 3820/3457/3742 
f 3824/3460/3746 3823/3415/3745 4098/3417/3989 3827/3461/3749 
f 3908/3470/3815 3907/3469/3814 3911/3413/3818 4099/3412/3990 
f 3909/3471/3816 3907/3469/3814 3906/3414/3813 3912/3416/3819 
f 3909/3471/3816 3914/3472/3821 4100/3417/3991 3910/3415/3817 
f 3928/3466/3835 3927/3477/3834 3931/3413/3838 4101/3412/3992 
f 3929/3478/3836 3927/3477/3834 3926/3414/3833 3932/3416/3839 
f 3936/3479/3843 3935/3420/3842 4102/3412/3993 3939/3413/3846 
f 3936/3479/3843 3941/3480/3848 3944/3416/3851 3937/3414/3844 
f 3942/3422/3849 3941/3480/3848 3940/3415/3847 4103/3417/3994 
f 3947/3481/3854 3951/3413/3858 4104/3412/3995 3948/3482/3855 
f 3949/3483/3856 3947/3481/3854 3946/3414/3853 3952/3416/3859 
f 3949/3483/3856 3954/3484/3861 4105/3417/3996 3950/3415/3857 
f 3929/3478/3836 3934/3432/3841 4106/3417/3997 3930/3415/3837 
f 3725/3443/3659 4107/3412/3998 3728/3413/3662 3726/3444/3660 
f 3726/3444/3660 3730/3445/3664 3733/3416/3667 3727/3414/3661 
f 3731/3446/3665 3730/3445/3664 3729/3415/3663 4108/3417/3999 
f 3737/3448/3671 3736/3447/3670 3739/3413/3674 3750/3412/4000 
f 3738/3449/3672 3736/3447/3670 3735/3414/3669 3740/3416/3675 
f 3738/3449/3672 3742/3450/3677 4108/3417/4001 3519/3415/3673 
f 3705/3435/3639 3708/3413/3642 4109/3412/4002 3706/3436/3640 
f 3705/3435/3639 3704/3414/3638 3713/3416/3647 3709/3437/3643 
f 3712/3438/3646 4110/3417/4003 3710/3415/3644 3709/3437/3643 
f 3715/3439/3649 3720/3413/3654 4111/3412/4004 3716/3440/3650 
f 3718/3441/3652 3715/3439/3649 3714/3414/3648 3723/3416/3657 
f 3718/3441/3652 3722/3442/3656 4112/3417/4005 3719/3415/3653 
f 3800/3452/3722 4113/3412/4006 3805/3413/3727 3801/3453/3723 
f 3801/3453/3723 3804/3454/3726 3808/3416/3730 3802/3414/3724 
f 3806/3455/3728 3804/3454/3726 3803/3415/3725 4114/3417/4007 
f 4072/3503/3963 4115/3412/4008 4075/3413/3966 4073/3504/3964 
f 4073/3504/3964 4077/3505/3968 4080/3416/3971 4074/3414/3965 
f 4078/3506/3969 4077/3505/3968 4076/3415/3967 4116/3417/4009 
f 3766/3415/3696 3765/3451/3695 4117/3418/4010 4118/3417/4010 
f 3632/3419/3577 3635/3413/3580 4119/3412/4011 3633/3420/3578 
f 3636/3421/3581 3632/3419/3577 3631/3414/3576 3640/3416/3585 
f 3636/3421/3581 3639/3422/3584 4120/3417/4012 3637/3415/3582 
f 3644/3424/3589 3643/3423/3588 3647/3413/3592 4121/3412/4013 
f 3645/3425/3590 3643/3423/3588 3642/3414/3587 3648/3416/3593 
f 3645/3425/3590 3650/3426/3595 4122/3417/4014 3646/3415/3591 
f 3654/3428/3599 3653/3427/3598 3655/3413/3600 4123/3412/4015 
f 3653/3427/3598 3652/3414/3597 3660/3416/3605 3656/3429/3601 
f 3659/3430/3604 4124/3417/4016 3657/3415/3602 3656/3429/3601 
f 3918/3474/3825 3917/3473/3824 3919/3413/3826 4125/3412/4017 
f 3917/3473/3824 3916/3414/3823 3924/3416/3831 3920/3475/3827 
f 3923/3476/3830 4126/3417/4018 3921/3415/3828 3920/3475/3827 
f 4127/3411/4019 4128/3414/4020 4129/3413/4021 4130/3412/4019 
f 4128/3414/4020 4131/3416/4022 4132/3415/4023 4129/3413/4021 
f 4131/3416/4022 4133/3418/4024 4134/3417/4024 4132/3415/4023 
f 4135/3411/4025 4136/3414/4026 4137/3413/4027 4138/3412/4025 
f 4136/3414/4026 4139/3416/4028 4140/3415/4029 4137/3413/4027 
f 4139/3416/4028 4141/3418/4030 4142/3417/4030 4140/3415/4029 
f 4143/3411/4031 4144/3414/4032 4145/3413/4033 4146/3412/4031 
f 4144/3414/4032 4147/3416/4034 4148/3415/4035 4145/3413/4033 
f 4147/3416/4034 4149/3418/4036 4150/3417/4036 4148/3415/4035 
f 4151/3411/4037 4152/3412/4037 4153/3413/4038 4154/3414/4039 
f 4155/3415/4040 4156/3416/4041 4154/3414/4039 4153/3413/4038 
f 4156/3416/4041 4155/3415/4040 4157/3417/4042 4158/3418/4042 
f 4159/3411/4043 4160/3412/4043 4161/3413/4044 4162/3414/4045 
f 4163/3415/4046 4164/3416/4047 4162/3414/4045 4161/3413/4044 
f 4164/3416/4047 4163/3415/4046 4165/3417/4048 4166/3418/4048 
f 4167/3411/4049 4168/3412/4049 4169/3413/4050 4170/3414/4051 
f 4171/3415/4052 4172/3416/4053 4170/3414/4051 4169/3413/4050 
f 4172/3416/4053 4171/3415/4052 4173/3417/4054 4174/3418/4054 
f 4175/3411/4043 4176/3412/4043 4177/3413/4055 4178/3414/4056 
f 4179/3415/4057 4180/3416/4058 4178/3414/4056 4177/3413/4055 
f 4180/3416/4058 4179/3415/4057 4181/3417/4059 4182/3418/4059 
f 4183/3411/4060 4184/3414/4061 4185/3413/4062 4186/3412/4060 
f 4184/3414/4061 4187/3416/4063 4188/3415/4064 4185/3413/4062 
f 4187/3416/4063 4189/3418/4065 4190/3417/4065 4188/3415/4064 
f 4191/3411/4066 4192/3414/4067 4193/3413/4068 4194/3412/4066 
f 4192/3414/4067 4195/3416/4069 4196/3415/4070 4193/3413/4068 
f 4195/3416/4069 4197/3418/4071 4198/3417/4071 4196/3415/4070 
f 4199/3411/4072 4200/3414/4073 4201/3413/4074 4202/3412/4072 
f 4200/3414/4073 4203/3416/4075 4204/3415/4076 4201/3413/4074 
f 4203/3416/4075 4205/3418/4077 4206/3417/4077 4204/3415/4076 
f 4207/3420/4078 4208/3419/4079 4209/3414/4080 4210/3411/4081 
f 4211/3413/4082 4212/3415/4083 4213/3421/4084 4208/3419/4079 
f 4213/3421/4084 4214/3422/4085 4215/3418/4086 4216/3416/4087 
f 4217/3411/4088 4218/3424/4089 4219/3423/4090 4220/3414/4091 
f 4221/3415/4092 4222/3425/4093 4219/3423/4090 4223/3413/4094 
f 4224/3416/4095 4222/3425/4093 4225/3426/4096 4226/3418/4097 
f 4227/3411/4098 4228/3428/4099 4229/3427/4100 4230/3414/4101 
f 4231/3413/4102 4232/3415/4103 4233/3429/4104 4229/3427/4100 
f 4233/3429/4104 4234/3430/4105 4235/3418/4106 4236/3416/4107 
f 4237/3411/4108 4238/3412/4108 4239/3413/4109 4240/3414/4110 
f 4241/3415/4111 4242/3416/4112 4240/3414/4110 4239/3413/4109 
f 3667/3431/3611 4242/3416/4112 4241/3415/4111 
f 3667/3431/3611 4241/3415/4111 3669/3417/3611 
f 3667/3431/3611 3669/3417/3611 3668/3432/3611 
f 4243/3411/4113 4244/3414/4114 4245/3413/4115 4246/3412/4113 
f 4244/3414/4114 4247/3416/4116 4248/3415/4117 4245/3413/4115 
f 4247/3416/4116 4249/3418/4118 4250/3417/4118 4248/3415/4117 
f 4251/3411/4119 4252/3412/4119 4253/3413/4120 4254/3414/4121 
f 4255/3415/4122 4256/3416/4123 4254/3414/4121 4253/3413/4120 
f 4256/3416/4123 4255/3415/4122 4257/3417/4124 4258/3418/4124 
f 4259/3411/4125 4260/3414/4126 4261/3413/4127 4262/3412/4125 
f 4261/3413/4127 4260/3414/4126 4263/3434/4128 4264/3433/4129 
f 4265/3416/4130 4266/3418/4131 4267/3417/4131 4268/3415/4132 
f 4263/3434/4128 4265/3416/4130 4268/3415/4132 4264/3433/4129 
f 4269/3411/4133 4270/3414/4134 4271/3413/4135 4272/3412/4133 
f 4270/3414/4134 4273/3416/4136 4274/3415/4137 4271/3413/4135 
f 4273/3416/4136 3703/3418/3637 3702/3417/3637 4274/3415/4137 
f 4275/3436/4138 4276/3435/4139 4277/3414/4140 4278/3411/4141 
f 4279/3413/4142 4280/3415/4143 4281/3437/4144 4276/3435/4139 
f 4281/3437/4144 4282/3438/4145 4283/3418/4146 4284/3416/4147 
f 4285/3440/4148 4286/3439/4149 4287/3414/4150 4288/3411/4151 
f 4289/3415/4152 4290/3441/4153 4286/3439/4149 4291/3413/4154 
f 4290/3441/4153 4292/3442/4155 4293/3418/4156 4294/3416/4157 
f 4295/3411/4158 4296/3414/4159 4297/3444/4160 4298/3443/4161 
f 4299/3413/4162 4297/3444/4160 4300/3445/4163 4301/3415/4164 
f 4302/3418/4165 4303/3446/4166 4300/3445/4163 4304/3416/4167 
f 4305/3411/4168 4306/3448/4169 4307/3447/4170 4308/3414/4171 
f 3423/3415/4172 4309/3449/4173 4307/3447/4170 4310/3413/4174 
f 4311/3416/4175 4309/3449/4173 4312/3450/4176 4313/3418/4177 
f 4314/3411/4178 4315/3412/4178 4316/3413/4179 4317/3414/4180 
f 4318/3415/4181 4319/3416/4182 4317/3414/4180 4316/3413/4179 
f 4319/3416/4182 4318/3415/4181 4320/3417/4183 4321/3418/4183 
f 4322/3411/4184 4323/3414/4185 4324/3413/4186 4325/3412/4184 
f 4324/3413/4186 4323/3414/4185 4326/3416/4187 4327/3415/4188 
f 4326/3416/4187 4328/3418/4189 4329/3417/4189 4327/3415/4188 
f 4330/3411/4190 4331/3412/4190 4332/3413/4191 4333/3414/4192 
f 4334/3415/4193 4335/3416/4194 4333/3414/4192 4332/3413/4191 
f 4334/3415/4193 4336/3415/4195 4337/3451/4196 4335/3416/4194 
f 4338/3411/4197 4339/3412/4197 4340/3413/4198 4341/3414/4199 
f 4342/3415/4200 4343/3416/4201 4341/3414/4199 4340/3413/4198 
f 4343/3416/4201 4342/3415/4200 4344/3417/4202 4345/3418/4202 
f 4346/3411/4203 4347/3412/4203 4348/3413/4204 4349/3414/4205 
f 4350/3415/4206 4351/3416/4207 4349/3414/4205 4348/3413/4204 
f 4351/3416/4207 4350/3415/4206 4352/3417/4208 4353/3418/4208 
f 4354/3411/4209 4355/3412/4209 4356/3413/4210 4357/3414/4211 
f 4358/3415/4212 4359/3416/4213 4357/3414/4211 4356/3413/4210 
f 4359/3416/4213 4358/3415/4212 4360/3417/4214 4361/3418/4214 
f 4362/3411/4215 4363/3414/4216 4364/3413/4217 4365/3412/4215 
f 4363/3414/4216 4366/3416/4218 4367/3415/4219 4364/3413/4217 
f 4366/3416/4218 4368/3418/4220 4369/3417/4220 4367/3415/4219 
f 4370/3411/4221 4371/3414/4222 4372/3453/4223 4373/3452/4224 
f 4372/3453/4223 4374/3454/4225 4375/3415/4226 4376/3413/4227 
f 4377/3418/4228 4378/3455/4229 4374/3454/4225 4379/3416/4230 
f 4380/3414/4231 4381/3457/4232 4382/3456/4233 4383/3411/4234 
f 4381/3457/4232 4384/3458/4235 4385/3415/4236 4386/3413/4237 
f 4387/3418/4238 4388/3459/4239 4384/3458/4235 4389/3416/4240 
f 4390/3414/4241 4391/3457/4242 4392/3456/4243 4393/3411/4244 
f 4391/3457/4242 4394/3460/4245 4395/3415/4246 4396/3413/4247 
f 4397/3416/4248 4398/3418/4249 4399/3461/4250 4394/3460/4245 
f 4400/3411/4251 4401/3414/4252 4402/3413/4253 4403/3412/4251 
f 4401/3414/4252 4404/3416/4254 4405/3415/4255 4402/3413/4253 
f 4404/3416/4254 4406/3418/4256 4407/3417/4256 4405/3415/4255 
f 4408/3411/4257 4409/3412/4257 4410/3413/4258 4411/3414/4259 
f 4412/3415/4260 4413/3416/4261 4411/3414/4259 4410/3413/4258 
f 4413/3416/4261 4412/3415/4260 4414/3417/4262 4415/3418/4262 
f 4416/3411/4263 4417/3412/4263 4418/3413/4264 4419/3414/4265 
f 4420/3415/4266 4421/3416/4267 4419/3414/4265 4418/3413/4264 
f 4421/3416/4267 4420/3415/4266 4422/3417/4268 4423/3418/4268 
f 4424/3411/4269 4425/3412/4269 4426/3413/4270 4427/3414/4271 
f 4428/3415/4272 4429/3416/4273 4427/3414/4271 4426/3413/4270 
f 4429/3416/4273 4428/3415/4272 4430/3417/4274 4431/3418/4274 
f 4432/3411/4263 4433/3412/4263 4434/3413/4275 4435/3414/4276 
f 4436/3415/4277 4437/3416/4278 4435/3414/4276 4434/3413/4275 
f 4437/3416/4278 4436/3415/4277 4438/3417/4279 4439/3418/4279 
f 4440/3411/4280 4441/3414/4281 4442/3413/4282 4443/3412/4280 
f 4441/3414/4281 4444/3416/4283 4445/3415/4284 4442/3413/4282 
f 4444/3416/4283 4446/3418/4285 4447/3417/4285 4445/3415/4284 
f 4448/3411/4286 4449/3414/4287 4450/3413/4288 4451/3412/4286 
f 4449/3414/4287 4452/3416/4289 4453/3415/4290 4450/3413/4288 
f 4452/3416/4289 4454/3418/4291 4455/3417/4291 4453/3415/4290 
f 4456/3411/4292 4457/3414/4293 4458/3462/4294 4459/3452/4295 
f 4460/3413/4296 4458/3462/4294 4461/3463/4297 4462/3415/4298 
f 4463/3418/4299 4464/3464/4300 4461/3463/4297 4465/3416/4301 
f 4466/3466/4302 4467/3465/4303 4468/3414/4304 4469/3411/4305 
f 4470/3413/4306 4471/3415/4307 4472/3467/4308 4467/3465/4303 
f 4472/3467/4308 4473/3468/4309 4474/3418/4310 4475/3416/4311 
f 4476/3411/4312 4477/3470/4313 4478/3469/4314 4479/3414/4315 
f 4480/3415/4316 4481/3471/4317 4478/3469/4314 4482/3413/4318 
f 4483/3416/4319 4481/3471/4317 4484/3472/4320 4485/3418/4321 
f 4486/3411/4322 4487/3474/4323 4488/3473/4324 4489/3414/4325 
f 4490/3413/4326 4491/3415/4327 4492/3475/4328 4488/3473/4324 
f 4492/3475/4328 4493/3476/4329 4494/3418/4330 4495/3416/4331 
f 4496/3411/4332 4497/3466/4333 4498/3477/4334 4499/3414/4335 
f 4500/3415/4336 4501/3478/4337 4498/3477/4334 4502/3413/4338 
f 4503/3416/4339 4501/3478/4337 3934/3432/3841 3933/3431/3840 
f 4504/3414/4340 4505/3479/4341 4506/3420/4342 4507/3411/4343 
f 4508/3413/4344 4505/3479/4341 4509/3480/4345 4510/3415/4346 
f 4511/3418/4347 4512/3422/4348 4509/3480/4345 4513/3416/4349 
f 4514/3411/4350 4515/3482/4351 4516/3481/4352 4517/3414/4353 
f 4518/3415/4354 4519/3483/4355 4516/3481/4352 4520/3413/4356 
f 4521/3416/4357 4519/3483/4355 4522/3484/4358 4523/3418/4359 
f 4524/3411/4360 4525/3414/4361 4526/3413/4362 4527/3412/4360 
f 4526/3413/4362 4525/3414/4361 4528/3434/4363 4529/3433/4364 
f 4530/3416/4365 4531/3418/4366 4532/3417/4366 4533/3415/4367 
f 4528/3434/4363 4530/3416/4365 4533/3415/4367 4529/3433/4364 
f 4534/3411/4368 4535/3414/4369 4536/3413/4370 4537/3412/4368 
f 4535/3414/4369 4538/3416/4371 4539/3415/4372 4536/3413/4370 
f 4538/3416/4371 3972/3418/3875 3971/3417/3875 4539/3415/4372 
f 4540/3486/4373 4541/3485/4374 4542/3414/4375 4543/3411/4376 
f 4544/3413/4377 4545/3415/4378 4546/3487/4379 4541/3485/4374 
f 4546/3487/4379 4547/3488/4380 4548/3418/4381 4549/3416/4382 
f 4550/3490/4383 4551/3489/4384 4552/3414/4385 4553/3411/4386 
f 4554/3415/4387 4555/3491/4388 4551/3489/4384 4556/3413/4389 
f 4557/3416/4390 4555/3491/4388 4558/3492/4391 4559/3418/4392 
f 4560/3411/4393 4561/3414/4394 4562/3494/4395 4563/3493/4396 
f 4564/3413/4397 4562/3494/4395 4565/3495/4398 4566/3415/4399 
f 4567/3418/4400 4568/3496/4401 4565/3495/4398 4569/3416/4402 
f 4570/3411/4403 4571/3498/4404 4572/3497/4405 4573/3414/4406 
f 4574/3415/4407 4575/3499/4408 4572/3497/4405 4576/3413/4409 
f 4577/3416/4410 4575/3499/4408 4578/3500/4411 4579/3418/4412 
f 4580/3501/4413 4581/3477/4414 4582/3414/4415 4583/3411/4416 
f 4584/3413/4417 4585/3415/4418 4586/3478/4419 4581/3477/4414 
f 4586/3478/4419 4587/3502/4420 4588/3418/4421 4589/3416/4422 
f 4590/3411/4423 4591/3414/4424 4592/3413/4425 4593/3412/4423 
f 4591/3414/4424 4594/3416/4426 4595/3415/4427 4592/3413/4425 
f 4594/3416/4426 4596/3418/4428 4597/3417/4428 4595/3415/4427 
f 4598/3411/4429 4599/3412/4429 4600/3413/4430 4601/3414/4431 
f 4602/3415/4432 4603/3416/4433 4601/3414/4431 4600/3413/4430 
f 4603/3416/4433 4602/3415/4432 4604/3417/4434 4605/3418/4434 
f 4606/3411/4435 4607/3412/4435 4608/3413/4436 4609/3414/4437 
f 4610/3415/4438 4611/3416/4439 4609/3414/4437 4608/3413/4436 
f 4611/3416/4439 4610/3415/4438 4612/3417/4440 4613/3418/4440 
f 4614/3411/4441 4615/3412/4441 4616/3413/4442 4617/3414/4443 
f 4618/3415/4444 4619/3416/4445 4617/3414/4443 4616/3413/4442 
f 4619/3416/4445 4618/3415/4444 4620/3417/4446 4621/3418/4446 
f 4622/3411/4447 4623/3412/4447 4624/3413/4448 4625/3414/4449 
f 4626/3415/4450 4627/3416/4451 4625/3414/4449 4624/3413/4448 
f 4627/3416/4451 4626/3415/4450 4628/3417/4452 4629/3418/4452 
f 4630/3411/4453 4631/3414/4454 4632/3413/4455 4633/3412/4453 
f 4631/3414/4454 4634/3416/4456 4635/3415/4457 4632/3413/4455 
f 4634/3416/4456 4636/3418/4458 4637/3417/4458 4635/3415/4457 
f 4638/3411/4459 4639/3414/4460 4640/3504/4461 4641/3503/4462 
f 4642/3413/4463 4640/3504/4461 4643/3505/4464 4644/3415/4465 
f 4645/3418/4466 4646/3506/4467 4643/3505/4464 4647/3416/4468 
f 4571/3498/4404 4648/3412/4469 4576/3413/4409 4572/3497/4405 
f 4575/3499/4408 4577/3416/4410 4573/3414/4406 4572/3497/4405 
f 4575/3499/4408 4574/3415/4407 4649/3417/4470 4578/3500/4411 
f 4564/3413/4397 4650/3412/4471 4563/3493/4396 4562/3494/4395 
f 4562/3494/4395 4561/3414/4394 4569/3416/4402 4565/3495/4398 
f 4568/3496/4401 4651/3417/4472 4566/3415/4399 4565/3495/4398 
f 4652/3412/4473 4544/3413/4377 4541/3485/4374 4540/3486/4373 
f 4549/3416/4382 4542/3414/4375 4541/3485/4374 4546/3487/4379 
f 4545/3415/4378 4653/3417/4474 4547/3488/4380 4546/3487/4379 
f 4654/3412/4475 4556/3413/4389 4551/3489/4384 4550/3490/4383 
f 4555/3491/4388 4557/3416/4390 4552/3414/4385 4551/3489/4384 
f 4555/3491/4388 4554/3415/4387 4655/3417/4476 4558/3492/4391 
f 4580/3501/4413 4656/3412/4477 4584/3413/4417 4581/3477/4414 
f 4589/3416/4422 4582/3414/4415 4581/3477/4414 4586/3478/4419 
f 4585/3415/4418 4657/3417/4478 4587/3502/4420 4586/3478/4419 
f 4658/3412/4479 4470/3413/4306 4467/3465/4303 4466/3466/4302 
f 4475/3416/4311 4468/3414/4304 4467/3465/4303 4472/3467/4308 
f 4471/3415/4307 4659/3417/4480 4473/3468/4309 4472/3467/4308 
f 4460/3413/4296 4660/3412/4481 4459/3452/4295 4458/3462/4294 
f 4458/3462/4294 4457/3414/4293 4465/3416/4301 4461/3463/4297 
f 4464/3464/4300 4661/3417/4482 4462/3415/4298 4461/3463/4297 
f 4381/3457/4232 4386/3413/4237 4662/3412/4483 4382/3456/4233 
f 4380/3414/4231 4389/3416/4240 4384/3458/4235 4381/3457/4232 
f 4388/3459/4239 4663/3417/4484 4385/3415/4236 4384/3458/4235 
f 4391/3457/4242 4396/3413/4247 4664/3412/4485 4392/3456/4243 
f 4390/3414/4241 4397/3416/4248 4394/3460/4245 4391/3457/4242 
f 4665/3417/4486 4395/3415/4246 4394/3460/4245 4399/3461/4250 
f 4477/3470/4313 4666/3412/4487 4482/3413/4318 4478/3469/4314 
f 4481/3471/4317 4483/3416/4319 4479/3414/4315 4478/3469/4314 
f 4481/3471/4317 4480/3415/4316 4667/3417/4488 4484/3472/4320 
f 4497/3466/4333 4668/3412/4489 4502/3413/4338 4498/3477/4334 
f 4501/3478/4337 4503/3416/4339 4499/3414/4335 4498/3477/4334 
f 4505/3479/4341 4508/3413/4344 4669/3412/4490 4506/3420/4342 
f 4505/3479/4341 4504/3414/4340 4513/3416/4349 4509/3480/4345 
f 4512/3422/4348 4670/3417/4491 4510/3415/4346 4509/3480/4345 
f 4671/3412/4492 4520/3413/4356 4516/3481/4352 4515/3482/4351 
f 4519/3483/4355 4521/3416/4357 4517/3414/4353 4516/3481/4352 
f 4519/3483/4355 4518/3415/4354 4672/3417/4493 4522/3484/4358 
f 4501/3478/4337 4500/3415/4336 4106/3417/3997 3934/3432/3841 
f 4299/3413/4162 4673/3412/4494 4298/3443/4161 4297/3444/4160 
f 4297/3444/4160 4296/3414/4159 4304/3416/4167 4300/3445/4163 
f 4303/3446/4166 4674/3417/4495 4301/3415/4164 4300/3445/4163 
f 4306/3448/4169 4320/3412/4496 4310/3413/4174 4307/3447/4170 
f 4309/3449/4173 4311/3416/4175 4308/3414/4171 4307/3447/4170 
f 4309/3449/4173 3423/3415/4172 4674/3417/4497 4312/3450/4176 
f 4675/3412/4498 4279/3413/4142 4276/3435/4139 4275/3436/4138 
f 4284/3416/4147 4277/3414/4140 4276/3435/4139 4281/3437/4144 
f 4280/3415/4143 4676/3417/4499 4282/3438/4145 4281/3437/4144 
f 4677/3412/4500 4291/3413/4154 4286/3439/4149 4285/3440/4148 
f 4290/3441/4153 4294/3416/4157 4287/3414/4150 4286/3439/4149 
f 4290/3441/4153 4289/3415/4152 4678/3417/4501 4292/3442/4155 
f 4376/3413/4227 4679/3412/4502 4373/3452/4224 4372/3453/4223 
f 4372/3453/4223 4371/3414/4222 4379/3416/4230 4374/3454/4225 
f 4378/3455/4229 4680/3417/4503 4375/3415/4226 4374/3454/4225 
f 4642/3413/4463 4681/3412/4504 4641/3503/4462 4640/3504/4461 
f 4640/3504/4461 4639/3414/4460 4647/3416/4468 4643/3505/4464 
f 4646/3506/4467 4682/3417/4505 4644/3415/4465 4643/3505/4464 
f 4336/3415/4195 4683/3417/4506 4684/3418/4506 4337/3451/4196 
f 4685/3412/4507 4211/3413/4082 4208/3419/4079 4207/3420/4078 
f 4213/3421/4084 4216/3416/4087 4209/3414/4080 4208/3419/4079 
f 4213/3421/4084 4212/3415/4083 4686/3417/4508 4214/3422/4085 
f 4218/3424/4089 4687/3412/4509 4223/3413/4094 4219/3423/4090 
f 4222/3425/4093 4224/3416/4095 4220/3414/4091 4219/3423/4090 
f 4222/3425/4093 4221/3415/4092 4688/3417/4510 4225/3426/4096 
f 4228/3428/4099 4689/3412/4511 4231/3413/4102 4229/3427/4100 
f 4236/3416/4107 4230/3414/4101 4229/3427/4100 4233/3429/4104 
f 4232/3415/4103 4690/3417/4512 4234/3430/4105 4233/3429/4104 
f 4487/3474/4323 4691/3412/4513 4490/3413/4326 4488/3473/4324 
f 4495/3416/4331 4489/3414/4325 4488/3473/4324 4492/3475/4328 
f 4491/3415/4327 4692/3417/4514 4493/3476/4329 4492/3475/4328 
# 3800 polygons - 392 triangles

